real_rf_state_id,primary_rf_state_id,target_rsrp_dbm,target_rsrq_db,target_snr_db,mapped_control_state_id,mapped_ploss,mapped_noise_power_dB,mapped_ss_rsrp_dbm,mapped_ss_rsrq_db,mapped_ss_sinr_db_diagnostic,rsrp_absolute_error_db,rsrp_within_declared_tolerance,rsrq_absolute_error_db,rsrq_within_declared_tolerance,primary_distance,within_declared_tolerance,target_within_observed_primary_range,observations,traces,pooled_time_probability
rsrp=-101|rsrq=-14|snr=-2,rsrp=-101|rsrq=-14,-101,-14,-2,ploss=0|noise_power_dB=-30,0,-30,-97.3072222222,-10.6446333333,46.2570944444,3.6927777778,False,3.3553666667,False,1.47135991554,False,False,12,2,0.00403090359422
rsrp=-97|rsrq=-16|snr=7,rsrp=-97|rsrq=-16,-97,-16,7,ploss=0|noise_power_dB=-30,0,-30,-97.3072222222,-10.6446333333,46.2570944444,0.3072222222,True,5.3553666667,False,1.89479224597,False,False,12,1,0.00403090359422
rsrp=-101|rsrq=-16|snr=5,rsrp=-101|rsrq=-16,-101,-16,5,ploss=0|noise_power_dB=-30,0,-30,-97.3072222222,-10.6446333333,46.2570944444,3.6927777778,False,5.3553666667,False,2.08388659346,False,False,11,1,0.00369499496137
rsrp=-98|rsrq=-16|snr=6,rsrp=-98|rsrq=-16,-98,-16,6,ploss=0|noise_power_dB=-30,0,-30,-97.3072222222,-10.6446333333,46.2570944444,0.6927777778,True,5.3553666667,False,1.90043611008,False,False,11,3,0.00369499496137
rsrp=-101|rsrq=-12|snr=2,rsrp=-101|rsrq=-12,-101,-12,2,ploss=0|noise_power_dB=-10,0,-10,-101.098086111,-9.73287777778,15.4654083333,0.098086111,True,2.26712222222,False,0.801882092287,False,False,10,2,0.00335908632852
rsrp=-100|rsrq=-13|snr=3,rsrp=-100|rsrq=-13,-100,-13,3,ploss=0|noise_power_dB=-30,0,-30,-97.3072222222,-10.6446333333,46.2570944444,2.6927777778,True,2.3553666667,False,1.04704596268,False,False,10,4,0.00335908632852
rsrp=-97|rsrq=-16|snr=5,rsrp=-97|rsrq=-16,-97,-16,5,ploss=0|noise_power_dB=-30,0,-30,-97.3072222222,-10.6446333333,46.2570944444,0.3072222222,True,5.3553666667,False,1.89479224597,False,False,10,3,0.00335908632852
rsrp=-92|rsrq=-13|snr=2,rsrp=-92|rsrq=-13,-92,-13,2,ploss=0|noise_power_dB=-30,0,-30,-97.3072222222,-10.6446333333,46.2570944444,5.3072222222,False,2.3553666667,False,1.50275765065,False,False,10,2,0.00335908632852
rsrp=-81|rsrq=-10|snr=3,rsrp=-81|rsrq=-10,-81,-10,3,ploss=0|noise_power_dB=-30,0,-30,-97.3072222222,-10.6446333333,46.2570944444,16.3072222222,False,0.6446333333,True,3.85040033205,False,False,10,1,0.00335908632852
rsrp=-80|rsrq=-10|snr=0,rsrp=-80|rsrq=-10,-80,-10,0,ploss=0|noise_power_dB=-30,0,-30,-97.3072222222,-10.6446333333,46.2570944444,17.3072222222,False,0.6446333333,True,4.08571313883,False,False,10,1,0.00335908632852
rsrp=-104|rsrq=-16|snr=0,rsrp=-104|rsrq=-16,-104,-16,0,ploss=-5|noise_power_dB=-30,-5,-30,-104.440277778,-10.4053166667,40.5935972222,0.440277778,True,5.5946833333,False,1.98073959421,False,False,9,1,0.00302317769567
rsrp=-104|rsrq=-18|snr=0,rsrp=-104|rsrq=-18,-104,-18,0,ploss=-5|noise_power_dB=-30,-5,-30,-104.440277778,-10.4053166667,40.5935972222,0.440277778,True,7.5946833333,False,2.68713062703,False,False,8,2,0.00268726906281
rsrp=-104|rsrq=-14|snr=-2,rsrp=-104|rsrq=-14,-104,-14,-2,ploss=-5|noise_power_dB=-30,-5,-30,-104.440277778,-10.4053166667,40.5935972222,0.440277778,True,3.5946833333,False,1.27514221695,False,False,8,2,0.00268726906281
rsrp=-101|rsrq=-14|snr=0,rsrp=-101|rsrq=-14,-101,-14,0,ploss=0|noise_power_dB=-30,0,-30,-97.3072222222,-10.6446333333,46.2570944444,3.6927777778,False,3.3553666667,False,1.47135991554,False,False,8,2,0.00268726906281
rsrp=-101|rsrq=-13|snr=-2,rsrp=-101|rsrq=-13,-101,-13,-2,ploss=0|noise_power_dB=-10,0,-10,-101.098086111,-9.73287777778,15.4654083333,0.098086111,True,3.26712222222,False,1.15533347804,False,False,8,3,0.00268726906281
rsrp=-101|rsrq=-12|snr=-1,rsrp=-101|rsrq=-12,-101,-12,-1,ploss=0|noise_power_dB=-10,0,-10,-101.098086111,-9.73287777778,15.4654083333,0.098086111,True,2.26712222222,False,0.801882092287,False,False,8,3,0.00268726906281
rsrp=-101|rsrq=-12|snr=1,rsrp=-101|rsrq=-12,-101,-12,1,ploss=0|noise_power_dB=-10,0,-10,-101.098086111,-9.73287777778,15.4654083333,0.098086111,True,2.26712222222,False,0.801882092287,False,False,8,3,0.00268726906281
rsrp=-100|rsrq=-14|snr=7,rsrp=-100|rsrq=-14,-100,-14,7,ploss=0|noise_power_dB=-30,0,-30,-97.3072222222,-10.6446333333,46.2570944444,2.6927777778,True,3.3553666667,False,1.345417004,False,False,8,3,0.00268726906281
rsrp=-99|rsrq=-15|snr=3,rsrp=-99|rsrq=-15,-99,-15,3,ploss=0|noise_power_dB=-30,0,-30,-97.3072222222,-10.6446333333,46.2570944444,1.6927777778,True,4.3553666667,False,1.59070632299,False,False,8,3,0.00268726906281
rsrp=-99|rsrq=-13|snr=-2,rsrp=-99|rsrq=-13,-99,-13,-2,ploss=0|noise_power_dB=-30,0,-30,-97.3072222222,-10.6446333333,46.2570944444,1.6927777778,True,2.3553666667,False,0.9233976785,False,False,8,3,0.00268726906281
rsrp=-99|rsrq=-13|snr=7,rsrp=-99|rsrq=-13,-99,-13,7,ploss=0|noise_power_dB=-30,0,-30,-97.3072222222,-10.6446333333,46.2570944444,1.6927777778,True,2.3553666667,False,0.9233976785,False,False,8,3,0.00268726906281
rsrp=-98|rsrq=-15|snr=2,rsrp=-98|rsrq=-15,-98,-15,2,ploss=0|noise_power_dB=-30,0,-30,-97.3072222222,-10.6446333333,46.2570944444,0.6927777778,True,4.3553666667,False,1.54848821171,False,False,8,2,0.00268726906281
rsrp=-98|rsrq=-14|snr=4,rsrp=-98|rsrq=-14,-98,-14,4,ploss=0|noise_power_dB=-30,0,-30,-97.3072222222,-10.6446333333,46.2570944444,0.6927777778,True,3.3553666667,False,1.19748656574,False,False,8,2,0.00268726906281
rsrp=-91|rsrq=-14|snr=-1,rsrp=-91|rsrq=-14,-91,-14,-1,ploss=0|noise_power_dB=-30,0,-30,-97.3072222222,-10.6446333333,46.2570944444,6.3072222222,False,3.3553666667,False,1.9019382579,False,False,8,3,0.00268726906281
rsrp=-90|rsrq=-13|snr=1,rsrp=-90|rsrq=-13,-90,-13,1,ploss=0|noise_power_dB=-30,0,-30,-97.3072222222,-10.6446333333,46.2570944444,7.3072222222,False,2.3553666667,False,1.91308272034,False,False,8,3,0.00268726906281
rsrp=-90|rsrq=-12|snr=0,rsrp=-90|rsrq=-12,-90,-12,0,ploss=0|noise_power_dB=-30,0,-30,-97.3072222222,-10.6446333333,46.2570944444,7.3072222222,False,1.3553666667,True,1.78774825638,False,False,8,2,0.00268726906281
rsrp=-90|rsrq=-11|snr=3,rsrp=-90|rsrq=-11,-90,-11,3,ploss=0|noise_power_dB=-30,0,-30,-97.3072222222,-10.6446333333,46.2570944444,7.3072222222,False,0.3553666667,True,1.72690537132,False,False,8,2,0.00268726906281
rsrp=-81|rsrq=-10|snr=4,rsrp=-81|rsrq=-10,-81,-10,4,ploss=0|noise_power_dB=-30,0,-30,-97.3072222222,-10.6446333333,46.2570944444,16.3072222222,False,0.6446333333,True,3.85040033205,False,False,8,1,0.00268726906281
rsrp=-80|rsrq=-10|snr=2,rsrp=-80|rsrq=-10,-80,-10,2,ploss=0|noise_power_dB=-30,0,-30,-97.3072222222,-10.6446333333,46.2570944444,17.3072222222,False,0.6446333333,True,4.08571313883,False,False,8,1,0.00268726906281
rsrp=-103|rsrq=-15|snr=0,rsrp=-103|rsrq=-15,-103,-15,0,ploss=-5|noise_power_dB=-30,-5,-30,-104.440277778,-10.4053166667,40.5935972222,1.440277778,True,4.5946833333,False,1.65955831938,False,False,7,2,0.00235136042996
rsrp=-99|rsrq=-16|snr=6,rsrp=-99|rsrq=-16,-99,-16,6,ploss=0|noise_power_dB=-30,0,-30,-97.3072222222,-10.6446333333,46.2570944444,1.6927777778,True,5.3553666667,False,1.93499050971,False,False,7,1,0.00235136042996
rsrp=-98|rsrq=-17|snr=3,rsrp=-98|rsrq=-17,-98,-17,3,ploss=0|noise_power_dB=-30,0,-30,-97.3072222222,-10.6446333333,46.2570944444,0.6927777778,True,6.3553666667,False,2.25288683141,False,False,7,2,0.00235136042996
rsrp=-96|rsrq=-15|snr=5,rsrp=-96|rsrq=-15,-96,-15,5,ploss=0|noise_power_dB=-30,0,-30,-97.3072222222,-10.6446333333,46.2570944444,1.3072222222,True,4.3553666667,False,1.57037809038,False,False,7,1,0.00235136042996
rsrp=-105|rsrq=-18|snr=1,rsrp=-105|rsrq=-18,-105,-18,1,ploss=-5|noise_power_dB=-30,-5,-30,-104.440277778,-10.4053166667,40.5935972222,0.559722222,True,7.5946833333,False,2.68836508108,False,False,6,2,0.00201545179711
rsrp=-104|rsrq=-17|snr=1,rsrp=-104|rsrq=-17,-104,-17,1,ploss=-5|noise_power_dB=-30,-5,-30,-104.440277778,-10.4053166667,40.5935972222,0.440277778,True,6.5946833333,False,2.33388092529,False,False,6,2,0.00201545179711
rsrp=-103|rsrq=-17|snr=0,rsrp=-103|rsrq=-17,-103,-17,0,ploss=-5|noise_power_dB=-30,-5,-30,-104.440277778,-10.4053166667,40.5935972222,1.440277778,True,6.5946833333,False,2.3561569307,False,False,6,1,0.00201545179711
rsrp=-103|rsrq=-17|snr=1,rsrp=-103|rsrq=-17,-103,-17,1,ploss=-5|noise_power_dB=-30,-5,-30,-104.440277778,-10.4053166667,40.5935972222,1.440277778,True,6.5946833333,False,2.3561569307,False,False,6,2,0.00201545179711
rsrp=-103|rsrq=-13|snr=-1,rsrp=-103|rsrq=-13,-103,-13,-1,ploss=-5|noise_power_dB=-30,-5,-30,-104.440277778,-10.4053166667,40.5935972222,1.440277778,True,2.5946833333,False,0.978157527589,False,False,6,3,0.00201545179711
rsrp=-101|rsrq=-16|snr=-1,rsrp=-101|rsrq=-16,-101,-16,-1,ploss=0|noise_power_dB=-30,0,-30,-97.3072222222,-10.6446333333,46.2570944444,3.6927777778,False,5.3553666667,False,2.08388659346,False,False,6,2,0.00201545179711
rsrp=-101|rsrq=-15|snr=0,rsrp=-101|rsrq=-15,-101,-15,0,ploss=0|noise_power_dB=-30,0,-30,-97.3072222222,-10.6446333333,46.2570944444,3.6927777778,False,4.3553666667,False,1.76882493982,False,False,6,2,0.00201545179711
rsrp=-101|rsrq=-15|snr=1,rsrp=-101|rsrq=-15,-101,-15,1,ploss=0|noise_power_dB=-30,0,-30,-97.3072222222,-10.6446333333,46.2570944444,3.6927777778,False,4.3553666667,False,1.76882493982,False,False,6,2,0.00201545179711
rsrp=-101|rsrq=-15|snr=3,rsrp=-101|rsrq=-15,-101,-15,3,ploss=0|noise_power_dB=-30,0,-30,-97.3072222222,-10.6446333333,46.2570944444,3.6927777778,False,4.3553666667,False,1.76882493982,False,False,6,1,0.00201545179711
rsrp=-101|rsrq=-15|snr=5,rsrp=-101|rsrq=-15,-101,-15,5,ploss=0|noise_power_dB=-30,0,-30,-97.3072222222,-10.6446333333,46.2570944444,3.6927777778,False,4.3553666667,False,1.76882493982,False,False,6,3,0.00201545179711
rsrp=-101|rsrq=-14|snr=1,rsrp=-101|rsrq=-14,-101,-14,1,ploss=0|noise_power_dB=-30,0,-30,-97.3072222222,-10.6446333333,46.2570944444,3.6927777778,False,3.3553666667,False,1.47135991554,False,False,6,3,0.00201545179711
rsrp=-101|rsrq=-13|snr=-3,rsrp=-101|rsrq=-13,-101,-13,-3,ploss=0|noise_power_dB=-10,0,-10,-101.098086111,-9.73287777778,15.4654083333,0.098086111,True,3.26712222222,False,1.15533347804,False,False,6,3,0.00201545179711
rsrp=-101|rsrq=-13|snr=1,rsrp=-101|rsrq=-13,-101,-13,1,ploss=0|noise_power_dB=-10,0,-10,-101.098086111,-9.73287777778,15.4654083333,0.098086111,True,3.26712222222,False,1.15533347804,False,False,6,3,0.00201545179711
rsrp=-101|rsrq=-12|snr=3,rsrp=-101|rsrq=-12,-101,-12,3,ploss=0|noise_power_dB=-10,0,-10,-101.098086111,-9.73287777778,15.4654083333,0.098086111,True,2.26712222222,False,0.801882092287,False,False,6,3,0.00201545179711
rsrp=-100|rsrq=-15|snr=2,rsrp=-100|rsrq=-15,-100,-15,2,ploss=0|noise_power_dB=-30,0,-30,-97.3072222222,-10.6446333333,46.2570944444,2.6927777778,True,4.3553666667,False,1.6655295198,False,False,6,3,0.00201545179711
rsrp=-100|rsrq=-14|snr=3,rsrp=-100|rsrq=-14,-100,-14,3,ploss=0|noise_power_dB=-30,0,-30,-97.3072222222,-10.6446333333,46.2570944444,2.6927777778,True,3.3553666667,False,1.345417004,False,False,6,3,0.00201545179711
rsrp=-100|rsrq=-14|snr=4,rsrp=-100|rsrq=-14,-100,-14,4,ploss=0|noise_power_dB=-30,0,-30,-97.3072222222,-10.6446333333,46.2570944444,2.6927777778,True,3.3553666667,False,1.345417004,False,False,6,3,0.00201545179711
rsrp=-100|rsrq=-13|snr=4,rsrp=-100|rsrq=-13,-100,-13,4,ploss=0|noise_power_dB=-30,0,-30,-97.3072222222,-10.6446333333,46.2570944444,2.6927777778,True,2.3553666667,False,1.04704596268,False,False,6,2,0.00201545179711
rsrp=-99|rsrq=-15|snr=5,rsrp=-99|rsrq=-15,-99,-15,5,ploss=0|noise_power_dB=-30,0,-30,-97.3072222222,-10.6446333333,46.2570944444,1.6927777778,True,4.3553666667,False,1.59070632299,False,False,6,3,0.00201545179711
rsrp=-99|rsrq=-14|snr=-1,rsrp=-99|rsrq=-14,-99,-14,-1,ploss=0|noise_power_dB=-30,0,-30,-97.3072222222,-10.6446333333,46.2570944444,1.6927777778,True,3.3553666667,False,1.25160095052,False,False,6,2,0.00201545179711
rsrp=-99|rsrq=-13|snr=0,rsrp=-99|rsrq=-13,-99,-13,0,ploss=0|noise_power_dB=-30,0,-30,-97.3072222222,-10.6446333333,46.2570944444,1.6927777778,True,2.3553666667,False,0.9233976785,False,False,6,3,0.00201545179711
rsrp=-99|rsrq=-13|snr=1,rsrp=-99|rsrq=-13,-99,-13,1,ploss=0|noise_power_dB=-30,0,-30,-97.3072222222,-10.6446333333,46.2570944444,1.6927777778,True,2.3553666667,False,0.9233976785,False,False,6,3,0.00201545179711
rsrp=-99|rsrq=-13|snr=2,rsrp=-99|rsrq=-13,-99,-13,2,ploss=0|noise_power_dB=-30,0,-30,-97.3072222222,-10.6446333333,46.2570944444,1.6927777778,True,2.3553666667,False,0.9233976785,False,False,6,3,0.00201545179711
rsrp=-98|rsrq=-16|snr=2,rsrp=-98|rsrq=-16,-98,-16,2,ploss=0|noise_power_dB=-30,0,-30,-97.3072222222,-10.6446333333,46.2570944444,0.6927777778,True,5.3553666667,False,1.90043611008,False,False,6,3,0.00201545179711
rsrp=-98|rsrq=-15|snr=5,rsrp=-98|rsrq=-15,-98,-15,5,ploss=0|noise_power_dB=-30,0,-30,-97.3072222222,-10.6446333333,46.2570944444,0.6927777778,True,4.3553666667,False,1.54848821171,False,False,6,2,0.00201545179711
rsrp=-98|rsrq=-14|snr=3,rsrp=-98|rsrq=-14,-98,-14,3,ploss=0|noise_power_dB=-30,0,-30,-97.3072222222,-10.6446333333,46.2570944444,0.6927777778,True,3.3553666667,False,1.19748656574,False,False,6,3,0.00201545179711
rsrp=-98|rsrq=-14|snr=7,rsrp=-98|rsrq=-14,-98,-14,7,ploss=0|noise_power_dB=-30,0,-30,-97.3072222222,-10.6446333333,46.2570944444,0.6927777778,True,3.3553666667,False,1.19748656574,False,False,6,3,0.00201545179711
rsrp=-98|rsrq=-13|snr=-1,rsrp=-98|rsrq=-13,-98,-13,-1,ploss=0|noise_power_dB=-30,0,-30,-97.3072222222,-10.6446333333,46.2570944444,0.6927777778,True,2.3553666667,False,0.84860615627,False,False,6,2,0.00201545179711
rsrp=-97|rsrq=-14|snr=-1,rsrp=-97|rsrq=-14,-97,-14,-1,ploss=0|noise_power_dB=-30,0,-30,-97.3072222222,-10.6446333333,46.2570944444,0.3072222222,True,3.3553666667,False,1.18850928564,False,False,6,2,0.00201545179711
rsrp=-97|rsrq=-14|snr=6,rsrp=-97|rsrq=-14,-97,-14,6,ploss=0|noise_power_dB=-30,0,-30,-97.3072222222,-10.6446333333,46.2570944444,0.3072222222,True,3.3553666667,False,1.18850928564,False,False,6,2,0.00201545179711
rsrp=-96|rsrq=-16|snr=5,rsrp=-96|rsrq=-16,-96,-16,5,ploss=0|noise_power_dB=-30,0,-30,-97.3072222222,-10.6446333333,46.2570944444,1.3072222222,True,5.3553666667,False,1.91831410708,False,False,6,2,0.00201545179711
rsrp=-96|rsrq=-15|snr=4,rsrp=-96|rsrq=-15,-96,-15,4,ploss=0|noise_power_dB=-30,0,-30,-97.3072222222,-10.6446333333,46.2570944444,1.3072222222,True,4.3553666667,False,1.57037809038,False,False,6,2,0.00201545179711
rsrp=-93|rsrq=-16|snr=-3,rsrp=-93|rsrq=-16,-93,-16,-3,ploss=0|noise_power_dB=-30,0,-30,-97.3072222222,-10.6446333333,46.2570944444,4.3072222222,False,5.3553666667,False,2.14841098353,False,False,6,2,0.00201545179711
rsrp=-93|rsrq=-14|snr=0,rsrp=-93|rsrq=-14,-93,-14,0,ploss=0|noise_power_dB=-30,0,-30,-97.3072222222,-10.6446333333,46.2570944444,4.3072222222,False,3.3553666667,False,1.56140527116,False,False,6,2,0.00201545179711
rsrp=-92|rsrq=-14|snr=-6,rsrp=-92|rsrq=-14,-92,-14,-6,ploss=0|noise_power_dB=-30,0,-30,-97.3072222222,-10.6446333333,46.2570944444,5.3072222222,False,3.3553666667,False,1.72398440343,False,False,6,1,0.00201545179711
rsrp=-92|rsrq=-13|snr=1,rsrp=-92|rsrq=-13,-92,-13,1,ploss=0|noise_power_dB=-30,0,-30,-97.3072222222,-10.6446333333,46.2570944444,5.3072222222,False,2.3553666667,False,1.50275765065,False,False,6,3,0.00201545179711
rsrp=-91|rsrq=-13|snr=0,rsrp=-91|rsrq=-13,-91,-13,0,ploss=0|noise_power_dB=-30,0,-30,-97.3072222222,-10.6446333333,46.2570944444,6.3072222222,False,2.3553666667,False,1.70397402274,False,False,6,2,0.00201545179711
rsrp=-91|rsrq=-13|snr=1,rsrp=-91|rsrq=-13,-91,-13,1,ploss=0|noise_power_dB=-30,0,-30,-97.3072222222,-10.6446333333,46.2570944444,6.3072222222,False,2.3553666667,False,1.70397402274,False,False,6,2,0.00201545179711
rsrp=-91|rsrq=-12|snr=1,rsrp=-91|rsrq=-12,-91,-12,1,ploss=0|noise_power_dB=-30,0,-30,-97.3072222222,-10.6446333333,46.2570944444,6.3072222222,False,1.3553666667,True,1.56194936009,False,False,6,1,0.00201545179711
rsrp=-90|rsrq=-15|snr=-1,rsrp=-90|rsrq=-15,-90,-15,-1,ploss=0|noise_power_dB=-30,0,-30,-97.3072222222,-10.6446333333,46.2570944444,7.3072222222,False,4.3553666667,False,2.31031790631,False,False,6,2,0.00201545179711
rsrp=-90|rsrq=-14|snr=-8,rsrp=-90|rsrq=-14,-90,-14,-8,ploss=0|noise_power_dB=-30,0,-30,-97.3072222222,-10.6446333333,46.2570944444,7.3072222222,False,3.3553666667,False,2.09134577761,False,False,6,3,0.00201545179711
rsrp=-90|rsrq=-12|snr=-1,rsrp=-90|rsrq=-12,-90,-12,-1,ploss=0|noise_power_dB=-30,0,-30,-97.3072222222,-10.6446333333,46.2570944444,7.3072222222,False,1.3553666667,True,1.78774825638,False,False,6,3,0.00201545179711
rsrp=-90|rsrq=-12|snr=2,rsrp=-90|rsrq=-12,-90,-12,2,ploss=0|noise_power_dB=-30,0,-30,-97.3072222222,-10.6446333333,46.2570944444,7.3072222222,False,1.3553666667,True,1.78774825638,False,False,6,1,0.00201545179711
rsrp=-81|rsrq=-11|snr=2,rsrp=-81|rsrq=-11,-81,-11,2,ploss=0|noise_power_dB=-30,0,-30,-97.3072222222,-10.6446333333,46.2570944444,16.3072222222,False,0.3553666667,True,3.84570206643,False,False,6,1,0.00201545179711
rsrp=-81|rsrq=-10|snr=2,rsrp=-81|rsrq=-10,-81,-10,2,ploss=0|noise_power_dB=-30,0,-30,-97.3072222222,-10.6446333333,46.2570944444,16.3072222222,False,0.6446333333,True,3.85040033205,False,False,6,1,0.00201545179711
rsrp=-80|rsrq=-11|snr=0,rsrp=-80|rsrq=-11,-80,-11,0,ploss=0|noise_power_dB=-30,0,-30,-97.3072222222,-10.6446333333,46.2570944444,17.3072222222,False,0.3553666667,True,4.08128576793,False,False,6,1,0.00201545179711
rsrp=-80|rsrq=-11|snr=1,rsrp=-80|rsrq=-11,-80,-11,1,ploss=0|noise_power_dB=-30,0,-30,-97.3072222222,-10.6446333333,46.2570944444,17.3072222222,False,0.3553666667,True,4.08128576793,False,False,6,1,0.00201545179711
rsrp=-80|rsrq=-10|snr=3,rsrp=-80|rsrq=-10,-80,-10,3,ploss=0|noise_power_dB=-30,0,-30,-97.3072222222,-10.6446333333,46.2570944444,17.3072222222,False,0.6446333333,True,4.08571313883,False,False,6,1,0.00201545179711
rsrp=-104|rsrq=-14|snr=-4,rsrp=-104|rsrq=-14,-104,-14,-4,ploss=-5|noise_power_dB=-30,-5,-30,-104.440277778,-10.4053166667,40.5935972222,0.440277778,True,3.5946833333,False,1.27514221695,False,False,5,2,0.00167954316426
rsrp=-102|rsrq=-17|snr=1,rsrp=-102|rsrq=-17,-102,-17,1,ploss=-5|noise_power_dB=-30,-5,-30,-104.440277778,-10.4053166667,40.5935972222,2.440277778,True,6.5946833333,False,2.40147077889,False,False,5,2,0.00167954316426
rsrp=-102|rsrq=-14|snr=0,rsrp=-102|rsrq=-14,-102,-14,0,ploss=-5|noise_power_dB=-30,-5,-30,-104.440277778,-10.4053166667,40.5935972222,2.440277778,True,3.5946833333,False,1.39500874617,False,False,5,3,0.00167954316426
rsrp=-100|rsrq=-14|snr=6,rsrp=-100|rsrq=-14,-100,-14,6,ploss=0|noise_power_dB=-30,0,-30,-97.3072222222,-10.6446333333,46.2570944444,2.6927777778,True,3.3553666667,False,1.345417004,False,False,5,1,0.00167954316426
rsrp=-98|rsrq=-17|snr=4,rsrp=-98|rsrq=-17,-98,-17,4,ploss=0|noise_power_dB=-30,0,-30,-97.3072222222,-10.6446333333,46.2570944444,0.6927777778,True,6.3553666667,False,2.25288683141,False,False,5,2,0.00167954316426
rsrp=-98|rsrq=-15|snr=6,rsrp=-98|rsrq=-15,-98,-15,6,ploss=0|noise_power_dB=-30,0,-30,-97.3072222222,-10.6446333333,46.2570944444,0.6927777778,True,4.3553666667,False,1.54848821171,False,False,5,2,0.00167954316426
rsrp=-97|rsrq=-16|snr=4,rsrp=-97|rsrq=-16,-97,-16,4,ploss=0|noise_power_dB=-30,0,-30,-97.3072222222,-10.6446333333,46.2570944444,0.3072222222,True,5.3553666667,False,1.89479224597,False,False,5,1,0.00167954316426
rsrp=-89|rsrq=-11|snr=1,rsrp=-89|rsrq=-11,-89,-11,1,ploss=0|noise_power_dB=-30,0,-30,-97.3072222222,-10.6446333333,46.2570944444,8.3072222222,False,0.3553666667,True,1.96205792405,False,False,5,1,0.00167954316426
rsrp=-105|rsrq=-16|snr=-2,rsrp=-105|rsrq=-16,-105,-16,-2,ploss=-5|noise_power_dB=-30,-5,-30,-104.440277778,-10.4053166667,40.5935972222,0.559722222,True,5.5946833333,False,1.98241396851,False,False,4,2,0.00134363453141
rsrp=-105|rsrq=-14|snr=0,rsrp=-105|rsrq=-14,-105,-14,0,ploss=-5|noise_power_dB=-30,-5,-30,-104.440277778,-10.4053166667,40.5935972222,0.559722222,True,3.5946833333,False,1.27774155285,False,False,4,2,0.00134363453141
rsrp=-104|rsrq=-19|snr=1,rsrp=-104|rsrq=-19,-104,-19,1,ploss=-5|noise_power_dB=-30,-5,-30,-104.440277778,-10.4053166667,40.5935972222,0.440277778,True,8.5946833333,False,3.04045092709,False,False,4,1,0.00134363453141
rsrp=-104|rsrq=-18|snr=1,rsrp=-104|rsrq=-18,-104,-18,1,ploss=-5|noise_power_dB=-30,-5,-30,-104.440277778,-10.4053166667,40.5935972222,0.440277778,True,7.5946833333,False,2.68713062703,False,False,4,1,0.00134363453141
rsrp=-104|rsrq=-17|snr=-3,rsrp=-104|rsrq=-17,-104,-17,-3,ploss=-5|noise_power_dB=-30,-5,-30,-104.440277778,-10.4053166667,40.5935972222,0.440277778,True,6.5946833333,False,2.33388092529,False,False,4,1,0.00134363453141
rsrp=-104|rsrq=-17|snr=0,rsrp=-104|rsrq=-17,-104,-17,0,ploss=-5|noise_power_dB=-30,-5,-30,-104.440277778,-10.4053166667,40.5935972222,0.440277778,True,6.5946833333,False,2.33388092529,False,False,4,1,0.00134363453141
rsrp=-104|rsrq=-13|snr=2,rsrp=-104|rsrq=-13,-104,-13,2,ploss=-5|noise_power_dB=-30,-5,-30,-104.440277778,-10.4053166667,40.5935972222,0.440277778,True,2.5946833333,False,0.923210073663,False,False,4,2,0.00134363453141
rsrp=-104|rsrq=-13|snr=4,rsrp=-104|rsrq=-13,-104,-13,4,ploss=-5|noise_power_dB=-30,-5,-30,-104.440277778,-10.4053166667,40.5935972222,0.440277778,True,2.5946833333,False,0.923210073663,False,False,4,2,0.00134363453141
rsrp=-103|rsrq=-16|snr=-1,rsrp=-103|rsrq=-16,-103,-16,-1,ploss=-5|noise_power_dB=-30,-5,-30,-104.440277778,-10.4053166667,40.5935972222,1.440277778,True,5.5946833333,False,2.00693912433,False,False,4,2,0.00134363453141
rsrp=-103|rsrq=-16|snr=4,rsrp=-103|rsrq=-16,-103,-16,4,ploss=-5|noise_power_dB=-30,-5,-30,-104.440277778,-10.4053166667,40.5935972222,1.440277778,True,5.5946833333,False,2.00693912433,False,False,4,1,0.00134363453141
rsrp=-103|rsrq=-15|snr=2,rsrp=-103|rsrq=-15,-103,-15,2,ploss=-5|noise_power_dB=-30,-5,-30,-104.440277778,-10.4053166667,40.5935972222,1.440277778,True,4.5946833333,False,1.65955831938,False,False,4,2,0.00134363453141
rsrp=-103|rsrq=-14|snr=-1,rsrp=-103|rsrq=-14,-103,-14,-1,ploss=-5|noise_power_dB=-30,-5,-30,-104.440277778,-10.4053166667,40.5935972222,1.440277778,True,3.5946833333,False,1.31547063141,False,False,4,1,0.00134363453141
rsrp=-103|rsrq=-13|snr=1,rsrp=-103|rsrq=-13,-103,-13,1,ploss=-5|noise_power_dB=-30,-5,-30,-104.440277778,-10.4053166667,40.5935972222,1.440277778,True,2.5946833333,False,0.978157527589,False,False,4,2,0.00134363453141
rsrp=-103|rsrq=-13|snr=3,rsrp=-103|rsrq=-13,-103,-13,3,ploss=-5|noise_power_dB=-30,-5,-30,-104.440277778,-10.4053166667,40.5935972222,1.440277778,True,2.5946833333,False,0.978157527589,False,False,4,2,0.00134363453141
rsrp=-102|rsrq=-16|snr=1,rsrp=-102|rsrq=-16,-102,-16,1,ploss=-5|noise_power_dB=-30,-5,-30,-104.440277778,-10.4053166667,40.5935972222,2.440277778,True,5.5946833333,False,2.05994928785,False,False,4,2,0.00134363453141
rsrp=-102|rsrq=-15|snr=0,rsrp=-102|rsrq=-15,-102,-15,0,ploss=-5|noise_power_dB=-30,-5,-30,-104.440277778,-10.4053166667,40.5935972222,2.440277778,True,4.5946833333,False,1.72328762405,False,False,4,1,0.00134363453141
rsrp=-102|rsrq=-15|snr=2,rsrp=-102|rsrq=-15,-102,-15,2,ploss=-5|noise_power_dB=-30,-5,-30,-104.440277778,-10.4053166667,40.5935972222,2.440277778,True,4.5946833333,False,1.72328762405,False,False,4,2,0.00134363453141
rsrp=-101|rsrq=-17|snr=2,rsrp=-101|rsrq=-17,-101,-17,2,ploss=0|noise_power_dB=-30,0,-30,-97.3072222222,-10.6446333333,46.2570944444,3.6927777778,False,6.3553666667,False,2.40965246479,False,False,4,2,0.00134363453141
rsrp=-101|rsrq=-17|snr=5,rsrp=-101|rsrq=-17,-101,-17,5,ploss=0|noise_power_dB=-30,0,-30,-97.3072222222,-10.6446333333,46.2570944444,3.6927777778,False,6.3553666667,False,2.40965246479,False,False,4,2,0.00134363453141
rsrp=-101|rsrq=-16|snr=1,rsrp=-101|rsrq=-16,-101,-16,1,ploss=0|noise_power_dB=-30,0,-30,-97.3072222222,-10.6446333333,46.2570944444,3.6927777778,False,5.3553666667,False,2.08388659346,False,False,4,1,0.00134363453141
rsrp=-101|rsrq=-16|snr=2,rsrp=-101|rsrq=-16,-101,-16,2,ploss=0|noise_power_dB=-30,0,-30,-97.3072222222,-10.6446333333,46.2570944444,3.6927777778,False,5.3553666667,False,2.08388659346,False,False,4,2,0.00134363453141
rsrp=-101|rsrq=-16|snr=6,rsrp=-101|rsrq=-16,-101,-16,6,ploss=0|noise_power_dB=-30,0,-30,-97.3072222222,-10.6446333333,46.2570944444,3.6927777778,False,5.3553666667,False,2.08388659346,False,False,4,2,0.00134363453141
rsrp=-101|rsrq=-15|snr=-3,rsrp=-101|rsrq=-15,-101,-15,-3,ploss=0|noise_power_dB=-30,0,-30,-97.3072222222,-10.6446333333,46.2570944444,3.6927777778,False,4.3553666667,False,1.76882493982,False,False,4,2,0.00134363453141
rsrp=-101|rsrq=-15|snr=-2,rsrp=-101|rsrq=-15,-101,-15,-2,ploss=0|noise_power_dB=-30,0,-30,-97.3072222222,-10.6446333333,46.2570944444,3.6927777778,False,4.3553666667,False,1.76882493982,False,False,4,2,0.00134363453141
rsrp=-101|rsrq=-15|snr=9,rsrp=-101|rsrq=-15,-101,-15,9,ploss=0|noise_power_dB=-30,0,-30,-97.3072222222,-10.6446333333,46.2570944444,3.6927777778,False,4.3553666667,False,1.76882493982,False,False,4,2,0.00134363453141
rsrp=-101|rsrq=-14|snr=-4,rsrp=-101|rsrq=-14,-101,-14,-4,ploss=0|noise_power_dB=-30,0,-30,-97.3072222222,-10.6446333333,46.2570944444,3.6927777778,False,3.3553666667,False,1.47135991554,False,False,4,2,0.00134363453141
rsrp=-101|rsrq=-14|snr=2,rsrp=-101|rsrq=-14,-101,-14,2,ploss=0|noise_power_dB=-30,0,-30,-97.3072222222,-10.6446333333,46.2570944444,3.6927777778,False,3.3553666667,False,1.47135991554,False,False,4,2,0.00134363453141
rsrp=-101|rsrq=-13|snr=-4,rsrp=-101|rsrq=-13,-101,-13,-4,ploss=0|noise_power_dB=-10,0,-10,-101.098086111,-9.73287777778,15.4654083333,0.098086111,True,3.26712222222,False,1.15533347804,False,False,4,1,0.00134363453141
rsrp=-101|rsrq=-13|snr=2,rsrp=-101|rsrq=-13,-101,-13,2,ploss=0|noise_power_dB=-10,0,-10,-101.098086111,-9.73287777778,15.4654083333,0.098086111,True,3.26712222222,False,1.15533347804,False,False,4,2,0.00134363453141
rsrp=-101|rsrq=-13|snr=3,rsrp=-101|rsrq=-13,-101,-13,3,ploss=0|noise_power_dB=-10,0,-10,-101.098086111,-9.73287777778,15.4654083333,0.098086111,True,3.26712222222,False,1.15533347804,False,False,4,2,0.00134363453141
rsrp=-101|rsrq=-13|snr=4,rsrp=-101|rsrq=-13,-101,-13,4,ploss=0|noise_power_dB=-10,0,-10,-101.098086111,-9.73287777778,15.4654083333,0.098086111,True,3.26712222222,False,1.15533347804,False,False,4,1,0.00134363453141
rsrp=-101|rsrq=-13|snr=6,rsrp=-101|rsrq=-13,-101,-13,6,ploss=0|noise_power_dB=-10,0,-10,-101.098086111,-9.73287777778,15.4654083333,0.098086111,True,3.26712222222,False,1.15533347804,False,False,4,2,0.00134363453141
rsrp=-101|rsrq=-13|snr=7,rsrp=-101|rsrq=-13,-101,-13,7,ploss=0|noise_power_dB=-10,0,-10,-101.098086111,-9.73287777778,15.4654083333,0.098086111,True,3.26712222222,False,1.15533347804,False,False,4,2,0.00134363453141
rsrp=-101|rsrq=-12|snr=-3,rsrp=-101|rsrq=-12,-101,-12,-3,ploss=0|noise_power_dB=-10,0,-10,-101.098086111,-9.73287777778,15.4654083333,0.098086111,True,2.26712222222,False,0.801882092287,False,False,4,2,0.00134363453141
rsrp=-101|rsrq=-12|snr=4,rsrp=-101|rsrq=-12,-101,-12,4,ploss=0|noise_power_dB=-10,0,-10,-101.098086111,-9.73287777778,15.4654083333,0.098086111,True,2.26712222222,False,0.801882092287,False,False,4,1,0.00134363453141
rsrp=-101|rsrq=-12|snr=6,rsrp=-101|rsrq=-12,-101,-12,6,ploss=0|noise_power_dB=-10,0,-10,-101.098086111,-9.73287777778,15.4654083333,0.098086111,True,2.26712222222,False,0.801882092287,False,False,4,2,0.00134363453141
rsrp=-100|rsrq=-17|snr=1,rsrp=-100|rsrq=-17,-100,-17,1,ploss=0|noise_power_dB=-30,0,-30,-97.3072222222,-10.6446333333,46.2570944444,2.6927777778,True,6.3553666667,False,2.33488156331,False,False,4,1,0.00134363453141
rsrp=-100|rsrq=-17|snr=2,rsrp=-100|rsrq=-17,-100,-17,2,ploss=0|noise_power_dB=-30,0,-30,-97.3072222222,-10.6446333333,46.2570944444,2.6927777778,True,6.3553666667,False,2.33488156331,False,False,4,2,0.00134363453141
rsrp=-100|rsrq=-16|snr=0,rsrp=-100|rsrq=-16,-100,-16,0,ploss=0|noise_power_dB=-30,0,-30,-97.3072222222,-10.6446333333,46.2570944444,2.6927777778,True,5.3553666667,False,1.99695524436,False,False,4,2,0.00134363453141
rsrp=-100|rsrq=-16|snr=5,rsrp=-100|rsrq=-16,-100,-16,5,ploss=0|noise_power_dB=-30,0,-30,-97.3072222222,-10.6446333333,46.2570944444,2.6927777778,True,5.3553666667,False,1.99695524436,False,False,4,1,0.00134363453141
rsrp=-100|rsrq=-16|snr=7,rsrp=-100|rsrq=-16,-100,-16,7,ploss=0|noise_power_dB=-30,0,-30,-97.3072222222,-10.6446333333,46.2570944444,2.6927777778,True,5.3553666667,False,1.99695524436,False,False,4,1,0.00134363453141
rsrp=-100|rsrq=-15|snr=-2,rsrp=-100|rsrq=-15,-100,-15,-2,ploss=0|noise_power_dB=-30,0,-30,-97.3072222222,-10.6446333333,46.2570944444,2.6927777778,True,4.3553666667,False,1.6655295198,False,False,4,2,0.00134363453141
rsrp=-100|rsrq=-15|snr=-1,rsrp=-100|rsrq=-15,-100,-15,-1,ploss=0|noise_power_dB=-30,0,-30,-97.3072222222,-10.6446333333,46.2570944444,2.6927777778,True,4.3553666667,False,1.6655295198,False,False,4,2,0.00134363453141
rsrp=-100|rsrq=-15|snr=1,rsrp=-100|rsrq=-15,-100,-15,1,ploss=0|noise_power_dB=-30,0,-30,-97.3072222222,-10.6446333333,46.2570944444,2.6927777778,True,4.3553666667,False,1.6655295198,False,False,4,1,0.00134363453141
rsrp=-100|rsrq=-15|snr=3,rsrp=-100|rsrq=-15,-100,-15,3,ploss=0|noise_power_dB=-30,0,-30,-97.3072222222,-10.6446333333,46.2570944444,2.6927777778,True,4.3553666667,False,1.6655295198,False,False,4,1,0.00134363453141
rsrp=-100|rsrq=-15|snr=6,rsrp=-100|rsrq=-15,-100,-15,6,ploss=0|noise_power_dB=-30,0,-30,-97.3072222222,-10.6446333333,46.2570944444,2.6927777778,True,4.3553666667,False,1.6655295198,False,False,4,1,0.00134363453141
rsrp=-100|rsrq=-14|snr=-3,rsrp=-100|rsrq=-14,-100,-14,-3,ploss=0|noise_power_dB=-30,0,-30,-97.3072222222,-10.6446333333,46.2570944444,2.6927777778,True,3.3553666667,False,1.345417004,False,False,4,2,0.00134363453141
rsrp=-100|rsrq=-14|snr=-1,rsrp=-100|rsrq=-14,-100,-14,-1,ploss=0|noise_power_dB=-30,0,-30,-97.3072222222,-10.6446333333,46.2570944444,2.6927777778,True,3.3553666667,False,1.345417004,False,False,4,2,0.00134363453141
rsrp=-100|rsrq=-14|snr=0,rsrp=-100|rsrq=-14,-100,-14,0,ploss=0|noise_power_dB=-30,0,-30,-97.3072222222,-10.6446333333,46.2570944444,2.6927777778,True,3.3553666667,False,1.345417004,False,False,4,2,0.00134363453141
rsrp=-100|rsrq=-14|snr=1,rsrp=-100|rsrq=-14,-100,-14,1,ploss=0|noise_power_dB=-30,0,-30,-97.3072222222,-10.6446333333,46.2570944444,2.6927777778,True,3.3553666667,False,1.345417004,False,False,4,2,0.00134363453141
rsrp=-100|rsrq=-14|snr=8,rsrp=-100|rsrq=-14,-100,-14,8,ploss=0|noise_power_dB=-30,0,-30,-97.3072222222,-10.6446333333,46.2570944444,2.6927777778,True,3.3553666667,False,1.345417004,False,False,4,2,0.00134363453141
rsrp=-100|rsrq=-13|snr=-1,rsrp=-100|rsrq=-13,-100,-13,-1,ploss=0|noise_power_dB=-30,0,-30,-97.3072222222,-10.6446333333,46.2570944444,2.6927777778,True,2.3553666667,False,1.04704596268,False,False,4,2,0.00134363453141
rsrp=-100|rsrq=-13|snr=2,rsrp=-100|rsrq=-13,-100,-13,2,ploss=0|noise_power_dB=-30,0,-30,-97.3072222222,-10.6446333333,46.2570944444,2.6927777778,True,2.3553666667,False,1.04704596268,False,False,4,1,0.00134363453141
rsrp=-99|rsrq=-17|snr=2,rsrp=-99|rsrq=-17,-99,-17,2,ploss=0|noise_power_dB=-30,0,-30,-97.3072222222,-10.6446333333,46.2570944444,1.6927777778,True,6.3553666667,False,2.28211085168,False,False,4,2,0.00134363453141
rsrp=-99|rsrq=-16|snr=3,rsrp=-99|rsrq=-16,-99,-16,3,ploss=0|noise_power_dB=-30,0,-30,-97.3072222222,-10.6446333333,46.2570944444,1.6927777778,True,5.3553666667,False,1.93499050971,False,False,4,1,0.00134363453141
rsrp=-99|rsrq=-15|snr=-1,rsrp=-99|rsrq=-15,-99,-15,-1,ploss=0|noise_power_dB=-30,0,-30,-97.3072222222,-10.6446333333,46.2570944444,1.6927777778,True,4.3553666667,False,1.59070632299,False,False,4,2,0.00134363453141
rsrp=-99|rsrq=-15|snr=1,rsrp=-99|rsrq=-15,-99,-15,1,ploss=0|noise_power_dB=-30,0,-30,-97.3072222222,-10.6446333333,46.2570944444,1.6927777778,True,4.3553666667,False,1.59070632299,False,False,4,2,0.00134363453141
rsrp=-99|rsrq=-14|snr=-2,rsrp=-99|rsrq=-14,-99,-14,-2,ploss=0|noise_power_dB=-30,0,-30,-97.3072222222,-10.6446333333,46.2570944444,1.6927777778,True,3.3553666667,False,1.25160095052,False,False,4,2,0.00134363453141
rsrp=-99|rsrq=-14|snr=2,rsrp=-99|rsrq=-14,-99,-14,2,ploss=0|noise_power_dB=-30,0,-30,-97.3072222222,-10.6446333333,46.2570944444,1.6927777778,True,3.3553666667,False,1.25160095052,False,False,4,2,0.00134363453141
rsrp=-99|rsrq=-13|snr=3,rsrp=-99|rsrq=-13,-99,-13,3,ploss=0|noise_power_dB=-30,0,-30,-97.3072222222,-10.6446333333,46.2570944444,1.6927777778,True,2.3553666667,False,0.9233976785,False,False,4,2,0.00134363453141
rsrp=-99|rsrq=-13|snr=4,rsrp=-99|rsrq=-13,-99,-13,4,ploss=0|noise_power_dB=-30,0,-30,-97.3072222222,-10.6446333333,46.2570944444,1.6927777778,True,2.3553666667,False,0.9233976785,False,False,4,2,0.00134363453141
rsrp=-99|rsrq=-13|snr=5,rsrp=-99|rsrq=-13,-99,-13,5,ploss=0|noise_power_dB=-30,0,-30,-97.3072222222,-10.6446333333,46.2570944444,1.6927777778,True,2.3553666667,False,0.9233976785,False,False,4,1,0.00134363453141
rsrp=-99|rsrq=-13|snr=8,rsrp=-99|rsrq=-13,-99,-13,8,ploss=0|noise_power_dB=-30,0,-30,-97.3072222222,-10.6446333333,46.2570944444,1.6927777778,True,2.3553666667,False,0.9233976785,False,False,4,2,0.00134363453141
rsrp=-98|rsrq=-18|snr=1,rsrp=-98|rsrq=-18,-98,-18,1,ploss=0|noise_power_dB=-30,0,-30,-97.3072222222,-10.6446333333,46.2570944444,0.6927777778,True,7.3553666667,False,2.60563634106,False,False,4,1,0.00134363453141
rsrp=-98|rsrq=-16|snr=1,rsrp=-98|rsrq=-16,-98,-16,1,ploss=0|noise_power_dB=-30,0,-30,-97.3072222222,-10.6446333333,46.2570944444,0.6927777778,True,5.3553666667,False,1.90043611008,False,False,4,2,0.00134363453141
rsrp=-98|rsrq=-16|snr=3,rsrp=-98|rsrq=-16,-98,-16,3,ploss=0|noise_power_dB=-30,0,-30,-97.3072222222,-10.6446333333,46.2570944444,0.6927777778,True,5.3553666667,False,1.90043611008,False,False,4,2,0.00134363453141
rsrp=-98|rsrq=-16|snr=4,rsrp=-98|rsrq=-16,-98,-16,4,ploss=0|noise_power_dB=-30,0,-30,-97.3072222222,-10.6446333333,46.2570944444,0.6927777778,True,5.3553666667,False,1.90043611008,False,False,4,2,0.00134363453141
rsrp=-98|rsrq=-16|snr=9,rsrp=-98|rsrq=-16,-98,-16,9,ploss=0|noise_power_dB=-30,0,-30,-97.3072222222,-10.6446333333,46.2570944444,0.6927777778,True,5.3553666667,False,1.90043611008,False,False,4,2,0.00134363453141
rsrp=-98|rsrq=-15|snr=1,rsrp=-98|rsrq=-15,-98,-15,1,ploss=0|noise_power_dB=-30,0,-30,-97.3072222222,-10.6446333333,46.2570944444,0.6927777778,True,4.3553666667,False,1.54848821171,False,False,4,2,0.00134363453141
rsrp=-98|rsrq=-15|snr=4,rsrp=-98|rsrq=-15,-98,-15,4,ploss=0|noise_power_dB=-30,0,-30,-97.3072222222,-10.6446333333,46.2570944444,0.6927777778,True,4.3553666667,False,1.54848821171,False,False,4,2,0.00134363453141
rsrp=-98|rsrq=-14|snr=1,rsrp=-98|rsrq=-14,-98,-14,1,ploss=0|noise_power_dB=-30,0,-30,-97.3072222222,-10.6446333333,46.2570944444,0.6927777778,True,3.3553666667,False,1.19748656574,False,False,4,2,0.00134363453141
rsrp=-98|rsrq=-14|snr=2,rsrp=-98|rsrq=-14,-98,-14,2,ploss=0|noise_power_dB=-30,0,-30,-97.3072222222,-10.6446333333,46.2570944444,0.6927777778,True,3.3553666667,False,1.19748656574,False,False,4,1,0.00134363453141
rsrp=-98|rsrq=-13|snr=1,rsrp=-98|rsrq=-13,-98,-13,1,ploss=0|noise_power_dB=-30,0,-30,-97.3072222222,-10.6446333333,46.2570944444,0.6927777778,True,2.3553666667,False,0.84860615627,False,False,4,2,0.00134363453141
rsrp=-98|rsrq=-13|snr=2,rsrp=-98|rsrq=-13,-98,-13,2,ploss=0|noise_power_dB=-30,0,-30,-97.3072222222,-10.6446333333,46.2570944444,0.6927777778,True,2.3553666667,False,0.84860615627,False,False,4,2,0.00134363453141
rsrp=-98|rsrq=-13|snr=4,rsrp=-98|rsrq=-13,-98,-13,4,ploss=0|noise_power_dB=-30,0,-30,-97.3072222222,-10.6446333333,46.2570944444,0.6927777778,True,2.3553666667,False,0.84860615627,False,False,4,1,0.00134363453141
rsrp=-98|rsrq=-13|snr=5,rsrp=-98|rsrq=-13,-98,-13,5,ploss=0|noise_power_dB=-30,0,-30,-97.3072222222,-10.6446333333,46.2570944444,0.6927777778,True,2.3553666667,False,0.84860615627,False,False,4,1,0.00134363453141
rsrp=-98|rsrq=-13|snr=9,rsrp=-98|rsrq=-13,-98,-13,9,ploss=0|noise_power_dB=-30,0,-30,-97.3072222222,-10.6446333333,46.2570944444,0.6927777778,True,2.3553666667,False,0.84860615627,False,False,4,2,0.00134363453141
rsrp=-97|rsrq=-17|snr=3,rsrp=-97|rsrq=-17,-97,-17,3,ploss=0|noise_power_dB=-30,0,-30,-97.3072222222,-10.6446333333,46.2570944444,0.3072222222,True,6.3553666667,False,2.24812795945,False,False,4,2,0.00134363453141
rsrp=-97|rsrq=-15|snr=-3,rsrp=-97|rsrq=-15,-97,-15,-3,ploss=0|noise_power_dB=-30,0,-30,-97.3072222222,-10.6446333333,46.2570944444,0.3072222222,True,4.3553666667,False,1.54155635276,False,False,4,1,0.00134363453141
rsrp=-97|rsrq=-15|snr=-1,rsrp=-97|rsrq=-15,-97,-15,-1,ploss=0|noise_power_dB=-30,0,-30,-97.3072222222,-10.6446333333,46.2570944444,0.3072222222,True,4.3553666667,False,1.54155635276,False,False,4,1,0.00134363453141
rsrp=-97|rsrq=-15|snr=0,rsrp=-97|rsrq=-15,-97,-15,0,ploss=0|noise_power_dB=-30,0,-30,-97.3072222222,-10.6446333333,46.2570944444,0.3072222222,True,4.3553666667,False,1.54155635276,False,False,4,1,0.00134363453141
rsrp=-97|rsrq=-15|snr=1,rsrp=-97|rsrq=-15,-97,-15,1,ploss=0|noise_power_dB=-30,0,-30,-97.3072222222,-10.6446333333,46.2570944444,0.3072222222,True,4.3553666667,False,1.54155635276,False,False,4,1,0.00134363453141
rsrp=-97|rsrq=-15|snr=4,rsrp=-97|rsrq=-15,-97,-15,4,ploss=0|noise_power_dB=-30,0,-30,-97.3072222222,-10.6446333333,46.2570944444,0.3072222222,True,4.3553666667,False,1.54155635276,False,False,4,2,0.00134363453141
rsrp=-97|rsrq=-15|snr=6,rsrp=-97|rsrq=-15,-97,-15,6,ploss=0|noise_power_dB=-30,0,-30,-97.3072222222,-10.6446333333,46.2570944444,0.3072222222,True,4.3553666667,False,1.54155635276,False,False,4,2,0.00134363453141
rsrp=-97|rsrq=-15|snr=7,rsrp=-97|rsrq=-15,-97,-15,7,ploss=0|noise_power_dB=-30,0,-30,-97.3072222222,-10.6446333333,46.2570944444,0.3072222222,True,4.3553666667,False,1.54155635276,False,False,4,2,0.00134363453141
rsrp=-97|rsrq=-14|snr=1,rsrp=-97|rsrq=-14,-97,-14,1,ploss=0|noise_power_dB=-30,0,-30,-97.3072222222,-10.6446333333,46.2570944444,0.3072222222,True,3.3553666667,False,1.18850928564,False,False,4,1,0.00134363453141
rsrp=-97|rsrq=-14|snr=8,rsrp=-97|rsrq=-14,-97,-14,8,ploss=0|noise_power_dB=-30,0,-30,-97.3072222222,-10.6446333333,46.2570944444,0.3072222222,True,3.3553666667,False,1.18850928564,False,False,4,2,0.00134363453141
rsrp=-97|rsrq=-13|snr=5,rsrp=-97|rsrq=-13,-97,-13,5,ploss=0|noise_power_dB=-30,0,-30,-97.3072222222,-10.6446333333,46.2570944444,0.3072222222,True,2.3553666667,False,0.835890336928,False,False,4,2,0.00134363453141
rsrp=-96|rsrq=-17|snr=4,rsrp=-96|rsrq=-17,-96,-17,4,ploss=0|noise_power_dB=-30,0,-30,-97.3072222222,-10.6446333333,46.2570944444,1.3072222222,True,6.3553666667,False,2.26798824514,False,False,4,2,0.00134363453141
rsrp=-96|rsrq=-17|snr=5,rsrp=-96|rsrq=-17,-96,-17,5,ploss=0|noise_power_dB=-30,0,-30,-97.3072222222,-10.6446333333,46.2570944444,1.3072222222,True,6.3553666667,False,2.26798824514,False,False,4,1,0.00134363453141
rsrp=-96|rsrq=-17|snr=6,rsrp=-96|rsrq=-17,-96,-17,6,ploss=0|noise_power_dB=-30,0,-30,-97.3072222222,-10.6446333333,46.2570944444,1.3072222222,True,6.3553666667,False,2.26798824514,False,False,4,1,0.00134363453141
rsrp=-96|rsrq=-16|snr=0,rsrp=-96|rsrq=-16,-96,-16,0,ploss=0|noise_power_dB=-30,0,-30,-97.3072222222,-10.6446333333,46.2570944444,1.3072222222,True,5.3553666667,False,1.91831410708,False,False,4,2,0.00134363453141
rsrp=-96|rsrq=-16|snr=7,rsrp=-96|rsrq=-16,-96,-16,7,ploss=0|noise_power_dB=-30,0,-30,-97.3072222222,-10.6446333333,46.2570944444,1.3072222222,True,5.3553666667,False,1.91831410708,False,False,4,1,0.00134363453141
rsrp=-96|rsrq=-16|snr=8,rsrp=-96|rsrq=-16,-96,-16,8,ploss=0|noise_power_dB=-30,0,-30,-97.3072222222,-10.6446333333,46.2570944444,1.3072222222,True,5.3553666667,False,1.91831410708,False,False,4,2,0.00134363453141
rsrp=-96|rsrq=-15|snr=1,rsrp=-96|rsrq=-15,-96,-15,1,ploss=0|noise_power_dB=-30,0,-30,-97.3072222222,-10.6446333333,46.2570944444,1.3072222222,True,4.3553666667,False,1.57037809038,False,False,4,1,0.00134363453141
rsrp=-96|rsrq=-15|snr=6,rsrp=-96|rsrq=-15,-96,-15,6,ploss=0|noise_power_dB=-30,0,-30,-97.3072222222,-10.6446333333,46.2570944444,1.3072222222,True,4.3553666667,False,1.57037809038,False,False,4,2,0.00134363453141
rsrp=-96|rsrq=-14|snr=0,rsrp=-96|rsrq=-14,-96,-14,0,ploss=0|noise_power_dB=-30,0,-30,-97.3072222222,-10.6446333333,46.2570944444,1.3072222222,True,3.3553666667,False,1.22566132356,False,False,4,2,0.00134363453141
rsrp=-96|rsrq=-13|snr=4,rsrp=-96|rsrq=-13,-96,-13,4,ploss=0|noise_power_dB=-30,0,-30,-97.3072222222,-10.6446333333,46.2570944444,1.3072222222,True,2.3553666667,False,0.887921175214,False,False,4,2,0.00134363453141
rsrp=-96|rsrq=-13|snr=6,rsrp=-96|rsrq=-13,-96,-13,6,ploss=0|noise_power_dB=-30,0,-30,-97.3072222222,-10.6446333333,46.2570944444,1.3072222222,True,2.3553666667,False,0.887921175214,False,False,4,1,0.00134363453141
rsrp=-95|rsrq=-16|snr=-3,rsrp=-95|rsrq=-16,-95,-16,-3,ploss=0|noise_power_dB=-30,0,-30,-97.3072222222,-10.6446333333,46.2570944444,2.3072222222,True,5.3553666667,False,1.96995722861,False,False,4,2,0.00134363453141
rsrp=-95|rsrq=-16|snr=5,rsrp=-95|rsrq=-16,-95,-16,5,ploss=0|noise_power_dB=-30,0,-30,-97.3072222222,-10.6446333333,46.2570944444,2.3072222222,True,5.3553666667,False,1.96995722861,False,False,4,1,0.00134363453141
rsrp=-95|rsrq=-15|snr=6,rsrp=-95|rsrq=-15,-95,-15,6,ploss=0|noise_power_dB=-30,0,-30,-97.3072222222,-10.6446333333,46.2570944444,2.3072222222,True,4.3553666667,False,1.63306148564,False,False,4,1,0.00134363453141
rsrp=-95|rsrq=-13|snr=3,rsrp=-95|rsrq=-13,-95,-13,3,ploss=0|noise_power_dB=-30,0,-30,-97.3072222222,-10.6446333333,46.2570944444,2.3072222222,True,2.3553666667,False,0.994588599636,False,False,4,1,0.00134363453141
rsrp=-94|rsrq=-13|snr=-3,rsrp=-94|rsrq=-13,-94,-13,-3,ploss=0|noise_power_dB=-30,0,-30,-97.3072222222,-10.6446333333,46.2570944444,3.3072222222,False,2.3553666667,False,1.14066649936,False,False,4,2,0.00134363453141
rsrp=-93|rsrq=-14|snr=-9,rsrp=-93|rsrq=-14,-93,-14,-9,ploss=0|noise_power_dB=-30,0,-30,-97.3072222222,-10.6446333333,46.2570944444,4.3072222222,False,3.3553666667,False,1.56140527116,False,False,4,1,0.00134363453141
rsrp=-93|rsrq=-14|snr=-1,rsrp=-93|rsrq=-14,-93,-14,-1,ploss=0|noise_power_dB=-30,0,-30,-97.3072222222,-10.6446333333,46.2570944444,4.3072222222,False,3.3553666667,False,1.56140527116,False,False,4,2,0.00134363453141
rsrp=-93|rsrq=-13|snr=-9,rsrp=-93|rsrq=-13,-93,-13,-9,ploss=0|noise_power_dB=-30,0,-30,-97.3072222222,-10.6446333333,46.2570944444,4.3072222222,False,2.3553666667,False,1.31306692675,False,False,4,2,0.00134363453141
rsrp=-93|rsrq=-13|snr=-3,rsrp=-93|rsrq=-13,-93,-13,-3,ploss=0|noise_power_dB=-30,0,-30,-97.3072222222,-10.6446333333,46.2570944444,4.3072222222,False,2.3553666667,False,1.31306692675,False,False,4,2,0.00134363453141
rsrp=-93|rsrq=-13|snr=2,rsrp=-93|rsrq=-13,-93,-13,2,ploss=0|noise_power_dB=-30,0,-30,-97.3072222222,-10.6446333333,46.2570944444,4.3072222222,False,2.3553666667,False,1.31306692675,False,False,4,1,0.00134363453141
rsrp=-93|rsrq=-13|snr=3,rsrp=-93|rsrq=-13,-93,-13,3,ploss=0|noise_power_dB=-30,0,-30,-97.3072222222,-10.6446333333,46.2570944444,4.3072222222,False,2.3553666667,False,1.31306692675,False,False,4,1,0.00134363453141
rsrp=-93|rsrq=-12|snr=1,rsrp=-93|rsrq=-12,-93,-12,1,ploss=0|noise_power_dB=-30,0,-30,-97.3072222222,-10.6446333333,46.2570944444,4.3072222222,False,1.3553666667,True,1.1226322138,False,False,4,2,0.00134363453141
rsrp=-92|rsrq=-15|snr=-4,rsrp=-92|rsrq=-15,-92,-15,-4,ploss=0|noise_power_dB=-30,0,-30,-97.3072222222,-10.6446333333,46.2570944444,5.3072222222,False,4.3553666667,False,1.98392638219,False,False,4,2,0.00134363453141
rsrp=-92|rsrq=-14|snr=-1,rsrp=-92|rsrq=-14,-92,-14,-1,ploss=0|noise_power_dB=-30,0,-30,-97.3072222222,-10.6446333333,46.2570944444,5.3072222222,False,3.3553666667,False,1.72398440343,False,False,4,2,0.00134363453141
rsrp=-92|rsrq=-13|snr=0,rsrp=-92|rsrq=-13,-92,-13,0,ploss=0|noise_power_dB=-30,0,-30,-97.3072222222,-10.6446333333,46.2570944444,5.3072222222,False,2.3553666667,False,1.50275765065,False,False,4,1,0.00134363453141
rsrp=-92|rsrq=-12|snr=1,rsrp=-92|rsrq=-12,-92,-12,1,ploss=0|noise_power_dB=-30,0,-30,-97.3072222222,-10.6446333333,46.2570944444,5.3072222222,False,1.3553666667,True,1.33956667991,False,False,4,2,0.00134363453141
rsrp=-92|rsrq=-12|snr=3,rsrp=-92|rsrq=-12,-92,-12,3,ploss=0|noise_power_dB=-30,0,-30,-97.3072222222,-10.6446333333,46.2570944444,5.3072222222,False,1.3553666667,True,1.33956667991,False,False,4,2,0.00134363453141
rsrp=-91|rsrq=-16|snr=-12,rsrp=-91|rsrq=-16,-91,-16,-12,ploss=0|noise_power_dB=-30,0,-30,-97.3072222222,-10.6446333333,46.2570944444,6.3072222222,False,5.3553666667,False,2.40729152165,False,False,4,1,0.00134363453141
rsrp=-91|rsrq=-14|snr=-5,rsrp=-91|rsrq=-14,-91,-14,-5,ploss=0|noise_power_dB=-30,0,-30,-97.3072222222,-10.6446333333,46.2570944444,6.3072222222,False,3.3553666667,False,1.9019382579,False,False,4,1,0.00134363453141
rsrp=-91|rsrq=-13|snr=-1,rsrp=-91|rsrq=-13,-91,-13,-1,ploss=0|noise_power_dB=-30,0,-30,-97.3072222222,-10.6446333333,46.2570944444,6.3072222222,False,2.3553666667,False,1.70397402274,False,False,4,1,0.00134363453141
rsrp=-90|rsrq=-16|snr=2,rsrp=-90|rsrq=-16,-90,-16,2,ploss=0|noise_power_dB=-30,0,-30,-97.3072222222,-10.6446333333,46.2570944444,7.3072222222,False,5.3553666667,False,2.55957232656,False,False,4,1,0.00134363453141
rsrp=-90|rsrq=-15|snr=7,rsrp=-90|rsrq=-15,-90,-15,7,ploss=0|noise_power_dB=-30,0,-30,-97.3072222222,-10.6446333333,46.2570944444,7.3072222222,False,4.3553666667,False,2.31031790631,False,False,4,1,0.00134363453141
rsrp=-90|rsrq=-13|snr=-4,rsrp=-90|rsrq=-13,-90,-13,-4,ploss=0|noise_power_dB=-30,0,-30,-97.3072222222,-10.6446333333,46.2570944444,7.3072222222,False,2.3553666667,False,1.91308272034,False,False,4,1,0.00134363453141
rsrp=-90|rsrq=-13|snr=-2,rsrp=-90|rsrq=-13,-90,-13,-2,ploss=0|noise_power_dB=-30,0,-30,-97.3072222222,-10.6446333333,46.2570944444,7.3072222222,False,2.3553666667,False,1.91308272034,False,False,4,1,0.00134363453141
rsrp=-90|rsrq=-13|snr=-1,rsrp=-90|rsrq=-13,-90,-13,-1,ploss=0|noise_power_dB=-30,0,-30,-97.3072222222,-10.6446333333,46.2570944444,7.3072222222,False,2.3553666667,False,1.91308272034,False,False,4,1,0.00134363453141
rsrp=-90|rsrq=-12|snr=4,rsrp=-90|rsrq=-12,-90,-12,4,ploss=0|noise_power_dB=-30,0,-30,-97.3072222222,-10.6446333333,46.2570944444,7.3072222222,False,1.3553666667,True,1.78774825638,False,False,4,2,0.00134363453141
rsrp=-89|rsrq=-16|snr=-7,rsrp=-89|rsrq=-16,-89,-16,-7,ploss=0|noise_power_dB=-30,0,-30,-97.3072222222,-10.6446333333,46.2570944444,8.3072222222,False,5.3553666667,False,2.72376203635,False,False,4,2,0.00134363453141
rsrp=-89|rsrq=-16|snr=2,rsrp=-89|rsrq=-16,-89,-16,2,ploss=0|noise_power_dB=-30,0,-30,-97.3072222222,-10.6446333333,46.2570944444,8.3072222222,False,5.3553666667,False,2.72376203635,False,False,4,2,0.00134363453141
rsrp=-89|rsrq=-16|snr=4,rsrp=-89|rsrq=-16,-89,-16,4,ploss=0|noise_power_dB=-30,0,-30,-97.3072222222,-10.6446333333,46.2570944444,8.3072222222,False,5.3553666667,False,2.72376203635,False,False,4,1,0.00134363453141
rsrp=-89|rsrq=-15|snr=-2,rsrp=-89|rsrq=-15,-89,-15,-2,ploss=0|noise_power_dB=-30,0,-30,-97.3072222222,-10.6446333333,46.2570944444,8.3072222222,False,4.3553666667,False,2.49099136169,False,False,4,1,0.00134363453141
rsrp=-89|rsrq=-15|snr=3,rsrp=-89|rsrq=-15,-89,-15,3,ploss=0|noise_power_dB=-30,0,-30,-97.3072222222,-10.6446333333,46.2570944444,8.3072222222,False,4.3553666667,False,2.49099136169,False,False,4,2,0.00134363453141
rsrp=-89|rsrq=-14|snr=2,rsrp=-89|rsrq=-14,-89,-14,2,ploss=0|noise_power_dB=-30,0,-30,-97.3072222222,-10.6446333333,46.2570944444,8.3072222222,False,3.3553666667,False,2.289365916,False,False,4,2,0.00134363453141
rsrp=-89|rsrq=-14|snr=3,rsrp=-89|rsrq=-14,-89,-14,3,ploss=0|noise_power_dB=-30,0,-30,-97.3072222222,-10.6446333333,46.2570944444,8.3072222222,False,3.3553666667,False,2.289365916,False,False,4,2,0.00134363453141
rsrp=-89|rsrq=-13|snr=-4,rsrp=-89|rsrq=-13,-89,-13,-4,ploss=0|noise_power_dB=-30,0,-30,-97.3072222222,-10.6446333333,46.2570944444,8.3072222222,False,2.3553666667,False,2.12775812316,False,False,4,2,0.00134363453141
rsrp=-89|rsrq=-12|snr=-7,rsrp=-89|rsrq=-12,-89,-12,-7,ploss=0|noise_power_dB=-30,0,-30,-97.3072222222,-10.6446333333,46.2570944444,8.3072222222,False,1.3553666667,True,2.01581570685,False,False,4,1,0.00134363453141
rsrp=-89|rsrq=-12|snr=1,rsrp=-89|rsrq=-12,-89,-12,1,ploss=0|noise_power_dB=-30,0,-30,-97.3072222222,-10.6446333333,46.2570944444,8.3072222222,False,1.3553666667,True,2.01581570685,False,False,4,2,0.00134363453141
rsrp=-89|rsrq=-12|snr=3,rsrp=-89|rsrq=-12,-89,-12,3,ploss=0|noise_power_dB=-30,0,-30,-97.3072222222,-10.6446333333,46.2570944444,8.3072222222,False,1.3553666667,True,2.01581570685,False,False,4,1,0.00134363453141
rsrp=-89|rsrq=-12|snr=6,rsrp=-89|rsrq=-12,-89,-12,6,ploss=0|noise_power_dB=-30,0,-30,-97.3072222222,-10.6446333333,46.2570944444,8.3072222222,False,1.3553666667,True,2.01581570685,False,False,4,1,0.00134363453141
rsrp=-89|rsrq=-11|snr=7,rsrp=-89|rsrq=-11,-89,-11,7,ploss=0|noise_power_dB=-30,0,-30,-97.3072222222,-10.6446333333,46.2570944444,8.3072222222,False,0.3553666667,True,1.96205792405,False,False,4,2,0.00134363453141
rsrp=-88|rsrq=-17|snr=0,rsrp=-88|rsrq=-17,-88,-17,0,ploss=0|noise_power_dB=-30,0,-30,-97.3072222222,-10.6446333333,46.2570944444,9.3072222222,False,6.3553666667,False,3.14027093485,False,False,4,1,0.00134363453141
rsrp=-88|rsrq=-16|snr=1,rsrp=-88|rsrq=-16,-88,-16,1,ploss=0|noise_power_dB=-30,0,-30,-97.3072222222,-10.6446333333,46.2570944444,9.3072222222,False,5.3553666667,False,2.89783710336,False,False,4,1,0.00134363453141
rsrp=-88|rsrq=-11|snr=4,rsrp=-88|rsrq=-11,-88,-11,4,ploss=0|noise_power_dB=-30,0,-30,-97.3072222222,-10.6446333333,46.2570944444,9.3072222222,False,0.3553666667,True,2.19732827411,False,False,4,1,0.00134363453141
rsrp=-81|rsrq=-12|snr=3,rsrp=-81|rsrq=-12,-81,-12,3,ploss=0|noise_power_dB=-30,0,-30,-97.3072222222,-10.6446333333,46.2570944444,16.3072222222,False,1.3553666667,True,3.87340496855,False,False,4,1,0.00134363453141
rsrp=-81|rsrq=-11|snr=1,rsrp=-81|rsrq=-11,-81,-11,1,ploss=0|noise_power_dB=-30,0,-30,-97.3072222222,-10.6446333333,46.2570944444,16.3072222222,False,0.3553666667,True,3.84570206643,False,False,4,1,0.00134363453141
rsrp=-81|rsrq=-11|snr=3,rsrp=-81|rsrq=-11,-81,-11,3,ploss=0|noise_power_dB=-30,0,-30,-97.3072222222,-10.6446333333,46.2570944444,16.3072222222,False,0.3553666667,True,3.84570206643,False,False,4,1,0.00134363453141
rsrp=-81|rsrq=-11|snr=4,rsrp=-81|rsrq=-11,-81,-11,4,ploss=0|noise_power_dB=-30,0,-30,-97.3072222222,-10.6446333333,46.2570944444,16.3072222222,False,0.3553666667,True,3.84570206643,False,False,4,1,0.00134363453141
rsrp=-81|rsrq=-10|snr=1,rsrp=-81|rsrq=-10,-81,-10,1,ploss=0|noise_power_dB=-30,0,-30,-97.3072222222,-10.6446333333,46.2570944444,16.3072222222,False,0.6446333333,True,3.85040033205,False,False,4,1,0.00134363453141
rsrp=-81|rsrq=-9|snr=4,rsrp=-81|rsrq=-9,-81,-9,4,ploss=0|noise_power_dB=-30,0,-30,-97.3072222222,-10.6446333333,46.2570944444,16.3072222222,False,1.6446333333,True,3.88738228765,False,False,4,1,0.00134363453141
rsrp=-80|rsrq=-10|snr=-1,rsrp=-80|rsrq=-10,-80,-10,-1,ploss=0|noise_power_dB=-30,0,-30,-97.3072222222,-10.6446333333,46.2570944444,17.3072222222,False,0.6446333333,True,4.08571313883,False,False,4,1,0.00134363453141
rsrp=-80|rsrq=-10|snr=1,rsrp=-80|rsrq=-10,-80,-10,1,ploss=0|noise_power_dB=-30,0,-30,-97.3072222222,-10.6446333333,46.2570944444,17.3072222222,False,0.6446333333,True,4.08571313883,False,False,4,1,0.00134363453141
rsrp=-80|rsrq=-9|snr=2,rsrp=-80|rsrq=-9,-80,-9,2,ploss=0|noise_power_dB=-30,0,-30,-97.3072222222,-10.6446333333,46.2570944444,17.3072222222,False,1.6446333333,True,4.12058371911,False,False,4,1,0.00134363453141
rsrp=-105|rsrq=-18|snr=0,rsrp=-105|rsrq=-18,-105,-18,0,ploss=-5|noise_power_dB=-30,-5,-30,-104.440277778,-10.4053166667,40.5935972222,0.559722222,True,7.5946833333,False,2.68836508108,False,False,3,1,0.00100772589856
rsrp=-104|rsrq=-18|snr=2,rsrp=-104|rsrq=-18,-104,-18,2,ploss=-5|noise_power_dB=-30,-5,-30,-104.440277778,-10.4053166667,40.5935972222,0.440277778,True,7.5946833333,False,2.68713062703,False,False,3,1,0.00100772589856
rsrp=-103|rsrq=-18|snr=2,rsrp=-103|rsrq=-18,-103,-18,2,ploss=-5|noise_power_dB=-30,-5,-30,-104.440277778,-10.4053166667,40.5935972222,1.440277778,True,7.5946833333,False,2.70650075104,False,False,3,1,0.00100772589856
rsrp=-103|rsrq=-16|snr=-5,rsrp=-103|rsrq=-16,-103,-16,-5,ploss=-5|noise_power_dB=-30,-5,-30,-104.440277778,-10.4053166667,40.5935972222,1.440277778,True,5.5946833333,False,2.00693912433,False,False,3,1,0.00100772589856
rsrp=-103|rsrq=-16|snr=1,rsrp=-103|rsrq=-16,-103,-16,1,ploss=-5|noise_power_dB=-30,-5,-30,-104.440277778,-10.4053166667,40.5935972222,1.440277778,True,5.5946833333,False,2.00693912433,False,False,3,2,0.00100772589856
rsrp=-100|rsrq=-13|snr=1,rsrp=-100|rsrq=-13,-100,-13,1,ploss=0|noise_power_dB=-30,0,-30,-97.3072222222,-10.6446333333,46.2570944444,2.6927777778,True,2.3553666667,False,1.04704596268,False,False,3,2,0.00100772589856
rsrp=-99|rsrq=-16|snr=8,rsrp=-99|rsrq=-16,-99,-16,8,ploss=0|noise_power_dB=-30,0,-30,-97.3072222222,-10.6446333333,46.2570944444,1.6927777778,True,5.3553666667,False,1.93499050971,False,False,3,1,0.00100772589856
rsrp=-97|rsrq=-16|snr=6,rsrp=-97|rsrq=-16,-97,-16,6,ploss=0|noise_power_dB=-30,0,-30,-97.3072222222,-10.6446333333,46.2570944444,0.3072222222,True,5.3553666667,False,1.89479224597,False,False,3,1,0.00100772589856
rsrp=-97|rsrq=-13|snr=-2,rsrp=-97|rsrq=-13,-97,-13,-2,ploss=0|noise_power_dB=-30,0,-30,-97.3072222222,-10.6446333333,46.2570944444,0.3072222222,True,2.3553666667,False,0.835890336928,False,False,3,1,0.00100772589856
rsrp=-95|rsrq=-13|snr=1,rsrp=-95|rsrq=-13,-95,-13,1,ploss=0|noise_power_dB=-30,0,-30,-97.3072222222,-10.6446333333,46.2570944444,2.3072222222,True,2.3553666667,False,0.994588599636,False,False,3,2,0.00100772589856
rsrp=-94|rsrq=-17|snr=4,rsrp=-94|rsrq=-17,-94,-17,4,ploss=0|noise_power_dB=-30,0,-30,-97.3072222222,-10.6446333333,46.2570944444,3.3072222222,False,6.3553666667,False,2.37833696718,False,False,3,1,0.00100772589856
rsrp=-94|rsrq=-16|snr=3,rsrp=-94|rsrq=-16,-94,-16,3,ploss=0|noise_power_dB=-30,0,-30,-97.3072222222,-10.6446333333,46.2570944444,3.3072222222,False,5.3553666667,False,2.04759494598,False,False,3,1,0.00100772589856
rsrp=-107|rsrq=-14|snr=4,rsrp=-107|rsrq=-14,-107,-14,4,ploss=-5|noise_power_dB=-30,-5,-30,-104.440277778,-10.4053166667,40.5935972222,2.559722222,True,3.5946833333,False,1.40685053012,False,False,2,1,0.000671817265704
rsrp=-106|rsrq=-13|snr=1,rsrp=-106|rsrq=-13,-106,-13,1,ploss=-5|noise_power_dB=-30,-5,-30,-104.440277778,-10.4053166667,40.5935972222,1.559722222,True,2.5946833333,False,0.988281111887,False,False,2,1,0.000671817265704
rsrp=-105|rsrq=-17|snr=2,rsrp=-105|rsrq=-17,-105,-17,2,ploss=-5|noise_power_dB=-30,-5,-30,-104.440277778,-10.4053166667,40.5935972222,0.559722222,True,6.5946833333,False,2.33530211661,False,False,2,1,0.000671817265704
rsrp=-105|rsrq=-16|snr=4,rsrp=-105|rsrq=-16,-105,-16,4,ploss=-5|noise_power_dB=-30,-5,-30,-104.440277778,-10.4053166667,40.5935972222,0.559722222,True,5.5946833333,False,1.98241396851,False,False,2,1,0.000671817265704
rsrp=-105|rsrq=-14|snr=-4,rsrp=-105|rsrq=-14,-105,-14,-4,ploss=-5|noise_power_dB=-30,-5,-30,-104.440277778,-10.4053166667,40.5935972222,0.559722222,True,3.5946833333,False,1.27774155285,False,False,2,1,0.000671817265704
rsrp=-105|rsrq=-14|snr=1,rsrp=-105|rsrq=-14,-105,-14,1,ploss=-5|noise_power_dB=-30,-5,-30,-104.440277778,-10.4053166667,40.5935972222,0.559722222,True,3.5946833333,False,1.27774155285,False,False,2,1,0.000671817265704
rsrp=-105|rsrq=-14|snr=2,rsrp=-105|rsrq=-14,-105,-14,2,ploss=-5|noise_power_dB=-30,-5,-30,-104.440277778,-10.4053166667,40.5935972222,0.559722222,True,3.5946833333,False,1.27774155285,False,False,2,1,0.000671817265704
rsrp=-104|rsrq=-19|snr=-2,rsrp=-104|rsrq=-19,-104,-19,-2,ploss=-5|noise_power_dB=-30,-5,-30,-104.440277778,-10.4053166667,40.5935972222,0.440277778,True,8.5946833333,False,3.04045092709,False,False,2,1,0.000671817265704
rsrp=-104|rsrq=-19|snr=0,rsrp=-104|rsrq=-19,-104,-19,0,ploss=-5|noise_power_dB=-30,-5,-30,-104.440277778,-10.4053166667,40.5935972222,0.440277778,True,8.5946833333,False,3.04045092709,False,False,2,1,0.000671817265704
rsrp=-104|rsrq=-19|snr=3,rsrp=-104|rsrq=-19,-104,-19,3,ploss=-5|noise_power_dB=-30,-5,-30,-104.440277778,-10.4053166667,40.5935972222,0.440277778,True,8.5946833333,False,3.04045092709,False,False,2,1,0.000671817265704
rsrp=-104|rsrq=-18|snr=-3,rsrp=-104|rsrq=-18,-104,-18,-3,ploss=-5|noise_power_dB=-30,-5,-30,-104.440277778,-10.4053166667,40.5935972222,0.440277778,True,7.5946833333,False,2.68713062703,False,False,2,1,0.000671817265704
rsrp=-104|rsrq=-18|snr=-1,rsrp=-104|rsrq=-18,-104,-18,-1,ploss=-5|noise_power_dB=-30,-5,-30,-104.440277778,-10.4053166667,40.5935972222,0.440277778,True,7.5946833333,False,2.68713062703,False,False,2,1,0.000671817265704
rsrp=-104|rsrq=-18|snr=3,rsrp=-104|rsrq=-18,-104,-18,3,ploss=-5|noise_power_dB=-30,-5,-30,-104.440277778,-10.4053166667,40.5935972222,0.440277778,True,7.5946833333,False,2.68713062703,False,False,2,1,0.000671817265704
rsrp=-104|rsrq=-17|snr=-5,rsrp=-104|rsrq=-17,-104,-17,-5,ploss=-5|noise_power_dB=-30,-5,-30,-104.440277778,-10.4053166667,40.5935972222,0.440277778,True,6.5946833333,False,2.33388092529,False,False,2,1,0.000671817265704
rsrp=-104|rsrq=-17|snr=-2,rsrp=-104|rsrq=-17,-104,-17,-2,ploss=-5|noise_power_dB=-30,-5,-30,-104.440277778,-10.4053166667,40.5935972222,0.440277778,True,6.5946833333,False,2.33388092529,False,False,2,1,0.000671817265704
rsrp=-104|rsrq=-17|snr=-1,rsrp=-104|rsrq=-17,-104,-17,-1,ploss=-5|noise_power_dB=-30,-5,-30,-104.440277778,-10.4053166667,40.5935972222,0.440277778,True,6.5946833333,False,2.33388092529,False,False,2,1,0.000671817265704
rsrp=-104|rsrq=-17|snr=2,rsrp=-104|rsrq=-17,-104,-17,2,ploss=-5|noise_power_dB=-30,-5,-30,-104.440277778,-10.4053166667,40.5935972222,0.440277778,True,6.5946833333,False,2.33388092529,False,False,2,1,0.000671817265704
rsrp=-104|rsrq=-17|snr=5,rsrp=-104|rsrq=-17,-104,-17,5,ploss=-5|noise_power_dB=-30,-5,-30,-104.440277778,-10.4053166667,40.5935972222,0.440277778,True,6.5946833333,False,2.33388092529,False,False,2,1,0.000671817265704
rsrp=-104|rsrq=-16|snr=-1,rsrp=-104|rsrq=-16,-104,-16,-1,ploss=-5|noise_power_dB=-30,-5,-30,-104.440277778,-10.4053166667,40.5935972222,0.440277778,True,5.5946833333,False,1.98073959421,False,False,2,1,0.000671817265704
rsrp=-104|rsrq=-16|snr=1,rsrp=-104|rsrq=-16,-104,-16,1,ploss=-5|noise_power_dB=-30,-5,-30,-104.440277778,-10.4053166667,40.5935972222,0.440277778,True,5.5946833333,False,1.98073959421,False,False,2,1,0.000671817265704
rsrp=-104|rsrq=-16|snr=2,rsrp=-104|rsrq=-16,-104,-16,2,ploss=-5|noise_power_dB=-30,-5,-30,-104.440277778,-10.4053166667,40.5935972222,0.440277778,True,5.5946833333,False,1.98073959421,False,False,2,1,0.000671817265704
rsrp=-104|rsrq=-15|snr=-2,rsrp=-104|rsrq=-15,-104,-15,-2,ploss=-5|noise_power_dB=-30,-5,-30,-104.440277778,-10.4053166667,40.5935972222,0.440277778,True,4.5946833333,False,1.62777716742,False,False,2,1,0.000671817265704
rsrp=-104|rsrq=-15|snr=0,rsrp=-104|rsrq=-15,-104,-15,0,ploss=-5|noise_power_dB=-30,-5,-30,-104.440277778,-10.4053166667,40.5935972222,0.440277778,True,4.5946833333,False,1.62777716742,False,False,2,1,0.000671817265704
rsrp=-104|rsrq=-15|snr=1,rsrp=-104|rsrq=-15,-104,-15,1,ploss=-5|noise_power_dB=-30,-5,-30,-104.440277778,-10.4053166667,40.5935972222,0.440277778,True,4.5946833333,False,1.62777716742,False,False,2,1,0.000671817265704
rsrp=-104|rsrq=-15|snr=3,rsrp=-104|rsrq=-15,-104,-15,3,ploss=-5|noise_power_dB=-30,-5,-30,-104.440277778,-10.4053166667,40.5935972222,0.440277778,True,4.5946833333,False,1.62777716742,False,False,2,1,0.000671817265704
rsrp=-104|rsrq=-15|snr=11,rsrp=-104|rsrq=-15,-104,-15,11,ploss=-5|noise_power_dB=-30,-5,-30,-104.440277778,-10.4053166667,40.5935972222,0.440277778,True,4.5946833333,False,1.62777716742,False,False,2,1,0.000671817265704
rsrp=-104|rsrq=-14|snr=-5,rsrp=-104|rsrq=-14,-104,-14,-5,ploss=-5|noise_power_dB=-30,-5,-30,-104.440277778,-10.4053166667,40.5935972222,0.440277778,True,3.5946833333,False,1.27514221695,False,False,2,1,0.000671817265704
rsrp=-104|rsrq=-14|snr=-1,rsrp=-104|rsrq=-14,-104,-14,-1,ploss=-5|noise_power_dB=-30,-5,-30,-104.440277778,-10.4053166667,40.5935972222,0.440277778,True,3.5946833333,False,1.27514221695,False,False,2,1,0.000671817265704
rsrp=-104|rsrq=-14|snr=2,rsrp=-104|rsrq=-14,-104,-14,2,ploss=-5|noise_power_dB=-30,-5,-30,-104.440277778,-10.4053166667,40.5935972222,0.440277778,True,3.5946833333,False,1.27514221695,False,False,2,1,0.000671817265704
rsrp=-104|rsrq=-14|snr=5,rsrp=-104|rsrq=-14,-104,-14,5,ploss=-5|noise_power_dB=-30,-5,-30,-104.440277778,-10.4053166667,40.5935972222,0.440277778,True,3.5946833333,False,1.27514221695,False,False,2,1,0.000671817265704
rsrp=-104|rsrq=-14|snr=6,rsrp=-104|rsrq=-14,-104,-14,6,ploss=-5|noise_power_dB=-30,-5,-30,-104.440277778,-10.4053166667,40.5935972222,0.440277778,True,3.5946833333,False,1.27514221695,False,False,2,1,0.000671817265704
rsrp=-104|rsrq=-13|snr=-4,rsrp=-104|rsrq=-13,-104,-13,-4,ploss=-5|noise_power_dB=-30,-5,-30,-104.440277778,-10.4053166667,40.5935972222,0.440277778,True,2.5946833333,False,0.923210073663,False,False,2,1,0.000671817265704
rsrp=-104|rsrq=-13|snr=0,rsrp=-104|rsrq=-13,-104,-13,0,ploss=-5|noise_power_dB=-30,-5,-30,-104.440277778,-10.4053166667,40.5935972222,0.440277778,True,2.5946833333,False,0.923210073663,False,False,2,1,0.000671817265704
rsrp=-103|rsrq=-20|snr=-3,rsrp=-103|rsrq=-20,-103,-20,-3,ploss=-5|noise_power_dB=-30,-5,-30,-104.440277778,-10.4053166667,40.5935972222,1.440277778,True,9.5946833333,False,3.40917702416,False,False,2,1,0.000671817265704
rsrp=-103|rsrq=-19|snr=-3,rsrp=-103|rsrq=-19,-103,-19,-3,ploss=-5|noise_power_dB=-30,-5,-30,-104.440277778,-10.4053166667,40.5935972222,1.440277778,True,8.5946833333,False,3.0575835473,False,False,2,1,0.000671817265704
rsrp=-103|rsrq=-19|snr=-2,rsrp=-103|rsrq=-19,-103,-19,-2,ploss=-5|noise_power_dB=-30,-5,-30,-104.440277778,-10.4053166667,40.5935972222,1.440277778,True,8.5946833333,False,3.0575835473,False,False,2,1,0.000671817265704
rsrp=-103|rsrq=-19|snr=0,rsrp=-103|rsrq=-19,-103,-19,0,ploss=-5|noise_power_dB=-30,-5,-30,-104.440277778,-10.4053166667,40.5935972222,1.440277778,True,8.5946833333,False,3.0575835473,False,False,2,1,0.000671817265704
rsrp=-103|rsrq=-18|snr=-4,rsrp=-103|rsrq=-18,-103,-18,-4,ploss=-5|noise_power_dB=-30,-5,-30,-104.440277778,-10.4053166667,40.5935972222,1.440277778,True,7.5946833333,False,2.70650075104,False,False,2,1,0.000671817265704
rsrp=-103|rsrq=-18|snr=-1,rsrp=-103|rsrq=-18,-103,-18,-1,ploss=-5|noise_power_dB=-30,-5,-30,-104.440277778,-10.4053166667,40.5935972222,1.440277778,True,7.5946833333,False,2.70650075104,False,False,2,1,0.000671817265704
rsrp=-103|rsrq=-18|snr=0,rsrp=-103|rsrq=-18,-103,-18,0,ploss=-5|noise_power_dB=-30,-5,-30,-104.440277778,-10.4053166667,40.5935972222,1.440277778,True,7.5946833333,False,2.70650075104,False,False,2,1,0.000671817265704
rsrp=-103|rsrq=-18|snr=3,rsrp=-103|rsrq=-18,-103,-18,3,ploss=-5|noise_power_dB=-30,-5,-30,-104.440277778,-10.4053166667,40.5935972222,1.440277778,True,7.5946833333,False,2.70650075104,False,False,2,1,0.000671817265704
rsrp=-103|rsrq=-18|snr=7,rsrp=-103|rsrq=-18,-103,-18,7,ploss=-5|noise_power_dB=-30,-5,-30,-104.440277778,-10.4053166667,40.5935972222,1.440277778,True,7.5946833333,False,2.70650075104,False,False,2,1,0.000671817265704
rsrp=-103|rsrq=-17|snr=-3,rsrp=-103|rsrq=-17,-103,-17,-3,ploss=-5|noise_power_dB=-30,-5,-30,-104.440277778,-10.4053166667,40.5935972222,1.440277778,True,6.5946833333,False,2.3561569307,False,False,2,1,0.000671817265704
rsrp=-103|rsrq=-17|snr=2,rsrp=-103|rsrq=-17,-103,-17,2,ploss=-5|noise_power_dB=-30,-5,-30,-104.440277778,-10.4053166667,40.5935972222,1.440277778,True,6.5946833333,False,2.3561569307,False,False,2,1,0.000671817265704
rsrp=-103|rsrq=-17|snr=4,rsrp=-103|rsrq=-17,-103,-17,4,ploss=-5|noise_power_dB=-30,-5,-30,-104.440277778,-10.4053166667,40.5935972222,1.440277778,True,6.5946833333,False,2.3561569307,False,False,2,1,0.000671817265704
rsrp=-103|rsrq=-16|snr=-3,rsrp=-103|rsrq=-16,-103,-16,-3,ploss=-5|noise_power_dB=-30,-5,-30,-104.440277778,-10.4053166667,40.5935972222,1.440277778,True,5.5946833333,False,2.00693912433,False,False,2,1,0.000671817265704
rsrp=-103|rsrq=-16|snr=0,rsrp=-103|rsrq=-16,-103,-16,0,ploss=-5|noise_power_dB=-30,-5,-30,-104.440277778,-10.4053166667,40.5935972222,1.440277778,True,5.5946833333,False,2.00693912433,False,False,2,1,0.000671817265704
rsrp=-103|rsrq=-16|snr=3,rsrp=-103|rsrq=-16,-103,-16,3,ploss=-5|noise_power_dB=-30,-5,-30,-104.440277778,-10.4053166667,40.5935972222,1.440277778,True,5.5946833333,False,2.00693912433,False,False,2,1,0.000671817265704
rsrp=-103|rsrq=-15|snr=-1,rsrp=-103|rsrq=-15,-103,-15,-1,ploss=-5|noise_power_dB=-30,-5,-30,-104.440277778,-10.4053166667,40.5935972222,1.440277778,True,4.5946833333,False,1.65955831938,False,False,2,1,0.000671817265704
rsrp=-103|rsrq=-15|snr=1,rsrp=-103|rsrq=-15,-103,-15,1,ploss=-5|noise_power_dB=-30,-5,-30,-104.440277778,-10.4053166667,40.5935972222,1.440277778,True,4.5946833333,False,1.65955831938,False,False,2,1,0.000671817265704
rsrp=-103|rsrq=-14|snr=-7,rsrp=-103|rsrq=-14,-103,-14,-7,ploss=-5|noise_power_dB=-30,-5,-30,-104.440277778,-10.4053166667,40.5935972222,1.440277778,True,3.5946833333,False,1.31547063141,False,False,2,1,0.000671817265704
rsrp=-103|rsrq=-14|snr=-3,rsrp=-103|rsrq=-14,-103,-14,-3,ploss=-5|noise_power_dB=-30,-5,-30,-104.440277778,-10.4053166667,40.5935972222,1.440277778,True,3.5946833333,False,1.31547063141,False,False,2,1,0.000671817265704
rsrp=-103|rsrq=-14|snr=0,rsrp=-103|rsrq=-14,-103,-14,0,ploss=-5|noise_power_dB=-30,-5,-30,-104.440277778,-10.4053166667,40.5935972222,1.440277778,True,3.5946833333,False,1.31547063141,False,False,2,1,0.000671817265704
rsrp=-103|rsrq=-14|snr=1,rsrp=-103|rsrq=-14,-103,-14,1,ploss=-5|noise_power_dB=-30,-5,-30,-104.440277778,-10.4053166667,40.5935972222,1.440277778,True,3.5946833333,False,1.31547063141,False,False,2,1,0.000671817265704
rsrp=-103|rsrq=-14|snr=4,rsrp=-103|rsrq=-14,-103,-14,4,ploss=-5|noise_power_dB=-30,-5,-30,-104.440277778,-10.4053166667,40.5935972222,1.440277778,True,3.5946833333,False,1.31547063141,False,False,2,1,0.000671817265704
rsrp=-103|rsrq=-14|snr=7,rsrp=-103|rsrq=-14,-103,-14,7,ploss=-5|noise_power_dB=-30,-5,-30,-104.440277778,-10.4053166667,40.5935972222,1.440277778,True,3.5946833333,False,1.31547063141,False,False,2,1,0.000671817265704
rsrp=-103|rsrq=-13|snr=-4,rsrp=-103|rsrq=-13,-103,-13,-4,ploss=-5|noise_power_dB=-30,-5,-30,-104.440277778,-10.4053166667,40.5935972222,1.440277778,True,2.5946833333,False,0.978157527589,False,False,2,1,0.000671817265704
rsrp=-103|rsrq=-13|snr=-3,rsrp=-103|rsrq=-13,-103,-13,-3,ploss=-5|noise_power_dB=-30,-5,-30,-104.440277778,-10.4053166667,40.5935972222,1.440277778,True,2.5946833333,False,0.978157527589,False,False,2,1,0.000671817265704
rsrp=-103|rsrq=-13|snr=-2,rsrp=-103|rsrq=-13,-103,-13,-2,ploss=-5|noise_power_dB=-30,-5,-30,-104.440277778,-10.4053166667,40.5935972222,1.440277778,True,2.5946833333,False,0.978157527589,False,False,2,1,0.000671817265704
rsrp=-103|rsrq=-13|snr=10,rsrp=-103|rsrq=-13,-103,-13,10,ploss=-5|noise_power_dB=-30,-5,-30,-104.440277778,-10.4053166667,40.5935972222,1.440277778,True,2.5946833333,False,0.978157527589,False,False,2,1,0.000671817265704
rsrp=-102|rsrq=-18|snr=-4,rsrp=-102|rsrq=-18,-102,-18,-4,ploss=-5|noise_power_dB=-30,-5,-30,-104.440277778,-10.4053166667,40.5935972222,2.440277778,True,7.5946833333,False,2.74603946352,False,False,2,1,0.000671817265704
rsrp=-102|rsrq=-18|snr=-3,rsrp=-102|rsrq=-18,-102,-18,-3,ploss=-5|noise_power_dB=-30,-5,-30,-104.440277778,-10.4053166667,40.5935972222,2.440277778,True,7.5946833333,False,2.74603946352,False,False,2,1,0.000671817265704
rsrp=-102|rsrq=-18|snr=-1,rsrp=-102|rsrq=-18,-102,-18,-1,ploss=-5|noise_power_dB=-30,-5,-30,-104.440277778,-10.4053166667,40.5935972222,2.440277778,True,7.5946833333,False,2.74603946352,False,False,2,1,0.000671817265704
rsrp=-102|rsrq=-18|snr=2,rsrp=-102|rsrq=-18,-102,-18,2,ploss=-5|noise_power_dB=-30,-5,-30,-104.440277778,-10.4053166667,40.5935972222,2.440277778,True,7.5946833333,False,2.74603946352,False,False,2,1,0.000671817265704
rsrp=-102|rsrq=-18|snr=3,rsrp=-102|rsrq=-18,-102,-18,3,ploss=-5|noise_power_dB=-30,-5,-30,-104.440277778,-10.4053166667,40.5935972222,2.440277778,True,7.5946833333,False,2.74603946352,False,False,2,1,0.000671817265704
rsrp=-102|rsrq=-17|snr=-2,rsrp=-102|rsrq=-17,-102,-17,-2,ploss=-5|noise_power_dB=-30,-5,-30,-104.440277778,-10.4053166667,40.5935972222,2.440277778,True,6.5946833333,False,2.40147077889,False,False,2,1,0.000671817265704
rsrp=-102|rsrq=-17|snr=-1,rsrp=-102|rsrq=-17,-102,-17,-1,ploss=-5|noise_power_dB=-30,-5,-30,-104.440277778,-10.4053166667,40.5935972222,2.440277778,True,6.5946833333,False,2.40147077889,False,False,2,1,0.000671817265704
rsrp=-102|rsrq=-17|snr=0,rsrp=-102|rsrq=-17,-102,-17,0,ploss=-5|noise_power_dB=-30,-5,-30,-104.440277778,-10.4053166667,40.5935972222,2.440277778,True,6.5946833333,False,2.40147077889,False,False,2,1,0.000671817265704
rsrp=-102|rsrq=-17|snr=2,rsrp=-102|rsrq=-17,-102,-17,2,ploss=-5|noise_power_dB=-30,-5,-30,-104.440277778,-10.4053166667,40.5935972222,2.440277778,True,6.5946833333,False,2.40147077889,False,False,2,1,0.000671817265704
rsrp=-102|rsrq=-17|snr=4,rsrp=-102|rsrq=-17,-102,-17,4,ploss=-5|noise_power_dB=-30,-5,-30,-104.440277778,-10.4053166667,40.5935972222,2.440277778,True,6.5946833333,False,2.40147077889,False,False,2,1,0.000671817265704
rsrp=-102|rsrq=-17|snr=5,rsrp=-102|rsrq=-17,-102,-17,5,ploss=-5|noise_power_dB=-30,-5,-30,-104.440277778,-10.4053166667,40.5935972222,2.440277778,True,6.5946833333,False,2.40147077889,False,False,2,1,0.000671817265704
rsrp=-102|rsrq=-17|snr=6,rsrp=-102|rsrq=-17,-102,-17,6,ploss=-5|noise_power_dB=-30,-5,-30,-104.440277778,-10.4053166667,40.5935972222,2.440277778,True,6.5946833333,False,2.40147077889,False,False,2,1,0.000671817265704
rsrp=-102|rsrq=-16|snr=-4,rsrp=-102|rsrq=-16,-102,-16,-4,ploss=-5|noise_power_dB=-30,-5,-30,-104.440277778,-10.4053166667,40.5935972222,2.440277778,True,5.5946833333,False,2.05994928785,False,False,2,1,0.000671817265704
rsrp=-102|rsrq=-16|snr=4,rsrp=-102|rsrq=-16,-102,-16,4,ploss=-5|noise_power_dB=-30,-5,-30,-104.440277778,-10.4053166667,40.5935972222,2.440277778,True,5.5946833333,False,2.05994928785,False,False,2,1,0.000671817265704
rsrp=-102|rsrq=-16|snr=6,rsrp=-102|rsrq=-16,-102,-16,6,ploss=-5|noise_power_dB=-30,-5,-30,-104.440277778,-10.4053166667,40.5935972222,2.440277778,True,5.5946833333,False,2.05994928785,False,False,2,1,0.000671817265704
rsrp=-102|rsrq=-16|snr=7,rsrp=-102|rsrq=-16,-102,-16,7,ploss=-5|noise_power_dB=-30,-5,-30,-104.440277778,-10.4053166667,40.5935972222,2.440277778,True,5.5946833333,False,2.05994928785,False,False,2,1,0.000671817265704
rsrp=-102|rsrq=-15|snr=-3,rsrp=-102|rsrq=-15,-102,-15,-3,ploss=-5|noise_power_dB=-30,-5,-30,-104.440277778,-10.4053166667,40.5935972222,2.440277778,True,4.5946833333,False,1.72328762405,False,False,2,1,0.000671817265704
rsrp=-102|rsrq=-15|snr=-2,rsrp=-102|rsrq=-15,-102,-15,-2,ploss=-5|noise_power_dB=-30,-5,-30,-104.440277778,-10.4053166667,40.5935972222,2.440277778,True,4.5946833333,False,1.72328762405,False,False,2,1,0.000671817265704
rsrp=-102|rsrq=-15|snr=4,rsrp=-102|rsrq=-15,-102,-15,4,ploss=-5|noise_power_dB=-30,-5,-30,-104.440277778,-10.4053166667,40.5935972222,2.440277778,True,4.5946833333,False,1.72328762405,False,False,2,1,0.000671817265704
rsrp=-102|rsrq=-14|snr=8,rsrp=-102|rsrq=-14,-102,-14,8,ploss=-5|noise_power_dB=-30,-5,-30,-104.440277778,-10.4053166667,40.5935972222,2.440277778,True,3.5946833333,False,1.39500874617,False,False,2,1,0.000671817265704
rsrp=-102|rsrq=-13|snr=-6,rsrp=-102|rsrq=-13,-102,-13,-6,ploss=-5|noise_power_dB=-30,-5,-30,-104.440277778,-10.4053166667,40.5935972222,2.440277778,True,2.5946833333,False,1.0827643181,False,False,2,1,0.000671817265704
rsrp=-102|rsrq=-13|snr=-2,rsrp=-102|rsrq=-13,-102,-13,-2,ploss=-5|noise_power_dB=-30,-5,-30,-104.440277778,-10.4053166667,40.5935972222,2.440277778,True,2.5946833333,False,1.0827643181,False,False,2,1,0.000671817265704
rsrp=-102|rsrq=-13|snr=6,rsrp=-102|rsrq=-13,-102,-13,6,ploss=-5|noise_power_dB=-30,-5,-30,-104.440277778,-10.4053166667,40.5935972222,2.440277778,True,2.5946833333,False,1.0827643181,False,False,2,1,0.000671817265704
rsrp=-102|rsrq=-13|snr=8,rsrp=-102|rsrq=-13,-102,-13,8,ploss=-5|noise_power_dB=-30,-5,-30,-104.440277778,-10.4053166667,40.5935972222,2.440277778,True,2.5946833333,False,1.0827643181,False,False,2,1,0.000671817265704
rsrp=-101|rsrq=-18|snr=-2,rsrp=-101|rsrq=-18,-101,-18,-2,ploss=0|noise_power_dB=-30,0,-30,-97.3072222222,-10.6446333333,46.2570944444,3.6927777778,False,7.3553666667,False,2.74231046159,False,False,2,1,0.000671817265704
rsrp=-101|rsrq=-18|snr=0,rsrp=-101|rsrq=-18,-101,-18,0,ploss=0|noise_power_dB=-30,0,-30,-97.3072222222,-10.6446333333,46.2570944444,3.6927777778,False,7.3553666667,False,2.74231046159,False,False,2,1,0.000671817265704
rsrp=-101|rsrq=-17|snr=-1,rsrp=-101|rsrq=-17,-101,-17,-1,ploss=0|noise_power_dB=-30,0,-30,-97.3072222222,-10.6446333333,46.2570944444,3.6927777778,False,6.3553666667,False,2.40965246479,False,False,2,1,0.000671817265704
rsrp=-101|rsrq=-17|snr=10,rsrp=-101|rsrq=-17,-101,-17,10,ploss=0|noise_power_dB=-30,0,-30,-97.3072222222,-10.6446333333,46.2570944444,3.6927777778,False,6.3553666667,False,2.40965246479,False,False,2,1,0.000671817265704
rsrp=-101|rsrq=-16|snr=-2,rsrp=-101|rsrq=-16,-101,-16,-2,ploss=0|noise_power_dB=-30,0,-30,-97.3072222222,-10.6446333333,46.2570944444,3.6927777778,False,5.3553666667,False,2.08388659346,False,False,2,1,0.000671817265704
rsrp=-101|rsrq=-16|snr=4,rsrp=-101|rsrq=-16,-101,-16,4,ploss=0|noise_power_dB=-30,0,-30,-97.3072222222,-10.6446333333,46.2570944444,3.6927777778,False,5.3553666667,False,2.08388659346,False,False,2,1,0.000671817265704
rsrp=-101|rsrq=-15|snr=-4,rsrp=-101|rsrq=-15,-101,-15,-4,ploss=0|noise_power_dB=-30,0,-30,-97.3072222222,-10.6446333333,46.2570944444,3.6927777778,False,4.3553666667,False,1.76882493982,False,False,2,1,0.000671817265704
rsrp=-101|rsrq=-15|snr=-1,rsrp=-101|rsrq=-15,-101,-15,-1,ploss=0|noise_power_dB=-30,0,-30,-97.3072222222,-10.6446333333,46.2570944444,3.6927777778,False,4.3553666667,False,1.76882493982,False,False,2,1,0.000671817265704
rsrp=-101|rsrq=-15|snr=2,rsrp=-101|rsrq=-15,-101,-15,2,ploss=0|noise_power_dB=-30,0,-30,-97.3072222222,-10.6446333333,46.2570944444,3.6927777778,False,4.3553666667,False,1.76882493982,False,False,2,1,0.000671817265704
rsrp=-101|rsrq=-15|snr=4,rsrp=-101|rsrq=-15,-101,-15,4,ploss=0|noise_power_dB=-30,0,-30,-97.3072222222,-10.6446333333,46.2570944444,3.6927777778,False,4.3553666667,False,1.76882493982,False,False,2,1,0.000671817265704
rsrp=-101|rsrq=-15|snr=8,rsrp=-101|rsrq=-15,-101,-15,8,ploss=0|noise_power_dB=-30,0,-30,-97.3072222222,-10.6446333333,46.2570944444,3.6927777778,False,4.3553666667,False,1.76882493982,False,False,2,1,0.000671817265704
rsrp=-101|rsrq=-14|snr=-1,rsrp=-101|rsrq=-14,-101,-14,-1,ploss=0|noise_power_dB=-30,0,-30,-97.3072222222,-10.6446333333,46.2570944444,3.6927777778,False,3.3553666667,False,1.47135991554,False,False,2,1,0.000671817265704
rsrp=-101|rsrq=-14|snr=3,rsrp=-101|rsrq=-14,-101,-14,3,ploss=0|noise_power_dB=-30,0,-30,-97.3072222222,-10.6446333333,46.2570944444,3.6927777778,False,3.3553666667,False,1.47135991554,False,False,2,1,0.000671817265704
rsrp=-101|rsrq=-14|snr=5,rsrp=-101|rsrq=-14,-101,-14,5,ploss=0|noise_power_dB=-30,0,-30,-97.3072222222,-10.6446333333,46.2570944444,3.6927777778,False,3.3553666667,False,1.47135991554,False,False,2,1,0.000671817265704
rsrp=-101|rsrq=-14|snr=8,rsrp=-101|rsrq=-14,-101,-14,8,ploss=0|noise_power_dB=-30,0,-30,-97.3072222222,-10.6446333333,46.2570944444,3.6927777778,False,3.3553666667,False,1.47135991554,False,False,2,1,0.000671817265704
rsrp=-101|rsrq=-13|snr=-1,rsrp=-101|rsrq=-13,-101,-13,-1,ploss=0|noise_power_dB=-10,0,-10,-101.098086111,-9.73287777778,15.4654083333,0.098086111,True,3.26712222222,False,1.15533347804,False,False,2,1,0.000671817265704
rsrp=-101|rsrq=-13|snr=0,rsrp=-101|rsrq=-13,-101,-13,0,ploss=0|noise_power_dB=-10,0,-10,-101.098086111,-9.73287777778,15.4654083333,0.098086111,True,3.26712222222,False,1.15533347804,False,False,2,1,0.000671817265704
rsrp=-101|rsrq=-13|snr=8,rsrp=-101|rsrq=-13,-101,-13,8,ploss=0|noise_power_dB=-10,0,-10,-101.098086111,-9.73287777778,15.4654083333,0.098086111,True,3.26712222222,False,1.15533347804,False,False,2,1,0.000671817265704
rsrp=-101|rsrq=-12|snr=-2,rsrp=-101|rsrq=-12,-101,-12,-2,ploss=0|noise_power_dB=-10,0,-10,-101.098086111,-9.73287777778,15.4654083333,0.098086111,True,2.26712222222,False,0.801882092287,False,False,2,1,0.000671817265704
rsrp=-101|rsrq=-12|snr=0,rsrp=-101|rsrq=-12,-101,-12,0,ploss=0|noise_power_dB=-10,0,-10,-101.098086111,-9.73287777778,15.4654083333,0.098086111,True,2.26712222222,False,0.801882092287,False,False,2,1,0.000671817265704
rsrp=-101|rsrq=-12|snr=5,rsrp=-101|rsrq=-12,-101,-12,5,ploss=0|noise_power_dB=-10,0,-10,-101.098086111,-9.73287777778,15.4654083333,0.098086111,True,2.26712222222,False,0.801882092287,False,False,2,1,0.000671817265704
rsrp=-101|rsrq=-12|snr=7,rsrp=-101|rsrq=-12,-101,-12,7,ploss=0|noise_power_dB=-10,0,-10,-101.098086111,-9.73287777778,15.4654083333,0.098086111,True,2.26712222222,False,0.801882092287,False,False,2,1,0.000671817265704
rsrp=-101|rsrq=-12|snr=8,rsrp=-101|rsrq=-12,-101,-12,8,ploss=0|noise_power_dB=-10,0,-10,-101.098086111,-9.73287777778,15.4654083333,0.098086111,True,2.26712222222,False,0.801882092287,False,False,2,1,0.000671817265704
rsrp=-100|rsrq=-19|snr=-3,rsrp=-100|rsrq=-19,-100,-19,-3,ploss=0|noise_power_dB=-30,0,-30,-97.3072222222,-10.6446333333,46.2570944444,2.6927777778,True,8.3553666667,False,3.02148229318,False,False,2,1,0.000671817265704
rsrp=-100|rsrq=-19|snr=-1,rsrp=-100|rsrq=-19,-100,-19,-1,ploss=0|noise_power_dB=-30,0,-30,-97.3072222222,-10.6446333333,46.2570944444,2.6927777778,True,8.3553666667,False,3.02148229318,False,False,2,1,0.000671817265704
rsrp=-100|rsrq=-18|snr=2,rsrp=-100|rsrq=-18,-100,-18,2,ploss=0|noise_power_dB=-30,0,-30,-97.3072222222,-10.6446333333,46.2570944444,2.6927777778,True,7.3553666667,False,2.67684769484,False,False,2,1,0.000671817265704
rsrp=-100|rsrq=-18|snr=9,rsrp=-100|rsrq=-18,-100,-18,9,ploss=0|noise_power_dB=-30,0,-30,-97.3072222222,-10.6446333333,46.2570944444,2.6927777778,True,7.3553666667,False,2.67684769484,False,False,2,1,0.000671817265704
rsrp=-100|rsrq=-17|snr=7,rsrp=-100|rsrq=-17,-100,-17,7,ploss=0|noise_power_dB=-30,0,-30,-97.3072222222,-10.6446333333,46.2570944444,2.6927777778,True,6.3553666667,False,2.33488156331,False,False,2,1,0.000671817265704
rsrp=-100|rsrq=-17|snr=10,rsrp=-100|rsrq=-17,-100,-17,10,ploss=0|noise_power_dB=-30,0,-30,-97.3072222222,-10.6446333333,46.2570944444,2.6927777778,True,6.3553666667,False,2.33488156331,False,False,2,1,0.000671817265704
rsrp=-100|rsrq=-16|snr=1,rsrp=-100|rsrq=-16,-100,-16,1,ploss=0|noise_power_dB=-30,0,-30,-97.3072222222,-10.6446333333,46.2570944444,2.6927777778,True,5.3553666667,False,1.99695524436,False,False,2,1,0.000671817265704
rsrp=-100|rsrq=-16|snr=3,rsrp=-100|rsrq=-16,-100,-16,3,ploss=0|noise_power_dB=-30,0,-30,-97.3072222222,-10.6446333333,46.2570944444,2.6927777778,True,5.3553666667,False,1.99695524436,False,False,2,1,0.000671817265704
rsrp=-100|rsrq=-16|snr=6,rsrp=-100|rsrq=-16,-100,-16,6,ploss=0|noise_power_dB=-30,0,-30,-97.3072222222,-10.6446333333,46.2570944444,2.6927777778,True,5.3553666667,False,1.99695524436,False,False,2,1,0.000671817265704
rsrp=-100|rsrq=-15|snr=-3,rsrp=-100|rsrq=-15,-100,-15,-3,ploss=0|noise_power_dB=-30,0,-30,-97.3072222222,-10.6446333333,46.2570944444,2.6927777778,True,4.3553666667,False,1.6655295198,False,False,2,1,0.000671817265704
rsrp=-100|rsrq=-15|snr=0,rsrp=-100|rsrq=-15,-100,-15,0,ploss=0|noise_power_dB=-30,0,-30,-97.3072222222,-10.6446333333,46.2570944444,2.6927777778,True,4.3553666667,False,1.6655295198,False,False,2,1,0.000671817265704
rsrp=-100|rsrq=-15|snr=5,rsrp=-100|rsrq=-15,-100,-15,5,ploss=0|noise_power_dB=-30,0,-30,-97.3072222222,-10.6446333333,46.2570944444,2.6927777778,True,4.3553666667,False,1.6655295198,False,False,2,1,0.000671817265704
rsrp=-100|rsrq=-15|snr=7,rsrp=-100|rsrq=-15,-100,-15,7,ploss=0|noise_power_dB=-30,0,-30,-97.3072222222,-10.6446333333,46.2570944444,2.6927777778,True,4.3553666667,False,1.6655295198,False,False,2,1,0.000671817265704
rsrp=-100|rsrq=-15|snr=12,rsrp=-100|rsrq=-15,-100,-15,12,ploss=0|noise_power_dB=-30,0,-30,-97.3072222222,-10.6446333333,46.2570944444,2.6927777778,True,4.3553666667,False,1.6655295198,False,False,2,1,0.000671817265704
rsrp=-100|rsrq=-14|snr=-2,rsrp=-100|rsrq=-14,-100,-14,-2,ploss=0|noise_power_dB=-30,0,-30,-97.3072222222,-10.6446333333,46.2570944444,2.6927777778,True,3.3553666667,False,1.345417004,False,False,2,1,0.000671817265704
rsrp=-100|rsrq=-14|snr=11,rsrp=-100|rsrq=-14,-100,-14,11,ploss=0|noise_power_dB=-30,0,-30,-97.3072222222,-10.6446333333,46.2570944444,2.6927777778,True,3.3553666667,False,1.345417004,False,False,2,1,0.000671817265704
rsrp=-100|rsrq=-13|snr=-7,rsrp=-100|rsrq=-13,-100,-13,-7,ploss=0|noise_power_dB=-30,0,-30,-97.3072222222,-10.6446333333,46.2570944444,2.6927777778,True,2.3553666667,False,1.04704596268,False,False,2,1,0.000671817265704
rsrp=-100|rsrq=-13|snr=-4,rsrp=-100|rsrq=-13,-100,-13,-4,ploss=0|noise_power_dB=-30,0,-30,-97.3072222222,-10.6446333333,46.2570944444,2.6927777778,True,2.3553666667,False,1.04704596268,False,False,2,1,0.000671817265704
rsrp=-100|rsrq=-13|snr=-2,rsrp=-100|rsrq=-13,-100,-13,-2,ploss=0|noise_power_dB=-30,0,-30,-97.3072222222,-10.6446333333,46.2570944444,2.6927777778,True,2.3553666667,False,1.04704596268,False,False,2,1,0.000671817265704
rsrp=-100|rsrq=-13|snr=0,rsrp=-100|rsrq=-13,-100,-13,0,ploss=0|noise_power_dB=-30,0,-30,-97.3072222222,-10.6446333333,46.2570944444,2.6927777778,True,2.3553666667,False,1.04704596268,False,False,2,1,0.000671817265704
rsrp=-100|rsrq=-13|snr=5,rsrp=-100|rsrq=-13,-100,-13,5,ploss=0|noise_power_dB=-30,0,-30,-97.3072222222,-10.6446333333,46.2570944444,2.6927777778,True,2.3553666667,False,1.04704596268,False,False,2,1,0.000671817265704
rsrp=-100|rsrq=-13|snr=6,rsrp=-100|rsrq=-13,-100,-13,6,ploss=0|noise_power_dB=-30,0,-30,-97.3072222222,-10.6446333333,46.2570944444,2.6927777778,True,2.3553666667,False,1.04704596268,False,False,2,1,0.000671817265704
rsrp=-100|rsrq=-13|snr=7,rsrp=-100|rsrq=-13,-100,-13,7,ploss=0|noise_power_dB=-30,0,-30,-97.3072222222,-10.6446333333,46.2570944444,2.6927777778,True,2.3553666667,False,1.04704596268,False,False,2,1,0.000671817265704
rsrp=-100|rsrq=-13|snr=10,rsrp=-100|rsrq=-13,-100,-13,10,ploss=0|noise_power_dB=-30,0,-30,-97.3072222222,-10.6446333333,46.2570944444,2.6927777778,True,2.3553666667,False,1.04704596268,False,False,2,1,0.000671817265704
rsrp=-100|rsrq=-13|snr=11,rsrp=-100|rsrq=-13,-100,-13,11,ploss=0|noise_power_dB=-30,0,-30,-97.3072222222,-10.6446333333,46.2570944444,2.6927777778,True,2.3553666667,False,1.04704596268,False,False,2,1,0.000671817265704
rsrp=-99|rsrq=-18|snr=-3,rsrp=-99|rsrq=-18,-99,-18,-3,ploss=0|noise_power_dB=-30,0,-30,-97.3072222222,-10.6446333333,46.2570944444,1.6927777778,True,7.3553666667,False,2.63094500247,False,False,2,1,0.000671817265704
rsrp=-99|rsrq=-17|snr=1,rsrp=-99|rsrq=-17,-99,-17,1,ploss=0|noise_power_dB=-30,0,-30,-97.3072222222,-10.6446333333,46.2570944444,1.6927777778,True,6.3553666667,False,2.28211085168,False,False,2,1,0.000671817265704
rsrp=-99|rsrq=-17|snr=3,rsrp=-99|rsrq=-17,-99,-17,3,ploss=0|noise_power_dB=-30,0,-30,-97.3072222222,-10.6446333333,46.2570944444,1.6927777778,True,6.3553666667,False,2.28211085168,False,False,2,1,0.000671817265704
rsrp=-99|rsrq=-17|snr=4,rsrp=-99|rsrq=-17,-99,-17,4,ploss=0|noise_power_dB=-30,0,-30,-97.3072222222,-10.6446333333,46.2570944444,1.6927777778,True,6.3553666667,False,2.28211085168,False,False,2,1,0.000671817265704
rsrp=-99|rsrq=-17|snr=6,rsrp=-99|rsrq=-17,-99,-17,6,ploss=0|noise_power_dB=-30,0,-30,-97.3072222222,-10.6446333333,46.2570944444,1.6927777778,True,6.3553666667,False,2.28211085168,False,False,2,1,0.000671817265704
rsrp=-99|rsrq=-16|snr=-3,rsrp=-99|rsrq=-16,-99,-16,-3,ploss=0|noise_power_dB=-30,0,-30,-97.3072222222,-10.6446333333,46.2570944444,1.6927777778,True,5.3553666667,False,1.93499050971,False,False,2,1,0.000671817265704
rsrp=-99|rsrq=-16|snr=-1,rsrp=-99|rsrq=-16,-99,-16,-1,ploss=0|noise_power_dB=-30,0,-30,-97.3072222222,-10.6446333333,46.2570944444,1.6927777778,True,5.3553666667,False,1.93499050971,False,False,2,1,0.000671817265704
rsrp=-99|rsrq=-16|snr=1,rsrp=-99|rsrq=-16,-99,-16,1,ploss=0|noise_power_dB=-30,0,-30,-97.3072222222,-10.6446333333,46.2570944444,1.6927777778,True,5.3553666667,False,1.93499050971,False,False,2,1,0.000671817265704
rsrp=-99|rsrq=-16|snr=2,rsrp=-99|rsrq=-16,-99,-16,2,ploss=0|noise_power_dB=-30,0,-30,-97.3072222222,-10.6446333333,46.2570944444,1.6927777778,True,5.3553666667,False,1.93499050971,False,False,2,1,0.000671817265704
rsrp=-99|rsrq=-16|snr=5,rsrp=-99|rsrq=-16,-99,-16,5,ploss=0|noise_power_dB=-30,0,-30,-97.3072222222,-10.6446333333,46.2570944444,1.6927777778,True,5.3553666667,False,1.93499050971,False,False,2,1,0.000671817265704
rsrp=-99|rsrq=-16|snr=7,rsrp=-99|rsrq=-16,-99,-16,7,ploss=0|noise_power_dB=-30,0,-30,-97.3072222222,-10.6446333333,46.2570944444,1.6927777778,True,5.3553666667,False,1.93499050971,False,False,2,1,0.000671817265704
rsrp=-99|rsrq=-16|snr=9,rsrp=-99|rsrq=-16,-99,-16,9,ploss=0|noise_power_dB=-30,0,-30,-97.3072222222,-10.6446333333,46.2570944444,1.6927777778,True,5.3553666667,False,1.93499050971,False,False,2,1,0.000671817265704
rsrp=-99|rsrq=-16|snr=13,rsrp=-99|rsrq=-16,-99,-16,13,ploss=0|noise_power_dB=-30,0,-30,-97.3072222222,-10.6446333333,46.2570944444,1.6927777778,True,5.3553666667,False,1.93499050971,False,False,2,1,0.000671817265704
rsrp=-99|rsrq=-15|snr=-4,rsrp=-99|rsrq=-15,-99,-15,-4,ploss=0|noise_power_dB=-30,0,-30,-97.3072222222,-10.6446333333,46.2570944444,1.6927777778,True,4.3553666667,False,1.59070632299,False,False,2,1,0.000671817265704
rsrp=-99|rsrq=-15|snr=2,rsrp=-99|rsrq=-15,-99,-15,2,ploss=0|noise_power_dB=-30,0,-30,-97.3072222222,-10.6446333333,46.2570944444,1.6927777778,True,4.3553666667,False,1.59070632299,False,False,2,1,0.000671817265704
rsrp=-99|rsrq=-15|snr=4,rsrp=-99|rsrq=-15,-99,-15,4,ploss=0|noise_power_dB=-30,0,-30,-97.3072222222,-10.6446333333,46.2570944444,1.6927777778,True,4.3553666667,False,1.59070632299,False,False,2,1,0.000671817265704
rsrp=-99|rsrq=-15|snr=7,rsrp=-99|rsrq=-15,-99,-15,7,ploss=0|noise_power_dB=-30,0,-30,-97.3072222222,-10.6446333333,46.2570944444,1.6927777778,True,4.3553666667,False,1.59070632299,False,False,2,1,0.000671817265704
rsrp=-99|rsrq=-15|snr=8,rsrp=-99|rsrq=-15,-99,-15,8,ploss=0|noise_power_dB=-30,0,-30,-97.3072222222,-10.6446333333,46.2570944444,1.6927777778,True,4.3553666667,False,1.59070632299,False,False,2,1,0.000671817265704
rsrp=-99|rsrq=-15|snr=9,rsrp=-99|rsrq=-15,-99,-15,9,ploss=0|noise_power_dB=-30,0,-30,-97.3072222222,-10.6446333333,46.2570944444,1.6927777778,True,4.3553666667,False,1.59070632299,False,False,2,1,0.000671817265704
rsrp=-99|rsrq=-14|snr=0,rsrp=-99|rsrq=-14,-99,-14,0,ploss=0|noise_power_dB=-30,0,-30,-97.3072222222,-10.6446333333,46.2570944444,1.6927777778,True,3.3553666667,False,1.25160095052,False,False,2,1,0.000671817265704
rsrp=-99|rsrq=-14|snr=3,rsrp=-99|rsrq=-14,-99,-14,3,ploss=0|noise_power_dB=-30,0,-30,-97.3072222222,-10.6446333333,46.2570944444,1.6927777778,True,3.3553666667,False,1.25160095052,False,False,2,1,0.000671817265704
rsrp=-99|rsrq=-14|snr=6,rsrp=-99|rsrq=-14,-99,-14,6,ploss=0|noise_power_dB=-30,0,-30,-97.3072222222,-10.6446333333,46.2570944444,1.6927777778,True,3.3553666667,False,1.25160095052,False,False,2,1,0.000671817265704
rsrp=-99|rsrq=-14|snr=7,rsrp=-99|rsrq=-14,-99,-14,7,ploss=0|noise_power_dB=-30,0,-30,-97.3072222222,-10.6446333333,46.2570944444,1.6927777778,True,3.3553666667,False,1.25160095052,False,False,2,1,0.000671817265704
rsrp=-99|rsrq=-14|snr=8,rsrp=-99|rsrq=-14,-99,-14,8,ploss=0|noise_power_dB=-30,0,-30,-97.3072222222,-10.6446333333,46.2570944444,1.6927777778,True,3.3553666667,False,1.25160095052,False,False,2,1,0.000671817265704
rsrp=-99|rsrq=-14|snr=9,rsrp=-99|rsrq=-14,-99,-14,9,ploss=0|noise_power_dB=-30,0,-30,-97.3072222222,-10.6446333333,46.2570944444,1.6927777778,True,3.3553666667,False,1.25160095052,False,False,2,1,0.000671817265704
rsrp=-99|rsrq=-14|snr=11,rsrp=-99|rsrq=-14,-99,-14,11,ploss=0|noise_power_dB=-30,0,-30,-97.3072222222,-10.6446333333,46.2570944444,1.6927777778,True,3.3553666667,False,1.25160095052,False,False,2,1,0.000671817265704
rsrp=-99|rsrq=-13|snr=6,rsrp=-99|rsrq=-13,-99,-13,6,ploss=0|noise_power_dB=-30,0,-30,-97.3072222222,-10.6446333333,46.2570944444,1.6927777778,True,2.3553666667,False,0.9233976785,False,False,2,1,0.000671817265704
rsrp=-99|rsrq=-13|snr=9,rsrp=-99|rsrq=-13,-99,-13,9,ploss=0|noise_power_dB=-30,0,-30,-97.3072222222,-10.6446333333,46.2570944444,1.6927777778,True,2.3553666667,False,0.9233976785,False,False,2,1,0.000671817265704
rsrp=-98|rsrq=-18|snr=2,rsrp=-98|rsrq=-18,-98,-18,2,ploss=0|noise_power_dB=-30,0,-30,-97.3072222222,-10.6446333333,46.2570944444,0.6927777778,True,7.3553666667,False,2.60563634106,False,False,2,1,0.000671817265704
rsrp=-98|rsrq=-17|snr=-2,rsrp=-98|rsrq=-17,-98,-17,-2,ploss=0|noise_power_dB=-30,0,-30,-97.3072222222,-10.6446333333,46.2570944444,0.6927777778,True,6.3553666667,False,2.25288683141,False,False,2,1,0.000671817265704
rsrp=-98|rsrq=-17|snr=-1,rsrp=-98|rsrq=-17,-98,-17,-1,ploss=0|noise_power_dB=-30,0,-30,-97.3072222222,-10.6446333333,46.2570944444,0.6927777778,True,6.3553666667,False,2.25288683141,False,False,2,1,0.000671817265704
rsrp=-98|rsrq=-17|snr=0,rsrp=-98|rsrq=-17,-98,-17,0,ploss=0|noise_power_dB=-30,0,-30,-97.3072222222,-10.6446333333,46.2570944444,0.6927777778,True,6.3553666667,False,2.25288683141,False,False,2,1,0.000671817265704
rsrp=-98|rsrq=-17|snr=2,rsrp=-98|rsrq=-17,-98,-17,2,ploss=0|noise_power_dB=-30,0,-30,-97.3072222222,-10.6446333333,46.2570944444,0.6927777778,True,6.3553666667,False,2.25288683141,False,False,2,1,0.000671817265704
rsrp=-98|rsrq=-17|snr=5,rsrp=-98|rsrq=-17,-98,-17,5,ploss=0|noise_power_dB=-30,0,-30,-97.3072222222,-10.6446333333,46.2570944444,0.6927777778,True,6.3553666667,False,2.25288683141,False,False,2,1,0.000671817265704
rsrp=-98|rsrq=-17|snr=6,rsrp=-98|rsrq=-17,-98,-17,6,ploss=0|noise_power_dB=-30,0,-30,-97.3072222222,-10.6446333333,46.2570944444,0.6927777778,True,6.3553666667,False,2.25288683141,False,False,2,1,0.000671817265704
rsrp=-98|rsrq=-16|snr=-2,rsrp=-98|rsrq=-16,-98,-16,-2,ploss=0|noise_power_dB=-30,0,-30,-97.3072222222,-10.6446333333,46.2570944444,0.6927777778,True,5.3553666667,False,1.90043611008,False,False,2,1,0.000671817265704
rsrp=-98|rsrq=-16|snr=-1,rsrp=-98|rsrq=-16,-98,-16,-1,ploss=0|noise_power_dB=-30,0,-30,-97.3072222222,-10.6446333333,46.2570944444,0.6927777778,True,5.3553666667,False,1.90043611008,False,False,2,1,0.000671817265704
rsrp=-98|rsrq=-16|snr=5,rsrp=-98|rsrq=-16,-98,-16,5,ploss=0|noise_power_dB=-30,0,-30,-97.3072222222,-10.6446333333,46.2570944444,0.6927777778,True,5.3553666667,False,1.90043611008,False,False,2,1,0.000671817265704
rsrp=-98|rsrq=-16|snr=7,rsrp=-98|rsrq=-16,-98,-16,7,ploss=0|noise_power_dB=-30,0,-30,-97.3072222222,-10.6446333333,46.2570944444,0.6927777778,True,5.3553666667,False,1.90043611008,False,False,2,1,0.000671817265704
rsrp=-98|rsrq=-16|snr=8,rsrp=-98|rsrq=-16,-98,-16,8,ploss=0|noise_power_dB=-30,0,-30,-97.3072222222,-10.6446333333,46.2570944444,0.6927777778,True,5.3553666667,False,1.90043611008,False,False,2,1,0.000671817265704
rsrp=-98|rsrq=-15|snr=-2,rsrp=-98|rsrq=-15,-98,-15,-2,ploss=0|noise_power_dB=-30,0,-30,-97.3072222222,-10.6446333333,46.2570944444,0.6927777778,True,4.3553666667,False,1.54848821171,False,False,2,1,0.000671817265704
rsrp=-98|rsrq=-15|snr=3,rsrp=-98|rsrq=-15,-98,-15,3,ploss=0|noise_power_dB=-30,0,-30,-97.3072222222,-10.6446333333,46.2570944444,0.6927777778,True,4.3553666667,False,1.54848821171,False,False,2,1,0.000671817265704
rsrp=-98|rsrq=-15|snr=8,rsrp=-98|rsrq=-15,-98,-15,8,ploss=0|noise_power_dB=-30,0,-30,-97.3072222222,-10.6446333333,46.2570944444,0.6927777778,True,4.3553666667,False,1.54848821171,False,False,2,1,0.000671817265704
rsrp=-98|rsrq=-15|snr=9,rsrp=-98|rsrq=-15,-98,-15,9,ploss=0|noise_power_dB=-30,0,-30,-97.3072222222,-10.6446333333,46.2570944444,0.6927777778,True,4.3553666667,False,1.54848821171,False,False,2,1,0.000671817265704
rsrp=-98|rsrq=-15|snr=11,rsrp=-98|rsrq=-15,-98,-15,11,ploss=0|noise_power_dB=-30,0,-30,-97.3072222222,-10.6446333333,46.2570944444,0.6927777778,True,4.3553666667,False,1.54848821171,False,False,2,1,0.000671817265704
rsrp=-98|rsrq=-14|snr=0,rsrp=-98|rsrq=-14,-98,-14,0,ploss=0|noise_power_dB=-30,0,-30,-97.3072222222,-10.6446333333,46.2570944444,0.6927777778,True,3.3553666667,False,1.19748656574,False,False,2,1,0.000671817265704
rsrp=-98|rsrq=-14|snr=9,rsrp=-98|rsrq=-14,-98,-14,9,ploss=0|noise_power_dB=-30,0,-30,-97.3072222222,-10.6446333333,46.2570944444,0.6927777778,True,3.3553666667,False,1.19748656574,False,False,2,1,0.000671817265704
rsrp=-98|rsrq=-14|snr=12,rsrp=-98|rsrq=-14,-98,-14,12,ploss=0|noise_power_dB=-30,0,-30,-97.3072222222,-10.6446333333,46.2570944444,0.6927777778,True,3.3553666667,False,1.19748656574,False,False,2,1,0.000671817265704
rsrp=-98|rsrq=-13|snr=-3,rsrp=-98|rsrq=-13,-98,-13,-3,ploss=0|noise_power_dB=-30,0,-30,-97.3072222222,-10.6446333333,46.2570944444,0.6927777778,True,2.3553666667,False,0.84860615627,False,False,2,1,0.000671817265704
rsrp=-98|rsrq=-13|snr=0,rsrp=-98|rsrq=-13,-98,-13,0,ploss=0|noise_power_dB=-30,0,-30,-97.3072222222,-10.6446333333,46.2570944444,0.6927777778,True,2.3553666667,False,0.84860615627,False,False,2,1,0.000671817265704
rsrp=-98|rsrq=-13|snr=3,rsrp=-98|rsrq=-13,-98,-13,3,ploss=0|noise_power_dB=-30,0,-30,-97.3072222222,-10.6446333333,46.2570944444,0.6927777778,True,2.3553666667,False,0.84860615627,False,False,2,1,0.000671817265704
rsrp=-98|rsrq=-13|snr=8,rsrp=-98|rsrq=-13,-98,-13,8,ploss=0|noise_power_dB=-30,0,-30,-97.3072222222,-10.6446333333,46.2570944444,0.6927777778,True,2.3553666667,False,0.84860615627,False,False,2,1,0.000671817265704
rsrp=-98|rsrq=-13|snr=12,rsrp=-98|rsrq=-13,-98,-13,12,ploss=0|noise_power_dB=-30,0,-30,-97.3072222222,-10.6446333333,46.2570944444,0.6927777778,True,2.3553666667,False,0.84860615627,False,False,2,1,0.000671817265704
rsrp=-98|rsrq=-13|snr=13,rsrp=-98|rsrq=-13,-98,-13,13,ploss=0|noise_power_dB=-30,0,-30,-97.3072222222,-10.6446333333,46.2570944444,0.6927777778,True,2.3553666667,False,0.84860615627,False,False,2,1,0.000671817265704
rsrp=-97|rsrq=-17|snr=5,rsrp=-97|rsrq=-17,-97,-17,5,ploss=0|noise_power_dB=-30,0,-30,-97.3072222222,-10.6446333333,46.2570944444,0.3072222222,True,6.3553666667,False,2.24812795945,False,False,2,1,0.000671817265704
rsrp=-97|rsrq=-16|snr=-3,rsrp=-97|rsrq=-16,-97,-16,-3,ploss=0|noise_power_dB=-30,0,-30,-97.3072222222,-10.6446333333,46.2570944444,0.3072222222,True,5.3553666667,False,1.89479224597,False,False,2,1,0.000671817265704
rsrp=-97|rsrq=-16|snr=0,rsrp=-97|rsrq=-16,-97,-16,0,ploss=0|noise_power_dB=-30,0,-30,-97.3072222222,-10.6446333333,46.2570944444,0.3072222222,True,5.3553666667,False,1.89479224597,False,False,2,1,0.000671817265704
rsrp=-97|rsrq=-16|snr=1,rsrp=-97|rsrq=-16,-97,-16,1,ploss=0|noise_power_dB=-30,0,-30,-97.3072222222,-10.6446333333,46.2570944444,0.3072222222,True,5.3553666667,False,1.89479224597,False,False,2,1,0.000671817265704
rsrp=-97|rsrq=-16|snr=9,rsrp=-97|rsrq=-16,-97,-16,9,ploss=0|noise_power_dB=-30,0,-30,-97.3072222222,-10.6446333333,46.2570944444,0.3072222222,True,5.3553666667,False,1.89479224597,False,False,2,1,0.000671817265704
rsrp=-97|rsrq=-16|snr=10,rsrp=-97|rsrq=-16,-97,-16,10,ploss=0|noise_power_dB=-30,0,-30,-97.3072222222,-10.6446333333,46.2570944444,0.3072222222,True,5.3553666667,False,1.89479224597,False,False,2,1,0.000671817265704
rsrp=-97|rsrq=-15|snr=-5,rsrp=-97|rsrq=-15,-97,-15,-5,ploss=0|noise_power_dB=-30,0,-30,-97.3072222222,-10.6446333333,46.2570944444,0.3072222222,True,4.3553666667,False,1.54155635276,False,False,2,1,0.000671817265704
rsrp=-97|rsrq=-15|snr=3,rsrp=-97|rsrq=-15,-97,-15,3,ploss=0|noise_power_dB=-30,0,-30,-97.3072222222,-10.6446333333,46.2570944444,0.3072222222,True,4.3553666667,False,1.54155635276,False,False,2,1,0.000671817265704
rsrp=-97|rsrq=-14|snr=0,rsrp=-97|rsrq=-14,-97,-14,0,ploss=0|noise_power_dB=-30,0,-30,-97.3072222222,-10.6446333333,46.2570944444,0.3072222222,True,3.3553666667,False,1.18850928564,False,False,2,1,0.000671817265704
rsrp=-97|rsrq=-14|snr=3,rsrp=-97|rsrq=-14,-97,-14,3,ploss=0|noise_power_dB=-30,0,-30,-97.3072222222,-10.6446333333,46.2570944444,0.3072222222,True,3.3553666667,False,1.18850928564,False,False,2,1,0.000671817265704
rsrp=-97|rsrq=-14|snr=9,rsrp=-97|rsrq=-14,-97,-14,9,ploss=0|noise_power_dB=-30,0,-30,-97.3072222222,-10.6446333333,46.2570944444,0.3072222222,True,3.3553666667,False,1.18850928564,False,False,2,1,0.000671817265704
rsrp=-97|rsrq=-13|snr=-4,rsrp=-97|rsrq=-13,-97,-13,-4,ploss=0|noise_power_dB=-30,0,-30,-97.3072222222,-10.6446333333,46.2570944444,0.3072222222,True,2.3553666667,False,0.835890336928,False,False,2,1,0.000671817265704
rsrp=-97|rsrq=-13|snr=-1,rsrp=-97|rsrq=-13,-97,-13,-1,ploss=0|noise_power_dB=-30,0,-30,-97.3072222222,-10.6446333333,46.2570944444,0.3072222222,True,2.3553666667,False,0.835890336928,False,False,2,1,0.000671817265704
rsrp=-97|rsrq=-13|snr=0,rsrp=-97|rsrq=-13,-97,-13,0,ploss=0|noise_power_dB=-30,0,-30,-97.3072222222,-10.6446333333,46.2570944444,0.3072222222,True,2.3553666667,False,0.835890336928,False,False,2,1,0.000671817265704
rsrp=-97|rsrq=-13|snr=3,rsrp=-97|rsrq=-13,-97,-13,3,ploss=0|noise_power_dB=-30,0,-30,-97.3072222222,-10.6446333333,46.2570944444,0.3072222222,True,2.3553666667,False,0.835890336928,False,False,2,1,0.000671817265704
rsrp=-97|rsrq=-13|snr=4,rsrp=-97|rsrq=-13,-97,-13,4,ploss=0|noise_power_dB=-30,0,-30,-97.3072222222,-10.6446333333,46.2570944444,0.3072222222,True,2.3553666667,False,0.835890336928,False,False,2,1,0.000671817265704
rsrp=-97|rsrq=-13|snr=8,rsrp=-97|rsrq=-13,-97,-13,8,ploss=0|noise_power_dB=-30,0,-30,-97.3072222222,-10.6446333333,46.2570944444,0.3072222222,True,2.3553666667,False,0.835890336928,False,False,2,1,0.000671817265704
rsrp=-96|rsrq=-17|snr=2,rsrp=-96|rsrq=-17,-96,-17,2,ploss=0|noise_power_dB=-30,0,-30,-97.3072222222,-10.6446333333,46.2570944444,1.3072222222,True,6.3553666667,False,2.26798824514,False,False,2,1,0.000671817265704
rsrp=-96|rsrq=-17|snr=8,rsrp=-96|rsrq=-17,-96,-17,8,ploss=0|noise_power_dB=-30,0,-30,-97.3072222222,-10.6446333333,46.2570944444,1.3072222222,True,6.3553666667,False,2.26798824514,False,False,2,1,0.000671817265704
rsrp=-96|rsrq=-16|snr=2,rsrp=-96|rsrq=-16,-96,-16,2,ploss=0|noise_power_dB=-30,0,-30,-97.3072222222,-10.6446333333,46.2570944444,1.3072222222,True,5.3553666667,False,1.91831410708,False,False,2,1,0.000671817265704
rsrp=-96|rsrq=-16|snr=3,rsrp=-96|rsrq=-16,-96,-16,3,ploss=0|noise_power_dB=-30,0,-30,-97.3072222222,-10.6446333333,46.2570944444,1.3072222222,True,5.3553666667,False,1.91831410708,False,False,2,1,0.000671817265704
rsrp=-96|rsrq=-16|snr=4,rsrp=-96|rsrq=-16,-96,-16,4,ploss=0|noise_power_dB=-30,0,-30,-97.3072222222,-10.6446333333,46.2570944444,1.3072222222,True,5.3553666667,False,1.91831410708,False,False,2,1,0.000671817265704
rsrp=-96|rsrq=-15|snr=-3,rsrp=-96|rsrq=-15,-96,-15,-3,ploss=0|noise_power_dB=-30,0,-30,-97.3072222222,-10.6446333333,46.2570944444,1.3072222222,True,4.3553666667,False,1.57037809038,False,False,2,1,0.000671817265704
rsrp=-96|rsrq=-15|snr=8,rsrp=-96|rsrq=-15,-96,-15,8,ploss=0|noise_power_dB=-30,0,-30,-97.3072222222,-10.6446333333,46.2570944444,1.3072222222,True,4.3553666667,False,1.57037809038,False,False,2,1,0.000671817265704
rsrp=-96|rsrq=-14|snr=-3,rsrp=-96|rsrq=-14,-96,-14,-3,ploss=0|noise_power_dB=-30,0,-30,-97.3072222222,-10.6446333333,46.2570944444,1.3072222222,True,3.3553666667,False,1.22566132356,False,False,2,1,0.000671817265704
rsrp=-96|rsrq=-14|snr=2,rsrp=-96|rsrq=-14,-96,-14,2,ploss=0|noise_power_dB=-30,0,-30,-97.3072222222,-10.6446333333,46.2570944444,1.3072222222,True,3.3553666667,False,1.22566132356,False,False,2,1,0.000671817265704
rsrp=-96|rsrq=-14|snr=4,rsrp=-96|rsrq=-14,-96,-14,4,ploss=0|noise_power_dB=-30,0,-30,-97.3072222222,-10.6446333333,46.2570944444,1.3072222222,True,3.3553666667,False,1.22566132356,False,False,2,1,0.000671817265704
rsrp=-96|rsrq=-14|snr=5,rsrp=-96|rsrq=-14,-96,-14,5,ploss=0|noise_power_dB=-30,0,-30,-97.3072222222,-10.6446333333,46.2570944444,1.3072222222,True,3.3553666667,False,1.22566132356,False,False,2,1,0.000671817265704
rsrp=-96|rsrq=-14|snr=12,rsrp=-96|rsrq=-14,-96,-14,12,ploss=0|noise_power_dB=-30,0,-30,-97.3072222222,-10.6446333333,46.2570944444,1.3072222222,True,3.3553666667,False,1.22566132356,False,False,2,1,0.000671817265704
rsrp=-96|rsrq=-13|snr=-3,rsrp=-96|rsrq=-13,-96,-13,-3,ploss=0|noise_power_dB=-30,0,-30,-97.3072222222,-10.6446333333,46.2570944444,1.3072222222,True,2.3553666667,False,0.887921175214,False,False,2,1,0.000671817265704
rsrp=-95|rsrq=-16|snr=2,rsrp=-95|rsrq=-16,-95,-16,2,ploss=0|noise_power_dB=-30,0,-30,-97.3072222222,-10.6446333333,46.2570944444,2.3072222222,True,5.3553666667,False,1.96995722861,False,False,2,1,0.000671817265704
rsrp=-95|rsrq=-16|snr=3,rsrp=-95|rsrq=-16,-95,-16,3,ploss=0|noise_power_dB=-30,0,-30,-97.3072222222,-10.6446333333,46.2570944444,2.3072222222,True,5.3553666667,False,1.96995722861,False,False,2,1,0.000671817265704
rsrp=-95|rsrq=-16|snr=9,rsrp=-95|rsrq=-16,-95,-16,9,ploss=0|noise_power_dB=-30,0,-30,-97.3072222222,-10.6446333333,46.2570944444,2.3072222222,True,5.3553666667,False,1.96995722861,False,False,2,1,0.000671817265704
rsrp=-95|rsrq=-15|snr=-6,rsrp=-95|rsrq=-15,-95,-15,-6,ploss=0|noise_power_dB=-30,0,-30,-97.3072222222,-10.6446333333,46.2570944444,2.3072222222,True,4.3553666667,False,1.63306148564,False,False,2,1,0.000671817265704
rsrp=-95|rsrq=-15|snr=-5,rsrp=-95|rsrq=-15,-95,-15,-5,ploss=0|noise_power_dB=-30,0,-30,-97.3072222222,-10.6446333333,46.2570944444,2.3072222222,True,4.3553666667,False,1.63306148564,False,False,2,1,0.000671817265704
rsrp=-95|rsrq=-15|snr=-2,rsrp=-95|rsrq=-15,-95,-15,-2,ploss=0|noise_power_dB=-30,0,-30,-97.3072222222,-10.6446333333,46.2570944444,2.3072222222,True,4.3553666667,False,1.63306148564,False,False,2,1,0.000671817265704
rsrp=-95|rsrq=-15|snr=11,rsrp=-95|rsrq=-15,-95,-15,11,ploss=0|noise_power_dB=-30,0,-30,-97.3072222222,-10.6446333333,46.2570944444,2.3072222222,True,4.3553666667,False,1.63306148564,False,False,2,1,0.000671817265704
rsrp=-95|rsrq=-14|snr=-3,rsrp=-95|rsrq=-14,-95,-14,-3,ploss=0|noise_power_dB=-30,0,-30,-97.3072222222,-10.6446333333,46.2570944444,2.3072222222,True,3.3553666667,False,1.3050088694,False,False,2,1,0.000671817265704
rsrp=-95|rsrq=-14|snr=0,rsrp=-95|rsrq=-14,-95,-14,0,ploss=0|noise_power_dB=-30,0,-30,-97.3072222222,-10.6446333333,46.2570944444,2.3072222222,True,3.3553666667,False,1.3050088694,False,False,2,1,0.000671817265704
rsrp=-95|rsrq=-14|snr=2,rsrp=-95|rsrq=-14,-95,-14,2,ploss=0|noise_power_dB=-30,0,-30,-97.3072222222,-10.6446333333,46.2570944444,2.3072222222,True,3.3553666667,False,1.3050088694,False,False,2,1,0.000671817265704
rsrp=-95|rsrq=-14|snr=3,rsrp=-95|rsrq=-14,-95,-14,3,ploss=0|noise_power_dB=-30,0,-30,-97.3072222222,-10.6446333333,46.2570944444,2.3072222222,True,3.3553666667,False,1.3050088694,False,False,2,1,0.000671817265704
rsrp=-94|rsrq=-19|snr=-10,rsrp=-94|rsrq=-19,-94,-19,-10,ploss=0|noise_power_dB=-30,0,-30,-97.3072222222,-10.6446333333,46.2570944444,3.3072222222,False,8.3553666667,False,3.05518740224,False,False,2,1,0.000671817265704
rsrp=-94|rsrq=-17|snr=0,rsrp=-94|rsrq=-17,-94,-17,0,ploss=0|noise_power_dB=-30,0,-30,-97.3072222222,-10.6446333333,46.2570944444,3.3072222222,False,6.3553666667,False,2.37833696718,False,False,2,1,0.000671817265704
rsrp=-94|rsrq=-17|snr=3,rsrp=-94|rsrq=-17,-94,-17,3,ploss=0|noise_power_dB=-30,0,-30,-97.3072222222,-10.6446333333,46.2570944444,3.3072222222,False,6.3553666667,False,2.37833696718,False,False,2,1,0.000671817265704
rsrp=-94|rsrq=-16|snr=-8,rsrp=-94|rsrq=-16,-94,-16,-8,ploss=0|noise_power_dB=-30,0,-30,-97.3072222222,-10.6446333333,46.2570944444,3.3072222222,False,5.3553666667,False,2.04759494598,False,False,2,1,0.000671817265704
rsrp=-94|rsrq=-16|snr=-2,rsrp=-94|rsrq=-16,-94,-16,-2,ploss=0|noise_power_dB=-30,0,-30,-97.3072222222,-10.6446333333,46.2570944444,3.3072222222,False,5.3553666667,False,2.04759494598,False,False,2,1,0.000671817265704
rsrp=-94|rsrq=-16|snr=1,rsrp=-94|rsrq=-16,-94,-16,1,ploss=0|noise_power_dB=-30,0,-30,-97.3072222222,-10.6446333333,46.2570944444,3.3072222222,False,5.3553666667,False,2.04759494598,False,False,2,1,0.000671817265704
rsrp=-94|rsrq=-16|snr=4,rsrp=-94|rsrq=-16,-94,-16,4,ploss=0|noise_power_dB=-30,0,-30,-97.3072222222,-10.6446333333,46.2570944444,3.3072222222,False,5.3553666667,False,2.04759494598,False,False,2,1,0.000671817265704
rsrp=-94|rsrq=-16|snr=6,rsrp=-94|rsrq=-16,-94,-16,6,ploss=0|noise_power_dB=-30,0,-30,-97.3072222222,-10.6446333333,46.2570944444,3.3072222222,False,5.3553666667,False,2.04759494598,False,False,2,1,0.000671817265704
rsrp=-94|rsrq=-15|snr=-2,rsrp=-94|rsrq=-15,-94,-15,-2,ploss=0|noise_power_dB=-30,0,-30,-97.3072222222,-10.6446333333,46.2570944444,3.3072222222,False,4.3553666667,False,1.72592102836,False,False,2,1,0.000671817265704
rsrp=-94|rsrq=-15|snr=1,rsrp=-94|rsrq=-15,-94,-15,1,ploss=0|noise_power_dB=-30,0,-30,-97.3072222222,-10.6446333333,46.2570944444,3.3072222222,False,4.3553666667,False,1.72592102836,False,False,2,1,0.000671817265704
rsrp=-94|rsrq=-15|snr=3,rsrp=-94|rsrq=-15,-94,-15,3,ploss=0|noise_power_dB=-30,0,-30,-97.3072222222,-10.6446333333,46.2570944444,3.3072222222,False,4.3553666667,False,1.72592102836,False,False,2,1,0.000671817265704
rsrp=-94|rsrq=-15|snr=5,rsrp=-94|rsrq=-15,-94,-15,5,ploss=0|noise_power_dB=-30,0,-30,-97.3072222222,-10.6446333333,46.2570944444,3.3072222222,False,4.3553666667,False,1.72592102836,False,False,2,1,0.000671817265704
rsrp=-94|rsrq=-14|snr=-3,rsrp=-94|rsrq=-14,-94,-14,-3,ploss=0|noise_power_dB=-30,0,-30,-97.3072222222,-10.6446333333,46.2570944444,3.3072222222,False,3.3553666667,False,1.41949347637,False,False,2,1,0.000671817265704
rsrp=-94|rsrq=-14|snr=-1,rsrp=-94|rsrq=-14,-94,-14,-1,ploss=0|noise_power_dB=-30,0,-30,-97.3072222222,-10.6446333333,46.2570944444,3.3072222222,False,3.3553666667,False,1.41949347637,False,False,2,1,0.000671817265704
rsrp=-94|rsrq=-14|snr=1,rsrp=-94|rsrq=-14,-94,-14,1,ploss=0|noise_power_dB=-30,0,-30,-97.3072222222,-10.6446333333,46.2570944444,3.3072222222,False,3.3553666667,False,1.41949347637,False,False,2,1,0.000671817265704
rsrp=-94|rsrq=-13|snr=-7,rsrp=-94|rsrq=-13,-94,-13,-7,ploss=0|noise_power_dB=-30,0,-30,-97.3072222222,-10.6446333333,46.2570944444,3.3072222222,False,2.3553666667,False,1.14066649936,False,False,2,1,0.000671817265704
rsrp=-94|rsrq=-13|snr=-2,rsrp=-94|rsrq=-13,-94,-13,-2,ploss=0|noise_power_dB=-30,0,-30,-97.3072222222,-10.6446333333,46.2570944444,3.3072222222,False,2.3553666667,False,1.14066649936,False,False,2,1,0.000671817265704
rsrp=-94|rsrq=-13|snr=1,rsrp=-94|rsrq=-13,-94,-13,1,ploss=0|noise_power_dB=-30,0,-30,-97.3072222222,-10.6446333333,46.2570944444,3.3072222222,False,2.3553666667,False,1.14066649936,False,False,2,1,0.000671817265704
rsrp=-94|rsrq=-13|snr=2,rsrp=-94|rsrq=-13,-94,-13,2,ploss=0|noise_power_dB=-30,0,-30,-97.3072222222,-10.6446333333,46.2570944444,3.3072222222,False,2.3553666667,False,1.14066649936,False,False,2,1,0.000671817265704
rsrp=-94|rsrq=-12|snr=-2,rsrp=-94|rsrq=-12,-94,-12,-2,ploss=0|noise_power_dB=-30,0,-30,-97.3072222222,-10.6446333333,46.2570944444,3.3072222222,False,1.3553666667,True,0.915029177729,False,False,2,1,0.000671817265704
rsrp=-94|rsrq=-12|snr=1,rsrp=-94|rsrq=-12,-94,-12,1,ploss=0|noise_power_dB=-30,0,-30,-97.3072222222,-10.6446333333,46.2570944444,3.3072222222,False,1.3553666667,True,0.915029177729,False,False,2,1,0.000671817265704
rsrp=-94|rsrq=-11|snr=-1,rsrp=-94|rsrq=-11,-94,-11,-1,ploss=0|noise_power_dB=-30,0,-30,-97.3072222222,-10.6446333333,46.2570944444,3.3072222222,False,0.3553666667,True,0.7895800969,False,False,2,1,0.000671817265704
rsrp=-94|rsrq=-11|snr=7,rsrp=-94|rsrq=-11,-94,-11,7,ploss=0|noise_power_dB=-30,0,-30,-97.3072222222,-10.6446333333,46.2570944444,3.3072222222,False,0.3553666667,True,0.7895800969,False,False,2,1,0.000671817265704
rsrp=-94|rsrq=-10|snr=10,rsrp=-94|rsrq=-10,-94,-10,10,ploss=0|noise_power_dB=-30,0,-30,-97.3072222222,-10.6446333333,46.2570944444,3.3072222222,False,0.6446333333,True,0.812154580573,False,False,2,1,0.000671817265704
rsrp=-94|rsrq=-9|snr=6,rsrp=-94|rsrq=-9,-94,-9,6,ploss=0|noise_power_dB=-30,0,-30,-97.3072222222,-10.6446333333,46.2570944444,3.3072222222,False,1.6446333333,True,0.972498532683,False,False,2,1,0.000671817265704
rsrp=-93|rsrq=-17|snr=-10,rsrp=-93|rsrq=-17,-93,-17,-10,ploss=0|noise_power_dB=-30,0,-30,-97.3072222222,-10.6446333333,46.2570944444,4.3072222222,False,6.3553666667,False,2.46566652669,False,False,2,1,0.000671817265704
rsrp=-93|rsrq=-17|snr=-1,rsrp=-93|rsrq=-17,-93,-17,-1,ploss=0|noise_power_dB=-30,0,-30,-97.3072222222,-10.6446333333,46.2570944444,4.3072222222,False,6.3553666667,False,2.46566652669,False,False,2,1,0.000671817265704
rsrp=-93|rsrq=-17|snr=3,rsrp=-93|rsrq=-17,-93,-17,3,ploss=0|noise_power_dB=-30,0,-30,-97.3072222222,-10.6446333333,46.2570944444,4.3072222222,False,6.3553666667,False,2.46566652669,False,False,2,1,0.000671817265704
rsrp=-93|rsrq=-16|snr=-5,rsrp=-93|rsrq=-16,-93,-16,-5,ploss=0|noise_power_dB=-30,0,-30,-97.3072222222,-10.6446333333,46.2570944444,4.3072222222,False,5.3553666667,False,2.14841098353,False,False,2,1,0.000671817265704
rsrp=-93|rsrq=-16|snr=-4,rsrp=-93|rsrq=-16,-93,-16,-4,ploss=0|noise_power_dB=-30,0,-30,-97.3072222222,-10.6446333333,46.2570944444,4.3072222222,False,5.3553666667,False,2.14841098353,False,False,2,1,0.000671817265704
rsrp=-93|rsrq=-16|snr=-2,rsrp=-93|rsrq=-16,-93,-16,-2,ploss=0|noise_power_dB=-30,0,-30,-97.3072222222,-10.6446333333,46.2570944444,4.3072222222,False,5.3553666667,False,2.14841098353,False,False,2,1,0.000671817265704
rsrp=-93|rsrq=-16|snr=-1,rsrp=-93|rsrq=-16,-93,-16,-1,ploss=0|noise_power_dB=-30,0,-30,-97.3072222222,-10.6446333333,46.2570944444,4.3072222222,False,5.3553666667,False,2.14841098353,False,False,2,1,0.000671817265704
rsrp=-93|rsrq=-16|snr=0,rsrp=-93|rsrq=-16,-93,-16,0,ploss=0|noise_power_dB=-30,0,-30,-97.3072222222,-10.6446333333,46.2570944444,4.3072222222,False,5.3553666667,False,2.14841098353,False,False,2,1,0.000671817265704
rsrp=-93|rsrq=-16|snr=1,rsrp=-93|rsrq=-16,-93,-16,1,ploss=0|noise_power_dB=-30,0,-30,-97.3072222222,-10.6446333333,46.2570944444,4.3072222222,False,5.3553666667,False,2.14841098353,False,False,2,1,0.000671817265704
rsrp=-93|rsrq=-15|snr=-10,rsrp=-93|rsrq=-15,-93,-15,-10,ploss=0|noise_power_dB=-30,0,-30,-97.3072222222,-10.6446333333,46.2570944444,4.3072222222,False,4.3553666667,False,1.84440453466,False,False,2,1,0.000671817265704
rsrp=-93|rsrq=-15|snr=-9,rsrp=-93|rsrq=-15,-93,-15,-9,ploss=0|noise_power_dB=-30,0,-30,-97.3072222222,-10.6446333333,46.2570944444,4.3072222222,False,4.3553666667,False,1.84440453466,False,False,2,1,0.000671817265704
rsrp=-93|rsrq=-15|snr=-8,rsrp=-93|rsrq=-15,-93,-15,-8,ploss=0|noise_power_dB=-30,0,-30,-97.3072222222,-10.6446333333,46.2570944444,4.3072222222,False,4.3553666667,False,1.84440453466,False,False,2,1,0.000671817265704
rsrp=-93|rsrq=-15|snr=-1,rsrp=-93|rsrq=-15,-93,-15,-1,ploss=0|noise_power_dB=-30,0,-30,-97.3072222222,-10.6446333333,46.2570944444,4.3072222222,False,4.3553666667,False,1.84440453466,False,False,2,1,0.000671817265704
rsrp=-93|rsrq=-15|snr=0,rsrp=-93|rsrq=-15,-93,-15,0,ploss=0|noise_power_dB=-30,0,-30,-97.3072222222,-10.6446333333,46.2570944444,4.3072222222,False,4.3553666667,False,1.84440453466,False,False,2,1,0.000671817265704
rsrp=-93|rsrq=-15|snr=1,rsrp=-93|rsrq=-15,-93,-15,1,ploss=0|noise_power_dB=-30,0,-30,-97.3072222222,-10.6446333333,46.2570944444,4.3072222222,False,4.3553666667,False,1.84440453466,False,False,2,1,0.000671817265704
rsrp=-93|rsrq=-15|snr=3,rsrp=-93|rsrq=-15,-93,-15,3,ploss=0|noise_power_dB=-30,0,-30,-97.3072222222,-10.6446333333,46.2570944444,4.3072222222,False,4.3553666667,False,1.84440453466,False,False,2,1,0.000671817265704
rsrp=-93|rsrq=-14|snr=-4,rsrp=-93|rsrq=-14,-93,-14,-4,ploss=0|noise_power_dB=-30,0,-30,-97.3072222222,-10.6446333333,46.2570944444,4.3072222222,False,3.3553666667,False,1.56140527116,False,False,2,1,0.000671817265704
rsrp=-93|rsrq=-14|snr=-3,rsrp=-93|rsrq=-14,-93,-14,-3,ploss=0|noise_power_dB=-30,0,-30,-97.3072222222,-10.6446333333,46.2570944444,4.3072222222,False,3.3553666667,False,1.56140527116,False,False,2,1,0.000671817265704
rsrp=-93|rsrq=-14|snr=1,rsrp=-93|rsrq=-14,-93,-14,1,ploss=0|noise_power_dB=-30,0,-30,-97.3072222222,-10.6446333333,46.2570944444,4.3072222222,False,3.3553666667,False,1.56140527116,False,False,2,1,0.000671817265704
rsrp=-93|rsrq=-13|snr=-2,rsrp=-93|rsrq=-13,-93,-13,-2,ploss=0|noise_power_dB=-30,0,-30,-97.3072222222,-10.6446333333,46.2570944444,4.3072222222,False,2.3553666667,False,1.31306692675,False,False,2,1,0.000671817265704
rsrp=-93|rsrq=-13|snr=-1,rsrp=-93|rsrq=-13,-93,-13,-1,ploss=0|noise_power_dB=-30,0,-30,-97.3072222222,-10.6446333333,46.2570944444,4.3072222222,False,2.3553666667,False,1.31306692675,False,False,2,1,0.000671817265704
rsrp=-93|rsrq=-13|snr=0,rsrp=-93|rsrq=-13,-93,-13,0,ploss=0|noise_power_dB=-30,0,-30,-97.3072222222,-10.6446333333,46.2570944444,4.3072222222,False,2.3553666667,False,1.31306692675,False,False,2,1,0.000671817265704
rsrp=-93|rsrq=-13|snr=1,rsrp=-93|rsrq=-13,-93,-13,1,ploss=0|noise_power_dB=-30,0,-30,-97.3072222222,-10.6446333333,46.2570944444,4.3072222222,False,2.3553666667,False,1.31306692675,False,False,2,1,0.000671817265704
rsrp=-93|rsrq=-12|snr=-10,rsrp=-93|rsrq=-12,-93,-12,-10,ploss=0|noise_power_dB=-30,0,-30,-97.3072222222,-10.6446333333,46.2570944444,4.3072222222,False,1.3553666667,True,1.1226322138,False,False,2,1,0.000671817265704
rsrp=-93|rsrq=-12|snr=-4,rsrp=-93|rsrq=-12,-93,-12,-4,ploss=0|noise_power_dB=-30,0,-30,-97.3072222222,-10.6446333333,46.2570944444,4.3072222222,False,1.3553666667,True,1.1226322138,False,False,2,1,0.000671817265704
rsrp=-93|rsrq=-12|snr=-2,rsrp=-93|rsrq=-12,-93,-12,-2,ploss=0|noise_power_dB=-30,0,-30,-97.3072222222,-10.6446333333,46.2570944444,4.3072222222,False,1.3553666667,True,1.1226322138,False,False,2,1,0.000671817265704
rsrp=-93|rsrq=-12|snr=-1,rsrp=-93|rsrq=-12,-93,-12,-1,ploss=0|noise_power_dB=-30,0,-30,-97.3072222222,-10.6446333333,46.2570944444,4.3072222222,False,1.3553666667,True,1.1226322138,False,False,2,1,0.000671817265704
rsrp=-93|rsrq=-12|snr=0,rsrp=-93|rsrq=-12,-93,-12,0,ploss=0|noise_power_dB=-30,0,-30,-97.3072222222,-10.6446333333,46.2570944444,4.3072222222,False,1.3553666667,True,1.1226322138,False,False,2,1,0.000671817265704
rsrp=-93|rsrq=-12|snr=2,rsrp=-93|rsrq=-12,-93,-12,2,ploss=0|noise_power_dB=-30,0,-30,-97.3072222222,-10.6446333333,46.2570944444,4.3072222222,False,1.3553666667,True,1.1226322138,False,False,2,1,0.000671817265704
rsrp=-93|rsrq=-12|snr=5,rsrp=-93|rsrq=-12,-93,-12,5,ploss=0|noise_power_dB=-30,0,-30,-97.3072222222,-10.6446333333,46.2570944444,4.3072222222,False,1.3553666667,True,1.1226322138,False,False,2,1,0.000671817265704
rsrp=-93|rsrq=-11|snr=2,rsrp=-93|rsrq=-11,-93,-11,2,ploss=0|noise_power_dB=-30,0,-30,-97.3072222222,-10.6446333333,46.2570944444,4.3072222222,False,0.3553666667,True,1.02296696954,False,False,2,1,0.000671817265704
rsrp=-92|rsrq=-18|snr=-1,rsrp=-92|rsrq=-18,-92,-18,-1,ploss=0|noise_power_dB=-30,0,-30,-97.3072222222,-10.6446333333,46.2570944444,5.3072222222,False,7.3553666667,False,2.88573888111,False,False,2,1,0.000671817265704
rsrp=-92|rsrq=-18|snr=4,rsrp=-92|rsrq=-18,-92,-18,4,ploss=0|noise_power_dB=-30,0,-30,-97.3072222222,-10.6446333333,46.2570944444,5.3072222222,False,7.3553666667,False,2.88573888111,False,False,2,1,0.000671817265704
rsrp=-92|rsrq=-17|snr=-10,rsrp=-92|rsrq=-17,-92,-17,-10,ploss=0|noise_power_dB=-30,0,-30,-97.3072222222,-10.6446333333,46.2570944444,5.3072222222,False,6.3553666667,False,2.57170123134,False,False,2,1,0.000671817265704
rsrp=-92|rsrq=-16|snr=-11,rsrp=-92|rsrq=-16,-92,-16,-11,ploss=0|noise_power_dB=-30,0,-30,-97.3072222222,-10.6446333333,46.2570944444,5.3072222222,False,5.3553666667,False,2.26931830218,False,False,2,1,0.000671817265704
rsrp=-92|rsrq=-16|snr=-7,rsrp=-92|rsrq=-16,-92,-16,-7,ploss=0|noise_power_dB=-30,0,-30,-97.3072222222,-10.6446333333,46.2570944444,5.3072222222,False,5.3553666667,False,2.26931830218,False,False,2,1,0.000671817265704
rsrp=-92|rsrq=-16|snr=-5,rsrp=-92|rsrq=-16,-92,-16,-5,ploss=0|noise_power_dB=-30,0,-30,-97.3072222222,-10.6446333333,46.2570944444,5.3072222222,False,5.3553666667,False,2.26931830218,False,False,2,1,0.000671817265704
rsrp=-92|rsrq=-16|snr=-4,rsrp=-92|rsrq=-16,-92,-16,-4,ploss=0|noise_power_dB=-30,0,-30,-97.3072222222,-10.6446333333,46.2570944444,5.3072222222,False,5.3553666667,False,2.26931830218,False,False,2,1,0.000671817265704
rsrp=-92|rsrq=-16|snr=-3,rsrp=-92|rsrq=-16,-92,-16,-3,ploss=0|noise_power_dB=-30,0,-30,-97.3072222222,-10.6446333333,46.2570944444,5.3072222222,False,5.3553666667,False,2.26931830218,False,False,2,1,0.000671817265704
rsrp=-92|rsrq=-16|snr=-1,rsrp=-92|rsrq=-16,-92,-16,-1,ploss=0|noise_power_dB=-30,0,-30,-97.3072222222,-10.6446333333,46.2570944444,5.3072222222,False,5.3553666667,False,2.26931830218,False,False,2,1,0.000671817265704
rsrp=-92|rsrq=-16|snr=1,rsrp=-92|rsrq=-16,-92,-16,1,ploss=0|noise_power_dB=-30,0,-30,-97.3072222222,-10.6446333333,46.2570944444,5.3072222222,False,5.3553666667,False,2.26931830218,False,False,2,1,0.000671817265704
rsrp=-92|rsrq=-15|snr=-11,rsrp=-92|rsrq=-15,-92,-15,-11,ploss=0|noise_power_dB=-30,0,-30,-97.3072222222,-10.6446333333,46.2570944444,5.3072222222,False,4.3553666667,False,1.98392638219,False,False,2,1,0.000671817265704
rsrp=-92|rsrq=-15|snr=-2,rsrp=-92|rsrq=-15,-92,-15,-2,ploss=0|noise_power_dB=-30,0,-30,-97.3072222222,-10.6446333333,46.2570944444,5.3072222222,False,4.3553666667,False,1.98392638219,False,False,2,1,0.000671817265704
rsrp=-92|rsrq=-15|snr=-1,rsrp=-92|rsrq=-15,-92,-15,-1,ploss=0|noise_power_dB=-30,0,-30,-97.3072222222,-10.6446333333,46.2570944444,5.3072222222,False,4.3553666667,False,1.98392638219,False,False,2,1,0.000671817265704
rsrp=-92|rsrq=-15|snr=1,rsrp=-92|rsrq=-15,-92,-15,1,ploss=0|noise_power_dB=-30,0,-30,-97.3072222222,-10.6446333333,46.2570944444,5.3072222222,False,4.3553666667,False,1.98392638219,False,False,2,1,0.000671817265704
rsrp=-92|rsrq=-15|snr=2,rsrp=-92|rsrq=-15,-92,-15,2,ploss=0|noise_power_dB=-30,0,-30,-97.3072222222,-10.6446333333,46.2570944444,5.3072222222,False,4.3553666667,False,1.98392638219,False,False,2,1,0.000671817265704
rsrp=-92|rsrq=-14|snr=-5,rsrp=-92|rsrq=-14,-92,-14,-5,ploss=0|noise_power_dB=-30,0,-30,-97.3072222222,-10.6446333333,46.2570944444,5.3072222222,False,3.3553666667,False,1.72398440343,False,False,2,1,0.000671817265704
rsrp=-92|rsrq=-14|snr=-3,rsrp=-92|rsrq=-14,-92,-14,-3,ploss=0|noise_power_dB=-30,0,-30,-97.3072222222,-10.6446333333,46.2570944444,5.3072222222,False,3.3553666667,False,1.72398440343,False,False,2,1,0.000671817265704
rsrp=-92|rsrq=-14|snr=-2,rsrp=-92|rsrq=-14,-92,-14,-2,ploss=0|noise_power_dB=-30,0,-30,-97.3072222222,-10.6446333333,46.2570944444,5.3072222222,False,3.3553666667,False,1.72398440343,False,False,2,1,0.000671817265704
rsrp=-92|rsrq=-14|snr=0,rsrp=-92|rsrq=-14,-92,-14,0,ploss=0|noise_power_dB=-30,0,-30,-97.3072222222,-10.6446333333,46.2570944444,5.3072222222,False,3.3553666667,False,1.72398440343,False,False,2,1,0.000671817265704
rsrp=-92|rsrq=-14|snr=1,rsrp=-92|rsrq=-14,-92,-14,1,ploss=0|noise_power_dB=-30,0,-30,-97.3072222222,-10.6446333333,46.2570944444,5.3072222222,False,3.3553666667,False,1.72398440343,False,False,2,1,0.000671817265704
rsrp=-92|rsrq=-14|snr=3,rsrp=-92|rsrq=-14,-92,-14,3,ploss=0|noise_power_dB=-30,0,-30,-97.3072222222,-10.6446333333,46.2570944444,5.3072222222,False,3.3553666667,False,1.72398440343,False,False,2,1,0.000671817265704
rsrp=-92|rsrq=-13|snr=-5,rsrp=-92|rsrq=-13,-92,-13,-5,ploss=0|noise_power_dB=-30,0,-30,-97.3072222222,-10.6446333333,46.2570944444,5.3072222222,False,2.3553666667,False,1.50275765065,False,False,2,1,0.000671817265704
rsrp=-92|rsrq=-13|snr=-2,rsrp=-92|rsrq=-13,-92,-13,-2,ploss=0|noise_power_dB=-30,0,-30,-97.3072222222,-10.6446333333,46.2570944444,5.3072222222,False,2.3553666667,False,1.50275765065,False,False,2,1,0.000671817265704
rsrp=-92|rsrq=-13|snr=-1,rsrp=-92|rsrq=-13,-92,-13,-1,ploss=0|noise_power_dB=-30,0,-30,-97.3072222222,-10.6446333333,46.2570944444,5.3072222222,False,2.3553666667,False,1.50275765065,False,False,2,1,0.000671817265704
rsrp=-92|rsrq=-13|snr=3,rsrp=-92|rsrq=-13,-92,-13,3,ploss=0|noise_power_dB=-30,0,-30,-97.3072222222,-10.6446333333,46.2570944444,5.3072222222,False,2.3553666667,False,1.50275765065,False,False,2,1,0.000671817265704
rsrp=-92|rsrq=-13|snr=4,rsrp=-92|rsrq=-13,-92,-13,4,ploss=0|noise_power_dB=-30,0,-30,-97.3072222222,-10.6446333333,46.2570944444,5.3072222222,False,2.3553666667,False,1.50275765065,False,False,2,1,0.000671817265704
rsrp=-92|rsrq=-12|snr=-11,rsrp=-92|rsrq=-12,-92,-12,-11,ploss=0|noise_power_dB=-30,0,-30,-97.3072222222,-10.6446333333,46.2570944444,5.3072222222,False,1.3553666667,True,1.33956667991,False,False,2,1,0.000671817265704
rsrp=-92|rsrq=-12|snr=-9,rsrp=-92|rsrq=-12,-92,-12,-9,ploss=0|noise_power_dB=-30,0,-30,-97.3072222222,-10.6446333333,46.2570944444,5.3072222222,False,1.3553666667,True,1.33956667991,False,False,2,1,0.000671817265704
rsrp=-92|rsrq=-12|snr=-4,rsrp=-92|rsrq=-12,-92,-12,-4,ploss=0|noise_power_dB=-30,0,-30,-97.3072222222,-10.6446333333,46.2570944444,5.3072222222,False,1.3553666667,True,1.33956667991,False,False,2,1,0.000671817265704
rsrp=-92|rsrq=-12|snr=-2,rsrp=-92|rsrq=-12,-92,-12,-2,ploss=0|noise_power_dB=-30,0,-30,-97.3072222222,-10.6446333333,46.2570944444,5.3072222222,False,1.3553666667,True,1.33956667991,False,False,2,1,0.000671817265704
rsrp=-92|rsrq=-12|snr=-1,rsrp=-92|rsrq=-12,-92,-12,-1,ploss=0|noise_power_dB=-30,0,-30,-97.3072222222,-10.6446333333,46.2570944444,5.3072222222,False,1.3553666667,True,1.33956667991,False,False,2,1,0.000671817265704
rsrp=-92|rsrq=-12|snr=0,rsrp=-92|rsrq=-12,-92,-12,0,ploss=0|noise_power_dB=-30,0,-30,-97.3072222222,-10.6446333333,46.2570944444,5.3072222222,False,1.3553666667,True,1.33956667991,False,False,2,1,0.000671817265704
rsrp=-92|rsrq=-12|snr=2,rsrp=-92|rsrq=-12,-92,-12,2,ploss=0|noise_power_dB=-30,0,-30,-97.3072222222,-10.6446333333,46.2570944444,5.3072222222,False,1.3553666667,True,1.33956667991,False,False,2,1,0.000671817265704
rsrp=-92|rsrq=-11|snr=0,rsrp=-92|rsrq=-11,-92,-11,0,ploss=0|noise_power_dB=-30,0,-30,-97.3072222222,-10.6446333333,46.2570944444,5.3072222222,False,0.3553666667,True,1.2572180492,False,False,2,1,0.000671817265704
rsrp=-92|rsrq=-11|snr=2,rsrp=-92|rsrq=-11,-92,-11,2,ploss=0|noise_power_dB=-30,0,-30,-97.3072222222,-10.6446333333,46.2570944444,5.3072222222,False,0.3553666667,True,1.2572180492,False,False,2,1,0.000671817265704
rsrp=-92|rsrq=-11|snr=4,rsrp=-92|rsrq=-11,-92,-11,4,ploss=0|noise_power_dB=-30,0,-30,-97.3072222222,-10.6446333333,46.2570944444,5.3072222222,False,0.3553666667,True,1.2572180492,False,False,2,1,0.000671817265704
rsrp=-91|rsrq=-18|snr=-12,rsrp=-91|rsrq=-18,-91,-18,-12,ploss=0|noise_power_dB=-30,0,-30,-97.3072222222,-10.6446333333,46.2570944444,6.3072222222,False,7.3553666667,False,2.99545252066,False,False,2,1,0.000671817265704
rsrp=-91|rsrq=-17|snr=-13,rsrp=-91|rsrq=-17,-91,-17,-13,ploss=0|noise_power_dB=-30,0,-30,-97.3072222222,-10.6446333333,46.2570944444,6.3072222222,False,6.3553666667,False,2.6942334971,False,False,2,1,0.000671817265704
rsrp=-91|rsrq=-16|snr=-10,rsrp=-91|rsrq=-16,-91,-16,-10,ploss=0|noise_power_dB=-30,0,-30,-97.3072222222,-10.6446333333,46.2570944444,6.3072222222,False,5.3553666667,False,2.40729152165,False,False,2,1,0.000671817265704
rsrp=-91|rsrq=-16|snr=-7,rsrp=-91|rsrq=-16,-91,-16,-7,ploss=0|noise_power_dB=-30,0,-30,-97.3072222222,-10.6446333333,46.2570944444,6.3072222222,False,5.3553666667,False,2.40729152165,False,False,2,1,0.000671817265704
rsrp=-91|rsrq=-16|snr=0,rsrp=-91|rsrq=-16,-91,-16,0,ploss=0|noise_power_dB=-30,0,-30,-97.3072222222,-10.6446333333,46.2570944444,6.3072222222,False,5.3553666667,False,2.40729152165,False,False,2,1,0.000671817265704
rsrp=-91|rsrq=-16|snr=1,rsrp=-91|rsrq=-16,-91,-16,1,ploss=0|noise_power_dB=-30,0,-30,-97.3072222222,-10.6446333333,46.2570944444,6.3072222222,False,5.3553666667,False,2.40729152165,False,False,2,1,0.000671817265704
rsrp=-91|rsrq=-15|snr=-9,rsrp=-91|rsrq=-15,-91,-15,-9,ploss=0|noise_power_dB=-30,0,-30,-97.3072222222,-10.6446333333,46.2570944444,6.3072222222,False,4.3553666667,False,2.14037632287,False,False,2,1,0.000671817265704
rsrp=-91|rsrq=-15|snr=0,rsrp=-91|rsrq=-15,-91,-15,0,ploss=0|noise_power_dB=-30,0,-30,-97.3072222222,-10.6446333333,46.2570944444,6.3072222222,False,4.3553666667,False,2.14037632287,False,False,2,1,0.000671817265704
rsrp=-91|rsrq=-15|snr=3,rsrp=-91|rsrq=-15,-91,-15,3,ploss=0|noise_power_dB=-30,0,-30,-97.3072222222,-10.6446333333,46.2570944444,6.3072222222,False,4.3553666667,False,2.14037632287,False,False,2,1,0.000671817265704
rsrp=-91|rsrq=-15|snr=5,rsrp=-91|rsrq=-15,-91,-15,5,ploss=0|noise_power_dB=-30,0,-30,-97.3072222222,-10.6446333333,46.2570944444,6.3072222222,False,4.3553666667,False,2.14037632287,False,False,2,1,0.000671817265704
rsrp=-91|rsrq=-15|snr=6,rsrp=-91|rsrq=-15,-91,-15,6,ploss=0|noise_power_dB=-30,0,-30,-97.3072222222,-10.6446333333,46.2570944444,6.3072222222,False,4.3553666667,False,2.14037632287,False,False,2,1,0.000671817265704
rsrp=-91|rsrq=-14|snr=-9,rsrp=-91|rsrq=-14,-91,-14,-9,ploss=0|noise_power_dB=-30,0,-30,-97.3072222222,-10.6446333333,46.2570944444,6.3072222222,False,3.3553666667,False,1.9019382579,False,False,2,1,0.000671817265704
rsrp=-91|rsrq=-14|snr=-6,rsrp=-91|rsrq=-14,-91,-14,-6,ploss=0|noise_power_dB=-30,0,-30,-97.3072222222,-10.6446333333,46.2570944444,6.3072222222,False,3.3553666667,False,1.9019382579,False,False,2,1,0.000671817265704
rsrp=-91|rsrq=-14|snr=-3,rsrp=-91|rsrq=-14,-91,-14,-3,ploss=0|noise_power_dB=-30,0,-30,-97.3072222222,-10.6446333333,46.2570944444,6.3072222222,False,3.3553666667,False,1.9019382579,False,False,2,1,0.000671817265704
rsrp=-91|rsrq=-14|snr=0,rsrp=-91|rsrq=-14,-91,-14,0,ploss=0|noise_power_dB=-30,0,-30,-97.3072222222,-10.6446333333,46.2570944444,6.3072222222,False,3.3553666667,False,1.9019382579,False,False,2,1,0.000671817265704
rsrp=-91|rsrq=-14|snr=1,rsrp=-91|rsrq=-14,-91,-14,1,ploss=0|noise_power_dB=-30,0,-30,-97.3072222222,-10.6446333333,46.2570944444,6.3072222222,False,3.3553666667,False,1.9019382579,False,False,2,1,0.000671817265704
rsrp=-91|rsrq=-14|snr=5,rsrp=-91|rsrq=-14,-91,-14,5,ploss=0|noise_power_dB=-30,0,-30,-97.3072222222,-10.6446333333,46.2570944444,6.3072222222,False,3.3553666667,False,1.9019382579,False,False,2,1,0.000671817265704
rsrp=-91|rsrq=-13|snr=-10,rsrp=-91|rsrq=-13,-91,-13,-10,ploss=0|noise_power_dB=-30,0,-30,-97.3072222222,-10.6446333333,46.2570944444,6.3072222222,False,2.3553666667,False,1.70397402274,False,False,2,1,0.000671817265704
rsrp=-91|rsrq=-13|snr=-5,rsrp=-91|rsrq=-13,-91,-13,-5,ploss=0|noise_power_dB=-30,0,-30,-97.3072222222,-10.6446333333,46.2570944444,6.3072222222,False,2.3553666667,False,1.70397402274,False,False,2,1,0.000671817265704
rsrp=-91|rsrq=-13|snr=-4,rsrp=-91|rsrq=-13,-91,-13,-4,ploss=0|noise_power_dB=-30,0,-30,-97.3072222222,-10.6446333333,46.2570944444,6.3072222222,False,2.3553666667,False,1.70397402274,False,False,2,1,0.000671817265704
rsrp=-91|rsrq=-13|snr=3,rsrp=-91|rsrq=-13,-91,-13,3,ploss=0|noise_power_dB=-30,0,-30,-97.3072222222,-10.6446333333,46.2570944444,6.3072222222,False,2.3553666667,False,1.70397402274,False,False,2,1,0.000671817265704
rsrp=-91|rsrq=-13|snr=6,rsrp=-91|rsrq=-13,-91,-13,6,ploss=0|noise_power_dB=-30,0,-30,-97.3072222222,-10.6446333333,46.2570944444,6.3072222222,False,2.3553666667,False,1.70397402274,False,False,2,1,0.000671817265704
rsrp=-91|rsrq=-12|snr=-2,rsrp=-91|rsrq=-12,-91,-12,-2,ploss=0|noise_power_dB=-30,0,-30,-97.3072222222,-10.6446333333,46.2570944444,6.3072222222,False,1.3553666667,True,1.56194936009,False,False,2,1,0.000671817265704
rsrp=-91|rsrq=-12|snr=0,rsrp=-91|rsrq=-12,-91,-12,0,ploss=0|noise_power_dB=-30,0,-30,-97.3072222222,-10.6446333333,46.2570944444,6.3072222222,False,1.3553666667,True,1.56194936009,False,False,2,1,0.000671817265704
rsrp=-91|rsrq=-12|snr=2,rsrp=-91|rsrq=-12,-91,-12,2,ploss=0|noise_power_dB=-30,0,-30,-97.3072222222,-10.6446333333,46.2570944444,6.3072222222,False,1.3553666667,True,1.56194936009,False,False,2,1,0.000671817265704
rsrp=-91|rsrq=-12|snr=4,rsrp=-91|rsrq=-12,-91,-12,4,ploss=0|noise_power_dB=-30,0,-30,-97.3072222222,-10.6446333333,46.2570944444,6.3072222222,False,1.3553666667,True,1.56194936009,False,False,2,1,0.000671817265704
rsrp=-91|rsrq=-12|snr=6,rsrp=-91|rsrq=-12,-91,-12,6,ploss=0|noise_power_dB=-30,0,-30,-97.3072222222,-10.6446333333,46.2570944444,6.3072222222,False,1.3553666667,True,1.56194936009,False,False,2,1,0.000671817265704
rsrp=-91|rsrq=-11|snr=-1,rsrp=-91|rsrq=-11,-91,-11,-1,ploss=0|noise_power_dB=-30,0,-30,-97.3072222222,-10.6446333333,46.2570944444,6.3072222222,False,0.3553666667,True,1.49192631749,False,False,2,1,0.000671817265704
rsrp=-91|rsrq=-11|snr=0,rsrp=-91|rsrq=-11,-91,-11,0,ploss=0|noise_power_dB=-30,0,-30,-97.3072222222,-10.6446333333,46.2570944444,6.3072222222,False,0.3553666667,True,1.49192631749,False,False,2,1,0.000671817265704
rsrp=-91|rsrq=-11|snr=4,rsrp=-91|rsrq=-11,-91,-11,4,ploss=0|noise_power_dB=-30,0,-30,-97.3072222222,-10.6446333333,46.2570944444,6.3072222222,False,0.3553666667,True,1.49192631749,False,False,2,1,0.000671817265704
rsrp=-91|rsrq=-11|snr=5,rsrp=-91|rsrq=-11,-91,-11,5,ploss=0|noise_power_dB=-30,0,-30,-97.3072222222,-10.6446333333,46.2570944444,6.3072222222,False,0.3553666667,True,1.49192631749,False,False,2,1,0.000671817265704
rsrp=-91|rsrq=-10|snr=-1,rsrp=-91|rsrq=-10,-91,-10,-1,ploss=0|noise_power_dB=-30,0,-30,-97.3072222222,-10.6446333333,46.2570944444,6.3072222222,False,0.6446333333,True,1.50399550204,False,False,2,1,0.000671817265704
rsrp=-91|rsrq=-10|snr=0,rsrp=-91|rsrq=-10,-91,-10,0,ploss=0|noise_power_dB=-30,0,-30,-97.3072222222,-10.6446333333,46.2570944444,6.3072222222,False,0.6446333333,True,1.50399550204,False,False,2,1,0.000671817265704
rsrp=-91|rsrq=-10|snr=2,rsrp=-91|rsrq=-10,-91,-10,2,ploss=0|noise_power_dB=-30,0,-30,-97.3072222222,-10.6446333333,46.2570944444,6.3072222222,False,0.6446333333,True,1.50399550204,False,False,2,1,0.000671817265704
rsrp=-90|rsrq=-19|snr=-7,rsrp=-90|rsrq=-19,-90,-19,-7,ploss=0|noise_power_dB=-30,0,-30,-97.3072222222,-10.6446333333,46.2570944444,7.3072222222,False,8.3553666667,False,3.4194934559,False,False,2,1,0.000671817265704
rsrp=-90|rsrq=-17|snr=-1,rsrp=-90|rsrq=-17,-90,-17,-1,ploss=0|noise_power_dB=-30,0,-30,-97.3072222222,-10.6446333333,46.2570944444,7.3072222222,False,6.3553666667,False,2.83112206758,False,False,2,1,0.000671817265704
rsrp=-90|rsrq=-16|snr=-6,rsrp=-90|rsrq=-16,-90,-16,-6,ploss=0|noise_power_dB=-30,0,-30,-97.3072222222,-10.6446333333,46.2570944444,7.3072222222,False,5.3553666667,False,2.55957232656,False,False,2,1,0.000671817265704
rsrp=-90|rsrq=-16|snr=-5,rsrp=-90|rsrq=-16,-90,-16,-5,ploss=0|noise_power_dB=-30,0,-30,-97.3072222222,-10.6446333333,46.2570944444,7.3072222222,False,5.3553666667,False,2.55957232656,False,False,2,1,0.000671817265704
rsrp=-90|rsrq=-16|snr=-4,rsrp=-90|rsrq=-16,-90,-16,-4,ploss=0|noise_power_dB=-30,0,-30,-97.3072222222,-10.6446333333,46.2570944444,7.3072222222,False,5.3553666667,False,2.55957232656,False,False,2,1,0.000671817265704
rsrp=-90|rsrq=-16|snr=0,rsrp=-90|rsrq=-16,-90,-16,0,ploss=0|noise_power_dB=-30,0,-30,-97.3072222222,-10.6446333333,46.2570944444,7.3072222222,False,5.3553666667,False,2.55957232656,False,False,2,1,0.000671817265704
rsrp=-90|rsrq=-16|snr=6,rsrp=-90|rsrq=-16,-90,-16,6,ploss=0|noise_power_dB=-30,0,-30,-97.3072222222,-10.6446333333,46.2570944444,7.3072222222,False,5.3553666667,False,2.55957232656,False,False,2,1,0.000671817265704
rsrp=-90|rsrq=-15|snr=-3,rsrp=-90|rsrq=-15,-90,-15,-3,ploss=0|noise_power_dB=-30,0,-30,-97.3072222222,-10.6446333333,46.2570944444,7.3072222222,False,4.3553666667,False,2.31031790631,False,False,2,1,0.000671817265704
rsrp=-90|rsrq=-15|snr=-2,rsrp=-90|rsrq=-15,-90,-15,-2,ploss=0|noise_power_dB=-30,0,-30,-97.3072222222,-10.6446333333,46.2570944444,7.3072222222,False,4.3553666667,False,2.31031790631,False,False,2,1,0.000671817265704
rsrp=-90|rsrq=-15|snr=0,rsrp=-90|rsrq=-15,-90,-15,0,ploss=0|noise_power_dB=-30,0,-30,-97.3072222222,-10.6446333333,46.2570944444,7.3072222222,False,4.3553666667,False,2.31031790631,False,False,2,1,0.000671817265704
rsrp=-90|rsrq=-15|snr=2,rsrp=-90|rsrq=-15,-90,-15,2,ploss=0|noise_power_dB=-30,0,-30,-97.3072222222,-10.6446333333,46.2570944444,7.3072222222,False,4.3553666667,False,2.31031790631,False,False,2,1,0.000671817265704
rsrp=-90|rsrq=-15|snr=4,rsrp=-90|rsrq=-15,-90,-15,4,ploss=0|noise_power_dB=-30,0,-30,-97.3072222222,-10.6446333333,46.2570944444,7.3072222222,False,4.3553666667,False,2.31031790631,False,False,2,1,0.000671817265704
rsrp=-90|rsrq=-14|snr=3,rsrp=-90|rsrq=-14,-90,-14,3,ploss=0|noise_power_dB=-30,0,-30,-97.3072222222,-10.6446333333,46.2570944444,7.3072222222,False,3.3553666667,False,2.09134577761,False,False,2,1,0.000671817265704
rsrp=-90|rsrq=-13|snr=-3,rsrp=-90|rsrq=-13,-90,-13,-3,ploss=0|noise_power_dB=-30,0,-30,-97.3072222222,-10.6446333333,46.2570944444,7.3072222222,False,2.3553666667,False,1.91308272034,False,False,2,1,0.000671817265704
rsrp=-90|rsrq=-13|snr=2,rsrp=-90|rsrq=-13,-90,-13,2,ploss=0|noise_power_dB=-30,0,-30,-97.3072222222,-10.6446333333,46.2570944444,7.3072222222,False,2.3553666667,False,1.91308272034,False,False,2,1,0.000671817265704
rsrp=-90|rsrq=-13|snr=4,rsrp=-90|rsrq=-13,-90,-13,4,ploss=0|noise_power_dB=-30,0,-30,-97.3072222222,-10.6446333333,46.2570944444,7.3072222222,False,2.3553666667,False,1.91308272034,False,False,2,1,0.000671817265704
rsrp=-90|rsrq=-13|snr=5,rsrp=-90|rsrq=-13,-90,-13,5,ploss=0|noise_power_dB=-30,0,-30,-97.3072222222,-10.6446333333,46.2570944444,7.3072222222,False,2.3553666667,False,1.91308272034,False,False,2,1,0.000671817265704
rsrp=-90|rsrq=-12|snr=1,rsrp=-90|rsrq=-12,-90,-12,1,ploss=0|noise_power_dB=-30,0,-30,-97.3072222222,-10.6446333333,46.2570944444,7.3072222222,False,1.3553666667,True,1.78774825638,False,False,2,1,0.000671817265704
rsrp=-90|rsrq=-12|snr=3,rsrp=-90|rsrq=-12,-90,-12,3,ploss=0|noise_power_dB=-30,0,-30,-97.3072222222,-10.6446333333,46.2570944444,7.3072222222,False,1.3553666667,True,1.78774825638,False,False,2,1,0.000671817265704
rsrp=-90|rsrq=-11|snr=-7,rsrp=-90|rsrq=-11,-90,-11,-7,ploss=0|noise_power_dB=-30,0,-30,-97.3072222222,-10.6446333333,46.2570944444,7.3072222222,False,0.3553666667,True,1.72690537132,False,False,2,1,0.000671817265704
rsrp=-90|rsrq=-11|snr=4,rsrp=-90|rsrq=-11,-90,-11,4,ploss=0|noise_power_dB=-30,0,-30,-97.3072222222,-10.6446333333,46.2570944444,7.3072222222,False,0.3553666667,True,1.72690537132,False,False,2,1,0.000671817265704
rsrp=-90|rsrq=-11|snr=6,rsrp=-90|rsrq=-11,-90,-11,6,ploss=0|noise_power_dB=-30,0,-30,-97.3072222222,-10.6446333333,46.2570944444,7.3072222222,False,0.3553666667,True,1.72690537132,False,False,2,1,0.000671817265704
rsrp=-90|rsrq=-10|snr=-1,rsrp=-90|rsrq=-10,-90,-10,-1,ploss=0|noise_power_dB=-30,0,-30,-97.3072222222,-10.6446333333,46.2570944444,7.3072222222,False,0.6446333333,True,1.73734294106,False,False,2,1,0.000671817265704
rsrp=-90|rsrq=-10|snr=2,rsrp=-90|rsrq=-10,-90,-10,2,ploss=0|noise_power_dB=-30,0,-30,-97.3072222222,-10.6446333333,46.2570944444,7.3072222222,False,0.6446333333,True,1.73734294106,False,False,2,1,0.000671817265704
rsrp=-89|rsrq=-17|snr=-5,rsrp=-89|rsrq=-17,-89,-17,-5,ploss=0|noise_power_dB=-30,0,-30,-97.3072222222,-10.6446333333,46.2570944444,8.3072222222,False,6.3553666667,False,2.98038945397,False,False,2,1,0.000671817265704
rsrp=-89|rsrq=-17|snr=-4,rsrp=-89|rsrq=-17,-89,-17,-4,ploss=0|noise_power_dB=-30,0,-30,-97.3072222222,-10.6446333333,46.2570944444,8.3072222222,False,6.3553666667,False,2.98038945397,False,False,2,1,0.000671817265704
rsrp=-89|rsrq=-16|snr=-8,rsrp=-89|rsrq=-16,-89,-16,-8,ploss=0|noise_power_dB=-30,0,-30,-97.3072222222,-10.6446333333,46.2570944444,8.3072222222,False,5.3553666667,False,2.72376203635,False,False,2,1,0.000671817265704
rsrp=-89|rsrq=-16|snr=-5,rsrp=-89|rsrq=-16,-89,-16,-5,ploss=0|noise_power_dB=-30,0,-30,-97.3072222222,-10.6446333333,46.2570944444,8.3072222222,False,5.3553666667,False,2.72376203635,False,False,2,1,0.000671817265704
rsrp=-89|rsrq=-16|snr=5,rsrp=-89|rsrq=-16,-89,-16,5,ploss=0|noise_power_dB=-30,0,-30,-97.3072222222,-10.6446333333,46.2570944444,8.3072222222,False,5.3553666667,False,2.72376203635,False,False,2,1,0.000671817265704
rsrp=-89|rsrq=-16|snr=6,rsrp=-89|rsrq=-16,-89,-16,6,ploss=0|noise_power_dB=-30,0,-30,-97.3072222222,-10.6446333333,46.2570944444,8.3072222222,False,5.3553666667,False,2.72376203635,False,False,2,1,0.000671817265704
rsrp=-89|rsrq=-16|snr=7,rsrp=-89|rsrq=-16,-89,-16,7,ploss=0|noise_power_dB=-30,0,-30,-97.3072222222,-10.6446333333,46.2570944444,8.3072222222,False,5.3553666667,False,2.72376203635,False,False,2,1,0.000671817265704
rsrp=-89|rsrq=-15|snr=-8,rsrp=-89|rsrq=-15,-89,-15,-8,ploss=0|noise_power_dB=-30,0,-30,-97.3072222222,-10.6446333333,46.2570944444,8.3072222222,False,4.3553666667,False,2.49099136169,False,False,2,1,0.000671817265704
rsrp=-89|rsrq=-15|snr=-7,rsrp=-89|rsrq=-15,-89,-15,-7,ploss=0|noise_power_dB=-30,0,-30,-97.3072222222,-10.6446333333,46.2570944444,8.3072222222,False,4.3553666667,False,2.49099136169,False,False,2,1,0.000671817265704
rsrp=-89|rsrq=-15|snr=-6,rsrp=-89|rsrq=-15,-89,-15,-6,ploss=0|noise_power_dB=-30,0,-30,-97.3072222222,-10.6446333333,46.2570944444,8.3072222222,False,4.3553666667,False,2.49099136169,False,False,2,1,0.000671817265704
rsrp=-89|rsrq=-15|snr=-4,rsrp=-89|rsrq=-15,-89,-15,-4,ploss=0|noise_power_dB=-30,0,-30,-97.3072222222,-10.6446333333,46.2570944444,8.3072222222,False,4.3553666667,False,2.49099136169,False,False,2,1,0.000671817265704
rsrp=-89|rsrq=-15|snr=0,rsrp=-89|rsrq=-15,-89,-15,0,ploss=0|noise_power_dB=-30,0,-30,-97.3072222222,-10.6446333333,46.2570944444,8.3072222222,False,4.3553666667,False,2.49099136169,False,False,2,1,0.000671817265704
rsrp=-89|rsrq=-15|snr=1,rsrp=-89|rsrq=-15,-89,-15,1,ploss=0|noise_power_dB=-30,0,-30,-97.3072222222,-10.6446333333,46.2570944444,8.3072222222,False,4.3553666667,False,2.49099136169,False,False,2,1,0.000671817265704
rsrp=-89|rsrq=-15|snr=2,rsrp=-89|rsrq=-15,-89,-15,2,ploss=0|noise_power_dB=-30,0,-30,-97.3072222222,-10.6446333333,46.2570944444,8.3072222222,False,4.3553666667,False,2.49099136169,False,False,2,1,0.000671817265704
rsrp=-89|rsrq=-15|snr=7,rsrp=-89|rsrq=-15,-89,-15,7,ploss=0|noise_power_dB=-30,0,-30,-97.3072222222,-10.6446333333,46.2570944444,8.3072222222,False,4.3553666667,False,2.49099136169,False,False,2,1,0.000671817265704
rsrp=-89|rsrq=-14|snr=-7,rsrp=-89|rsrq=-14,-89,-14,-7,ploss=0|noise_power_dB=-30,0,-30,-97.3072222222,-10.6446333333,46.2570944444,8.3072222222,False,3.3553666667,False,2.289365916,False,False,2,1,0.000671817265704
rsrp=-89|rsrq=-14|snr=-6,rsrp=-89|rsrq=-14,-89,-14,-6,ploss=0|noise_power_dB=-30,0,-30,-97.3072222222,-10.6446333333,46.2570944444,8.3072222222,False,3.3553666667,False,2.289365916,False,False,2,1,0.000671817265704
rsrp=-89|rsrq=-14|snr=-3,rsrp=-89|rsrq=-14,-89,-14,-3,ploss=0|noise_power_dB=-30,0,-30,-97.3072222222,-10.6446333333,46.2570944444,8.3072222222,False,3.3553666667,False,2.289365916,False,False,2,1,0.000671817265704
rsrp=-89|rsrq=-14|snr=-2,rsrp=-89|rsrq=-14,-89,-14,-2,ploss=0|noise_power_dB=-30,0,-30,-97.3072222222,-10.6446333333,46.2570944444,8.3072222222,False,3.3553666667,False,2.289365916,False,False,2,1,0.000671817265704
rsrp=-89|rsrq=-13|snr=0,rsrp=-89|rsrq=-13,-89,-13,0,ploss=0|noise_power_dB=-30,0,-30,-97.3072222222,-10.6446333333,46.2570944444,8.3072222222,False,2.3553666667,False,2.12775812316,False,False,2,1,0.000671817265704
rsrp=-89|rsrq=-13|snr=2,rsrp=-89|rsrq=-13,-89,-13,2,ploss=0|noise_power_dB=-30,0,-30,-97.3072222222,-10.6446333333,46.2570944444,8.3072222222,False,2.3553666667,False,2.12775812316,False,False,2,1,0.000671817265704
rsrp=-89|rsrq=-13|snr=3,rsrp=-89|rsrq=-13,-89,-13,3,ploss=0|noise_power_dB=-30,0,-30,-97.3072222222,-10.6446333333,46.2570944444,8.3072222222,False,2.3553666667,False,2.12775812316,False,False,2,1,0.000671817265704
rsrp=-89|rsrq=-13|snr=8,rsrp=-89|rsrq=-13,-89,-13,8,ploss=0|noise_power_dB=-30,0,-30,-97.3072222222,-10.6446333333,46.2570944444,8.3072222222,False,2.3553666667,False,2.12775812316,False,False,2,1,0.000671817265704
rsrp=-89|rsrq=-12|snr=-1,rsrp=-89|rsrq=-12,-89,-12,-1,ploss=0|noise_power_dB=-30,0,-30,-97.3072222222,-10.6446333333,46.2570944444,8.3072222222,False,1.3553666667,True,2.01581570685,False,False,2,1,0.000671817265704
rsrp=-89|rsrq=-12|snr=2,rsrp=-89|rsrq=-12,-89,-12,2,ploss=0|noise_power_dB=-30,0,-30,-97.3072222222,-10.6446333333,46.2570944444,8.3072222222,False,1.3553666667,True,2.01581570685,False,False,2,1,0.000671817265704
rsrp=-89|rsrq=-12|snr=5,rsrp=-89|rsrq=-12,-89,-12,5,ploss=0|noise_power_dB=-30,0,-30,-97.3072222222,-10.6446333333,46.2570944444,8.3072222222,False,1.3553666667,True,2.01581570685,False,False,2,1,0.000671817265704
rsrp=-89|rsrq=-11|snr=-7,rsrp=-89|rsrq=-11,-89,-11,-7,ploss=0|noise_power_dB=-30,0,-30,-97.3072222222,-10.6446333333,46.2570944444,8.3072222222,False,0.3553666667,True,1.96205792405,False,False,2,1,0.000671817265704
rsrp=-89|rsrq=-11|snr=0,rsrp=-89|rsrq=-11,-89,-11,0,ploss=0|noise_power_dB=-30,0,-30,-97.3072222222,-10.6446333333,46.2570944444,8.3072222222,False,0.3553666667,True,1.96205792405,False,False,2,1,0.000671817265704
rsrp=-89|rsrq=-11|snr=3,rsrp=-89|rsrq=-11,-89,-11,3,ploss=0|noise_power_dB=-30,0,-30,-97.3072222222,-10.6446333333,46.2570944444,8.3072222222,False,0.3553666667,True,1.96205792405,False,False,2,1,0.000671817265704
rsrp=-89|rsrq=-11|snr=4,rsrp=-89|rsrq=-11,-89,-11,4,ploss=0|noise_power_dB=-30,0,-30,-97.3072222222,-10.6446333333,46.2570944444,8.3072222222,False,0.3553666667,True,1.96205792405,False,False,2,1,0.000671817265704
rsrp=-89|rsrq=-11|snr=6,rsrp=-89|rsrq=-11,-89,-11,6,ploss=0|noise_power_dB=-30,0,-30,-97.3072222222,-10.6446333333,46.2570944444,8.3072222222,False,0.3553666667,True,1.96205792405,False,False,2,1,0.000671817265704
rsrp=-89|rsrq=-10|snr=6,rsrp=-89|rsrq=-10,-89,-10,6,ploss=0|noise_power_dB=-30,0,-30,-97.3072222222,-10.6446333333,46.2570944444,8.3072222222,False,0.6446333333,True,1.97125077822,False,False,2,1,0.000671817265704
rsrp=-89|rsrq=-10|snr=7,rsrp=-89|rsrq=-10,-89,-10,7,ploss=0|noise_power_dB=-30,0,-30,-97.3072222222,-10.6446333333,46.2570944444,8.3072222222,False,0.6446333333,True,1.97125077822,False,False,2,1,0.000671817265704
rsrp=-88|rsrq=-18|snr=-8,rsrp=-88|rsrq=-18,-88,-18,-8,ploss=0|noise_power_dB=-30,0,-30,-97.3072222222,-10.6446333333,46.2570944444,9.3072222222,False,7.3553666667,False,3.40222621396,False,False,2,1,0.000671817265704
rsrp=-88|rsrq=-17|snr=-7,rsrp=-88|rsrq=-17,-88,-17,-7,ploss=0|noise_power_dB=-30,0,-30,-97.3072222222,-10.6446333333,46.2570944444,9.3072222222,False,6.3553666667,False,3.14027093485,False,False,2,1,0.000671817265704
rsrp=-88|rsrq=-16|snr=-5,rsrp=-88|rsrq=-16,-88,-16,-5,ploss=0|noise_power_dB=-30,0,-30,-97.3072222222,-10.6446333333,46.2570944444,9.3072222222,False,5.3553666667,False,2.89783710336,False,False,2,1,0.000671817265704
rsrp=-88|rsrq=-16|snr=-4,rsrp=-88|rsrq=-16,-88,-16,-4,ploss=0|noise_power_dB=-30,0,-30,-97.3072222222,-10.6446333333,46.2570944444,9.3072222222,False,5.3553666667,False,2.89783710336,False,False,2,1,0.000671817265704
rsrp=-88|rsrq=-15|snr=-3,rsrp=-88|rsrq=-15,-88,-15,-3,ploss=0|noise_power_dB=-30,0,-30,-97.3072222222,-10.6446333333,46.2570944444,9.3072222222,False,4.3553666667,False,2.68022726852,False,False,2,1,0.000671817265704
rsrp=-88|rsrq=-15|snr=-1,rsrp=-88|rsrq=-15,-88,-15,-1,ploss=0|noise_power_dB=-30,0,-30,-97.3072222222,-10.6446333333,46.2570944444,9.3072222222,False,4.3553666667,False,2.68022726852,False,False,2,1,0.000671817265704
rsrp=-88|rsrq=-15|snr=0,rsrp=-88|rsrq=-15,-88,-15,0,ploss=0|noise_power_dB=-30,0,-30,-97.3072222222,-10.6446333333,46.2570944444,9.3072222222,False,4.3553666667,False,2.68022726852,False,False,2,1,0.000671817265704
rsrp=-88|rsrq=-15|snr=4,rsrp=-88|rsrq=-15,-88,-15,4,ploss=0|noise_power_dB=-30,0,-30,-97.3072222222,-10.6446333333,46.2570944444,9.3072222222,False,4.3553666667,False,2.68022726852,False,False,2,1,0.000671817265704
rsrp=-88|rsrq=-15|snr=8,rsrp=-88|rsrq=-15,-88,-15,8,ploss=0|noise_power_dB=-30,0,-30,-97.3072222222,-10.6446333333,46.2570944444,9.3072222222,False,4.3553666667,False,2.68022726852,False,False,2,1,0.000671817265704
rsrp=-88|rsrq=-14|snr=2,rsrp=-88|rsrq=-14,-88,-14,2,ploss=0|noise_power_dB=-30,0,-30,-97.3072222222,-10.6446333333,46.2570944444,9.3072222222,False,3.3553666667,False,2.49394798347,False,False,2,1,0.000671817265704
rsrp=-88|rsrq=-12|snr=1,rsrp=-88|rsrq=-12,-88,-12,1,ploss=0|noise_power_dB=-30,0,-30,-97.3072222222,-10.6446333333,46.2570944444,9.3072222222,False,1.3553666667,True,2.24546057879,False,False,2,1,0.000671817265704
rsrp=-88|rsrq=-12|snr=4,rsrp=-88|rsrq=-12,-88,-12,4,ploss=0|noise_power_dB=-30,0,-30,-97.3072222222,-10.6446333333,46.2570944444,9.3072222222,False,1.3553666667,True,2.24546057879,False,False,2,1,0.000671817265704
rsrp=-88|rsrq=-12|snr=7,rsrp=-88|rsrq=-12,-88,-12,7,ploss=0|noise_power_dB=-30,0,-30,-97.3072222222,-10.6446333333,46.2570944444,9.3072222222,False,1.3553666667,True,2.24546057879,False,False,2,1,0.000671817265704
rsrp=-88|rsrq=-11|snr=-5,rsrp=-88|rsrq=-11,-88,-11,-5,ploss=0|noise_power_dB=-30,0,-30,-97.3072222222,-10.6446333333,46.2570944444,9.3072222222,False,0.3553666667,True,2.19732827411,False,False,2,1,0.000671817265704
rsrp=-87|rsrq=-17|snr=-6,rsrp=-87|rsrq=-17,-87,-17,-6,ploss=0|noise_power_dB=-30,0,-30,-97.3072222222,-10.6446333333,46.2570944444,10.3072222222,False,6.3553666667,False,3.30922844517,False,False,2,1,0.000671817265704
rsrp=-87|rsrq=-16|snr=-8,rsrp=-87|rsrq=-16,-87,-16,-8,ploss=0|noise_power_dB=-30,0,-30,-97.3072222222,-10.6446333333,46.2570944444,10.3072222222,False,5.3553666667,False,3.08012195142,False,False,2,1,0.000671817265704
rsrp=-87|rsrq=-14|snr=5,rsrp=-87|rsrq=-14,-87,-14,5,ploss=0|noise_power_dB=-30,0,-30,-97.3072222222,-10.6446333333,46.2570944444,10.3072222222,False,3.3553666667,False,2.7036027634,False,False,2,1,0.000671817265704
rsrp=-87|rsrq=-13|snr=-4,rsrp=-87|rsrq=-13,-87,-13,-4,ploss=0|noise_power_dB=-30,0,-30,-97.3072222222,-10.6446333333,46.2570944444,10.3072222222,False,2.3553666667,False,2.56819513192,False,False,2,1,0.000671817265704
rsrp=-87|rsrq=-11|snr=2,rsrp=-87|rsrq=-11,-87,-11,2,ploss=0|noise_power_dB=-30,0,-30,-97.3072222222,-10.6446333333,46.2570944444,10.3072222222,False,0.3553666667,True,2.4326822444,False,False,2,1,0.000671817265704
rsrp=-87|rsrq=-11|snr=4,rsrp=-87|rsrq=-11,-87,-11,4,ploss=0|noise_power_dB=-30,0,-30,-97.3072222222,-10.6446333333,46.2570944444,10.3072222222,False,0.3553666667,True,2.4326822444,False,False,2,1,0.000671817265704
rsrp=-84|rsrq=-11|snr=2,rsrp=-84|rsrq=-11,-84,-11,2,ploss=0|noise_power_dB=-30,0,-30,-97.3072222222,-10.6446333333,46.2570944444,13.3072222222,False,0.3553666667,True,3.13905776356,False,False,2,1,0.000671817265704
rsrp=-83|rsrq=-11|snr=3,rsrp=-83|rsrq=-11,-83,-11,3,ploss=0|noise_power_dB=-30,0,-30,-97.3072222222,-10.6446333333,46.2570944444,14.3072222222,False,0.3553666667,True,3.37458433669,False,False,2,1,0.000671817265704
rsrp=-82|rsrq=-10|snr=2,rsrp=-82|rsrq=-10,-82,-10,2,ploss=0|noise_power_dB=-30,0,-30,-97.3072222222,-10.6446333333,46.2570944444,15.3072222222,False,0.6446333333,True,3.61513826739,False,False,2,1,0.000671817265704
rsrp=-81|rsrq=-15|snr=0,rsrp=-81|rsrq=-15,-81,-15,0,ploss=0|noise_power_dB=-30,0,-30,-97.3072222222,-10.6446333333,46.2570944444,16.3072222222,False,4.3553666667,False,4.14062689099,False,False,2,1,0.000671817265704
rsrp=-81|rsrq=-14|snr=1,rsrp=-81|rsrq=-14,-81,-14,1,ploss=0|noise_power_dB=-30,0,-30,-97.3072222222,-10.6446333333,46.2570944444,16.3072222222,False,3.3553666667,False,4.0225550815,False,False,2,1,0.000671817265704
rsrp=-81|rsrq=-13|snr=-1,rsrp=-81|rsrq=-13,-81,-13,-1,ploss=0|noise_power_dB=-30,0,-30,-97.3072222222,-10.6446333333,46.2570944444,16.3072222222,False,2.3553666667,False,3.93282439438,False,False,2,1,0.000671817265704
rsrp=-81|rsrq=-13|snr=2,rsrp=-81|rsrq=-13,-81,-13,2,ploss=0|noise_power_dB=-30,0,-30,-97.3072222222,-10.6446333333,46.2570944444,16.3072222222,False,2.3553666667,False,3.93282439438,False,False,2,1,0.000671817265704
rsrp=-81|rsrq=-12|snr=1,rsrp=-81|rsrq=-12,-81,-12,1,ploss=0|noise_power_dB=-30,0,-30,-97.3072222222,-10.6446333333,46.2570944444,16.3072222222,False,1.3553666667,True,3.87340496855,False,False,2,1,0.000671817265704
rsrp=-81|rsrq=-12|snr=6,rsrp=-81|rsrq=-12,-81,-12,6,ploss=0|noise_power_dB=-30,0,-30,-97.3072222222,-10.6446333333,46.2570944444,16.3072222222,False,1.3553666667,True,3.87340496855,False,False,2,1,0.000671817265704
rsrp=-81|rsrq=-11|snr=-1,rsrp=-81|rsrq=-11,-81,-11,-1,ploss=0|noise_power_dB=-30,0,-30,-97.3072222222,-10.6446333333,46.2570944444,16.3072222222,False,0.3553666667,True,3.84570206643,False,False,2,1,0.000671817265704
rsrp=-81|rsrq=-11|snr=0,rsrp=-81|rsrq=-11,-81,-11,0,ploss=0|noise_power_dB=-30,0,-30,-97.3072222222,-10.6446333333,46.2570944444,16.3072222222,False,0.3553666667,True,3.84570206643,False,False,2,1,0.000671817265704
rsrp=-81|rsrq=-10|snr=-3,rsrp=-81|rsrq=-10,-81,-10,-3,ploss=0|noise_power_dB=-30,0,-30,-97.3072222222,-10.6446333333,46.2570944444,16.3072222222,False,0.6446333333,True,3.85040033205,False,False,2,1,0.000671817265704
rsrp=-81|rsrq=-10|snr=-2,rsrp=-81|rsrq=-10,-81,-10,-2,ploss=0|noise_power_dB=-30,0,-30,-97.3072222222,-10.6446333333,46.2570944444,16.3072222222,False,0.6446333333,True,3.85040033205,False,False,2,1,0.000671817265704
rsrp=-81|rsrq=-10|snr=-1,rsrp=-81|rsrq=-10,-81,-10,-1,ploss=0|noise_power_dB=-30,0,-30,-97.3072222222,-10.6446333333,46.2570944444,16.3072222222,False,0.6446333333,True,3.85040033205,False,False,2,1,0.000671817265704
rsrp=-81|rsrq=-10|snr=0,rsrp=-81|rsrq=-10,-81,-10,0,ploss=0|noise_power_dB=-30,0,-30,-97.3072222222,-10.6446333333,46.2570944444,16.3072222222,False,0.6446333333,True,3.85040033205,False,False,2,1,0.000671817265704
rsrp=-81|rsrq=-10|snr=6,rsrp=-81|rsrq=-10,-81,-10,6,ploss=0|noise_power_dB=-30,0,-30,-97.3072222222,-10.6446333333,46.2570944444,16.3072222222,False,0.6446333333,True,3.85040033205,False,False,2,1,0.000671817265704
rsrp=-81|rsrq=-9|snr=1,rsrp=-81|rsrq=-9,-81,-9,1,ploss=0|noise_power_dB=-30,0,-30,-97.3072222222,-10.6446333333,46.2570944444,16.3072222222,False,1.6446333333,True,3.88738228765,False,False,2,1,0.000671817265704
rsrp=-81|rsrq=-9|snr=2,rsrp=-81|rsrq=-9,-81,-9,2,ploss=0|noise_power_dB=-30,0,-30,-97.3072222222,-10.6446333333,46.2570944444,16.3072222222,False,1.6446333333,True,3.88738228765,False,False,2,1,0.000671817265704
rsrp=-80|rsrq=-16|snr=1,rsrp=-80|rsrq=-16,-80,-16,1,ploss=0|noise_power_dB=-30,0,-30,-97.3072222222,-10.6446333333,46.2570944444,17.3072222222,False,5.3553666667,False,4.49734386643,False,False,2,1,0.000671817265704
rsrp=-80|rsrq=-16|snr=3,rsrp=-80|rsrq=-16,-80,-16,3,ploss=0|noise_power_dB=-30,0,-30,-97.3072222222,-10.6446333333,46.2570944444,17.3072222222,False,5.3553666667,False,4.49734386643,False,False,2,1,0.000671817265704
rsrp=-80|rsrq=-14|snr=-1,rsrp=-80|rsrq=-14,-80,-14,-1,ploss=0|noise_power_dB=-30,0,-30,-97.3072222222,-10.6446333333,46.2570944444,17.3072222222,False,3.3553666667,False,4.24834303223,False,False,2,1,0.000671817265704
rsrp=-80|rsrq=-13|snr=-1,rsrp=-80|rsrq=-13,-80,-13,-1,ploss=0|noise_power_dB=-30,0,-30,-97.3072222222,-10.6446333333,46.2570944444,17.3072222222,False,2.3553666667,False,4.16348133812,False,False,2,1,0.000671817265704
rsrp=-80|rsrq=-13|snr=2,rsrp=-80|rsrq=-13,-80,-13,2,ploss=0|noise_power_dB=-30,0,-30,-97.3072222222,-10.6446333333,46.2570944444,17.3072222222,False,2.3553666667,False,4.16348133812,False,False,2,1,0.000671817265704
rsrp=-80|rsrq=-11|snr=-4,rsrp=-80|rsrq=-11,-80,-11,-4,ploss=0|noise_power_dB=-30,0,-30,-97.3072222222,-10.6446333333,46.2570944444,17.3072222222,False,0.3553666667,True,4.08128576793,False,False,2,1,0.000671817265704
rsrp=-80|rsrq=-11|snr=-3,rsrp=-80|rsrq=-11,-80,-11,-3,ploss=0|noise_power_dB=-30,0,-30,-97.3072222222,-10.6446333333,46.2570944444,17.3072222222,False,0.3553666667,True,4.08128576793,False,False,2,1,0.000671817265704
rsrp=-80|rsrq=-10|snr=-4,rsrp=-80|rsrq=-10,-80,-10,-4,ploss=0|noise_power_dB=-30,0,-30,-97.3072222222,-10.6446333333,46.2570944444,17.3072222222,False,0.6446333333,True,4.08571313883,False,False,2,1,0.000671817265704
rsrp=-80|rsrq=-10|snr=4,rsrp=-80|rsrq=-10,-80,-10,4,ploss=0|noise_power_dB=-30,0,-30,-97.3072222222,-10.6446333333,46.2570944444,17.3072222222,False,0.6446333333,True,4.08571313883,False,False,2,1,0.000671817265704
rsrp=-80|rsrq=-10|snr=5,rsrp=-80|rsrq=-10,-80,-10,5,ploss=0|noise_power_dB=-30,0,-30,-97.3072222222,-10.6446333333,46.2570944444,17.3072222222,False,0.6446333333,True,4.08571313883,False,False,2,1,0.000671817265704
rsrp=-80|rsrq=-9|snr=1,rsrp=-80|rsrq=-9,-80,-9,1,ploss=0|noise_power_dB=-30,0,-30,-97.3072222222,-10.6446333333,46.2570944444,17.3072222222,False,1.6446333333,True,4.12058371911,False,False,2,1,0.000671817265704
rsrp=-80|rsrq=-9|snr=5,rsrp=-80|rsrq=-9,-80,-9,5,ploss=0|noise_power_dB=-30,0,-30,-97.3072222222,-10.6446333333,46.2570944444,17.3072222222,False,1.6446333333,True,4.12058371911,False,False,2,1,0.000671817265704
rsrp=-79|rsrq=-11|snr=-6,rsrp=-79|rsrq=-11,-79,-11,-6,ploss=0|noise_power_dB=-30,0,-30,-97.3072222222,-10.6446333333,46.2570944444,18.3072222222,False,0.3553666667,True,4.31688241286,False,False,2,1,0.000671817265704
rsrp=-79|rsrq=-11|snr=-5,rsrp=-79|rsrq=-11,-79,-11,-5,ploss=0|noise_power_dB=-30,0,-30,-97.3072222222,-10.6446333333,46.2570944444,18.3072222222,False,0.3553666667,True,4.31688241286,False,False,2,1,0.000671817265704
rsrp=-79|rsrq=-10|snr=2,rsrp=-79|rsrq=-10,-79,-10,2,ploss=0|noise_power_dB=-30,0,-30,-97.3072222222,-10.6446333333,46.2570944444,18.3072222222,False,0.6446333333,True,4.32106839795,False,False,2,1,0.000671817265704
rsrp=-106|rsrq=-13|snr=6,rsrp=-106|rsrq=-13,-106,-13,6,ploss=-5|noise_power_dB=-30,-5,-30,-104.440277778,-10.4053166667,40.5935972222,1.559722222,True,2.5946833333,False,0.988281111887,False,False,1,1,0.000335908632852
rsrp=-103|rsrq=-14|snr=-4,rsrp=-103|rsrq=-14,-103,-14,-4,ploss=-5|noise_power_dB=-30,-5,-30,-104.440277778,-10.4053166667,40.5935972222,1.440277778,True,3.5946833333,False,1.31547063141,False,False,1,1,0.000335908632852
rsrp=-103|rsrq=-14|snr=3,rsrp=-103|rsrq=-14,-103,-14,3,ploss=-5|noise_power_dB=-30,-5,-30,-104.440277778,-10.4053166667,40.5935972222,1.440277778,True,3.5946833333,False,1.31547063141,False,False,1,1,0.000335908632852
rsrp=-96|rsrq=-18|snr=0,rsrp=-96|rsrq=-18,-96,-18,0,ploss=0|noise_power_dB=-30,0,-30,-97.3072222222,-10.6446333333,46.2570944444,1.3072222222,True,7.3553666667,False,2.61870432595,False,False,1,1,0.000335908632852
rsrp=-96|rsrq=-13|snr=-4,rsrp=-96|rsrq=-13,-96,-13,-4,ploss=0|noise_power_dB=-30,0,-30,-97.3072222222,-10.6446333333,46.2570944444,1.3072222222,True,2.3553666667,False,0.887921175214,False,False,1,1,0.000335908632852
rsrp=-90|rsrq=-14|snr=-1,rsrp=-90|rsrq=-14,-90,-14,-1,ploss=0|noise_power_dB=-30,0,-30,-97.3072222222,-10.6446333333,46.2570944444,7.3072222222,False,3.3553666667,False,2.09134577761,False,False,1,1,0.000335908632852
rsrp=-89|rsrq=-16|snr=1,rsrp=-89|rsrq=-16,-89,-16,1,ploss=0|noise_power_dB=-30,0,-30,-97.3072222222,-10.6446333333,46.2570944444,8.3072222222,False,5.3553666667,False,2.72376203635,False,False,1,1,0.000335908632852
rsrp=-86|rsrq=-16|snr=2,rsrp=-86|rsrq=-16,-86,-16,2,ploss=0|noise_power_dB=-30,0,-30,-97.3072222222,-10.6446333333,46.2570944444,11.3072222222,False,5.3553666667,False,3.26924359826,False,False,1,1,0.000335908632852
