real_rf_state_id,primary_rf_state_id,target_rsrp_dbm,target_rsrq_db,target_snr_db,mapped_control_state_id,mapped_ploss,mapped_noise_power_dB,mapped_ss_rsrp_dbm,mapped_ss_rsrq_db,mapped_ss_sinr_db_diagnostic,rsrp_absolute_error_db,rsrp_within_declared_tolerance,rsrq_absolute_error_db,rsrq_within_declared_tolerance,primary_distance,within_declared_tolerance,target_within_observed_primary_range,observations,traces,pooled_time_probability
rsrp=-101|rsrq=-14|snr=-2,rsrp=-101|rsrq=-14,-101,-14,-2,ploss=0|noise_power_dB=-5,0,-5,-99.5865277778,-10.5380305556,6.36910277778,1.4134722222,True,3.4619694444,False,1.26852225267,False,False,12,2,0.00403090359422
rsrp=-101|rsrq=-11|snr=2,rsrp=-101|rsrq=-11,-101,-11,2,ploss=0|noise_power_dB=-5,0,-5,-99.5865277778,-10.5380305556,6.36910277778,1.4134722222,True,0.4619694444,True,0.371041267542,True,False,12,4,0.00403090359422
rsrp=-100|rsrq=-11|snr=4,rsrp=-100|rsrq=-11,-100,-11,4,ploss=0|noise_power_dB=-5,0,-5,-99.5865277778,-10.5380305556,6.36910277778,0.4134722222,True,0.4619694444,True,0.190196500076,True,False,12,3,0.00403090359422
rsrp=-97|rsrq=-16|snr=7,rsrp=-97|rsrq=-16,-97,-16,7,ploss=0|noise_power_dB=-5,0,-5,-99.5865277778,-10.5380305556,6.36910277778,2.5865277778,True,5.4619694444,False,2.02504628097,False,False,12,1,0.00403090359422
rsrp=-101|rsrq=-16|snr=5,rsrp=-101|rsrq=-16,-101,-16,5,ploss=0|noise_power_dB=-5,0,-5,-99.5865277778,-10.5380305556,6.36910277778,1.4134722222,True,5.4619694444,False,1.9596258387,False,False,11,1,0.00369499496137
rsrp=-98|rsrq=-16|snr=6,rsrp=-98|rsrq=-16,-98,-16,6,ploss=0|noise_power_dB=-5,0,-5,-99.5865277778,-10.5380305556,6.36910277778,1.5865277778,True,5.4619694444,False,1.96697128101,False,False,11,3,0.00369499496137
rsrp=-101|rsrq=-12|snr=2,rsrp=-101|rsrq=-12,-101,-12,2,ploss=0|noise_power_dB=-5,0,-5,-99.5865277778,-10.5380305556,6.36910277778,1.4134722222,True,1.4619694444,True,0.614950390941,True,False,10,2,0.00335908632852
rsrp=-101|rsrq=-11|snr=5,rsrp=-101|rsrq=-11,-101,-11,5,ploss=0|noise_power_dB=-5,0,-5,-99.5865277778,-10.5380305556,6.36910277778,1.4134722222,True,0.4619694444,True,0.371041267542,True,False,10,2,0.00335908632852
rsrp=-100|rsrq=-13|snr=3,rsrp=-100|rsrq=-13,-100,-13,3,ploss=0|noise_power_dB=-5,0,-5,-99.5865277778,-10.5380305556,6.36910277778,0.4134722222,True,2.4619694444,False,0.875876378744,False,False,10,4,0.00335908632852
rsrp=-100|rsrq=-12|snr=4,rsrp=-100|rsrq=-12,-100,-12,4,ploss=0|noise_power_dB=-5,0,-5,-99.5865277778,-10.5380305556,6.36910277778,0.4134722222,True,1.4619694444,True,0.525991511092,True,False,10,2,0.00335908632852
rsrp=-100|rsrq=-11|snr=3,rsrp=-100|rsrq=-11,-100,-11,3,ploss=0|noise_power_dB=-5,0,-5,-99.5865277778,-10.5380305556,6.36910277778,0.4134722222,True,0.4619694444,True,0.190196500076,True,False,10,3,0.00335908632852
rsrp=-100|rsrq=-10|snr=7,rsrp=-100|rsrq=-10,-100,-10,7,ploss=0|noise_power_dB=-5,0,-5,-99.5865277778,-10.5380305556,6.36910277778,0.4134722222,True,0.5380305556,True,0.213734291917,True,False,10,3,0.00335908632852
rsrp=-99|rsrq=-12|snr=4,rsrp=-99|rsrq=-12,-99,-12,4,ploss=0|noise_power_dB=-5,0,-5,-99.5865277778,-10.5380305556,6.36910277778,0.5865277778,True,1.4619694444,True,0.535052583654,True,False,10,3,0.00335908632852
rsrp=-98|rsrq=-12|snr=2,rsrp=-98|rsrq=-12,-98,-12,2,ploss=0|noise_power_dB=-5,0,-5,-99.5865277778,-10.5380305556,6.36910277778,1.5865277778,True,1.4619694444,True,0.637970670109,True,False,10,2,0.00335908632852
rsrp=-97|rsrq=-16|snr=5,rsrp=-97|rsrq=-16,-97,-16,5,ploss=0|noise_power_dB=-5,0,-5,-99.5865277778,-10.5380305556,6.36910277778,2.5865277778,True,5.4619694444,False,2.02504628097,False,False,10,3,0.00335908632852
rsrp=-92|rsrq=-13|snr=2,rsrp=-92|rsrq=-13,-92,-13,2,ploss=0|noise_power_dB=-5,0,-5,-99.5865277778,-10.5380305556,6.36910277778,7.5865277778,False,2.4619694444,False,1.98876447128,False,False,10,2,0.00335908632852
rsrp=-81|rsrq=-10|snr=3,rsrp=-81|rsrq=-10,-81,-10,3,ploss=0|noise_power_dB=-5,0,-5,-99.5865277778,-10.5380305556,6.36910277778,18.5865277778,False,0.5380305556,True,4.38501449264,False,False,10,1,0.00335908632852
rsrp=-80|rsrq=-10|snr=0,rsrp=-80|rsrq=-10,-80,-10,0,ploss=0|noise_power_dB=-5,0,-5,-99.5865277778,-10.5380305556,6.36910277778,19.5865277778,False,0.5380305556,True,4.6205061854,False,False,10,1,0.00335908632852
rsrp=-104|rsrq=-16|snr=0,rsrp=-104|rsrq=-16,-104,-16,0,ploss=0|noise_power_dB=-10,0,-10,-107.990297222,-10.5249111111,8.35522777778,3.990297222,False,5.4750888889,False,2.15212838046,False,False,9,1,0.00302317769567
rsrp=-104|rsrq=-18|snr=0,rsrp=-104|rsrq=-18,-104,-18,0,ploss=0|noise_power_dB=-10,0,-10,-107.990297222,-10.5249111111,8.35522777778,3.990297222,False,7.4750888889,False,2.8052096197,False,False,8,2,0.00268726906281
rsrp=-104|rsrq=-14|snr=-2,rsrp=-104|rsrq=-14,-104,-14,-2,ploss=0|noise_power_dB=-10,0,-10,-107.990297222,-10.5249111111,8.35522777778,3.990297222,False,3.4750888889,False,1.54729186696,False,False,8,2,0.00268726906281
rsrp=-101|rsrq=-14|snr=0,rsrp=-101|rsrq=-14,-101,-14,0,ploss=0|noise_power_dB=-5,0,-5,-99.5865277778,-10.5380305556,6.36910277778,1.4134722222,True,3.4619694444,False,1.26852225267,False,False,8,2,0.00268726906281
rsrp=-101|rsrq=-13|snr=-2,rsrp=-101|rsrq=-13,-101,-13,-2,ploss=0|noise_power_dB=-5,0,-5,-99.5865277778,-10.5380305556,6.36910277778,1.4134722222,True,2.4619694444,False,0.932017351995,False,False,8,3,0.00268726906281
rsrp=-101|rsrq=-12|snr=-1,rsrp=-101|rsrq=-12,-101,-12,-1,ploss=0|noise_power_dB=-5,0,-5,-99.5865277778,-10.5380305556,6.36910277778,1.4134722222,True,1.4619694444,True,0.614950390941,True,False,8,3,0.00268726906281
rsrp=-101|rsrq=-12|snr=1,rsrp=-101|rsrq=-12,-101,-12,1,ploss=0|noise_power_dB=-5,0,-5,-99.5865277778,-10.5380305556,6.36910277778,1.4134722222,True,1.4619694444,True,0.614950390941,True,False,8,3,0.00268726906281
rsrp=-101|rsrq=-11|snr=3,rsrp=-101|rsrq=-11,-101,-11,3,ploss=0|noise_power_dB=-5,0,-5,-99.5865277778,-10.5380305556,6.36910277778,1.4134722222,True,0.4619694444,True,0.371041267542,True,False,8,4,0.00268726906281
rsrp=-100|rsrq=-14|snr=7,rsrp=-100|rsrq=-14,-100,-14,7,ploss=0|noise_power_dB=-5,0,-5,-99.5865277778,-10.5380305556,6.36910277778,0.4134722222,True,3.4619694444,False,1.22786472868,False,False,8,3,0.00268726906281
rsrp=-100|rsrq=-11|snr=1,rsrp=-100|rsrq=-11,-100,-11,1,ploss=0|noise_power_dB=-5,0,-5,-99.5865277778,-10.5380305556,6.36910277778,0.4134722222,True,0.4619694444,True,0.190196500076,True,False,8,2,0.00268726906281
rsrp=-100|rsrq=-11|snr=5,rsrp=-100|rsrq=-11,-100,-11,5,ploss=0|noise_power_dB=-5,0,-5,-99.5865277778,-10.5380305556,6.36910277778,0.4134722222,True,0.4619694444,True,0.190196500076,True,False,8,2,0.00268726906281
rsrp=-100|rsrq=-11|snr=7,rsrp=-100|rsrq=-11,-100,-11,7,ploss=0|noise_power_dB=-5,0,-5,-99.5865277778,-10.5380305556,6.36910277778,0.4134722222,True,0.4619694444,True,0.190196500076,True,False,8,4,0.00268726906281
rsrp=-100|rsrq=-10|snr=3,rsrp=-100|rsrq=-10,-100,-10,3,ploss=0|noise_power_dB=-5,0,-5,-99.5865277778,-10.5380305556,6.36910277778,0.4134722222,True,0.5380305556,True,0.213734291917,True,False,8,3,0.00268726906281
rsrp=-99|rsrq=-15|snr=3,rsrp=-99|rsrq=-15,-99,-15,3,ploss=0|noise_power_dB=-5,0,-5,-99.5865277778,-10.5380305556,6.36910277778,0.5865277778,True,4.4619694444,False,1.58359033546,False,False,8,3,0.00268726906281
rsrp=-99|rsrq=-13|snr=-2,rsrp=-99|rsrq=-13,-99,-13,-2,ploss=0|noise_power_dB=-5,0,-5,-99.5865277778,-10.5380305556,6.36910277778,0.5865277778,True,2.4619694444,False,0.881347620621,False,False,8,3,0.00268726906281
rsrp=-99|rsrq=-13|snr=7,rsrp=-99|rsrq=-13,-99,-13,7,ploss=0|noise_power_dB=-5,0,-5,-99.5865277778,-10.5380305556,6.36910277778,0.5865277778,True,2.4619694444,False,0.881347620621,False,False,8,3,0.00268726906281
rsrp=-99|rsrq=-11|snr=1,rsrp=-99|rsrq=-11,-99,-11,1,ploss=0|noise_power_dB=-5,0,-5,-99.5865277778,-10.5380305556,6.36910277778,0.5865277778,True,0.4619694444,True,0.213983424999,True,False,8,3,0.00268726906281
rsrp=-99|rsrq=-10|snr=3,rsrp=-99|rsrq=-10,-99,-10,3,ploss=0|noise_power_dB=-5,0,-5,-99.5865277778,-10.5380305556,6.36910277778,0.5865277778,True,0.5380305556,True,0.235152174292,True,False,8,2,0.00268726906281
rsrp=-99|rsrq=-9|snr=8,rsrp=-99|rsrq=-9,-99,-9,8,ploss=0|noise_power_dB=-5,0,-5,-99.5865277778,-10.5380305556,6.36910277778,0.5865277778,True,1.5380305556,True,0.561074134116,True,False,8,1,0.00268726906281
rsrp=-98|rsrq=-15|snr=2,rsrp=-98|rsrq=-15,-98,-15,2,ploss=0|noise_power_dB=-5,0,-5,-99.5865277778,-10.5380305556,6.36910277778,1.5865277778,True,4.4619694444,False,1.62125989873,False,False,8,2,0.00268726906281
rsrp=-98|rsrq=-14|snr=4,rsrp=-98|rsrq=-14,-98,-14,4,ploss=0|noise_power_dB=-5,0,-5,-99.5865277778,-10.5380305556,6.36910277778,1.5865277778,True,3.4619694444,False,1.27984034087,False,False,8,2,0.00268726906281
rsrp=-91|rsrq=-14|snr=-1,rsrp=-91|rsrq=-14,-91,-14,-1,ploss=0|noise_power_dB=-5,0,-5,-99.5865277778,-10.5380305556,6.36910277778,8.5865277778,False,3.4619694444,False,2.36520180317,False,False,8,3,0.00268726906281
rsrp=-90|rsrq=-13|snr=1,rsrp=-90|rsrq=-13,-90,-13,1,ploss=0|noise_power_dB=-5,0,-5,-99.5865277778,-10.5380305556,6.36910277778,9.5865277778,False,2.4619694444,False,2.42142549053,False,False,8,3,0.00268726906281
rsrp=-90|rsrq=-12|snr=0,rsrp=-90|rsrq=-12,-90,-12,0,ploss=0|noise_power_dB=-5,0,-5,-99.5865277778,-10.5380305556,6.36910277778,9.5865277778,False,1.4619694444,True,2.31793206222,False,False,8,2,0.00268726906281
rsrp=-90|rsrq=-11|snr=3,rsrp=-90|rsrq=-11,-90,-11,3,ploss=0|noise_power_dB=-5,0,-5,-99.5865277778,-10.5380305556,6.36910277778,9.5865277778,False,0.4619694444,True,2.26546169334,False,False,8,2,0.00268726906281
rsrp=-81|rsrq=-10|snr=4,rsrp=-81|rsrq=-10,-81,-10,4,ploss=0|noise_power_dB=-5,0,-5,-99.5865277778,-10.5380305556,6.36910277778,18.5865277778,False,0.5380305556,True,4.38501449264,False,False,8,1,0.00268726906281
rsrp=-80|rsrq=-10|snr=2,rsrp=-80|rsrq=-10,-80,-10,2,ploss=0|noise_power_dB=-5,0,-5,-99.5865277778,-10.5380305556,6.36910277778,19.5865277778,False,0.5380305556,True,4.6205061854,False,False,8,1,0.00268726906281
rsrp=-103|rsrq=-15|snr=0,rsrp=-103|rsrq=-15,-103,-15,0,ploss=0|noise_power_dB=-5,0,-5,-99.5865277778,-10.5380305556,6.36910277778,3.4134722222,False,4.4619694444,False,1.77086651872,False,False,7,2,0.00235136042996
rsrp=-99|rsrq=-16|snr=6,rsrp=-99|rsrq=-16,-99,-16,6,ploss=0|noise_power_dB=-5,0,-5,-99.5865277778,-10.5380305556,6.36910277778,0.5865277778,True,5.4619694444,False,1.93603995612,False,False,7,1,0.00235136042996
rsrp=-98|rsrq=-17|snr=3,rsrp=-98|rsrq=-17,-98,-17,3,ploss=0|noise_power_dB=-5,0,-5,-99.5865277778,-10.5380305556,6.36910277778,1.5865277778,True,6.4619694444,False,2.31505256558,False,False,7,2,0.00235136042996
rsrp=-96|rsrq=-15|snr=5,rsrp=-96|rsrq=-15,-96,-15,5,ploss=0|noise_power_dB=-5,0,-5,-99.5865277778,-10.5380305556,6.36910277778,3.5865277778,False,4.4619694444,False,1.78976747368,False,False,7,1,0.00235136042996
rsrp=-105|rsrq=-18|snr=1,rsrp=-105|rsrq=-18,-105,-18,1,ploss=0|noise_power_dB=-10,0,-10,-107.990297222,-10.5249111111,8.35522777778,2.990297222,True,7.4750888889,False,2.73521300962,False,False,6,2,0.00201545179711
rsrp=-104|rsrq=-17|snr=1,rsrp=-104|rsrq=-17,-104,-17,1,ploss=0|noise_power_dB=-10,0,-10,-107.990297222,-10.5249111111,8.35522777778,3.990297222,False,6.4750888889,False,2.47496036094,False,False,6,2,0.00201545179711
rsrp=-103|rsrq=-17|snr=0,rsrp=-103|rsrq=-17,-103,-17,0,ploss=0|noise_power_dB=-5,0,-5,-99.5865277778,-10.5380305556,6.36910277778,3.4134722222,False,6.4619694444,False,2.42217938008,False,False,6,1,0.00201545179711
rsrp=-103|rsrq=-17|snr=1,rsrp=-103|rsrq=-17,-103,-17,1,ploss=0|noise_power_dB=-5,0,-5,-99.5865277778,-10.5380305556,6.36910277778,3.4134722222,False,6.4619694444,False,2.42217938008,False,False,6,2,0.00201545179711
rsrp=-103|rsrq=-13|snr=-1,rsrp=-103|rsrq=-13,-103,-13,-1,ploss=0|noise_power_dB=-5,0,-5,-99.5865277778,-10.5380305556,6.36910277778,3.4134722222,False,2.4619694444,False,1.18532000106,False,False,6,3,0.00201545179711
rsrp=-102|rsrq=-12|snr=7,rsrp=-102|rsrq=-12,-102,-12,7,ploss=0|noise_power_dB=-5,0,-5,-99.5865277778,-10.5380305556,6.36910277778,2.4134722222,True,1.4619694444,True,0.768616944913,True,False,6,2,0.00201545179711
rsrp=-101|rsrq=-16|snr=-1,rsrp=-101|rsrq=-16,-101,-16,-1,ploss=0|noise_power_dB=-5,0,-5,-99.5865277778,-10.5380305556,6.36910277778,1.4134722222,True,5.4619694444,False,1.9596258387,False,False,6,2,0.00201545179711
rsrp=-101|rsrq=-15|snr=0,rsrp=-101|rsrq=-15,-101,-15,0,ploss=0|noise_power_dB=-5,0,-5,-99.5865277778,-10.5380305556,6.36910277778,1.4134722222,True,4.4619694444,False,1.6123402453,False,False,6,2,0.00201545179711
rsrp=-101|rsrq=-15|snr=1,rsrp=-101|rsrq=-15,-101,-15,1,ploss=0|noise_power_dB=-5,0,-5,-99.5865277778,-10.5380305556,6.36910277778,1.4134722222,True,4.4619694444,False,1.6123402453,False,False,6,2,0.00201545179711
rsrp=-101|rsrq=-15|snr=3,rsrp=-101|rsrq=-15,-101,-15,3,ploss=0|noise_power_dB=-5,0,-5,-99.5865277778,-10.5380305556,6.36910277778,1.4134722222,True,4.4619694444,False,1.6123402453,False,False,6,1,0.00201545179711
rsrp=-101|rsrq=-15|snr=5,rsrp=-101|rsrq=-15,-101,-15,5,ploss=0|noise_power_dB=-5,0,-5,-99.5865277778,-10.5380305556,6.36910277778,1.4134722222,True,4.4619694444,False,1.6123402453,False,False,6,3,0.00201545179711
rsrp=-101|rsrq=-14|snr=1,rsrp=-101|rsrq=-14,-101,-14,1,ploss=0|noise_power_dB=-5,0,-5,-99.5865277778,-10.5380305556,6.36910277778,1.4134722222,True,3.4619694444,False,1.26852225267,False,False,6,3,0.00201545179711
rsrp=-101|rsrq=-13|snr=-3,rsrp=-101|rsrq=-13,-101,-13,-3,ploss=0|noise_power_dB=-5,0,-5,-99.5865277778,-10.5380305556,6.36910277778,1.4134722222,True,2.4619694444,False,0.932017351995,False,False,6,3,0.00201545179711
rsrp=-101|rsrq=-13|snr=1,rsrp=-101|rsrq=-13,-101,-13,1,ploss=0|noise_power_dB=-5,0,-5,-99.5865277778,-10.5380305556,6.36910277778,1.4134722222,True,2.4619694444,False,0.932017351995,False,False,6,3,0.00201545179711
rsrp=-101|rsrq=-12|snr=3,rsrp=-101|rsrq=-12,-101,-12,3,ploss=0|noise_power_dB=-5,0,-5,-99.5865277778,-10.5380305556,6.36910277778,1.4134722222,True,1.4619694444,True,0.614950390941,True,False,6,3,0.00201545179711
rsrp=-101|rsrq=-11|snr=6,rsrp=-101|rsrq=-11,-101,-11,6,ploss=0|noise_power_dB=-5,0,-5,-99.5865277778,-10.5380305556,6.36910277778,1.4134722222,True,0.4619694444,True,0.371041267542,True,False,6,3,0.00201545179711
rsrp=-101|rsrq=-10|snr=6,rsrp=-101|rsrq=-10,-101,-10,6,ploss=0|noise_power_dB=-5,0,-5,-99.5865277778,-10.5380305556,6.36910277778,1.4134722222,True,0.5380305556,True,0.38363949369,True,False,6,2,0.00201545179711
rsrp=-100|rsrq=-15|snr=2,rsrp=-100|rsrq=-15,-100,-15,2,ploss=0|noise_power_dB=-5,0,-5,-99.5865277778,-10.5380305556,6.36910277778,0.4134722222,True,4.4619694444,False,1.58055185079,False,False,6,3,0.00201545179711
rsrp=-100|rsrq=-14|snr=3,rsrp=-100|rsrq=-14,-100,-14,3,ploss=0|noise_power_dB=-5,0,-5,-99.5865277778,-10.5380305556,6.36910277778,0.4134722222,True,3.4619694444,False,1.22786472868,False,False,6,3,0.00201545179711
rsrp=-100|rsrq=-14|snr=4,rsrp=-100|rsrq=-14,-100,-14,4,ploss=0|noise_power_dB=-5,0,-5,-99.5865277778,-10.5380305556,6.36910277778,0.4134722222,True,3.4619694444,False,1.22786472868,False,False,6,3,0.00201545179711
rsrp=-100|rsrq=-13|snr=4,rsrp=-100|rsrq=-13,-100,-13,4,ploss=0|noise_power_dB=-5,0,-5,-99.5865277778,-10.5380305556,6.36910277778,0.4134722222,True,2.4619694444,False,0.875876378744,False,False,6,2,0.00201545179711
rsrp=-100|rsrq=-12|snr=0,rsrp=-100|rsrq=-12,-100,-12,0,ploss=0|noise_power_dB=-5,0,-5,-99.5865277778,-10.5380305556,6.36910277778,0.4134722222,True,1.4619694444,True,0.525991511092,True,False,6,3,0.00201545179711
rsrp=-100|rsrq=-12|snr=2,rsrp=-100|rsrq=-12,-100,-12,2,ploss=0|noise_power_dB=-5,0,-5,-99.5865277778,-10.5380305556,6.36910277778,0.4134722222,True,1.4619694444,True,0.525991511092,True,False,6,2,0.00201545179711
rsrp=-100|rsrq=-12|snr=5,rsrp=-100|rsrq=-12,-100,-12,5,ploss=0|noise_power_dB=-5,0,-5,-99.5865277778,-10.5380305556,6.36910277778,0.4134722222,True,1.4619694444,True,0.525991511092,True,False,6,2,0.00201545179711
rsrp=-100|rsrq=-10|snr=0,rsrp=-100|rsrq=-10,-100,-10,0,ploss=0|noise_power_dB=-5,0,-5,-99.5865277778,-10.5380305556,6.36910277778,0.4134722222,True,0.5380305556,True,0.213734291917,True,False,6,2,0.00201545179711
rsrp=-100|rsrq=-10|snr=1,rsrp=-100|rsrq=-10,-100,-10,1,ploss=0|noise_power_dB=-5,0,-5,-99.5865277778,-10.5380305556,6.36910277778,0.4134722222,True,0.5380305556,True,0.213734291917,True,False,6,2,0.00201545179711
rsrp=-100|rsrq=-10|snr=2,rsrp=-100|rsrq=-10,-100,-10,2,ploss=0|noise_power_dB=-5,0,-5,-99.5865277778,-10.5380305556,6.36910277778,0.4134722222,True,0.5380305556,True,0.213734291917,True,False,6,2,0.00201545179711
rsrp=-100|rsrq=-10|snr=4,rsrp=-100|rsrq=-10,-100,-10,4,ploss=0|noise_power_dB=-5,0,-5,-99.5865277778,-10.5380305556,6.36910277778,0.4134722222,True,0.5380305556,True,0.213734291917,True,False,6,2,0.00201545179711
rsrp=-99|rsrq=-15|snr=5,rsrp=-99|rsrq=-15,-99,-15,5,ploss=0|noise_power_dB=-5,0,-5,-99.5865277778,-10.5380305556,6.36910277778,0.5865277778,True,4.4619694444,False,1.58359033546,False,False,6,3,0.00201545179711
rsrp=-99|rsrq=-14|snr=-1,rsrp=-99|rsrq=-14,-99,-14,-1,ploss=0|noise_power_dB=-5,0,-5,-99.5865277778,-10.5380305556,6.36910277778,0.5865277778,True,3.4619694444,False,1.23177351387,False,False,6,2,0.00201545179711
rsrp=-99|rsrq=-13|snr=0,rsrp=-99|rsrq=-13,-99,-13,0,ploss=0|noise_power_dB=-5,0,-5,-99.5865277778,-10.5380305556,6.36910277778,0.5865277778,True,2.4619694444,False,0.881347620621,False,False,6,3,0.00201545179711
rsrp=-99|rsrq=-13|snr=1,rsrp=-99|rsrq=-13,-99,-13,1,ploss=0|noise_power_dB=-5,0,-5,-99.5865277778,-10.5380305556,6.36910277778,0.5865277778,True,2.4619694444,False,0.881347620621,False,False,6,3,0.00201545179711
rsrp=-99|rsrq=-13|snr=2,rsrp=-99|rsrq=-13,-99,-13,2,ploss=0|noise_power_dB=-5,0,-5,-99.5865277778,-10.5380305556,6.36910277778,0.5865277778,True,2.4619694444,False,0.881347620621,False,False,6,3,0.00201545179711
rsrp=-99|rsrq=-12|snr=3,rsrp=-99|rsrq=-12,-99,-12,3,ploss=0|noise_power_dB=-5,0,-5,-99.5865277778,-10.5380305556,6.36910277778,0.5865277778,True,1.4619694444,True,0.535052583654,True,False,6,3,0.00201545179711
rsrp=-99|rsrq=-11|snr=2,rsrp=-99|rsrq=-11,-99,-11,2,ploss=0|noise_power_dB=-5,0,-5,-99.5865277778,-10.5380305556,6.36910277778,0.5865277778,True,0.4619694444,True,0.213983424999,True,False,6,3,0.00201545179711
rsrp=-99|rsrq=-11|snr=3,rsrp=-99|rsrq=-11,-99,-11,3,ploss=0|noise_power_dB=-5,0,-5,-99.5865277778,-10.5380305556,6.36910277778,0.5865277778,True,0.4619694444,True,0.213983424999,True,False,6,3,0.00201545179711
rsrp=-99|rsrq=-11|snr=4,rsrp=-99|rsrq=-11,-99,-11,4,ploss=0|noise_power_dB=-5,0,-5,-99.5865277778,-10.5380305556,6.36910277778,0.5865277778,True,0.4619694444,True,0.213983424999,True,False,6,3,0.00201545179711
rsrp=-99|rsrq=-11|snr=5,rsrp=-99|rsrq=-11,-99,-11,5,ploss=0|noise_power_dB=-5,0,-5,-99.5865277778,-10.5380305556,6.36910277778,0.5865277778,True,0.4619694444,True,0.213983424999,True,False,6,3,0.00201545179711
rsrp=-99|rsrq=-10|snr=8,rsrp=-99|rsrq=-10,-99,-10,8,ploss=0|noise_power_dB=-5,0,-5,-99.5865277778,-10.5380305556,6.36910277778,0.5865277778,True,0.5380305556,True,0.235152174292,True,False,6,2,0.00201545179711
rsrp=-98|rsrq=-16|snr=2,rsrp=-98|rsrq=-16,-98,-16,2,ploss=0|noise_power_dB=-5,0,-5,-99.5865277778,-10.5380305556,6.36910277778,1.5865277778,True,5.4619694444,False,1.96697128101,False,False,6,3,0.00201545179711
rsrp=-98|rsrq=-15|snr=5,rsrp=-98|rsrq=-15,-98,-15,5,ploss=0|noise_power_dB=-5,0,-5,-99.5865277778,-10.5380305556,6.36910277778,1.5865277778,True,4.4619694444,False,1.62125989873,False,False,6,2,0.00201545179711
rsrp=-98|rsrq=-14|snr=3,rsrp=-98|rsrq=-14,-98,-14,3,ploss=0|noise_power_dB=-5,0,-5,-99.5865277778,-10.5380305556,6.36910277778,1.5865277778,True,3.4619694444,False,1.27984034087,False,False,6,3,0.00201545179711
rsrp=-98|rsrq=-14|snr=7,rsrp=-98|rsrq=-14,-98,-14,7,ploss=0|noise_power_dB=-5,0,-5,-99.5865277778,-10.5380305556,6.36910277778,1.5865277778,True,3.4619694444,False,1.27984034087,False,False,6,3,0.00201545179711
rsrp=-98|rsrq=-13|snr=-1,rsrp=-98|rsrq=-13,-98,-13,-1,ploss=0|noise_power_dB=-5,0,-5,-99.5865277778,-10.5380305556,6.36910277778,1.5865277778,True,2.4619694444,False,0.947364205055,False,False,6,2,0.00201545179711
rsrp=-98|rsrq=-12|snr=3,rsrp=-98|rsrq=-12,-98,-12,3,ploss=0|noise_power_dB=-5,0,-5,-99.5865277778,-10.5380305556,6.36910277778,1.5865277778,True,1.4619694444,True,0.637970670109,True,False,6,3,0.00201545179711
rsrp=-98|rsrq=-12|snr=5,rsrp=-98|rsrq=-12,-98,-12,5,ploss=0|noise_power_dB=-5,0,-5,-99.5865277778,-10.5380305556,6.36910277778,1.5865277778,True,1.4619694444,True,0.637970670109,True,False,6,2,0.00201545179711
rsrp=-98|rsrq=-12|snr=9,rsrp=-98|rsrq=-12,-98,-12,9,ploss=0|noise_power_dB=-5,0,-5,-99.5865277778,-10.5380305556,6.36910277778,1.5865277778,True,1.4619694444,True,0.637970670109,True,False,6,3,0.00201545179711
rsrp=-98|rsrq=-11|snr=-1,rsrp=-98|rsrq=-11,-98,-11,-1,ploss=0|noise_power_dB=-5,0,-5,-99.5865277778,-10.5380305556,6.36910277778,1.5865277778,True,0.4619694444,True,0.408061533128,True,False,6,3,0.00201545179711
rsrp=-98|rsrq=-11|snr=8,rsrp=-98|rsrq=-11,-98,-11,8,ploss=0|noise_power_dB=-5,0,-5,-99.5865277778,-10.5380305556,6.36910277778,1.5865277778,True,0.4619694444,True,0.408061533128,True,False,6,2,0.00201545179711
rsrp=-97|rsrq=-14|snr=-1,rsrp=-97|rsrq=-14,-97,-14,-1,ploss=0|noise_power_dB=-5,0,-5,-99.5865277778,-10.5380305556,6.36910277778,2.5865277778,True,3.4619694444,False,1.36741643908,False,False,6,2,0.00201545179711
rsrp=-97|rsrq=-14|snr=6,rsrp=-97|rsrq=-14,-97,-14,6,ploss=0|noise_power_dB=-5,0,-5,-99.5865277778,-10.5380305556,6.36910277778,2.5865277778,True,3.4619694444,False,1.36741643908,False,False,6,2,0.00201545179711
rsrp=-97|rsrq=-12|snr=4,rsrp=-97|rsrq=-12,-97,-12,4,ploss=0|noise_power_dB=-5,0,-5,-99.5865277778,-10.5380305556,6.36910277778,2.5865277778,True,1.4619694444,True,0.79927654518,True,False,6,2,0.00201545179711
rsrp=-96|rsrq=-16|snr=5,rsrp=-96|rsrq=-16,-96,-16,5,ploss=0|noise_power_dB=-5,0,-5,-99.5865277778,-10.5380305556,6.36910277778,3.5865277778,False,5.4619694444,False,2.10802276338,False,False,6,2,0.00201545179711
rsrp=-96|rsrq=-15|snr=4,rsrp=-96|rsrq=-15,-96,-15,4,ploss=0|noise_power_dB=-5,0,-5,-99.5865277778,-10.5380305556,6.36910277778,3.5865277778,False,4.4619694444,False,1.78976747368,False,False,6,2,0.00201545179711
rsrp=-93|rsrq=-16|snr=-3,rsrp=-93|rsrq=-16,-93,-16,-3,ploss=0|noise_power_dB=-5,0,-5,-99.5865277778,-10.5380305556,6.36910277778,6.5865277778,False,5.4619694444,False,2.47775487694,False,False,6,2,0.00201545179711
rsrp=-93|rsrq=-14|snr=0,rsrp=-93|rsrq=-14,-93,-14,0,ploss=0|noise_power_dB=-5,0,-5,-99.5865277778,-10.5380305556,6.36910277778,6.5865277778,False,3.4619694444,False,1.97693816494,False,False,6,2,0.00201545179711
rsrp=-92|rsrq=-14|snr=-6,rsrp=-92|rsrq=-14,-92,-14,-6,ploss=0|noise_power_dB=-5,0,-5,-99.5865277778,-10.5380305556,6.36910277778,7.5865277778,False,3.4619694444,False,2.16695096468,False,False,6,1,0.00201545179711
rsrp=-92|rsrq=-13|snr=1,rsrp=-92|rsrq=-13,-92,-13,1,ploss=0|noise_power_dB=-5,0,-5,-99.5865277778,-10.5380305556,6.36910277778,7.5865277778,False,2.4619694444,False,1.98876447128,False,False,6,3,0.00201545179711
rsrp=-91|rsrq=-13|snr=0,rsrp=-91|rsrq=-13,-91,-13,0,ploss=0|noise_power_dB=-5,0,-5,-99.5865277778,-10.5380305556,6.36910277778,8.5865277778,False,2.4619694444,False,2.20310853311,False,False,6,2,0.00201545179711
rsrp=-91|rsrq=-13|snr=1,rsrp=-91|rsrq=-13,-91,-13,1,ploss=0|noise_power_dB=-5,0,-5,-99.5865277778,-10.5380305556,6.36910277778,8.5865277778,False,2.4619694444,False,2.20310853311,False,False,6,2,0.00201545179711
rsrp=-91|rsrq=-12|snr=1,rsrp=-91|rsrq=-12,-91,-12,1,ploss=0|noise_power_dB=-5,0,-5,-99.5865277778,-10.5380305556,6.36910277778,8.5865277778,False,1.4619694444,True,2.08882618893,False,False,6,1,0.00201545179711
rsrp=-90|rsrq=-15|snr=-1,rsrp=-90|rsrq=-15,-90,-15,-1,ploss=0|noise_power_dB=-5,0,-5,-99.5865277778,-10.5380305556,6.36910277778,9.5865277778,False,4.4619694444,False,2.75577323602,False,False,6,2,0.00201545179711
rsrp=-90|rsrq=-14|snr=-8,rsrp=-90|rsrq=-14,-90,-14,-8,ploss=0|noise_power_dB=-5,0,-5,-99.5865277778,-10.5380305556,6.36910277778,9.5865277778,False,3.4619694444,False,2.56978477061,False,False,6,3,0.00201545179711
rsrp=-90|rsrq=-12|snr=-1,rsrp=-90|rsrq=-12,-90,-12,-1,ploss=0|noise_power_dB=-5,0,-5,-99.5865277778,-10.5380305556,6.36910277778,9.5865277778,False,1.4619694444,True,2.31793206222,False,False,6,3,0.00201545179711
rsrp=-90|rsrq=-12|snr=2,rsrp=-90|rsrq=-12,-90,-12,2,ploss=0|noise_power_dB=-5,0,-5,-99.5865277778,-10.5380305556,6.36910277778,9.5865277778,False,1.4619694444,True,2.31793206222,False,False,6,1,0.00201545179711
rsrp=-81|rsrq=-11|snr=2,rsrp=-81|rsrq=-11,-81,-11,2,ploss=0|noise_power_dB=-5,0,-5,-99.5865277778,-10.5380305556,6.36910277778,18.5865277778,False,0.4619694444,True,4.38393025284,False,False,6,1,0.00201545179711
rsrp=-81|rsrq=-10|snr=2,rsrp=-81|rsrq=-10,-81,-10,2,ploss=0|noise_power_dB=-5,0,-5,-99.5865277778,-10.5380305556,6.36910277778,18.5865277778,False,0.5380305556,True,4.38501449264,False,False,6,1,0.00201545179711
rsrp=-80|rsrq=-11|snr=0,rsrp=-80|rsrq=-11,-80,-11,0,ploss=0|noise_power_dB=-5,0,-5,-99.5865277778,-10.5380305556,6.36910277778,19.5865277778,False,0.4619694444,True,4.6194772183,False,False,6,1,0.00201545179711
rsrp=-80|rsrq=-11|snr=1,rsrp=-80|rsrq=-11,-80,-11,1,ploss=0|noise_power_dB=-5,0,-5,-99.5865277778,-10.5380305556,6.36910277778,19.5865277778,False,0.4619694444,True,4.6194772183,False,False,6,1,0.00201545179711
rsrp=-80|rsrq=-10|snr=3,rsrp=-80|rsrq=-10,-80,-10,3,ploss=0|noise_power_dB=-5,0,-5,-99.5865277778,-10.5380305556,6.36910277778,19.5865277778,False,0.5380305556,True,4.6205061854,False,False,6,1,0.00201545179711
rsrp=-104|rsrq=-14|snr=-4,rsrp=-104|rsrq=-14,-104,-14,-4,ploss=0|noise_power_dB=-10,0,-10,-107.990297222,-10.5249111111,8.35522777778,3.990297222,False,3.4750888889,False,1.54729186696,False,False,5,2,0.00167954316426
rsrp=-102|rsrq=-17|snr=1,rsrp=-102|rsrq=-17,-102,-17,1,ploss=0|noise_power_dB=-5,0,-5,-99.5865277778,-10.5380305556,6.36910277778,2.4134722222,True,6.4619694444,False,2.35440731682,False,False,5,2,0.00167954316426
rsrp=-102|rsrq=-14|snr=0,rsrp=-102|rsrq=-14,-102,-14,0,ploss=0|noise_power_dB=-5,0,-5,-99.5865277778,-10.5380305556,6.36910277778,2.4134722222,True,3.4619694444,False,1.34972468682,False,False,5,3,0.00167954316426
rsrp=-100|rsrq=-14|snr=6,rsrp=-100|rsrq=-14,-100,-14,6,ploss=0|noise_power_dB=-5,0,-5,-99.5865277778,-10.5380305556,6.36910277778,0.4134722222,True,3.4619694444,False,1.22786472868,False,False,5,1,0.00167954316426
rsrp=-99|rsrq=-10|snr=2,rsrp=-99|rsrq=-10,-99,-10,2,ploss=0|noise_power_dB=-5,0,-5,-99.5865277778,-10.5380305556,6.36910277778,0.5865277778,True,0.5380305556,True,0.235152174292,True,False,5,2,0.00167954316426
rsrp=-98|rsrq=-17|snr=4,rsrp=-98|rsrq=-17,-98,-17,4,ploss=0|noise_power_dB=-5,0,-5,-99.5865277778,-10.5380305556,6.36910277778,1.5865277778,True,6.4619694444,False,2.31505256558,False,False,5,2,0.00167954316426
rsrp=-98|rsrq=-15|snr=6,rsrp=-98|rsrq=-15,-98,-15,6,ploss=0|noise_power_dB=-5,0,-5,-99.5865277778,-10.5380305556,6.36910277778,1.5865277778,True,4.4619694444,False,1.62125989873,False,False,5,2,0.00167954316426
rsrp=-97|rsrq=-16|snr=4,rsrp=-97|rsrq=-16,-97,-16,4,ploss=0|noise_power_dB=-5,0,-5,-99.5865277778,-10.5380305556,6.36910277778,2.5865277778,True,5.4619694444,False,2.02504628097,False,False,5,1,0.00167954316426
rsrp=-89|rsrq=-11|snr=1,rsrp=-89|rsrq=-11,-89,-11,1,ploss=0|noise_power_dB=-5,0,-5,-99.5865277778,-10.5380305556,6.36910277778,10.5865277778,False,0.4619694444,True,2.50060832451,False,False,5,1,0.00167954316426
rsrp=-105|rsrq=-16|snr=-2,rsrp=-105|rsrq=-16,-105,-16,-2,ploss=0|noise_power_dB=-10,0,-10,-107.990297222,-10.5249111111,8.35522777778,2.990297222,True,5.4750888889,False,2.06005965048,False,False,4,2,0.00134363453141
rsrp=-105|rsrq=-14|snr=0,rsrp=-105|rsrq=-14,-105,-14,0,ploss=0|noise_power_dB=-10,0,-10,-107.990297222,-10.5249111111,8.35522777778,2.990297222,True,3.4750888889,False,1.41643966306,False,False,4,2,0.00134363453141
rsrp=-104|rsrq=-19|snr=1,rsrp=-104|rsrq=-19,-104,-19,1,ploss=0|noise_power_dB=-10,0,-10,-107.990297222,-10.5249111111,8.35522777778,3.990297222,False,8.4750888889,False,3.14053709303,False,False,4,1,0.00134363453141
rsrp=-104|rsrq=-18|snr=1,rsrp=-104|rsrq=-18,-104,-18,1,ploss=0|noise_power_dB=-10,0,-10,-107.990297222,-10.5249111111,8.35522777778,3.990297222,False,7.4750888889,False,2.8052096197,False,False,4,1,0.00134363453141
rsrp=-104|rsrq=-17|snr=-3,rsrp=-104|rsrq=-17,-104,-17,-3,ploss=0|noise_power_dB=-10,0,-10,-107.990297222,-10.5249111111,8.35522777778,3.990297222,False,6.4750888889,False,2.47496036094,False,False,4,1,0.00134363453141
rsrp=-104|rsrq=-17|snr=0,rsrp=-104|rsrq=-17,-104,-17,0,ploss=0|noise_power_dB=-10,0,-10,-107.990297222,-10.5249111111,8.35522777778,3.990297222,False,6.4750888889,False,2.47496036094,False,False,4,1,0.00134363453141
rsrp=-104|rsrq=-13|snr=2,rsrp=-104|rsrq=-13,-104,-13,2,ploss=0|noise_power_dB=-10,0,-10,-107.990297222,-10.5249111111,8.35522777778,3.990297222,False,2.4750888889,False,1.28465555669,False,False,4,2,0.00134363453141
rsrp=-104|rsrq=-13|snr=4,rsrp=-104|rsrq=-13,-104,-13,4,ploss=0|noise_power_dB=-10,0,-10,-107.990297222,-10.5249111111,8.35522777778,3.990297222,False,2.4750888889,False,1.28465555669,False,False,4,2,0.00134363453141
rsrp=-104|rsrq=-12|snr=-2,rsrp=-104|rsrq=-12,-104,-12,-2,ploss=0|noise_power_dB=-10,0,-10,-107.990297222,-10.5249111111,8.35522777778,3.990297222,False,1.4750888889,True,1.07543836509,False,False,4,1,0.00134363453141
rsrp=-104|rsrq=-12|snr=1,rsrp=-104|rsrq=-12,-104,-12,1,ploss=0|noise_power_dB=-10,0,-10,-107.990297222,-10.5249111111,8.35522777778,3.990297222,False,1.4750888889,True,1.07543836509,False,False,4,2,0.00134363453141
rsrp=-104|rsrq=-12|snr=3,rsrp=-104|rsrq=-12,-104,-12,3,ploss=0|noise_power_dB=-10,0,-10,-107.990297222,-10.5249111111,8.35522777778,3.990297222,False,1.4750888889,True,1.07543836509,False,False,4,2,0.00134363453141
rsrp=-103|rsrq=-16|snr=-1,rsrp=-103|rsrq=-16,-103,-16,-1,ploss=0|noise_power_dB=-5,0,-5,-99.5865277778,-10.5380305556,6.36910277778,3.4134722222,False,5.4619694444,False,2.09199918456,False,False,4,2,0.00134363453141
rsrp=-103|rsrq=-16|snr=4,rsrp=-103|rsrq=-16,-103,-16,4,ploss=0|noise_power_dB=-5,0,-5,-99.5865277778,-10.5380305556,6.36910277778,3.4134722222,False,5.4619694444,False,2.09199918456,False,False,4,1,0.00134363453141
rsrp=-103|rsrq=-15|snr=2,rsrp=-103|rsrq=-15,-103,-15,2,ploss=0|noise_power_dB=-5,0,-5,-99.5865277778,-10.5380305556,6.36910277778,3.4134722222,False,4.4619694444,False,1.77086651872,False,False,4,2,0.00134363453141
rsrp=-103|rsrq=-14|snr=-1,rsrp=-103|rsrq=-14,-103,-14,-1,ploss=0|noise_power_dB=-5,0,-5,-99.5865277778,-10.5380305556,6.36910277778,3.4134722222,False,3.4619694444,False,1.46474430055,False,False,4,1,0.00134363453141
rsrp=-103|rsrq=-13|snr=1,rsrp=-103|rsrq=-13,-103,-13,1,ploss=0|noise_power_dB=-5,0,-5,-99.5865277778,-10.5380305556,6.36910277778,3.4134722222,False,2.4619694444,False,1.18532000106,False,False,4,2,0.00134363453141
rsrp=-103|rsrq=-13|snr=3,rsrp=-103|rsrq=-13,-103,-13,3,ploss=0|noise_power_dB=-5,0,-5,-99.5865277778,-10.5380305556,6.36910277778,3.4134722222,False,2.4619694444,False,1.18532000106,False,False,4,2,0.00134363453141
rsrp=-103|rsrq=-12|snr=-3,rsrp=-103|rsrq=-12,-103,-12,-3,ploss=0|noise_power_dB=-5,0,-5,-99.5865277778,-10.5380305556,6.36910277778,3.4134722222,False,1.4619694444,True,0.956290303102,False,False,4,2,0.00134363453141
rsrp=-103|rsrq=-12|snr=0,rsrp=-103|rsrq=-12,-103,-12,0,ploss=0|noise_power_dB=-5,0,-5,-99.5865277778,-10.5380305556,6.36910277778,3.4134722222,False,1.4619694444,True,0.956290303102,False,False,4,2,0.00134363453141
rsrp=-103|rsrq=-12|snr=1,rsrp=-103|rsrq=-12,-103,-12,1,ploss=0|noise_power_dB=-5,0,-5,-99.5865277778,-10.5380305556,6.36910277778,3.4134722222,False,1.4619694444,True,0.956290303102,False,False,4,1,0.00134363453141
rsrp=-103|rsrq=-12|snr=2,rsrp=-103|rsrq=-12,-103,-12,2,ploss=0|noise_power_dB=-5,0,-5,-99.5865277778,-10.5380305556,6.36910277778,3.4134722222,False,1.4619694444,True,0.956290303102,False,False,4,2,0.00134363453141
rsrp=-103|rsrq=-11|snr=-4,rsrp=-103|rsrq=-11,-103,-11,-4,ploss=0|noise_power_dB=-5,0,-5,-99.5865277778,-10.5380305556,6.36910277778,3.4134722222,False,0.4619694444,True,0.820974288701,False,False,4,2,0.00134363453141
rsrp=-103|rsrq=-11|snr=2,rsrp=-103|rsrq=-11,-103,-11,2,ploss=0|noise_power_dB=-5,0,-5,-99.5865277778,-10.5380305556,6.36910277778,3.4134722222,False,0.4619694444,True,0.820974288701,False,False,4,2,0.00134363453141
rsrp=-103|rsrq=-11|snr=5,rsrp=-103|rsrq=-11,-103,-11,5,ploss=0|noise_power_dB=-5,0,-5,-99.5865277778,-10.5380305556,6.36910277778,3.4134722222,False,0.4619694444,True,0.820974288701,False,False,4,2,0.00134363453141
rsrp=-103|rsrq=-9|snr=5,rsrp=-103|rsrq=-9,-103,-9,5,ploss=0|noise_power_dB=-5,0,-5,-99.5865277778,-10.5380305556,6.36910277778,3.4134722222,False,1.5380305556,True,0.971089110488,False,False,4,1,0.00134363453141
rsrp=-102|rsrq=-16|snr=1,rsrp=-102|rsrq=-16,-102,-16,1,ploss=0|noise_power_dB=-5,0,-5,-99.5865277778,-10.5380305556,6.36910277778,2.4134722222,True,5.4619694444,False,2.01314218385,False,False,4,2,0.00134363453141
rsrp=-102|rsrq=-15|snr=0,rsrp=-102|rsrq=-15,-102,-15,0,ploss=0|noise_power_dB=-5,0,-5,-99.5865277778,-10.5380305556,6.36910277778,2.4134722222,True,4.4619694444,False,1.67697617494,False,False,4,1,0.00134363453141
rsrp=-102|rsrq=-15|snr=2,rsrp=-102|rsrq=-15,-102,-15,2,ploss=0|noise_power_dB=-5,0,-5,-99.5865277778,-10.5380305556,6.36910277778,2.4134722222,True,4.4619694444,False,1.67697617494,False,False,4,2,0.00134363453141
rsrp=-102|rsrq=-12|snr=0,rsrp=-102|rsrq=-12,-102,-12,0,ploss=0|noise_power_dB=-5,0,-5,-99.5865277778,-10.5380305556,6.36910277778,2.4134722222,True,1.4619694444,True,0.768616944913,True,False,4,2,0.00134363453141
rsrp=-102|rsrq=-12|snr=5,rsrp=-102|rsrq=-12,-102,-12,5,ploss=0|noise_power_dB=-5,0,-5,-99.5865277778,-10.5380305556,6.36910277778,2.4134722222,True,1.4619694444,True,0.768616944913,True,False,4,2,0.00134363453141
rsrp=-102|rsrq=-12|snr=6,rsrp=-102|rsrq=-12,-102,-12,6,ploss=0|noise_power_dB=-5,0,-5,-99.5865277778,-10.5380305556,6.36910277778,2.4134722222,True,1.4619694444,True,0.768616944913,True,False,4,2,0.00134363453141
rsrp=-102|rsrq=-11|snr=4,rsrp=-102|rsrq=-11,-102,-11,4,ploss=0|noise_power_dB=-5,0,-5,-99.5865277778,-10.5380305556,6.36910277778,2.4134722222,True,0.4619694444,True,0.591844275893,True,False,4,2,0.00134363453141
rsrp=-102|rsrq=-11|snr=6,rsrp=-102|rsrq=-11,-102,-11,6,ploss=0|noise_power_dB=-5,0,-5,-99.5865277778,-10.5380305556,6.36910277778,2.4134722222,True,0.4619694444,True,0.591844275893,True,False,4,1,0.00134363453141
rsrp=-102|rsrq=-10|snr=8,rsrp=-102|rsrq=-10,-102,-10,8,ploss=0|noise_power_dB=-5,0,-5,-99.5865277778,-10.5380305556,6.36910277778,2.4134722222,True,0.5380305556,True,0.599822711981,True,False,4,2,0.00134363453141
rsrp=-101|rsrq=-17|snr=2,rsrp=-101|rsrq=-17,-101,-17,2,ploss=0|noise_power_dB=-5,0,-5,-99.5865277778,-10.5380305556,6.36910277778,1.4134722222,True,6.4619694444,False,2.30881480176,False,False,4,2,0.00134363453141
rsrp=-101|rsrq=-17|snr=5,rsrp=-101|rsrq=-17,-101,-17,5,ploss=0|noise_power_dB=-5,0,-5,-99.5865277778,-10.5380305556,6.36910277778,1.4134722222,True,6.4619694444,False,2.30881480176,False,False,4,2,0.00134363453141
rsrp=-101|rsrq=-16|snr=1,rsrp=-101|rsrq=-16,-101,-16,1,ploss=0|noise_power_dB=-5,0,-5,-99.5865277778,-10.5380305556,6.36910277778,1.4134722222,True,5.4619694444,False,1.9596258387,False,False,4,1,0.00134363453141
rsrp=-101|rsrq=-16|snr=2,rsrp=-101|rsrq=-16,-101,-16,2,ploss=0|noise_power_dB=-5,0,-5,-99.5865277778,-10.5380305556,6.36910277778,1.4134722222,True,5.4619694444,False,1.9596258387,False,False,4,2,0.00134363453141
rsrp=-101|rsrq=-16|snr=6,rsrp=-101|rsrq=-16,-101,-16,6,ploss=0|noise_power_dB=-5,0,-5,-99.5865277778,-10.5380305556,6.36910277778,1.4134722222,True,5.4619694444,False,1.9596258387,False,False,4,2,0.00134363453141
rsrp=-101|rsrq=-15|snr=-3,rsrp=-101|rsrq=-15,-101,-15,-3,ploss=0|noise_power_dB=-5,0,-5,-99.5865277778,-10.5380305556,6.36910277778,1.4134722222,True,4.4619694444,False,1.6123402453,False,False,4,2,0.00134363453141
rsrp=-101|rsrq=-15|snr=-2,rsrp=-101|rsrq=-15,-101,-15,-2,ploss=0|noise_power_dB=-5,0,-5,-99.5865277778,-10.5380305556,6.36910277778,1.4134722222,True,4.4619694444,False,1.6123402453,False,False,4,2,0.00134363453141
rsrp=-101|rsrq=-15|snr=9,rsrp=-101|rsrq=-15,-101,-15,9,ploss=0|noise_power_dB=-5,0,-5,-99.5865277778,-10.5380305556,6.36910277778,1.4134722222,True,4.4619694444,False,1.6123402453,False,False,4,2,0.00134363453141
rsrp=-101|rsrq=-14|snr=-4,rsrp=-101|rsrq=-14,-101,-14,-4,ploss=0|noise_power_dB=-5,0,-5,-99.5865277778,-10.5380305556,6.36910277778,1.4134722222,True,3.4619694444,False,1.26852225267,False,False,4,2,0.00134363453141
rsrp=-101|rsrq=-14|snr=2,rsrp=-101|rsrq=-14,-101,-14,2,ploss=0|noise_power_dB=-5,0,-5,-99.5865277778,-10.5380305556,6.36910277778,1.4134722222,True,3.4619694444,False,1.26852225267,False,False,4,2,0.00134363453141
rsrp=-101|rsrq=-13|snr=-4,rsrp=-101|rsrq=-13,-101,-13,-4,ploss=0|noise_power_dB=-5,0,-5,-99.5865277778,-10.5380305556,6.36910277778,1.4134722222,True,2.4619694444,False,0.932017351995,False,False,4,1,0.00134363453141
rsrp=-101|rsrq=-13|snr=2,rsrp=-101|rsrq=-13,-101,-13,2,ploss=0|noise_power_dB=-5,0,-5,-99.5865277778,-10.5380305556,6.36910277778,1.4134722222,True,2.4619694444,False,0.932017351995,False,False,4,2,0.00134363453141
rsrp=-101|rsrq=-13|snr=3,rsrp=-101|rsrq=-13,-101,-13,3,ploss=0|noise_power_dB=-5,0,-5,-99.5865277778,-10.5380305556,6.36910277778,1.4134722222,True,2.4619694444,False,0.932017351995,False,False,4,2,0.00134363453141
rsrp=-101|rsrq=-13|snr=4,rsrp=-101|rsrq=-13,-101,-13,4,ploss=0|noise_power_dB=-5,0,-5,-99.5865277778,-10.5380305556,6.36910277778,1.4134722222,True,2.4619694444,False,0.932017351995,False,False,4,1,0.00134363453141
rsrp=-101|rsrq=-13|snr=6,rsrp=-101|rsrq=-13,-101,-13,6,ploss=0|noise_power_dB=-5,0,-5,-99.5865277778,-10.5380305556,6.36910277778,1.4134722222,True,2.4619694444,False,0.932017351995,False,False,4,2,0.00134363453141
rsrp=-101|rsrq=-13|snr=7,rsrp=-101|rsrq=-13,-101,-13,7,ploss=0|noise_power_dB=-5,0,-5,-99.5865277778,-10.5380305556,6.36910277778,1.4134722222,True,2.4619694444,False,0.932017351995,False,False,4,2,0.00134363453141
rsrp=-101|rsrq=-12|snr=-3,rsrp=-101|rsrq=-12,-101,-12,-3,ploss=0|noise_power_dB=-5,0,-5,-99.5865277778,-10.5380305556,6.36910277778,1.4134722222,True,1.4619694444,True,0.614950390941,True,False,4,2,0.00134363453141
rsrp=-101|rsrq=-12|snr=4,rsrp=-101|rsrq=-12,-101,-12,4,ploss=0|noise_power_dB=-5,0,-5,-99.5865277778,-10.5380305556,6.36910277778,1.4134722222,True,1.4619694444,True,0.614950390941,True,False,4,1,0.00134363453141
rsrp=-101|rsrq=-12|snr=6,rsrp=-101|rsrq=-12,-101,-12,6,ploss=0|noise_power_dB=-5,0,-5,-99.5865277778,-10.5380305556,6.36910277778,1.4134722222,True,1.4619694444,True,0.614950390941,True,False,4,2,0.00134363453141
rsrp=-101|rsrq=-11|snr=-1,rsrp=-101|rsrq=-11,-101,-11,-1,ploss=0|noise_power_dB=-5,0,-5,-99.5865277778,-10.5380305556,6.36910277778,1.4134722222,True,0.4619694444,True,0.371041267542,True,False,4,2,0.00134363453141
rsrp=-101|rsrq=-11|snr=0,rsrp=-101|rsrq=-11,-101,-11,0,ploss=0|noise_power_dB=-5,0,-5,-99.5865277778,-10.5380305556,6.36910277778,1.4134722222,True,0.4619694444,True,0.371041267542,True,False,4,1,0.00134363453141
rsrp=-101|rsrq=-11|snr=1,rsrp=-101|rsrq=-11,-101,-11,1,ploss=0|noise_power_dB=-5,0,-5,-99.5865277778,-10.5380305556,6.36910277778,1.4134722222,True,0.4619694444,True,0.371041267542,True,False,4,2,0.00134363453141
rsrp=-101|rsrq=-10|snr=4,rsrp=-101|rsrq=-10,-101,-10,4,ploss=0|noise_power_dB=-5,0,-5,-99.5865277778,-10.5380305556,6.36910277778,1.4134722222,True,0.5380305556,True,0.38363949369,True,False,4,2,0.00134363453141
rsrp=-100|rsrq=-17|snr=1,rsrp=-100|rsrq=-17,-100,-17,1,ploss=0|noise_power_dB=-5,0,-5,-99.5865277778,-10.5380305556,6.36910277778,0.4134722222,True,6.4619694444,False,2.28672885914,False,False,4,1,0.00134363453141
rsrp=-100|rsrq=-17|snr=2,rsrp=-100|rsrq=-17,-100,-17,2,ploss=0|noise_power_dB=-5,0,-5,-99.5865277778,-10.5380305556,6.36910277778,0.4134722222,True,6.4619694444,False,2.28672885914,False,False,4,2,0.00134363453141
rsrp=-100|rsrq=-16|snr=0,rsrp=-100|rsrq=-16,-100,-16,0,ploss=0|noise_power_dB=-5,0,-5,-99.5865277778,-10.5380305556,6.36910277778,0.4134722222,True,5.4619694444,False,1.93355540757,False,False,4,2,0.00134363453141
rsrp=-100|rsrq=-16|snr=5,rsrp=-100|rsrq=-16,-100,-16,5,ploss=0|noise_power_dB=-5,0,-5,-99.5865277778,-10.5380305556,6.36910277778,0.4134722222,True,5.4619694444,False,1.93355540757,False,False,4,1,0.00134363453141
rsrp=-100|rsrq=-16|snr=7,rsrp=-100|rsrq=-16,-100,-16,7,ploss=0|noise_power_dB=-5,0,-5,-99.5865277778,-10.5380305556,6.36910277778,0.4134722222,True,5.4619694444,False,1.93355540757,False,False,4,1,0.00134363453141
rsrp=-100|rsrq=-15|snr=-2,rsrp=-100|rsrq=-15,-100,-15,-2,ploss=0|noise_power_dB=-5,0,-5,-99.5865277778,-10.5380305556,6.36910277778,0.4134722222,True,4.4619694444,False,1.58055185079,False,False,4,2,0.00134363453141
rsrp=-100|rsrq=-15|snr=-1,rsrp=-100|rsrq=-15,-100,-15,-1,ploss=0|noise_power_dB=-5,0,-5,-99.5865277778,-10.5380305556,6.36910277778,0.4134722222,True,4.4619694444,False,1.58055185079,False,False,4,2,0.00134363453141
rsrp=-100|rsrq=-15|snr=1,rsrp=-100|rsrq=-15,-100,-15,1,ploss=0|noise_power_dB=-5,0,-5,-99.5865277778,-10.5380305556,6.36910277778,0.4134722222,True,4.4619694444,False,1.58055185079,False,False,4,1,0.00134363453141
rsrp=-100|rsrq=-15|snr=3,rsrp=-100|rsrq=-15,-100,-15,3,ploss=0|noise_power_dB=-5,0,-5,-99.5865277778,-10.5380305556,6.36910277778,0.4134722222,True,4.4619694444,False,1.58055185079,False,False,4,1,0.00134363453141
rsrp=-100|rsrq=-15|snr=6,rsrp=-100|rsrq=-15,-100,-15,6,ploss=0|noise_power_dB=-5,0,-5,-99.5865277778,-10.5380305556,6.36910277778,0.4134722222,True,4.4619694444,False,1.58055185079,False,False,4,1,0.00134363453141
rsrp=-100|rsrq=-14|snr=-3,rsrp=-100|rsrq=-14,-100,-14,-3,ploss=0|noise_power_dB=-5,0,-5,-99.5865277778,-10.5380305556,6.36910277778,0.4134722222,True,3.4619694444,False,1.22786472868,False,False,4,2,0.00134363453141
rsrp=-100|rsrq=-14|snr=-1,rsrp=-100|rsrq=-14,-100,-14,-1,ploss=0|noise_power_dB=-5,0,-5,-99.5865277778,-10.5380305556,6.36910277778,0.4134722222,True,3.4619694444,False,1.22786472868,False,False,4,2,0.00134363453141
rsrp=-100|rsrq=-14|snr=0,rsrp=-100|rsrq=-14,-100,-14,0,ploss=0|noise_power_dB=-5,0,-5,-99.5865277778,-10.5380305556,6.36910277778,0.4134722222,True,3.4619694444,False,1.22786472868,False,False,4,2,0.00134363453141
rsrp=-100|rsrq=-14|snr=1,rsrp=-100|rsrq=-14,-100,-14,1,ploss=0|noise_power_dB=-5,0,-5,-99.5865277778,-10.5380305556,6.36910277778,0.4134722222,True,3.4619694444,False,1.22786472868,False,False,4,2,0.00134363453141
rsrp=-100|rsrq=-14|snr=8,rsrp=-100|rsrq=-14,-100,-14,8,ploss=0|noise_power_dB=-5,0,-5,-99.5865277778,-10.5380305556,6.36910277778,0.4134722222,True,3.4619694444,False,1.22786472868,False,False,4,2,0.00134363453141
rsrp=-100|rsrq=-13|snr=-1,rsrp=-100|rsrq=-13,-100,-13,-1,ploss=0|noise_power_dB=-5,0,-5,-99.5865277778,-10.5380305556,6.36910277778,0.4134722222,True,2.4619694444,False,0.875876378744,False,False,4,2,0.00134363453141
rsrp=-100|rsrq=-13|snr=2,rsrp=-100|rsrq=-13,-100,-13,2,ploss=0|noise_power_dB=-5,0,-5,-99.5865277778,-10.5380305556,6.36910277778,0.4134722222,True,2.4619694444,False,0.875876378744,False,False,4,1,0.00134363453141
rsrp=-100|rsrq=-12|snr=-2,rsrp=-100|rsrq=-12,-100,-12,-2,ploss=0|noise_power_dB=-5,0,-5,-99.5865277778,-10.5380305556,6.36910277778,0.4134722222,True,1.4619694444,True,0.525991511092,True,False,4,2,0.00134363453141
rsrp=-100|rsrq=-12|snr=6,rsrp=-100|rsrq=-12,-100,-12,6,ploss=0|noise_power_dB=-5,0,-5,-99.5865277778,-10.5380305556,6.36910277778,0.4134722222,True,1.4619694444,True,0.525991511092,True,False,4,2,0.00134363453141
rsrp=-100|rsrq=-12|snr=7,rsrp=-100|rsrq=-12,-100,-12,7,ploss=0|noise_power_dB=-5,0,-5,-99.5865277778,-10.5380305556,6.36910277778,0.4134722222,True,1.4619694444,True,0.525991511092,True,False,4,2,0.00134363453141
rsrp=-100|rsrq=-11|snr=-2,rsrp=-100|rsrq=-11,-100,-11,-2,ploss=0|noise_power_dB=-5,0,-5,-99.5865277778,-10.5380305556,6.36910277778,0.4134722222,True,0.4619694444,True,0.190196500076,True,False,4,2,0.00134363453141
rsrp=-100|rsrq=-11|snr=-1,rsrp=-100|rsrq=-11,-100,-11,-1,ploss=0|noise_power_dB=-5,0,-5,-99.5865277778,-10.5380305556,6.36910277778,0.4134722222,True,0.4619694444,True,0.190196500076,True,False,4,2,0.00134363453141
rsrp=-100|rsrq=-11|snr=2,rsrp=-100|rsrq=-11,-100,-11,2,ploss=0|noise_power_dB=-5,0,-5,-99.5865277778,-10.5380305556,6.36910277778,0.4134722222,True,0.4619694444,True,0.190196500076,True,False,4,1,0.00134363453141
rsrp=-100|rsrq=-11|snr=6,rsrp=-100|rsrq=-11,-100,-11,6,ploss=0|noise_power_dB=-5,0,-5,-99.5865277778,-10.5380305556,6.36910277778,0.4134722222,True,0.4619694444,True,0.190196500076,True,False,4,2,0.00134363453141
rsrp=-100|rsrq=-11|snr=10,rsrp=-100|rsrq=-11,-100,-11,10,ploss=0|noise_power_dB=-5,0,-5,-99.5865277778,-10.5380305556,6.36910277778,0.4134722222,True,0.4619694444,True,0.190196500076,True,False,4,2,0.00134363453141
rsrp=-100|rsrq=-10|snr=-1,rsrp=-100|rsrq=-10,-100,-10,-1,ploss=0|noise_power_dB=-5,0,-5,-99.5865277778,-10.5380305556,6.36910277778,0.4134722222,True,0.5380305556,True,0.213734291917,True,False,4,1,0.00134363453141
rsrp=-100|rsrq=-10|snr=8,rsrp=-100|rsrq=-10,-100,-10,8,ploss=0|noise_power_dB=-5,0,-5,-99.5865277778,-10.5380305556,6.36910277778,0.4134722222,True,0.5380305556,True,0.213734291917,True,False,4,2,0.00134363453141
rsrp=-99|rsrq=-17|snr=2,rsrp=-99|rsrq=-17,-99,-17,2,ploss=0|noise_power_dB=-5,0,-5,-99.5865277778,-10.5380305556,6.36910277778,0.5865277778,True,6.4619694444,False,2.28883006638,False,False,4,2,0.00134363453141
rsrp=-99|rsrq=-16|snr=3,rsrp=-99|rsrq=-16,-99,-16,3,ploss=0|noise_power_dB=-5,0,-5,-99.5865277778,-10.5380305556,6.36910277778,0.5865277778,True,5.4619694444,False,1.93603995612,False,False,4,1,0.00134363453141
rsrp=-99|rsrq=-15|snr=-1,rsrp=-99|rsrq=-15,-99,-15,-1,ploss=0|noise_power_dB=-5,0,-5,-99.5865277778,-10.5380305556,6.36910277778,0.5865277778,True,4.4619694444,False,1.58359033546,False,False,4,2,0.00134363453141
rsrp=-99|rsrq=-15|snr=1,rsrp=-99|rsrq=-15,-99,-15,1,ploss=0|noise_power_dB=-5,0,-5,-99.5865277778,-10.5380305556,6.36910277778,0.5865277778,True,4.4619694444,False,1.58359033546,False,False,4,2,0.00134363453141
rsrp=-99|rsrq=-14|snr=-2,rsrp=-99|rsrq=-14,-99,-14,-2,ploss=0|noise_power_dB=-5,0,-5,-99.5865277778,-10.5380305556,6.36910277778,0.5865277778,True,3.4619694444,False,1.23177351387,False,False,4,2,0.00134363453141
rsrp=-99|rsrq=-14|snr=2,rsrp=-99|rsrq=-14,-99,-14,2,ploss=0|noise_power_dB=-5,0,-5,-99.5865277778,-10.5380305556,6.36910277778,0.5865277778,True,3.4619694444,False,1.23177351387,False,False,4,2,0.00134363453141
rsrp=-99|rsrq=-13|snr=3,rsrp=-99|rsrq=-13,-99,-13,3,ploss=0|noise_power_dB=-5,0,-5,-99.5865277778,-10.5380305556,6.36910277778,0.5865277778,True,2.4619694444,False,0.881347620621,False,False,4,2,0.00134363453141
rsrp=-99|rsrq=-13|snr=4,rsrp=-99|rsrq=-13,-99,-13,4,ploss=0|noise_power_dB=-5,0,-5,-99.5865277778,-10.5380305556,6.36910277778,0.5865277778,True,2.4619694444,False,0.881347620621,False,False,4,2,0.00134363453141
rsrp=-99|rsrq=-13|snr=5,rsrp=-99|rsrq=-13,-99,-13,5,ploss=0|noise_power_dB=-5,0,-5,-99.5865277778,-10.5380305556,6.36910277778,0.5865277778,True,2.4619694444,False,0.881347620621,False,False,4,1,0.00134363453141
rsrp=-99|rsrq=-13|snr=8,rsrp=-99|rsrq=-13,-99,-13,8,ploss=0|noise_power_dB=-5,0,-5,-99.5865277778,-10.5380305556,6.36910277778,0.5865277778,True,2.4619694444,False,0.881347620621,False,False,4,2,0.00134363453141
rsrp=-99|rsrq=-12|snr=-1,rsrp=-99|rsrq=-12,-99,-12,-1,ploss=0|noise_power_dB=-5,0,-5,-99.5865277778,-10.5380305556,6.36910277778,0.5865277778,True,1.4619694444,True,0.535052583654,True,False,4,2,0.00134363453141
rsrp=-99|rsrq=-12|snr=5,rsrp=-99|rsrq=-12,-99,-12,5,ploss=0|noise_power_dB=-5,0,-5,-99.5865277778,-10.5380305556,6.36910277778,0.5865277778,True,1.4619694444,True,0.535052583654,True,False,4,2,0.00134363453141
rsrp=-99|rsrq=-11|snr=-1,rsrp=-99|rsrq=-11,-99,-11,-1,ploss=0|noise_power_dB=-5,0,-5,-99.5865277778,-10.5380305556,6.36910277778,0.5865277778,True,0.4619694444,True,0.213983424999,True,False,4,2,0.00134363453141
rsrp=-99|rsrq=-11|snr=0,rsrp=-99|rsrq=-11,-99,-11,0,ploss=0|noise_power_dB=-5,0,-5,-99.5865277778,-10.5380305556,6.36910277778,0.5865277778,True,0.4619694444,True,0.213983424999,True,False,4,2,0.00134363453141
rsrp=-99|rsrq=-11|snr=6,rsrp=-99|rsrq=-11,-99,-11,6,ploss=0|noise_power_dB=-5,0,-5,-99.5865277778,-10.5380305556,6.36910277778,0.5865277778,True,0.4619694444,True,0.213983424999,True,False,4,2,0.00134363453141
rsrp=-99|rsrq=-11|snr=8,rsrp=-99|rsrq=-11,-99,-11,8,ploss=0|noise_power_dB=-5,0,-5,-99.5865277778,-10.5380305556,6.36910277778,0.5865277778,True,0.4619694444,True,0.213983424999,True,False,4,2,0.00134363453141
rsrp=-99|rsrq=-11|snr=10,rsrp=-99|rsrq=-11,-99,-11,10,ploss=0|noise_power_dB=-5,0,-5,-99.5865277778,-10.5380305556,6.36910277778,0.5865277778,True,0.4619694444,True,0.213983424999,True,False,4,2,0.00134363453141
rsrp=-99|rsrq=-10|snr=0,rsrp=-99|rsrq=-10,-99,-10,0,ploss=0|noise_power_dB=-5,0,-5,-99.5865277778,-10.5380305556,6.36910277778,0.5865277778,True,0.5380305556,True,0.235152174292,True,False,4,2,0.00134363453141
rsrp=-99|rsrq=-10|snr=1,rsrp=-99|rsrq=-10,-99,-10,1,ploss=0|noise_power_dB=-5,0,-5,-99.5865277778,-10.5380305556,6.36910277778,0.5865277778,True,0.5380305556,True,0.235152174292,True,False,4,2,0.00134363453141
rsrp=-99|rsrq=-10|snr=6,rsrp=-99|rsrq=-10,-99,-10,6,ploss=0|noise_power_dB=-5,0,-5,-99.5865277778,-10.5380305556,6.36910277778,0.5865277778,True,0.5380305556,True,0.235152174292,True,False,4,2,0.00134363453141
rsrp=-99|rsrq=-10|snr=11,rsrp=-99|rsrq=-10,-99,-10,11,ploss=0|noise_power_dB=-5,0,-5,-99.5865277778,-10.5380305556,6.36910277778,0.5865277778,True,0.5380305556,True,0.235152174292,True,False,4,2,0.00134363453141
rsrp=-98|rsrq=-18|snr=1,rsrp=-98|rsrq=-18,-98,-18,1,ploss=0|noise_power_dB=-5,0,-5,-99.5865277778,-10.5380305556,6.36910277778,1.5865277778,True,7.4619694444,False,2.66457515235,False,False,4,1,0.00134363453141
rsrp=-98|rsrq=-16|snr=1,rsrp=-98|rsrq=-16,-98,-16,1,ploss=0|noise_power_dB=-5,0,-5,-99.5865277778,-10.5380305556,6.36910277778,1.5865277778,True,5.4619694444,False,1.96697128101,False,False,4,2,0.00134363453141
rsrp=-98|rsrq=-16|snr=3,rsrp=-98|rsrq=-16,-98,-16,3,ploss=0|noise_power_dB=-5,0,-5,-99.5865277778,-10.5380305556,6.36910277778,1.5865277778,True,5.4619694444,False,1.96697128101,False,False,4,2,0.00134363453141
rsrp=-98|rsrq=-16|snr=4,rsrp=-98|rsrq=-16,-98,-16,4,ploss=0|noise_power_dB=-5,0,-5,-99.5865277778,-10.5380305556,6.36910277778,1.5865277778,True,5.4619694444,False,1.96697128101,False,False,4,2,0.00134363453141
rsrp=-98|rsrq=-16|snr=9,rsrp=-98|rsrq=-16,-98,-16,9,ploss=0|noise_power_dB=-5,0,-5,-99.5865277778,-10.5380305556,6.36910277778,1.5865277778,True,5.4619694444,False,1.96697128101,False,False,4,2,0.00134363453141
rsrp=-98|rsrq=-15|snr=1,rsrp=-98|rsrq=-15,-98,-15,1,ploss=0|noise_power_dB=-5,0,-5,-99.5865277778,-10.5380305556,6.36910277778,1.5865277778,True,4.4619694444,False,1.62125989873,False,False,4,2,0.00134363453141
rsrp=-98|rsrq=-15|snr=4,rsrp=-98|rsrq=-15,-98,-15,4,ploss=0|noise_power_dB=-5,0,-5,-99.5865277778,-10.5380305556,6.36910277778,1.5865277778,True,4.4619694444,False,1.62125989873,False,False,4,2,0.00134363453141
rsrp=-98|rsrq=-14|snr=1,rsrp=-98|rsrq=-14,-98,-14,1,ploss=0|noise_power_dB=-5,0,-5,-99.5865277778,-10.5380305556,6.36910277778,1.5865277778,True,3.4619694444,False,1.27984034087,False,False,4,2,0.00134363453141
rsrp=-98|rsrq=-14|snr=2,rsrp=-98|rsrq=-14,-98,-14,2,ploss=0|noise_power_dB=-5,0,-5,-99.5865277778,-10.5380305556,6.36910277778,1.5865277778,True,3.4619694444,False,1.27984034087,False,False,4,1,0.00134363453141
rsrp=-98|rsrq=-13|snr=1,rsrp=-98|rsrq=-13,-98,-13,1,ploss=0|noise_power_dB=-5,0,-5,-99.5865277778,-10.5380305556,6.36910277778,1.5865277778,True,2.4619694444,False,0.947364205055,False,False,4,2,0.00134363453141
rsrp=-98|rsrq=-13|snr=2,rsrp=-98|rsrq=-13,-98,-13,2,ploss=0|noise_power_dB=-5,0,-5,-99.5865277778,-10.5380305556,6.36910277778,1.5865277778,True,2.4619694444,False,0.947364205055,False,False,4,2,0.00134363453141
rsrp=-98|rsrq=-13|snr=4,rsrp=-98|rsrq=-13,-98,-13,4,ploss=0|noise_power_dB=-5,0,-5,-99.5865277778,-10.5380305556,6.36910277778,1.5865277778,True,2.4619694444,False,0.947364205055,False,False,4,1,0.00134363453141
rsrp=-98|rsrq=-13|snr=5,rsrp=-98|rsrq=-13,-98,-13,5,ploss=0|noise_power_dB=-5,0,-5,-99.5865277778,-10.5380305556,6.36910277778,1.5865277778,True,2.4619694444,False,0.947364205055,False,False,4,1,0.00134363453141
rsrp=-98|rsrq=-13|snr=9,rsrp=-98|rsrq=-13,-98,-13,9,ploss=0|noise_power_dB=-5,0,-5,-99.5865277778,-10.5380305556,6.36910277778,1.5865277778,True,2.4619694444,False,0.947364205055,False,False,4,2,0.00134363453141
rsrp=-98|rsrq=-11|snr=0,rsrp=-98|rsrq=-11,-98,-11,0,ploss=0|noise_power_dB=-5,0,-5,-99.5865277778,-10.5380305556,6.36910277778,1.5865277778,True,0.4619694444,True,0.408061533128,True,False,4,2,0.00134363453141
rsrp=-98|rsrq=-10|snr=1,rsrp=-98|rsrq=-10,-98,-10,1,ploss=0|noise_power_dB=-5,0,-5,-99.5865277778,-10.5380305556,6.36910277778,1.5865277778,True,0.5380305556,True,0.419549584339,True,False,4,1,0.00134363453141
rsrp=-98|rsrq=-10|snr=2,rsrp=-98|rsrq=-10,-98,-10,2,ploss=0|noise_power_dB=-5,0,-5,-99.5865277778,-10.5380305556,6.36910277778,1.5865277778,True,0.5380305556,True,0.419549584339,True,False,4,2,0.00134363453141
rsrp=-98|rsrq=-10|snr=4,rsrp=-98|rsrq=-10,-98,-10,4,ploss=0|noise_power_dB=-5,0,-5,-99.5865277778,-10.5380305556,6.36910277778,1.5865277778,True,0.5380305556,True,0.419549584339,True,False,4,2,0.00134363453141
rsrp=-97|rsrq=-17|snr=3,rsrp=-97|rsrq=-17,-97,-17,3,ploss=0|noise_power_dB=-5,0,-5,-99.5865277778,-10.5380305556,6.36910277778,2.5865277778,True,6.4619694444,False,2.36459400345,False,False,4,2,0.00134363453141
rsrp=-97|rsrq=-15|snr=-3,rsrp=-97|rsrq=-15,-97,-15,-3,ploss=0|noise_power_dB=-5,0,-5,-99.5865277778,-10.5380305556,6.36910277778,2.5865277778,True,4.4619694444,False,1.69124808321,False,False,4,1,0.00134363453141
rsrp=-97|rsrq=-15|snr=-1,rsrp=-97|rsrq=-15,-97,-15,-1,ploss=0|noise_power_dB=-5,0,-5,-99.5865277778,-10.5380305556,6.36910277778,2.5865277778,True,4.4619694444,False,1.69124808321,False,False,4,1,0.00134363453141
rsrp=-97|rsrq=-15|snr=0,rsrp=-97|rsrq=-15,-97,-15,0,ploss=0|noise_power_dB=-5,0,-5,-99.5865277778,-10.5380305556,6.36910277778,2.5865277778,True,4.4619694444,False,1.69124808321,False,False,4,1,0.00134363453141
rsrp=-97|rsrq=-15|snr=1,rsrp=-97|rsrq=-15,-97,-15,1,ploss=0|noise_power_dB=-5,0,-5,-99.5865277778,-10.5380305556,6.36910277778,2.5865277778,True,4.4619694444,False,1.69124808321,False,False,4,1,0.00134363453141
rsrp=-97|rsrq=-15|snr=4,rsrp=-97|rsrq=-15,-97,-15,4,ploss=0|noise_power_dB=-5,0,-5,-99.5865277778,-10.5380305556,6.36910277778,2.5865277778,True,4.4619694444,False,1.69124808321,False,False,4,2,0.00134363453141
rsrp=-97|rsrq=-15|snr=6,rsrp=-97|rsrq=-15,-97,-15,6,ploss=0|noise_power_dB=-5,0,-5,-99.5865277778,-10.5380305556,6.36910277778,2.5865277778,True,4.4619694444,False,1.69124808321,False,False,4,2,0.00134363453141
rsrp=-97|rsrq=-15|snr=7,rsrp=-97|rsrq=-15,-97,-15,7,ploss=0|noise_power_dB=-5,0,-5,-99.5865277778,-10.5380305556,6.36910277778,2.5865277778,True,4.4619694444,False,1.69124808321,False,False,4,2,0.00134363453141
rsrp=-97|rsrq=-14|snr=1,rsrp=-97|rsrq=-14,-97,-14,1,ploss=0|noise_power_dB=-5,0,-5,-99.5865277778,-10.5380305556,6.36910277778,2.5865277778,True,3.4619694444,False,1.36741643908,False,False,4,1,0.00134363453141
rsrp=-97|rsrq=-14|snr=8,rsrp=-97|rsrq=-14,-97,-14,8,ploss=0|noise_power_dB=-5,0,-5,-99.5865277778,-10.5380305556,6.36910277778,2.5865277778,True,3.4619694444,False,1.36741643908,False,False,4,2,0.00134363453141
rsrp=-97|rsrq=-13|snr=5,rsrp=-97|rsrq=-13,-97,-13,5,ploss=0|noise_power_dB=-5,0,-5,-99.5865277778,-10.5380305556,6.36910277778,2.5865277778,True,2.4619694444,False,1.06270191341,False,False,4,2,0.00134363453141
rsrp=-97|rsrq=-12|snr=1,rsrp=-97|rsrq=-12,-97,-12,1,ploss=0|noise_power_dB=-5,0,-5,-99.5865277778,-10.5380305556,6.36910277778,2.5865277778,True,1.4619694444,True,0.79927654518,True,False,4,2,0.00134363453141
rsrp=-97|rsrq=-11|snr=6,rsrp=-97|rsrq=-11,-97,-11,6,ploss=0|noise_power_dB=-5,0,-5,-99.5865277778,-10.5380305556,6.36910277778,2.5865277778,True,0.4619694444,True,0.631150247227,True,False,4,2,0.00134363453141
rsrp=-96|rsrq=-17|snr=4,rsrp=-96|rsrq=-17,-96,-17,4,ploss=0|noise_power_dB=-5,0,-5,-99.5865277778,-10.5380305556,6.36910277778,3.5865277778,False,6.4619694444,False,2.43603208765,False,False,4,2,0.00134363453141
rsrp=-96|rsrq=-17|snr=5,rsrp=-96|rsrq=-17,-96,-17,5,ploss=0|noise_power_dB=-5,0,-5,-99.5865277778,-10.5380305556,6.36910277778,3.5865277778,False,6.4619694444,False,2.43603208765,False,False,4,1,0.00134363453141
rsrp=-96|rsrq=-17|snr=6,rsrp=-96|rsrq=-17,-96,-17,6,ploss=0|noise_power_dB=-5,0,-5,-99.5865277778,-10.5380305556,6.36910277778,3.5865277778,False,6.4619694444,False,2.43603208765,False,False,4,1,0.00134363453141
rsrp=-96|rsrq=-16|snr=0,rsrp=-96|rsrq=-16,-96,-16,0,ploss=0|noise_power_dB=-5,0,-5,-99.5865277778,-10.5380305556,6.36910277778,3.5865277778,False,5.4619694444,False,2.10802276338,False,False,4,2,0.00134363453141
rsrp=-96|rsrq=-16|snr=7,rsrp=-96|rsrq=-16,-96,-16,7,ploss=0|noise_power_dB=-5,0,-5,-99.5865277778,-10.5380305556,6.36910277778,3.5865277778,False,5.4619694444,False,2.10802276338,False,False,4,1,0.00134363453141
rsrp=-96|rsrq=-16|snr=8,rsrp=-96|rsrq=-16,-96,-16,8,ploss=0|noise_power_dB=-5,0,-5,-99.5865277778,-10.5380305556,6.36910277778,3.5865277778,False,5.4619694444,False,2.10802276338,False,False,4,2,0.00134363453141
rsrp=-96|rsrq=-15|snr=1,rsrp=-96|rsrq=-15,-96,-15,1,ploss=0|noise_power_dB=-5,0,-5,-99.5865277778,-10.5380305556,6.36910277778,3.5865277778,False,4.4619694444,False,1.78976747368,False,False,4,1,0.00134363453141
rsrp=-96|rsrq=-15|snr=6,rsrp=-96|rsrq=-15,-96,-15,6,ploss=0|noise_power_dB=-5,0,-5,-99.5865277778,-10.5380305556,6.36910277778,3.5865277778,False,4.4619694444,False,1.78976747368,False,False,4,2,0.00134363453141
rsrp=-96|rsrq=-14|snr=0,rsrp=-96|rsrq=-14,-96,-14,0,ploss=0|noise_power_dB=-5,0,-5,-99.5865277778,-10.5380305556,6.36910277778,3.5865277778,False,3.4619694444,False,1.48753999904,False,False,4,2,0.00134363453141
rsrp=-96|rsrq=-13|snr=4,rsrp=-96|rsrq=-13,-96,-13,4,ploss=0|noise_power_dB=-5,0,-5,-99.5865277778,-10.5380305556,6.36910277778,3.5865277778,False,2.4619694444,False,1.21337664706,False,False,4,2,0.00134363453141
rsrp=-96|rsrq=-13|snr=6,rsrp=-96|rsrq=-13,-96,-13,6,ploss=0|noise_power_dB=-5,0,-5,-99.5865277778,-10.5380305556,6.36910277778,3.5865277778,False,2.4619694444,False,1.21337664706,False,False,4,1,0.00134363453141
rsrp=-96|rsrq=-10|snr=6,rsrp=-96|rsrq=-10,-96,-10,6,ploss=0|noise_power_dB=-5,0,-5,-99.5865277778,-10.5380305556,6.36910277778,3.5865277778,False,0.5380305556,True,0.866490510243,False,False,4,2,0.00134363453141
rsrp=-95|rsrq=-16|snr=-3,rsrp=-95|rsrq=-16,-95,-16,-3,ploss=0|noise_power_dB=-5,0,-5,-99.5865277778,-10.5380305556,6.36910277778,4.5865277778,False,5.4619694444,False,2.21310158215,False,False,4,2,0.00134363453141
rsrp=-95|rsrq=-16|snr=5,rsrp=-95|rsrq=-16,-95,-16,5,ploss=0|noise_power_dB=-5,0,-5,-99.5865277778,-10.5380305556,6.36910277778,4.5865277778,False,5.4619694444,False,2.21310158215,False,False,4,1,0.00134363453141
rsrp=-95|rsrq=-15|snr=6,rsrp=-95|rsrq=-15,-95,-15,6,ploss=0|noise_power_dB=-5,0,-5,-99.5865277778,-10.5380305556,6.36910277778,4.5865277778,False,4.4619694444,False,1.91241372402,False,False,4,1,0.00134363453141
rsrp=-95|rsrq=-13|snr=3,rsrp=-95|rsrq=-13,-95,-13,3,ploss=0|noise_power_dB=-5,0,-5,-99.5865277778,-10.5380305556,6.36910277778,4.5865277778,False,2.4619694444,False,1.38792706207,False,False,4,1,0.00134363453141
rsrp=-95|rsrq=-11|snr=1,rsrp=-95|rsrq=-11,-95,-11,1,ploss=0|noise_power_dB=-5,0,-5,-99.5865277778,-10.5380305556,6.36910277778,4.5865277778,False,0.4619694444,True,1.09332374319,False,False,4,1,0.00134363453141
rsrp=-94|rsrq=-13|snr=-3,rsrp=-94|rsrq=-13,-94,-13,-3,ploss=0|noise_power_dB=-5,0,-5,-99.5865277778,-10.5380305556,6.36910277778,5.5865277778,False,2.4619694444,False,1.57845217942,False,False,4,2,0.00134363453141
rsrp=-93|rsrq=-14|snr=-9,rsrp=-93|rsrq=-14,-93,-14,-9,ploss=0|noise_power_dB=-5,0,-5,-99.5865277778,-10.5380305556,6.36910277778,6.5865277778,False,3.4619694444,False,1.97693816494,False,False,4,1,0.00134363453141
rsrp=-93|rsrq=-14|snr=-1,rsrp=-93|rsrq=-14,-93,-14,-1,ploss=0|noise_power_dB=-5,0,-5,-99.5865277778,-10.5380305556,6.36910277778,6.5865277778,False,3.4619694444,False,1.97693816494,False,False,4,2,0.00134363453141
rsrp=-93|rsrq=-13|snr=-9,rsrp=-93|rsrq=-13,-93,-13,-9,ploss=0|noise_power_dB=-5,0,-5,-99.5865277778,-10.5380305556,6.36910277778,6.5865277778,False,2.4619694444,False,1.77982924656,False,False,4,2,0.00134363453141
rsrp=-93|rsrq=-13|snr=-3,rsrp=-93|rsrq=-13,-93,-13,-3,ploss=0|noise_power_dB=-5,0,-5,-99.5865277778,-10.5380305556,6.36910277778,6.5865277778,False,2.4619694444,False,1.77982924656,False,False,4,2,0.00134363453141
rsrp=-93|rsrq=-13|snr=2,rsrp=-93|rsrq=-13,-93,-13,2,ploss=0|noise_power_dB=-5,0,-5,-99.5865277778,-10.5380305556,6.36910277778,6.5865277778,False,2.4619694444,False,1.77982924656,False,False,4,1,0.00134363453141
rsrp=-93|rsrq=-13|snr=3,rsrp=-93|rsrq=-13,-93,-13,3,ploss=0|noise_power_dB=-5,0,-5,-99.5865277778,-10.5380305556,6.36910277778,6.5865277778,False,2.4619694444,False,1.77982924656,False,False,4,1,0.00134363453141
rsrp=-93|rsrq=-12|snr=1,rsrp=-93|rsrq=-12,-93,-12,1,ploss=0|noise_power_dB=-5,0,-5,-99.5865277778,-10.5380305556,6.36910277778,6.5865277778,False,1.4619694444,True,1.63624563737,False,False,4,2,0.00134363453141
rsrp=-92|rsrq=-15|snr=-4,rsrp=-92|rsrq=-15,-92,-15,-4,ploss=0|noise_power_dB=-5,0,-5,-99.5865277778,-10.5380305556,6.36910277778,7.5865277778,False,4.4619694444,False,2.38456890117,False,False,4,2,0.00134363453141
rsrp=-92|rsrq=-14|snr=-1,rsrp=-92|rsrq=-14,-92,-14,-1,ploss=0|noise_power_dB=-5,0,-5,-99.5865277778,-10.5380305556,6.36910277778,7.5865277778,False,3.4619694444,False,2.16695096468,False,False,4,2,0.00134363453141
rsrp=-92|rsrq=-13|snr=0,rsrp=-92|rsrq=-13,-92,-13,0,ploss=0|noise_power_dB=-5,0,-5,-99.5865277778,-10.5380305556,6.36910277778,7.5865277778,False,2.4619694444,False,1.98876447128,False,False,4,1,0.00134363453141
rsrp=-92|rsrq=-12|snr=1,rsrp=-92|rsrq=-12,-92,-12,1,ploss=0|noise_power_dB=-5,0,-5,-99.5865277778,-10.5380305556,6.36910277778,7.5865277778,False,1.4619694444,True,1.86136824973,False,False,4,2,0.00134363453141
rsrp=-92|rsrq=-12|snr=3,rsrp=-92|rsrq=-12,-92,-12,3,ploss=0|noise_power_dB=-5,0,-5,-99.5865277778,-10.5380305556,6.36910277778,7.5865277778,False,1.4619694444,True,1.86136824973,False,False,4,2,0.00134363453141
rsrp=-91|rsrq=-16|snr=-12,rsrp=-91|rsrq=-16,-91,-16,-12,ploss=0|noise_power_dB=-5,0,-5,-99.5865277778,-10.5380305556,6.36910277778,8.5865277778,False,5.4619694444,False,2.79734951194,False,False,4,1,0.00134363453141
rsrp=-91|rsrq=-14|snr=-5,rsrp=-91|rsrq=-14,-91,-14,-5,ploss=0|noise_power_dB=-5,0,-5,-99.5865277778,-10.5380305556,6.36910277778,8.5865277778,False,3.4619694444,False,2.36520180317,False,False,4,1,0.00134363453141
rsrp=-91|rsrq=-13|snr=-1,rsrp=-91|rsrq=-13,-91,-13,-1,ploss=0|noise_power_dB=-5,0,-5,-99.5865277778,-10.5380305556,6.36910277778,8.5865277778,False,2.4619694444,False,2.20310853311,False,False,4,1,0.00134363453141
rsrp=-90|rsrq=-16|snr=2,rsrp=-90|rsrq=-16,-90,-16,2,ploss=0|noise_power_dB=-5,0,-5,-99.5865277778,-10.5380305556,6.36910277778,9.5865277778,False,5.4619694444,False,2.97233552774,False,False,4,1,0.00134363453141
rsrp=-90|rsrq=-15|snr=7,rsrp=-90|rsrq=-15,-90,-15,7,ploss=0|noise_power_dB=-5,0,-5,-99.5865277778,-10.5380305556,6.36910277778,9.5865277778,False,4.4619694444,False,2.75577323602,False,False,4,1,0.00134363453141
rsrp=-90|rsrq=-13|snr=-4,rsrp=-90|rsrq=-13,-90,-13,-4,ploss=0|noise_power_dB=-5,0,-5,-99.5865277778,-10.5380305556,6.36910277778,9.5865277778,False,2.4619694444,False,2.42142549053,False,False,4,1,0.00134363453141
rsrp=-90|rsrq=-13|snr=-2,rsrp=-90|rsrq=-13,-90,-13,-2,ploss=0|noise_power_dB=-5,0,-5,-99.5865277778,-10.5380305556,6.36910277778,9.5865277778,False,2.4619694444,False,2.42142549053,False,False,4,1,0.00134363453141
rsrp=-90|rsrq=-13|snr=-1,rsrp=-90|rsrq=-13,-90,-13,-1,ploss=0|noise_power_dB=-5,0,-5,-99.5865277778,-10.5380305556,6.36910277778,9.5865277778,False,2.4619694444,False,2.42142549053,False,False,4,1,0.00134363453141
rsrp=-90|rsrq=-12|snr=4,rsrp=-90|rsrq=-12,-90,-12,4,ploss=0|noise_power_dB=-5,0,-5,-99.5865277778,-10.5380305556,6.36910277778,9.5865277778,False,1.4619694444,True,2.31793206222,False,False,4,2,0.00134363453141
rsrp=-89|rsrq=-16|snr=-7,rsrp=-89|rsrq=-16,-89,-16,-7,ploss=0|noise_power_dB=-5,0,-5,-99.5865277778,-10.5380305556,6.36910277778,10.5865277778,False,5.4619694444,False,3.15523434916,False,False,4,2,0.00134363453141
rsrp=-89|rsrq=-16|snr=2,rsrp=-89|rsrq=-16,-89,-16,2,ploss=0|noise_power_dB=-5,0,-5,-99.5865277778,-10.5380305556,6.36910277778,10.5865277778,False,5.4619694444,False,3.15523434916,False,False,4,2,0.00134363453141
rsrp=-89|rsrq=-16|snr=4,rsrp=-89|rsrq=-16,-89,-16,4,ploss=0|noise_power_dB=-5,0,-5,-99.5865277778,-10.5380305556,6.36910277778,10.5865277778,False,5.4619694444,False,3.15523434916,False,False,4,1,0.00134363453141
rsrp=-89|rsrq=-15|snr=-2,rsrp=-89|rsrq=-15,-89,-15,-2,ploss=0|noise_power_dB=-5,0,-5,-99.5865277778,-10.5380305556,6.36910277778,10.5865277778,False,4.4619694444,False,2.95211982091,False,False,4,1,0.00134363453141
rsrp=-89|rsrq=-15|snr=3,rsrp=-89|rsrq=-15,-89,-15,3,ploss=0|noise_power_dB=-5,0,-5,-99.5865277778,-10.5380305556,6.36910277778,10.5865277778,False,4.4619694444,False,2.95211982091,False,False,4,2,0.00134363453141
rsrp=-89|rsrq=-14|snr=2,rsrp=-89|rsrq=-14,-89,-14,2,ploss=0|noise_power_dB=-5,0,-5,-99.5865277778,-10.5380305556,6.36910277778,10.5865277778,False,3.4619694444,False,2.77930190442,False,False,4,2,0.00134363453141
rsrp=-89|rsrq=-14|snr=3,rsrp=-89|rsrq=-14,-89,-14,3,ploss=0|noise_power_dB=-5,0,-5,-99.5865277778,-10.5380305556,6.36910277778,10.5865277778,False,3.4619694444,False,2.77930190442,False,False,4,2,0.00134363453141
rsrp=-89|rsrq=-13|snr=-4,rsrp=-89|rsrq=-13,-89,-13,-4,ploss=0|noise_power_dB=-5,0,-5,-99.5865277778,-10.5380305556,6.36910277778,10.5865277778,False,2.4619694444,False,2.64273091987,False,False,4,2,0.00134363453141
rsrp=-89|rsrq=-12|snr=-7,rsrp=-89|rsrq=-12,-89,-12,-7,ploss=0|noise_power_dB=-5,0,-5,-99.5865277778,-10.5380305556,6.36910277778,10.5865277778,False,1.4619694444,True,2.54824142375,False,False,4,1,0.00134363453141
rsrp=-89|rsrq=-12|snr=1,rsrp=-89|rsrq=-12,-89,-12,1,ploss=0|noise_power_dB=-5,0,-5,-99.5865277778,-10.5380305556,6.36910277778,10.5865277778,False,1.4619694444,True,2.54824142375,False,False,4,2,0.00134363453141
rsrp=-89|rsrq=-12|snr=3,rsrp=-89|rsrq=-12,-89,-12,3,ploss=0|noise_power_dB=-5,0,-5,-99.5865277778,-10.5380305556,6.36910277778,10.5865277778,False,1.4619694444,True,2.54824142375,False,False,4,1,0.00134363453141
rsrp=-89|rsrq=-12|snr=6,rsrp=-89|rsrq=-12,-89,-12,6,ploss=0|noise_power_dB=-5,0,-5,-99.5865277778,-10.5380305556,6.36910277778,10.5865277778,False,1.4619694444,True,2.54824142375,False,False,4,1,0.00134363453141
rsrp=-89|rsrq=-11|snr=7,rsrp=-89|rsrq=-11,-89,-11,7,ploss=0|noise_power_dB=-5,0,-5,-99.5865277778,-10.5380305556,6.36910277778,10.5865277778,False,0.4619694444,True,2.50060832451,False,False,4,2,0.00134363453141
rsrp=-88|rsrq=-17|snr=0,rsrp=-88|rsrq=-17,-88,-17,0,ploss=0|noise_power_dB=-5,0,-5,-99.5865277778,-10.5380305556,6.36910277778,11.5865277778,False,6.4619694444,False,3.56059441371,False,False,4,1,0.00134363453141
rsrp=-88|rsrq=-16|snr=1,rsrp=-88|rsrq=-16,-88,-16,1,ploss=0|noise_power_dB=-5,0,-5,-99.5865277778,-10.5380305556,6.36910277778,11.5865277778,False,5.4619694444,False,3.34474815463,False,False,4,1,0.00134363453141
rsrp=-88|rsrq=-11|snr=4,rsrp=-88|rsrq=-11,-88,-11,4,ploss=0|noise_power_dB=-5,0,-5,-99.5865277778,-10.5380305556,6.36910277778,11.5865277778,False,0.4619694444,True,2.73585058298,False,False,4,1,0.00134363453141
rsrp=-81|rsrq=-12|snr=3,rsrp=-81|rsrq=-12,-81,-12,3,ploss=0|noise_power_dB=-5,0,-5,-99.5865277778,-10.5380305556,6.36910277778,18.5865277778,False,1.4619694444,True,4.41127383223,False,False,4,1,0.00134363453141
rsrp=-81|rsrq=-11|snr=1,rsrp=-81|rsrq=-11,-81,-11,1,ploss=0|noise_power_dB=-5,0,-5,-99.5865277778,-10.5380305556,6.36910277778,18.5865277778,False,0.4619694444,True,4.38393025284,False,False,4,1,0.00134363453141
rsrp=-81|rsrq=-11|snr=3,rsrp=-81|rsrq=-11,-81,-11,3,ploss=0|noise_power_dB=-5,0,-5,-99.5865277778,-10.5380305556,6.36910277778,18.5865277778,False,0.4619694444,True,4.38393025284,False,False,4,1,0.00134363453141
rsrp=-81|rsrq=-11|snr=4,rsrp=-81|rsrq=-11,-81,-11,4,ploss=0|noise_power_dB=-5,0,-5,-99.5865277778,-10.5380305556,6.36910277778,18.5865277778,False,0.4619694444,True,4.38393025284,False,False,4,1,0.00134363453141
rsrp=-81|rsrq=-10|snr=1,rsrp=-81|rsrq=-10,-81,-10,1,ploss=0|noise_power_dB=-5,0,-5,-99.5865277778,-10.5380305556,6.36910277778,18.5865277778,False,0.5380305556,True,4.38501449264,False,False,4,1,0.00134363453141
rsrp=-81|rsrq=-9|snr=4,rsrp=-81|rsrq=-9,-81,-9,4,ploss=0|noise_power_dB=-5,0,-5,-99.5865277778,-10.5380305556,6.36910277778,18.5865277778,False,1.5380305556,True,4.41450560534,False,False,4,1,0.00134363453141
rsrp=-80|rsrq=-10|snr=-1,rsrp=-80|rsrq=-10,-80,-10,-1,ploss=0|noise_power_dB=-5,0,-5,-99.5865277778,-10.5380305556,6.36910277778,19.5865277778,False,0.5380305556,True,4.6205061854,False,False,4,1,0.00134363453141
rsrp=-80|rsrq=-10|snr=1,rsrp=-80|rsrq=-10,-80,-10,1,ploss=0|noise_power_dB=-5,0,-5,-99.5865277778,-10.5380305556,6.36910277778,19.5865277778,False,0.5380305556,True,4.6205061854,False,False,4,1,0.00134363453141
rsrp=-80|rsrq=-9|snr=2,rsrp=-80|rsrq=-9,-80,-9,2,ploss=0|noise_power_dB=-5,0,-5,-99.5865277778,-10.5380305556,6.36910277778,19.5865277778,False,1.5380305556,True,4.64850352783,False,False,4,1,0.00134363453141
rsrp=-105|rsrq=-18|snr=0,rsrp=-105|rsrq=-18,-105,-18,0,ploss=0|noise_power_dB=-10,0,-10,-107.990297222,-10.5249111111,8.35522777778,2.990297222,True,7.4750888889,False,2.73521300962,False,False,3,1,0.00100772589856
rsrp=-104|rsrq=-18|snr=2,rsrp=-104|rsrq=-18,-104,-18,2,ploss=0|noise_power_dB=-10,0,-10,-107.990297222,-10.5249111111,8.35522777778,3.990297222,False,7.4750888889,False,2.8052096197,False,False,3,1,0.00100772589856
rsrp=-104|rsrq=-12|snr=-3,rsrp=-104|rsrq=-12,-104,-12,-3,ploss=0|noise_power_dB=-10,0,-10,-107.990297222,-10.5249111111,8.35522777778,3.990297222,False,1.4750888889,True,1.07543836509,False,False,3,1,0.00100772589856
rsrp=-103|rsrq=-18|snr=2,rsrp=-103|rsrq=-18,-103,-18,2,ploss=0|noise_power_dB=-5,0,-5,-99.5865277778,-10.5380305556,6.36910277778,3.4134722222,False,7.4619694444,False,2.75815976883,False,False,3,1,0.00100772589856
rsrp=-103|rsrq=-16|snr=-5,rsrp=-103|rsrq=-16,-103,-16,-5,ploss=0|noise_power_dB=-5,0,-5,-99.5865277778,-10.5380305556,6.36910277778,3.4134722222,False,5.4619694444,False,2.09199918456,False,False,3,1,0.00100772589856
rsrp=-103|rsrq=-16|snr=1,rsrp=-103|rsrq=-16,-103,-16,1,ploss=0|noise_power_dB=-5,0,-5,-99.5865277778,-10.5380305556,6.36910277778,3.4134722222,False,5.4619694444,False,2.09199918456,False,False,3,2,0.00100772589856
rsrp=-100|rsrq=-13|snr=1,rsrp=-100|rsrq=-13,-100,-13,1,ploss=0|noise_power_dB=-5,0,-5,-99.5865277778,-10.5380305556,6.36910277778,0.4134722222,True,2.4619694444,False,0.875876378744,False,False,3,2,0.00100772589856
rsrp=-99|rsrq=-16|snr=8,rsrp=-99|rsrq=-16,-99,-16,8,ploss=0|noise_power_dB=-5,0,-5,-99.5865277778,-10.5380305556,6.36910277778,0.5865277778,True,5.4619694444,False,1.93603995612,False,False,3,1,0.00100772589856
rsrp=-98|rsrq=-11|snr=5,rsrp=-98|rsrq=-11,-98,-11,5,ploss=0|noise_power_dB=-5,0,-5,-99.5865277778,-10.5380305556,6.36910277778,1.5865277778,True,0.4619694444,True,0.408061533128,True,False,3,2,0.00100772589856
rsrp=-97|rsrq=-16|snr=6,rsrp=-97|rsrq=-16,-97,-16,6,ploss=0|noise_power_dB=-5,0,-5,-99.5865277778,-10.5380305556,6.36910277778,2.5865277778,True,5.4619694444,False,2.02504628097,False,False,3,1,0.00100772589856
rsrp=-97|rsrq=-13|snr=-2,rsrp=-97|rsrq=-13,-97,-13,-2,ploss=0|noise_power_dB=-5,0,-5,-99.5865277778,-10.5380305556,6.36910277778,2.5865277778,True,2.4619694444,False,1.06270191341,False,False,3,1,0.00100772589856
rsrp=-97|rsrq=-12|snr=11,rsrp=-97|rsrq=-12,-97,-12,11,ploss=0|noise_power_dB=-5,0,-5,-99.5865277778,-10.5380305556,6.36910277778,2.5865277778,True,1.4619694444,True,0.79927654518,True,False,3,1,0.00100772589856
rsrp=-95|rsrq=-13|snr=1,rsrp=-95|rsrq=-13,-95,-13,1,ploss=0|noise_power_dB=-5,0,-5,-99.5865277778,-10.5380305556,6.36910277778,4.5865277778,False,2.4619694444,False,1.38792706207,False,False,3,2,0.00100772589856
rsrp=-94|rsrq=-17|snr=4,rsrp=-94|rsrq=-17,-94,-17,4,ploss=0|noise_power_dB=-5,0,-5,-99.5865277778,-10.5380305556,6.36910277778,5.5865277778,False,6.4619694444,False,2.63694534018,False,False,3,1,0.00100772589856
rsrp=-94|rsrq=-16|snr=3,rsrp=-94|rsrq=-16,-94,-16,3,ploss=0|noise_power_dB=-5,0,-5,-99.5865277778,-10.5380305556,6.36910277778,5.5865277778,False,5.4619694444,False,2.33730365293,False,False,3,1,0.00100772589856
rsrp=-107|rsrq=-14|snr=4,rsrp=-107|rsrq=-14,-107,-14,4,ploss=0|noise_power_dB=-10,0,-10,-107.990297222,-10.5249111111,8.35522777778,0.990297222,True,3.4750888889,False,1.25060507257,False,False,2,1,0.000671817265704
rsrp=-106|rsrq=-13|snr=1,rsrp=-106|rsrq=-13,-106,-13,1,ploss=0|noise_power_dB=-10,0,-10,-107.990297222,-10.5249111111,8.35522777778,1.990297222,True,2.4750888889,False,0.992889422617,False,False,2,1,0.000671817265704
rsrp=-105|rsrq=-17|snr=2,rsrp=-105|rsrq=-17,-105,-17,2,ploss=0|noise_power_dB=-10,0,-10,-107.990297222,-10.5249111111,8.35522777778,2.990297222,True,6.4750888889,False,2.39533254179,False,False,2,1,0.000671817265704
rsrp=-105|rsrq=-16|snr=4,rsrp=-105|rsrq=-16,-105,-16,4,ploss=0|noise_power_dB=-10,0,-10,-107.990297222,-10.5249111111,8.35522777778,2.990297222,True,5.4750888889,False,2.06005965048,False,False,2,1,0.000671817265704
rsrp=-105|rsrq=-14|snr=-4,rsrp=-105|rsrq=-14,-105,-14,-4,ploss=0|noise_power_dB=-10,0,-10,-107.990297222,-10.5249111111,8.35522777778,2.990297222,True,3.4750888889,False,1.41643966306,False,False,2,1,0.000671817265704
rsrp=-105|rsrq=-14|snr=1,rsrp=-105|rsrq=-14,-105,-14,1,ploss=0|noise_power_dB=-10,0,-10,-107.990297222,-10.5249111111,8.35522777778,2.990297222,True,3.4750888889,False,1.41643966306,False,False,2,1,0.000671817265704
rsrp=-105|rsrq=-14|snr=2,rsrp=-105|rsrq=-14,-105,-14,2,ploss=0|noise_power_dB=-10,0,-10,-107.990297222,-10.5249111111,8.35522777778,2.990297222,True,3.4750888889,False,1.41643966306,False,False,2,1,0.000671817265704
rsrp=-105|rsrq=-12|snr=-5,rsrp=-105|rsrq=-12,-105,-12,-5,ploss=0|noise_power_dB=-10,0,-10,-107.990297222,-10.5249111111,8.35522777778,2.990297222,True,1.4750888889,True,0.876787816209,True,False,2,1,0.000671817265704
rsrp=-105|rsrq=-12|snr=-4,rsrp=-105|rsrq=-12,-105,-12,-4,ploss=0|noise_power_dB=-10,0,-10,-107.990297222,-10.5249111111,8.35522777778,2.990297222,True,1.4750888889,True,0.876787816209,True,False,2,1,0.000671817265704
rsrp=-105|rsrq=-11|snr=6,rsrp=-105|rsrq=-11,-105,-11,6,ploss=0|noise_power_dB=-10,0,-10,-107.990297222,-10.5249111111,8.35522777778,2.990297222,True,0.4750888889,True,0.724558246401,True,False,2,1,0.000671817265704
rsrp=-105|rsrq=-11|snr=10,rsrp=-105|rsrq=-11,-105,-11,10,ploss=0|noise_power_dB=-10,0,-10,-107.990297222,-10.5249111111,8.35522777778,2.990297222,True,0.4750888889,True,0.724558246401,True,False,2,1,0.000671817265704
rsrp=-104|rsrq=-19|snr=-2,rsrp=-104|rsrq=-19,-104,-19,-2,ploss=0|noise_power_dB=-10,0,-10,-107.990297222,-10.5249111111,8.35522777778,3.990297222,False,8.4750888889,False,3.14053709303,False,False,2,1,0.000671817265704
rsrp=-104|rsrq=-19|snr=0,rsrp=-104|rsrq=-19,-104,-19,0,ploss=0|noise_power_dB=-10,0,-10,-107.990297222,-10.5249111111,8.35522777778,3.990297222,False,8.4750888889,False,3.14053709303,False,False,2,1,0.000671817265704
rsrp=-104|rsrq=-19|snr=3,rsrp=-104|rsrq=-19,-104,-19,3,ploss=0|noise_power_dB=-10,0,-10,-107.990297222,-10.5249111111,8.35522777778,3.990297222,False,8.4750888889,False,3.14053709303,False,False,2,1,0.000671817265704
rsrp=-104|rsrq=-18|snr=-3,rsrp=-104|rsrq=-18,-104,-18,-3,ploss=0|noise_power_dB=-10,0,-10,-107.990297222,-10.5249111111,8.35522777778,3.990297222,False,7.4750888889,False,2.8052096197,False,False,2,1,0.000671817265704
rsrp=-104|rsrq=-18|snr=-1,rsrp=-104|rsrq=-18,-104,-18,-1,ploss=0|noise_power_dB=-10,0,-10,-107.990297222,-10.5249111111,8.35522777778,3.990297222,False,7.4750888889,False,2.8052096197,False,False,2,1,0.000671817265704
rsrp=-104|rsrq=-18|snr=3,rsrp=-104|rsrq=-18,-104,-18,3,ploss=0|noise_power_dB=-10,0,-10,-107.990297222,-10.5249111111,8.35522777778,3.990297222,False,7.4750888889,False,2.8052096197,False,False,2,1,0.000671817265704
rsrp=-104|rsrq=-17|snr=-5,rsrp=-104|rsrq=-17,-104,-17,-5,ploss=0|noise_power_dB=-10,0,-10,-107.990297222,-10.5249111111,8.35522777778,3.990297222,False,6.4750888889,False,2.47496036094,False,False,2,1,0.000671817265704
rsrp=-104|rsrq=-17|snr=-2,rsrp=-104|rsrq=-17,-104,-17,-2,ploss=0|noise_power_dB=-10,0,-10,-107.990297222,-10.5249111111,8.35522777778,3.990297222,False,6.4750888889,False,2.47496036094,False,False,2,1,0.000671817265704
rsrp=-104|rsrq=-17|snr=-1,rsrp=-104|rsrq=-17,-104,-17,-1,ploss=0|noise_power_dB=-10,0,-10,-107.990297222,-10.5249111111,8.35522777778,3.990297222,False,6.4750888889,False,2.47496036094,False,False,2,1,0.000671817265704
rsrp=-104|rsrq=-17|snr=2,rsrp=-104|rsrq=-17,-104,-17,2,ploss=0|noise_power_dB=-10,0,-10,-107.990297222,-10.5249111111,8.35522777778,3.990297222,False,6.4750888889,False,2.47496036094,False,False,2,1,0.000671817265704
rsrp=-104|rsrq=-17|snr=5,rsrp=-104|rsrq=-17,-104,-17,5,ploss=0|noise_power_dB=-10,0,-10,-107.990297222,-10.5249111111,8.35522777778,3.990297222,False,6.4750888889,False,2.47496036094,False,False,2,1,0.000671817265704
rsrp=-104|rsrq=-16|snr=-1,rsrp=-104|rsrq=-16,-104,-16,-1,ploss=0|noise_power_dB=-10,0,-10,-107.990297222,-10.5249111111,8.35522777778,3.990297222,False,5.4750888889,False,2.15212838046,False,False,2,1,0.000671817265704
rsrp=-104|rsrq=-16|snr=1,rsrp=-104|rsrq=-16,-104,-16,1,ploss=0|noise_power_dB=-10,0,-10,-107.990297222,-10.5249111111,8.35522777778,3.990297222,False,5.4750888889,False,2.15212838046,False,False,2,1,0.000671817265704
rsrp=-104|rsrq=-16|snr=2,rsrp=-104|rsrq=-16,-104,-16,2,ploss=0|noise_power_dB=-10,0,-10,-107.990297222,-10.5249111111,8.35522777778,3.990297222,False,5.4750888889,False,2.15212838046,False,False,2,1,0.000671817265704
rsrp=-104|rsrq=-15|snr=-2,rsrp=-104|rsrq=-15,-104,-15,-2,ploss=0|noise_power_dB=-10,0,-10,-107.990297222,-10.5249111111,8.35522777778,3.990297222,False,4.4750888889,False,1.84062064092,False,False,2,1,0.000671817265704
rsrp=-104|rsrq=-15|snr=0,rsrp=-104|rsrq=-15,-104,-15,0,ploss=0|noise_power_dB=-10,0,-10,-107.990297222,-10.5249111111,8.35522777778,3.990297222,False,4.4750888889,False,1.84062064092,False,False,2,1,0.000671817265704
rsrp=-104|rsrq=-15|snr=1,rsrp=-104|rsrq=-15,-104,-15,1,ploss=0|noise_power_dB=-10,0,-10,-107.990297222,-10.5249111111,8.35522777778,3.990297222,False,4.4750888889,False,1.84062064092,False,False,2,1,0.000671817265704
rsrp=-104|rsrq=-15|snr=3,rsrp=-104|rsrq=-15,-104,-15,3,ploss=0|noise_power_dB=-10,0,-10,-107.990297222,-10.5249111111,8.35522777778,3.990297222,False,4.4750888889,False,1.84062064092,False,False,2,1,0.000671817265704
rsrp=-104|rsrq=-15|snr=11,rsrp=-104|rsrq=-15,-104,-15,11,ploss=0|noise_power_dB=-10,0,-10,-107.990297222,-10.5249111111,8.35522777778,3.990297222,False,4.4750888889,False,1.84062064092,False,False,2,1,0.000671817265704
rsrp=-104|rsrq=-14|snr=-5,rsrp=-104|rsrq=-14,-104,-14,-5,ploss=0|noise_power_dB=-10,0,-10,-107.990297222,-10.5249111111,8.35522777778,3.990297222,False,3.4750888889,False,1.54729186696,False,False,2,1,0.000671817265704
rsrp=-104|rsrq=-14|snr=-1,rsrp=-104|rsrq=-14,-104,-14,-1,ploss=0|noise_power_dB=-10,0,-10,-107.990297222,-10.5249111111,8.35522777778,3.990297222,False,3.4750888889,False,1.54729186696,False,False,2,1,0.000671817265704
rsrp=-104|rsrq=-14|snr=2,rsrp=-104|rsrq=-14,-104,-14,2,ploss=0|noise_power_dB=-10,0,-10,-107.990297222,-10.5249111111,8.35522777778,3.990297222,False,3.4750888889,False,1.54729186696,False,False,2,1,0.000671817265704
rsrp=-104|rsrq=-14|snr=5,rsrp=-104|rsrq=-14,-104,-14,5,ploss=0|noise_power_dB=-10,0,-10,-107.990297222,-10.5249111111,8.35522777778,3.990297222,False,3.4750888889,False,1.54729186696,False,False,2,1,0.000671817265704
rsrp=-104|rsrq=-14|snr=6,rsrp=-104|rsrq=-14,-104,-14,6,ploss=0|noise_power_dB=-10,0,-10,-107.990297222,-10.5249111111,8.35522777778,3.990297222,False,3.4750888889,False,1.54729186696,False,False,2,1,0.000671817265704
rsrp=-104|rsrq=-13|snr=-4,rsrp=-104|rsrq=-13,-104,-13,-4,ploss=0|noise_power_dB=-10,0,-10,-107.990297222,-10.5249111111,8.35522777778,3.990297222,False,2.4750888889,False,1.28465555669,False,False,2,1,0.000671817265704
rsrp=-104|rsrq=-13|snr=0,rsrp=-104|rsrq=-13,-104,-13,0,ploss=0|noise_power_dB=-10,0,-10,-107.990297222,-10.5249111111,8.35522777778,3.990297222,False,2.4750888889,False,1.28465555669,False,False,2,1,0.000671817265704
rsrp=-104|rsrq=-12|snr=-4,rsrp=-104|rsrq=-12,-104,-12,-4,ploss=0|noise_power_dB=-10,0,-10,-107.990297222,-10.5249111111,8.35522777778,3.990297222,False,1.4750888889,True,1.07543836509,False,False,2,1,0.000671817265704
rsrp=-104|rsrq=-12|snr=-1,rsrp=-104|rsrq=-12,-104,-12,-1,ploss=0|noise_power_dB=-10,0,-10,-107.990297222,-10.5249111111,8.35522777778,3.990297222,False,1.4750888889,True,1.07543836509,False,False,2,1,0.000671817265704
rsrp=-104|rsrq=-12|snr=5,rsrp=-104|rsrq=-12,-104,-12,5,ploss=0|noise_power_dB=-10,0,-10,-107.990297222,-10.5249111111,8.35522777778,3.990297222,False,1.4750888889,True,1.07543836509,False,False,2,1,0.000671817265704
rsrp=-104|rsrq=-11|snr=-5,rsrp=-104|rsrq=-11,-104,-11,-5,ploss=0|noise_power_dB=-10,0,-10,-107.990297222,-10.5249111111,8.35522777778,3.990297222,False,0.4750888889,True,0.955403294359,False,False,2,1,0.000671817265704
rsrp=-104|rsrq=-11|snr=-2,rsrp=-104|rsrq=-11,-104,-11,-2,ploss=0|noise_power_dB=-10,0,-10,-107.990297222,-10.5249111111,8.35522777778,3.990297222,False,0.4750888889,True,0.955403294359,False,False,2,1,0.000671817265704
rsrp=-104|rsrq=-11|snr=1,rsrp=-104|rsrq=-11,-104,-11,1,ploss=0|noise_power_dB=-10,0,-10,-107.990297222,-10.5249111111,8.35522777778,3.990297222,False,0.4750888889,True,0.955403294359,False,False,2,1,0.000671817265704
rsrp=-104|rsrq=-11|snr=2,rsrp=-104|rsrq=-11,-104,-11,2,ploss=0|noise_power_dB=-10,0,-10,-107.990297222,-10.5249111111,8.35522777778,3.990297222,False,0.4750888889,True,0.955403294359,False,False,2,1,0.000671817265704
rsrp=-104|rsrq=-11|snr=4,rsrp=-104|rsrq=-11,-104,-11,4,ploss=0|noise_power_dB=-10,0,-10,-107.990297222,-10.5249111111,8.35522777778,3.990297222,False,0.4750888889,True,0.955403294359,False,False,2,1,0.000671817265704
rsrp=-104|rsrq=-11|snr=5,rsrp=-104|rsrq=-11,-104,-11,5,ploss=0|noise_power_dB=-10,0,-10,-107.990297222,-10.5249111111,8.35522777778,3.990297222,False,0.4750888889,True,0.955403294359,False,False,2,1,0.000671817265704
rsrp=-104|rsrq=-11|snr=7,rsrp=-104|rsrq=-11,-104,-11,7,ploss=0|noise_power_dB=-10,0,-10,-107.990297222,-10.5249111111,8.35522777778,3.990297222,False,0.4750888889,True,0.955403294359,False,False,2,1,0.000671817265704
rsrp=-103|rsrq=-20|snr=-3,rsrp=-103|rsrq=-20,-103,-20,-3,ploss=0|noise_power_dB=-5,0,-5,-99.5865277778,-10.5380305556,6.36910277778,3.4134722222,False,9.4619694444,False,3.440701968,False,False,2,1,0.000671817265704
rsrp=-103|rsrq=-19|snr=-3,rsrp=-103|rsrq=-19,-103,-19,-3,ploss=0|noise_power_dB=-5,0,-5,-99.5865277778,-10.5380305556,6.36910277778,3.4134722222,False,8.4619694444,False,3.09805385226,False,False,2,1,0.000671817265704
rsrp=-103|rsrq=-19|snr=-2,rsrp=-103|rsrq=-19,-103,-19,-2,ploss=0|noise_power_dB=-5,0,-5,-99.5865277778,-10.5380305556,6.36910277778,3.4134722222,False,8.4619694444,False,3.09805385226,False,False,2,1,0.000671817265704
rsrp=-103|rsrq=-19|snr=0,rsrp=-103|rsrq=-19,-103,-19,0,ploss=0|noise_power_dB=-5,0,-5,-99.5865277778,-10.5380305556,6.36910277778,3.4134722222,False,8.4619694444,False,3.09805385226,False,False,2,1,0.000671817265704
rsrp=-103|rsrq=-18|snr=-4,rsrp=-103|rsrq=-18,-103,-18,-4,ploss=0|noise_power_dB=-5,0,-5,-99.5865277778,-10.5380305556,6.36910277778,3.4134722222,False,7.4619694444,False,2.75815976883,False,False,2,1,0.000671817265704
rsrp=-103|rsrq=-18|snr=-1,rsrp=-103|rsrq=-18,-103,-18,-1,ploss=0|noise_power_dB=-5,0,-5,-99.5865277778,-10.5380305556,6.36910277778,3.4134722222,False,7.4619694444,False,2.75815976883,False,False,2,1,0.000671817265704
rsrp=-103|rsrq=-18|snr=0,rsrp=-103|rsrq=-18,-103,-18,0,ploss=0|noise_power_dB=-5,0,-5,-99.5865277778,-10.5380305556,6.36910277778,3.4134722222,False,7.4619694444,False,2.75815976883,False,False,2,1,0.000671817265704
rsrp=-103|rsrq=-18|snr=3,rsrp=-103|rsrq=-18,-103,-18,3,ploss=0|noise_power_dB=-5,0,-5,-99.5865277778,-10.5380305556,6.36910277778,3.4134722222,False,7.4619694444,False,2.75815976883,False,False,2,1,0.000671817265704
rsrp=-103|rsrq=-18|snr=7,rsrp=-103|rsrq=-18,-103,-18,7,ploss=0|noise_power_dB=-5,0,-5,-99.5865277778,-10.5380305556,6.36910277778,3.4134722222,False,7.4619694444,False,2.75815976883,False,False,2,1,0.000671817265704
rsrp=-103|rsrq=-17|snr=-3,rsrp=-103|rsrq=-17,-103,-17,-3,ploss=0|noise_power_dB=-5,0,-5,-99.5865277778,-10.5380305556,6.36910277778,3.4134722222,False,6.4619694444,False,2.42217938008,False,False,2,1,0.000671817265704
rsrp=-103|rsrq=-17|snr=2,rsrp=-103|rsrq=-17,-103,-17,2,ploss=0|noise_power_dB=-5,0,-5,-99.5865277778,-10.5380305556,6.36910277778,3.4134722222,False,6.4619694444,False,2.42217938008,False,False,2,1,0.000671817265704
rsrp=-103|rsrq=-17|snr=4,rsrp=-103|rsrq=-17,-103,-17,4,ploss=0|noise_power_dB=-5,0,-5,-99.5865277778,-10.5380305556,6.36910277778,3.4134722222,False,6.4619694444,False,2.42217938008,False,False,2,1,0.000671817265704
rsrp=-103|rsrq=-16|snr=-3,rsrp=-103|rsrq=-16,-103,-16,-3,ploss=0|noise_power_dB=-5,0,-5,-99.5865277778,-10.5380305556,6.36910277778,3.4134722222,False,5.4619694444,False,2.09199918456,False,False,2,1,0.000671817265704
rsrp=-103|rsrq=-16|snr=0,rsrp=-103|rsrq=-16,-103,-16,0,ploss=0|noise_power_dB=-5,0,-5,-99.5865277778,-10.5380305556,6.36910277778,3.4134722222,False,5.4619694444,False,2.09199918456,False,False,2,1,0.000671817265704
rsrp=-103|rsrq=-16|snr=3,rsrp=-103|rsrq=-16,-103,-16,3,ploss=0|noise_power_dB=-5,0,-5,-99.5865277778,-10.5380305556,6.36910277778,3.4134722222,False,5.4619694444,False,2.09199918456,False,False,2,1,0.000671817265704
rsrp=-103|rsrq=-15|snr=-1,rsrp=-103|rsrq=-15,-103,-15,-1,ploss=0|noise_power_dB=-5,0,-5,-99.5865277778,-10.5380305556,6.36910277778,3.4134722222,False,4.4619694444,False,1.77086651872,False,False,2,1,0.000671817265704
rsrp=-103|rsrq=-15|snr=1,rsrp=-103|rsrq=-15,-103,-15,1,ploss=0|noise_power_dB=-5,0,-5,-99.5865277778,-10.5380305556,6.36910277778,3.4134722222,False,4.4619694444,False,1.77086651872,False,False,2,1,0.000671817265704
rsrp=-103|rsrq=-14|snr=-7,rsrp=-103|rsrq=-14,-103,-14,-7,ploss=0|noise_power_dB=-5,0,-5,-99.5865277778,-10.5380305556,6.36910277778,3.4134722222,False,3.4619694444,False,1.46474430055,False,False,2,1,0.000671817265704
rsrp=-103|rsrq=-14|snr=-3,rsrp=-103|rsrq=-14,-103,-14,-3,ploss=0|noise_power_dB=-5,0,-5,-99.5865277778,-10.5380305556,6.36910277778,3.4134722222,False,3.4619694444,False,1.46474430055,False,False,2,1,0.000671817265704
rsrp=-103|rsrq=-14|snr=0,rsrp=-103|rsrq=-14,-103,-14,0,ploss=0|noise_power_dB=-5,0,-5,-99.5865277778,-10.5380305556,6.36910277778,3.4134722222,False,3.4619694444,False,1.46474430055,False,False,2,1,0.000671817265704
rsrp=-103|rsrq=-14|snr=1,rsrp=-103|rsrq=-14,-103,-14,1,ploss=0|noise_power_dB=-5,0,-5,-99.5865277778,-10.5380305556,6.36910277778,3.4134722222,False,3.4619694444,False,1.46474430055,False,False,2,1,0.000671817265704
rsrp=-103|rsrq=-14|snr=4,rsrp=-103|rsrq=-14,-103,-14,4,ploss=0|noise_power_dB=-5,0,-5,-99.5865277778,-10.5380305556,6.36910277778,3.4134722222,False,3.4619694444,False,1.46474430055,False,False,2,1,0.000671817265704
rsrp=-103|rsrq=-14|snr=7,rsrp=-103|rsrq=-14,-103,-14,7,ploss=0|noise_power_dB=-5,0,-5,-99.5865277778,-10.5380305556,6.36910277778,3.4134722222,False,3.4619694444,False,1.46474430055,False,False,2,1,0.000671817265704
rsrp=-103|rsrq=-13|snr=-4,rsrp=-103|rsrq=-13,-103,-13,-4,ploss=0|noise_power_dB=-5,0,-5,-99.5865277778,-10.5380305556,6.36910277778,3.4134722222,False,2.4619694444,False,1.18532000106,False,False,2,1,0.000671817265704
rsrp=-103|rsrq=-13|snr=-3,rsrp=-103|rsrq=-13,-103,-13,-3,ploss=0|noise_power_dB=-5,0,-5,-99.5865277778,-10.5380305556,6.36910277778,3.4134722222,False,2.4619694444,False,1.18532000106,False,False,2,1,0.000671817265704
rsrp=-103|rsrq=-13|snr=-2,rsrp=-103|rsrq=-13,-103,-13,-2,ploss=0|noise_power_dB=-5,0,-5,-99.5865277778,-10.5380305556,6.36910277778,3.4134722222,False,2.4619694444,False,1.18532000106,False,False,2,1,0.000671817265704
rsrp=-103|rsrq=-13|snr=10,rsrp=-103|rsrq=-13,-103,-13,10,ploss=0|noise_power_dB=-5,0,-5,-99.5865277778,-10.5380305556,6.36910277778,3.4134722222,False,2.4619694444,False,1.18532000106,False,False,2,1,0.000671817265704
rsrp=-103|rsrq=-12|snr=-5,rsrp=-103|rsrq=-12,-103,-12,-5,ploss=0|noise_power_dB=-5,0,-5,-99.5865277778,-10.5380305556,6.36910277778,3.4134722222,False,1.4619694444,True,0.956290303102,False,False,2,1,0.000671817265704
rsrp=-103|rsrq=-12|snr=-2,rsrp=-103|rsrq=-12,-103,-12,-2,ploss=0|noise_power_dB=-5,0,-5,-99.5865277778,-10.5380305556,6.36910277778,3.4134722222,False,1.4619694444,True,0.956290303102,False,False,2,1,0.000671817265704
rsrp=-103|rsrq=-12|snr=4,rsrp=-103|rsrq=-12,-103,-12,4,ploss=0|noise_power_dB=-5,0,-5,-99.5865277778,-10.5380305556,6.36910277778,3.4134722222,False,1.4619694444,True,0.956290303102,False,False,2,1,0.000671817265704
rsrp=-103|rsrq=-12|snr=5,rsrp=-103|rsrq=-12,-103,-12,5,ploss=0|noise_power_dB=-5,0,-5,-99.5865277778,-10.5380305556,6.36910277778,3.4134722222,False,1.4619694444,True,0.956290303102,False,False,2,1,0.000671817265704
rsrp=-103|rsrq=-12|snr=8,rsrp=-103|rsrq=-12,-103,-12,8,ploss=0|noise_power_dB=-5,0,-5,-99.5865277778,-10.5380305556,6.36910277778,3.4134722222,False,1.4619694444,True,0.956290303102,False,False,2,1,0.000671817265704
rsrp=-103|rsrq=-11|snr=4,rsrp=-103|rsrq=-11,-103,-11,4,ploss=0|noise_power_dB=-5,0,-5,-99.5865277778,-10.5380305556,6.36910277778,3.4134722222,False,0.4619694444,True,0.820974288701,False,False,2,1,0.000671817265704
rsrp=-103|rsrq=-11|snr=6,rsrp=-103|rsrq=-11,-103,-11,6,ploss=0|noise_power_dB=-5,0,-5,-99.5865277778,-10.5380305556,6.36910277778,3.4134722222,False,0.4619694444,True,0.820974288701,False,False,2,1,0.000671817265704
rsrp=-103|rsrq=-11|snr=9,rsrp=-103|rsrq=-11,-103,-11,9,ploss=0|noise_power_dB=-5,0,-5,-99.5865277778,-10.5380305556,6.36910277778,3.4134722222,False,0.4619694444,True,0.820974288701,False,False,2,1,0.000671817265704
rsrp=-103|rsrq=-11|snr=11,rsrp=-103|rsrq=-11,-103,-11,11,ploss=0|noise_power_dB=-5,0,-5,-99.5865277778,-10.5380305556,6.36910277778,3.4134722222,False,0.4619694444,True,0.820974288701,False,False,2,1,0.000671817265704
rsrp=-103|rsrq=-10|snr=5,rsrp=-103|rsrq=-10,-103,-10,5,ploss=0|noise_power_dB=-5,0,-5,-99.5865277778,-10.5380305556,6.36910277778,3.4134722222,False,0.5380305556,True,0.826744471773,False,False,2,1,0.000671817265704
rsrp=-103|rsrq=-10|snr=6,rsrp=-103|rsrq=-10,-103,-10,6,ploss=0|noise_power_dB=-5,0,-5,-99.5865277778,-10.5380305556,6.36910277778,3.4134722222,False,0.5380305556,True,0.826744471773,False,False,2,1,0.000671817265704
rsrp=-103|rsrq=-9|snr=-2,rsrp=-103|rsrq=-9,-103,-9,-2,ploss=0|noise_power_dB=-5,0,-5,-99.5865277778,-10.5380305556,6.36910277778,3.4134722222,False,1.5380305556,True,0.971089110488,False,False,2,1,0.000671817265704
rsrp=-103|rsrq=-9|snr=6,rsrp=-103|rsrq=-9,-103,-9,6,ploss=0|noise_power_dB=-5,0,-5,-99.5865277778,-10.5380305556,6.36910277778,3.4134722222,False,1.5380305556,True,0.971089110488,False,False,2,1,0.000671817265704
rsrp=-102|rsrq=-18|snr=-4,rsrp=-102|rsrq=-18,-102,-18,-4,ploss=0|noise_power_dB=-5,0,-5,-99.5865277778,-10.5380305556,6.36910277778,2.4134722222,True,7.4619694444,False,2.69883793041,False,False,2,1,0.000671817265704
rsrp=-102|rsrq=-18|snr=-3,rsrp=-102|rsrq=-18,-102,-18,-3,ploss=0|noise_power_dB=-5,0,-5,-99.5865277778,-10.5380305556,6.36910277778,2.4134722222,True,7.4619694444,False,2.69883793041,False,False,2,1,0.000671817265704
rsrp=-102|rsrq=-18|snr=-1,rsrp=-102|rsrq=-18,-102,-18,-1,ploss=0|noise_power_dB=-5,0,-5,-99.5865277778,-10.5380305556,6.36910277778,2.4134722222,True,7.4619694444,False,2.69883793041,False,False,2,1,0.000671817265704
rsrp=-102|rsrq=-18|snr=2,rsrp=-102|rsrq=-18,-102,-18,2,ploss=0|noise_power_dB=-5,0,-5,-99.5865277778,-10.5380305556,6.36910277778,2.4134722222,True,7.4619694444,False,2.69883793041,False,False,2,1,0.000671817265704
rsrp=-102|rsrq=-18|snr=3,rsrp=-102|rsrq=-18,-102,-18,3,ploss=0|noise_power_dB=-5,0,-5,-99.5865277778,-10.5380305556,6.36910277778,2.4134722222,True,7.4619694444,False,2.69883793041,False,False,2,1,0.000671817265704
rsrp=-102|rsrq=-17|snr=-2,rsrp=-102|rsrq=-17,-102,-17,-2,ploss=0|noise_power_dB=-5,0,-5,-99.5865277778,-10.5380305556,6.36910277778,2.4134722222,True,6.4619694444,False,2.35440731682,False,False,2,1,0.000671817265704
rsrp=-102|rsrq=-17|snr=-1,rsrp=-102|rsrq=-17,-102,-17,-1,ploss=0|noise_power_dB=-5,0,-5,-99.5865277778,-10.5380305556,6.36910277778,2.4134722222,True,6.4619694444,False,2.35440731682,False,False,2,1,0.000671817265704
rsrp=-102|rsrq=-17|snr=0,rsrp=-102|rsrq=-17,-102,-17,0,ploss=0|noise_power_dB=-5,0,-5,-99.5865277778,-10.5380305556,6.36910277778,2.4134722222,True,6.4619694444,False,2.35440731682,False,False,2,1,0.000671817265704
rsrp=-102|rsrq=-17|snr=2,rsrp=-102|rsrq=-17,-102,-17,2,ploss=0|noise_power_dB=-5,0,-5,-99.5865277778,-10.5380305556,6.36910277778,2.4134722222,True,6.4619694444,False,2.35440731682,False,False,2,1,0.000671817265704
rsrp=-102|rsrq=-17|snr=4,rsrp=-102|rsrq=-17,-102,-17,4,ploss=0|noise_power_dB=-5,0,-5,-99.5865277778,-10.5380305556,6.36910277778,2.4134722222,True,6.4619694444,False,2.35440731682,False,False,2,1,0.000671817265704
rsrp=-102|rsrq=-17|snr=5,rsrp=-102|rsrq=-17,-102,-17,5,ploss=0|noise_power_dB=-5,0,-5,-99.5865277778,-10.5380305556,6.36910277778,2.4134722222,True,6.4619694444,False,2.35440731682,False,False,2,1,0.000671817265704
rsrp=-102|rsrq=-17|snr=6,rsrp=-102|rsrq=-17,-102,-17,6,ploss=0|noise_power_dB=-5,0,-5,-99.5865277778,-10.5380305556,6.36910277778,2.4134722222,True,6.4619694444,False,2.35440731682,False,False,2,1,0.000671817265704
rsrp=-102|rsrq=-16|snr=-4,rsrp=-102|rsrq=-16,-102,-16,-4,ploss=0|noise_power_dB=-5,0,-5,-99.5865277778,-10.5380305556,6.36910277778,2.4134722222,True,5.4619694444,False,2.01314218385,False,False,2,1,0.000671817265704
rsrp=-102|rsrq=-16|snr=4,rsrp=-102|rsrq=-16,-102,-16,4,ploss=0|noise_power_dB=-5,0,-5,-99.5865277778,-10.5380305556,6.36910277778,2.4134722222,True,5.4619694444,False,2.01314218385,False,False,2,1,0.000671817265704
rsrp=-102|rsrq=-16|snr=6,rsrp=-102|rsrq=-16,-102,-16,6,ploss=0|noise_power_dB=-5,0,-5,-99.5865277778,-10.5380305556,6.36910277778,2.4134722222,True,5.4619694444,False,2.01314218385,False,False,2,1,0.000671817265704
rsrp=-102|rsrq=-16|snr=7,rsrp=-102|rsrq=-16,-102,-16,7,ploss=0|noise_power_dB=-5,0,-5,-99.5865277778,-10.5380305556,6.36910277778,2.4134722222,True,5.4619694444,False,2.01314218385,False,False,2,1,0.000671817265704
rsrp=-102|rsrq=-15|snr=-3,rsrp=-102|rsrq=-15,-102,-15,-3,ploss=0|noise_power_dB=-5,0,-5,-99.5865277778,-10.5380305556,6.36910277778,2.4134722222,True,4.4619694444,False,1.67697617494,False,False,2,1,0.000671817265704
rsrp=-102|rsrq=-15|snr=-2,rsrp=-102|rsrq=-15,-102,-15,-2,ploss=0|noise_power_dB=-5,0,-5,-99.5865277778,-10.5380305556,6.36910277778,2.4134722222,True,4.4619694444,False,1.67697617494,False,False,2,1,0.000671817265704
rsrp=-102|rsrq=-15|snr=4,rsrp=-102|rsrq=-15,-102,-15,4,ploss=0|noise_power_dB=-5,0,-5,-99.5865277778,-10.5380305556,6.36910277778,2.4134722222,True,4.4619694444,False,1.67697617494,False,False,2,1,0.000671817265704
rsrp=-102|rsrq=-14|snr=8,rsrp=-102|rsrq=-14,-102,-14,8,ploss=0|noise_power_dB=-5,0,-5,-99.5865277778,-10.5380305556,6.36910277778,2.4134722222,True,3.4619694444,False,1.34972468682,False,False,2,1,0.000671817265704
rsrp=-102|rsrq=-13|snr=-6,rsrp=-102|rsrq=-13,-102,-13,-6,ploss=0|noise_power_dB=-5,0,-5,-99.5865277778,-10.5380305556,6.36910277778,2.4134722222,True,2.4619694444,False,1.03983862647,False,False,2,1,0.000671817265704
rsrp=-102|rsrq=-13|snr=-2,rsrp=-102|rsrq=-13,-102,-13,-2,ploss=0|noise_power_dB=-5,0,-5,-99.5865277778,-10.5380305556,6.36910277778,2.4134722222,True,2.4619694444,False,1.03983862647,False,False,2,1,0.000671817265704
rsrp=-102|rsrq=-13|snr=6,rsrp=-102|rsrq=-13,-102,-13,6,ploss=0|noise_power_dB=-5,0,-5,-99.5865277778,-10.5380305556,6.36910277778,2.4134722222,True,2.4619694444,False,1.03983862647,False,False,2,1,0.000671817265704
rsrp=-102|rsrq=-13|snr=8,rsrp=-102|rsrq=-13,-102,-13,8,ploss=0|noise_power_dB=-5,0,-5,-99.5865277778,-10.5380305556,6.36910277778,2.4134722222,True,2.4619694444,False,1.03983862647,False,False,2,1,0.000671817265704
rsrp=-102|rsrq=-12|snr=-1,rsrp=-102|rsrq=-12,-102,-12,-1,ploss=0|noise_power_dB=-5,0,-5,-99.5865277778,-10.5380305556,6.36910277778,2.4134722222,True,1.4619694444,True,0.768616944913,True,False,2,1,0.000671817265704
rsrp=-102|rsrq=-12|snr=2,rsrp=-102|rsrq=-12,-102,-12,2,ploss=0|noise_power_dB=-5,0,-5,-99.5865277778,-10.5380305556,6.36910277778,2.4134722222,True,1.4619694444,True,0.768616944913,True,False,2,1,0.000671817265704
rsrp=-102|rsrq=-11|snr=-4,rsrp=-102|rsrq=-11,-102,-11,-4,ploss=0|noise_power_dB=-5,0,-5,-99.5865277778,-10.5380305556,6.36910277778,2.4134722222,True,0.4619694444,True,0.591844275893,True,False,2,1,0.000671817265704
rsrp=-102|rsrq=-11|snr=-2,rsrp=-102|rsrq=-11,-102,-11,-2,ploss=0|noise_power_dB=-5,0,-5,-99.5865277778,-10.5380305556,6.36910277778,2.4134722222,True,0.4619694444,True,0.591844275893,True,False,2,1,0.000671817265704
rsrp=-102|rsrq=-11|snr=0,rsrp=-102|rsrq=-11,-102,-11,0,ploss=0|noise_power_dB=-5,0,-5,-99.5865277778,-10.5380305556,6.36910277778,2.4134722222,True,0.4619694444,True,0.591844275893,True,False,2,1,0.000671817265704
rsrp=-102|rsrq=-11|snr=8,rsrp=-102|rsrq=-11,-102,-11,8,ploss=0|noise_power_dB=-5,0,-5,-99.5865277778,-10.5380305556,6.36910277778,2.4134722222,True,0.4619694444,True,0.591844275893,True,False,2,1,0.000671817265704
rsrp=-102|rsrq=-10|snr=-3,rsrp=-102|rsrq=-10,-102,-10,-3,ploss=0|noise_power_dB=-5,0,-5,-99.5865277778,-10.5380305556,6.36910277778,2.4134722222,True,0.5380305556,True,0.599822711981,True,False,2,1,0.000671817265704
rsrp=-102|rsrq=-10|snr=2,rsrp=-102|rsrq=-10,-102,-10,2,ploss=0|noise_power_dB=-5,0,-5,-99.5865277778,-10.5380305556,6.36910277778,2.4134722222,True,0.5380305556,True,0.599822711981,True,False,2,1,0.000671817265704
rsrp=-102|rsrq=-10|snr=4,rsrp=-102|rsrq=-10,-102,-10,4,ploss=0|noise_power_dB=-5,0,-5,-99.5865277778,-10.5380305556,6.36910277778,2.4134722222,True,0.5380305556,True,0.599822711981,True,False,2,1,0.000671817265704
rsrp=-102|rsrq=-10|snr=6,rsrp=-102|rsrq=-10,-102,-10,6,ploss=0|noise_power_dB=-5,0,-5,-99.5865277778,-10.5380305556,6.36910277778,2.4134722222,True,0.5380305556,True,0.599822711981,True,False,2,1,0.000671817265704
rsrp=-102|rsrq=-10|snr=7,rsrp=-102|rsrq=-10,-102,-10,7,ploss=0|noise_power_dB=-5,0,-5,-99.5865277778,-10.5380305556,6.36910277778,2.4134722222,True,0.5380305556,True,0.599822711981,True,False,2,1,0.000671817265704
rsrp=-102|rsrq=-10|snr=11,rsrp=-102|rsrq=-10,-102,-10,11,ploss=0|noise_power_dB=-5,0,-5,-99.5865277778,-10.5380305556,6.36910277778,2.4134722222,True,0.5380305556,True,0.599822711981,True,False,2,1,0.000671817265704
rsrp=-102|rsrq=-10|snr=12,rsrp=-102|rsrq=-10,-102,-10,12,ploss=0|noise_power_dB=-5,0,-5,-99.5865277778,-10.5380305556,6.36910277778,2.4134722222,True,0.5380305556,True,0.599822711981,True,False,2,1,0.000671817265704
rsrp=-101|rsrq=-18|snr=-2,rsrp=-101|rsrq=-18,-101,-18,-2,ploss=0|noise_power_dB=-5,0,-5,-99.5865277778,-10.5380305556,6.36910277778,1.4134722222,True,7.4619694444,False,2.65915741353,False,False,2,1,0.000671817265704
rsrp=-101|rsrq=-18|snr=0,rsrp=-101|rsrq=-18,-101,-18,0,ploss=0|noise_power_dB=-5,0,-5,-99.5865277778,-10.5380305556,6.36910277778,1.4134722222,True,7.4619694444,False,2.65915741353,False,False,2,1,0.000671817265704
rsrp=-101|rsrq=-17|snr=-1,rsrp=-101|rsrq=-17,-101,-17,-1,ploss=0|noise_power_dB=-5,0,-5,-99.5865277778,-10.5380305556,6.36910277778,1.4134722222,True,6.4619694444,False,2.30881480176,False,False,2,1,0.000671817265704
rsrp=-101|rsrq=-17|snr=10,rsrp=-101|rsrq=-17,-101,-17,10,ploss=0|noise_power_dB=-5,0,-5,-99.5865277778,-10.5380305556,6.36910277778,1.4134722222,True,6.4619694444,False,2.30881480176,False,False,2,1,0.000671817265704
rsrp=-101|rsrq=-16|snr=-2,rsrp=-101|rsrq=-16,-101,-16,-2,ploss=0|noise_power_dB=-5,0,-5,-99.5865277778,-10.5380305556,6.36910277778,1.4134722222,True,5.4619694444,False,1.9596258387,False,False,2,1,0.000671817265704
rsrp=-101|rsrq=-16|snr=4,rsrp=-101|rsrq=-16,-101,-16,4,ploss=0|noise_power_dB=-5,0,-5,-99.5865277778,-10.5380305556,6.36910277778,1.4134722222,True,5.4619694444,False,1.9596258387,False,False,2,1,0.000671817265704
rsrp=-101|rsrq=-15|snr=-4,rsrp=-101|rsrq=-15,-101,-15,-4,ploss=0|noise_power_dB=-5,0,-5,-99.5865277778,-10.5380305556,6.36910277778,1.4134722222,True,4.4619694444,False,1.6123402453,False,False,2,1,0.000671817265704
rsrp=-101|rsrq=-15|snr=-1,rsrp=-101|rsrq=-15,-101,-15,-1,ploss=0|noise_power_dB=-5,0,-5,-99.5865277778,-10.5380305556,6.36910277778,1.4134722222,True,4.4619694444,False,1.6123402453,False,False,2,1,0.000671817265704
rsrp=-101|rsrq=-15|snr=2,rsrp=-101|rsrq=-15,-101,-15,2,ploss=0|noise_power_dB=-5,0,-5,-99.5865277778,-10.5380305556,6.36910277778,1.4134722222,True,4.4619694444,False,1.6123402453,False,False,2,1,0.000671817265704
rsrp=-101|rsrq=-15|snr=4,rsrp=-101|rsrq=-15,-101,-15,4,ploss=0|noise_power_dB=-5,0,-5,-99.5865277778,-10.5380305556,6.36910277778,1.4134722222,True,4.4619694444,False,1.6123402453,False,False,2,1,0.000671817265704
rsrp=-101|rsrq=-15|snr=8,rsrp=-101|rsrq=-15,-101,-15,8,ploss=0|noise_power_dB=-5,0,-5,-99.5865277778,-10.5380305556,6.36910277778,1.4134722222,True,4.4619694444,False,1.6123402453,False,False,2,1,0.000671817265704
rsrp=-101|rsrq=-14|snr=-1,rsrp=-101|rsrq=-14,-101,-14,-1,ploss=0|noise_power_dB=-5,0,-5,-99.5865277778,-10.5380305556,6.36910277778,1.4134722222,True,3.4619694444,False,1.26852225267,False,False,2,1,0.000671817265704
rsrp=-101|rsrq=-14|snr=3,rsrp=-101|rsrq=-14,-101,-14,3,ploss=0|noise_power_dB=-5,0,-5,-99.5865277778,-10.5380305556,6.36910277778,1.4134722222,True,3.4619694444,False,1.26852225267,False,False,2,1,0.000671817265704
rsrp=-101|rsrq=-14|snr=5,rsrp=-101|rsrq=-14,-101,-14,5,ploss=0|noise_power_dB=-5,0,-5,-99.5865277778,-10.5380305556,6.36910277778,1.4134722222,True,3.4619694444,False,1.26852225267,False,False,2,1,0.000671817265704
rsrp=-101|rsrq=-14|snr=8,rsrp=-101|rsrq=-14,-101,-14,8,ploss=0|noise_power_dB=-5,0,-5,-99.5865277778,-10.5380305556,6.36910277778,1.4134722222,True,3.4619694444,False,1.26852225267,False,False,2,1,0.000671817265704
rsrp=-101|rsrq=-13|snr=-1,rsrp=-101|rsrq=-13,-101,-13,-1,ploss=0|noise_power_dB=-5,0,-5,-99.5865277778,-10.5380305556,6.36910277778,1.4134722222,True,2.4619694444,False,0.932017351995,False,False,2,1,0.000671817265704
rsrp=-101|rsrq=-13|snr=0,rsrp=-101|rsrq=-13,-101,-13,0,ploss=0|noise_power_dB=-5,0,-5,-99.5865277778,-10.5380305556,6.36910277778,1.4134722222,True,2.4619694444,False,0.932017351995,False,False,2,1,0.000671817265704
rsrp=-101|rsrq=-13|snr=8,rsrp=-101|rsrq=-13,-101,-13,8,ploss=0|noise_power_dB=-5,0,-5,-99.5865277778,-10.5380305556,6.36910277778,1.4134722222,True,2.4619694444,False,0.932017351995,False,False,2,1,0.000671817265704
rsrp=-101|rsrq=-12|snr=-2,rsrp=-101|rsrq=-12,-101,-12,-2,ploss=0|noise_power_dB=-5,0,-5,-99.5865277778,-10.5380305556,6.36910277778,1.4134722222,True,1.4619694444,True,0.614950390941,True,False,2,1,0.000671817265704
rsrp=-101|rsrq=-12|snr=0,rsrp=-101|rsrq=-12,-101,-12,0,ploss=0|noise_power_dB=-5,0,-5,-99.5865277778,-10.5380305556,6.36910277778,1.4134722222,True,1.4619694444,True,0.614950390941,True,False,2,1,0.000671817265704
rsrp=-101|rsrq=-12|snr=5,rsrp=-101|rsrq=-12,-101,-12,5,ploss=0|noise_power_dB=-5,0,-5,-99.5865277778,-10.5380305556,6.36910277778,1.4134722222,True,1.4619694444,True,0.614950390941,True,False,2,1,0.000671817265704
rsrp=-101|rsrq=-12|snr=7,rsrp=-101|rsrq=-12,-101,-12,7,ploss=0|noise_power_dB=-5,0,-5,-99.5865277778,-10.5380305556,6.36910277778,1.4134722222,True,1.4619694444,True,0.614950390941,True,False,2,1,0.000671817265704
rsrp=-101|rsrq=-12|snr=8,rsrp=-101|rsrq=-12,-101,-12,8,ploss=0|noise_power_dB=-5,0,-5,-99.5865277778,-10.5380305556,6.36910277778,1.4134722222,True,1.4619694444,True,0.614950390941,True,False,2,1,0.000671817265704
rsrp=-101|rsrq=-11|snr=-4,rsrp=-101|rsrq=-11,-101,-11,-4,ploss=0|noise_power_dB=-5,0,-5,-99.5865277778,-10.5380305556,6.36910277778,1.4134722222,True,0.4619694444,True,0.371041267542,True,False,2,1,0.000671817265704
rsrp=-101|rsrq=-11|snr=-3,rsrp=-101|rsrq=-11,-101,-11,-3,ploss=0|noise_power_dB=-5,0,-5,-99.5865277778,-10.5380305556,6.36910277778,1.4134722222,True,0.4619694444,True,0.371041267542,True,False,2,1,0.000671817265704
rsrp=-101|rsrq=-11|snr=4,rsrp=-101|rsrq=-11,-101,-11,4,ploss=0|noise_power_dB=-5,0,-5,-99.5865277778,-10.5380305556,6.36910277778,1.4134722222,True,0.4619694444,True,0.371041267542,True,False,2,1,0.000671817265704
rsrp=-101|rsrq=-11|snr=7,rsrp=-101|rsrq=-11,-101,-11,7,ploss=0|noise_power_dB=-5,0,-5,-99.5865277778,-10.5380305556,6.36910277778,1.4134722222,True,0.4619694444,True,0.371041267542,True,False,2,1,0.000671817265704
rsrp=-101|rsrq=-11|snr=8,rsrp=-101|rsrq=-11,-101,-11,8,ploss=0|noise_power_dB=-5,0,-5,-99.5865277778,-10.5380305556,6.36910277778,1.4134722222,True,0.4619694444,True,0.371041267542,True,False,2,1,0.000671817265704
rsrp=-101|rsrq=-11|snr=10,rsrp=-101|rsrq=-11,-101,-11,10,ploss=0|noise_power_dB=-5,0,-5,-99.5865277778,-10.5380305556,6.36910277778,1.4134722222,True,0.4619694444,True,0.371041267542,True,False,2,1,0.000671817265704
rsrp=-101|rsrq=-11|snr=11,rsrp=-101|rsrq=-11,-101,-11,11,ploss=0|noise_power_dB=-5,0,-5,-99.5865277778,-10.5380305556,6.36910277778,1.4134722222,True,0.4619694444,True,0.371041267542,True,False,2,1,0.000671817265704
rsrp=-101|rsrq=-10|snr=-1,rsrp=-101|rsrq=-10,-101,-10,-1,ploss=0|noise_power_dB=-5,0,-5,-99.5865277778,-10.5380305556,6.36910277778,1.4134722222,True,0.5380305556,True,0.38363949369,True,False,2,1,0.000671817265704
rsrp=-101|rsrq=-10|snr=1,rsrp=-101|rsrq=-10,-101,-10,1,ploss=0|noise_power_dB=-5,0,-5,-99.5865277778,-10.5380305556,6.36910277778,1.4134722222,True,0.5380305556,True,0.38363949369,True,False,2,1,0.000671817265704
rsrp=-101|rsrq=-10|snr=2,rsrp=-101|rsrq=-10,-101,-10,2,ploss=0|noise_power_dB=-5,0,-5,-99.5865277778,-10.5380305556,6.36910277778,1.4134722222,True,0.5380305556,True,0.38363949369,True,False,2,1,0.000671817265704
rsrp=-101|rsrq=-10|snr=5,rsrp=-101|rsrq=-10,-101,-10,5,ploss=0|noise_power_dB=-5,0,-5,-99.5865277778,-10.5380305556,6.36910277778,1.4134722222,True,0.5380305556,True,0.38363949369,True,False,2,1,0.000671817265704
rsrp=-101|rsrq=-10|snr=7,rsrp=-101|rsrq=-10,-101,-10,7,ploss=0|noise_power_dB=-5,0,-5,-99.5865277778,-10.5380305556,6.36910277778,1.4134722222,True,0.5380305556,True,0.38363949369,True,False,2,1,0.000671817265704
rsrp=-101|rsrq=-9|snr=-5,rsrp=-101|rsrq=-9,-101,-9,-5,ploss=0|noise_power_dB=-5,0,-5,-99.5865277778,-10.5380305556,6.36910277778,1.4134722222,True,1.5380305556,True,0.637720079674,True,False,2,1,0.000671817265704
rsrp=-100|rsrq=-19|snr=-3,rsrp=-100|rsrq=-19,-100,-19,-3,ploss=0|noise_power_dB=-5,0,-5,-99.5865277778,-10.5380305556,6.36910277778,0.4134722222,True,8.4619694444,False,2.99334488448,False,False,2,1,0.000671817265704
rsrp=-100|rsrq=-19|snr=-1,rsrp=-100|rsrq=-19,-100,-19,-1,ploss=0|noise_power_dB=-5,0,-5,-99.5865277778,-10.5380305556,6.36910277778,0.4134722222,True,8.4619694444,False,2.99334488448,False,False,2,1,0.000671817265704
rsrp=-100|rsrq=-18|snr=2,rsrp=-100|rsrq=-18,-100,-18,2,ploss=0|noise_power_dB=-5,0,-5,-99.5865277778,-10.5380305556,6.36910277778,0.4134722222,True,7.4619694444,False,2.64000402203,False,False,2,1,0.000671817265704
rsrp=-100|rsrq=-18|snr=9,rsrp=-100|rsrq=-18,-100,-18,9,ploss=0|noise_power_dB=-5,0,-5,-99.5865277778,-10.5380305556,6.36910277778,0.4134722222,True,7.4619694444,False,2.64000402203,False,False,2,1,0.000671817265704
rsrp=-100|rsrq=-17|snr=7,rsrp=-100|rsrq=-17,-100,-17,7,ploss=0|noise_power_dB=-5,0,-5,-99.5865277778,-10.5380305556,6.36910277778,0.4134722222,True,6.4619694444,False,2.28672885914,False,False,2,1,0.000671817265704
rsrp=-100|rsrq=-17|snr=10,rsrp=-100|rsrq=-17,-100,-17,10,ploss=0|noise_power_dB=-5,0,-5,-99.5865277778,-10.5380305556,6.36910277778,0.4134722222,True,6.4619694444,False,2.28672885914,False,False,2,1,0.000671817265704
rsrp=-100|rsrq=-16|snr=1,rsrp=-100|rsrq=-16,-100,-16,1,ploss=0|noise_power_dB=-5,0,-5,-99.5865277778,-10.5380305556,6.36910277778,0.4134722222,True,5.4619694444,False,1.93355540757,False,False,2,1,0.000671817265704
rsrp=-100|rsrq=-16|snr=3,rsrp=-100|rsrq=-16,-100,-16,3,ploss=0|noise_power_dB=-5,0,-5,-99.5865277778,-10.5380305556,6.36910277778,0.4134722222,True,5.4619694444,False,1.93355540757,False,False,2,1,0.000671817265704
rsrp=-100|rsrq=-16|snr=6,rsrp=-100|rsrq=-16,-100,-16,6,ploss=0|noise_power_dB=-5,0,-5,-99.5865277778,-10.5380305556,6.36910277778,0.4134722222,True,5.4619694444,False,1.93355540757,False,False,2,1,0.000671817265704
rsrp=-100|rsrq=-15|snr=-3,rsrp=-100|rsrq=-15,-100,-15,-3,ploss=0|noise_power_dB=-5,0,-5,-99.5865277778,-10.5380305556,6.36910277778,0.4134722222,True,4.4619694444,False,1.58055185079,False,False,2,1,0.000671817265704
rsrp=-100|rsrq=-15|snr=0,rsrp=-100|rsrq=-15,-100,-15,0,ploss=0|noise_power_dB=-5,0,-5,-99.5865277778,-10.5380305556,6.36910277778,0.4134722222,True,4.4619694444,False,1.58055185079,False,False,2,1,0.000671817265704
rsrp=-100|rsrq=-15|snr=5,rsrp=-100|rsrq=-15,-100,-15,5,ploss=0|noise_power_dB=-5,0,-5,-99.5865277778,-10.5380305556,6.36910277778,0.4134722222,True,4.4619694444,False,1.58055185079,False,False,2,1,0.000671817265704
rsrp=-100|rsrq=-15|snr=7,rsrp=-100|rsrq=-15,-100,-15,7,ploss=0|noise_power_dB=-5,0,-5,-99.5865277778,-10.5380305556,6.36910277778,0.4134722222,True,4.4619694444,False,1.58055185079,False,False,2,1,0.000671817265704
rsrp=-100|rsrq=-15|snr=12,rsrp=-100|rsrq=-15,-100,-15,12,ploss=0|noise_power_dB=-5,0,-5,-99.5865277778,-10.5380305556,6.36910277778,0.4134722222,True,4.4619694444,False,1.58055185079,False,False,2,1,0.000671817265704
rsrp=-100|rsrq=-14|snr=-2,rsrp=-100|rsrq=-14,-100,-14,-2,ploss=0|noise_power_dB=-5,0,-5,-99.5865277778,-10.5380305556,6.36910277778,0.4134722222,True,3.4619694444,False,1.22786472868,False,False,2,1,0.000671817265704
rsrp=-100|rsrq=-14|snr=11,rsrp=-100|rsrq=-14,-100,-14,11,ploss=0|noise_power_dB=-5,0,-5,-99.5865277778,-10.5380305556,6.36910277778,0.4134722222,True,3.4619694444,False,1.22786472868,False,False,2,1,0.000671817265704
rsrp=-100|rsrq=-13|snr=-7,rsrp=-100|rsrq=-13,-100,-13,-7,ploss=0|noise_power_dB=-5,0,-5,-99.5865277778,-10.5380305556,6.36910277778,0.4134722222,True,2.4619694444,False,0.875876378744,False,False,2,1,0.000671817265704
rsrp=-100|rsrq=-13|snr=-4,rsrp=-100|rsrq=-13,-100,-13,-4,ploss=0|noise_power_dB=-5,0,-5,-99.5865277778,-10.5380305556,6.36910277778,0.4134722222,True,2.4619694444,False,0.875876378744,False,False,2,1,0.000671817265704
rsrp=-100|rsrq=-13|snr=-2,rsrp=-100|rsrq=-13,-100,-13,-2,ploss=0|noise_power_dB=-5,0,-5,-99.5865277778,-10.5380305556,6.36910277778,0.4134722222,True,2.4619694444,False,0.875876378744,False,False,2,1,0.000671817265704
rsrp=-100|rsrq=-13|snr=0,rsrp=-100|rsrq=-13,-100,-13,0,ploss=0|noise_power_dB=-5,0,-5,-99.5865277778,-10.5380305556,6.36910277778,0.4134722222,True,2.4619694444,False,0.875876378744,False,False,2,1,0.000671817265704
rsrp=-100|rsrq=-13|snr=5,rsrp=-100|rsrq=-13,-100,-13,5,ploss=0|noise_power_dB=-5,0,-5,-99.5865277778,-10.5380305556,6.36910277778,0.4134722222,True,2.4619694444,False,0.875876378744,False,False,2,1,0.000671817265704
rsrp=-100|rsrq=-13|snr=6,rsrp=-100|rsrq=-13,-100,-13,6,ploss=0|noise_power_dB=-5,0,-5,-99.5865277778,-10.5380305556,6.36910277778,0.4134722222,True,2.4619694444,False,0.875876378744,False,False,2,1,0.000671817265704
rsrp=-100|rsrq=-13|snr=7,rsrp=-100|rsrq=-13,-100,-13,7,ploss=0|noise_power_dB=-5,0,-5,-99.5865277778,-10.5380305556,6.36910277778,0.4134722222,True,2.4619694444,False,0.875876378744,False,False,2,1,0.000671817265704
rsrp=-100|rsrq=-13|snr=10,rsrp=-100|rsrq=-13,-100,-13,10,ploss=0|noise_power_dB=-5,0,-5,-99.5865277778,-10.5380305556,6.36910277778,0.4134722222,True,2.4619694444,False,0.875876378744,False,False,2,1,0.000671817265704
rsrp=-100|rsrq=-13|snr=11,rsrp=-100|rsrq=-13,-100,-13,11,ploss=0|noise_power_dB=-5,0,-5,-99.5865277778,-10.5380305556,6.36910277778,0.4134722222,True,2.4619694444,False,0.875876378744,False,False,2,1,0.000671817265704
rsrp=-100|rsrq=-12|snr=-5,rsrp=-100|rsrq=-12,-100,-12,-5,ploss=0|noise_power_dB=-5,0,-5,-99.5865277778,-10.5380305556,6.36910277778,0.4134722222,True,1.4619694444,True,0.525991511092,True,False,2,1,0.000671817265704
rsrp=-100|rsrq=-12|snr=-4,rsrp=-100|rsrq=-12,-100,-12,-4,ploss=0|noise_power_dB=-5,0,-5,-99.5865277778,-10.5380305556,6.36910277778,0.4134722222,True,1.4619694444,True,0.525991511092,True,False,2,1,0.000671817265704
rsrp=-100|rsrq=-12|snr=-1,rsrp=-100|rsrq=-12,-100,-12,-1,ploss=0|noise_power_dB=-5,0,-5,-99.5865277778,-10.5380305556,6.36910277778,0.4134722222,True,1.4619694444,True,0.525991511092,True,False,2,1,0.000671817265704
rsrp=-100|rsrq=-12|snr=1,rsrp=-100|rsrq=-12,-100,-12,1,ploss=0|noise_power_dB=-5,0,-5,-99.5865277778,-10.5380305556,6.36910277778,0.4134722222,True,1.4619694444,True,0.525991511092,True,False,2,1,0.000671817265704
rsrp=-100|rsrq=-12|snr=3,rsrp=-100|rsrq=-12,-100,-12,3,ploss=0|noise_power_dB=-5,0,-5,-99.5865277778,-10.5380305556,6.36910277778,0.4134722222,True,1.4619694444,True,0.525991511092,True,False,2,1,0.000671817265704
rsrp=-100|rsrq=-12|snr=8,rsrp=-100|rsrq=-12,-100,-12,8,ploss=0|noise_power_dB=-5,0,-5,-99.5865277778,-10.5380305556,6.36910277778,0.4134722222,True,1.4619694444,True,0.525991511092,True,False,2,1,0.000671817265704
rsrp=-100|rsrq=-11|snr=-9,rsrp=-100|rsrq=-11,-100,-11,-9,ploss=0|noise_power_dB=-5,0,-5,-99.5865277778,-10.5380305556,6.36910277778,0.4134722222,True,0.4619694444,True,0.190196500076,True,False,2,1,0.000671817265704
rsrp=-100|rsrq=-11|snr=-4,rsrp=-100|rsrq=-11,-100,-11,-4,ploss=0|noise_power_dB=-5,0,-5,-99.5865277778,-10.5380305556,6.36910277778,0.4134722222,True,0.4619694444,True,0.190196500076,True,False,2,1,0.000671817265704
rsrp=-100|rsrq=-11|snr=-3,rsrp=-100|rsrq=-11,-100,-11,-3,ploss=0|noise_power_dB=-5,0,-5,-99.5865277778,-10.5380305556,6.36910277778,0.4134722222,True,0.4619694444,True,0.190196500076,True,False,2,1,0.000671817265704
rsrp=-100|rsrq=-11|snr=0,rsrp=-100|rsrq=-11,-100,-11,0,ploss=0|noise_power_dB=-5,0,-5,-99.5865277778,-10.5380305556,6.36910277778,0.4134722222,True,0.4619694444,True,0.190196500076,True,False,2,1,0.000671817265704
rsrp=-100|rsrq=-11|snr=8,rsrp=-100|rsrq=-11,-100,-11,8,ploss=0|noise_power_dB=-5,0,-5,-99.5865277778,-10.5380305556,6.36910277778,0.4134722222,True,0.4619694444,True,0.190196500076,True,False,2,1,0.000671817265704
rsrp=-100|rsrq=-11|snr=11,rsrp=-100|rsrq=-11,-100,-11,11,ploss=0|noise_power_dB=-5,0,-5,-99.5865277778,-10.5380305556,6.36910277778,0.4134722222,True,0.4619694444,True,0.190196500076,True,False,2,1,0.000671817265704
rsrp=-100|rsrq=-10|snr=-7,rsrp=-100|rsrq=-10,-100,-10,-7,ploss=0|noise_power_dB=-5,0,-5,-99.5865277778,-10.5380305556,6.36910277778,0.4134722222,True,0.5380305556,True,0.213734291917,True,False,2,1,0.000671817265704
rsrp=-100|rsrq=-10|snr=-6,rsrp=-100|rsrq=-10,-100,-10,-6,ploss=0|noise_power_dB=-5,0,-5,-99.5865277778,-10.5380305556,6.36910277778,0.4134722222,True,0.5380305556,True,0.213734291917,True,False,2,1,0.000671817265704
rsrp=-100|rsrq=-10|snr=-5,rsrp=-100|rsrq=-10,-100,-10,-5,ploss=0|noise_power_dB=-5,0,-5,-99.5865277778,-10.5380305556,6.36910277778,0.4134722222,True,0.5380305556,True,0.213734291917,True,False,2,1,0.000671817265704
rsrp=-100|rsrq=-10|snr=-4,rsrp=-100|rsrq=-10,-100,-10,-4,ploss=0|noise_power_dB=-5,0,-5,-99.5865277778,-10.5380305556,6.36910277778,0.4134722222,True,0.5380305556,True,0.213734291917,True,False,2,1,0.000671817265704
rsrp=-100|rsrq=-10|snr=9,rsrp=-100|rsrq=-10,-100,-10,9,ploss=0|noise_power_dB=-5,0,-5,-99.5865277778,-10.5380305556,6.36910277778,0.4134722222,True,0.5380305556,True,0.213734291917,True,False,2,1,0.000671817265704
rsrp=-100|rsrq=-10|snr=10,rsrp=-100|rsrq=-10,-100,-10,10,ploss=0|noise_power_dB=-5,0,-5,-99.5865277778,-10.5380305556,6.36910277778,0.4134722222,True,0.5380305556,True,0.213734291917,True,False,2,1,0.000671817265704
rsrp=-100|rsrq=-10|snr=11,rsrp=-100|rsrq=-10,-100,-10,11,ploss=0|noise_power_dB=-5,0,-5,-99.5865277778,-10.5380305556,6.36910277778,0.4134722222,True,0.5380305556,True,0.213734291917,True,False,2,1,0.000671817265704
rsrp=-100|rsrq=-9|snr=0,rsrp=-100|rsrq=-9,-100,-9,0,ploss=0|noise_power_dB=-5,0,-5,-99.5865277778,-10.5380305556,6.36910277778,0.4134722222,True,1.5380305556,True,0.552440029724,True,False,2,1,0.000671817265704
rsrp=-100|rsrq=-9|snr=5,rsrp=-100|rsrq=-9,-100,-9,5,ploss=0|noise_power_dB=-5,0,-5,-99.5865277778,-10.5380305556,6.36910277778,0.4134722222,True,1.5380305556,True,0.552440029724,True,False,2,1,0.000671817265704
rsrp=-100|rsrq=-9|snr=12,rsrp=-100|rsrq=-9,-100,-9,12,ploss=0|noise_power_dB=-5,0,-5,-99.5865277778,-10.5380305556,6.36910277778,0.4134722222,True,1.5380305556,True,0.552440029724,True,False,2,1,0.000671817265704
rsrp=-99|rsrq=-18|snr=-3,rsrp=-99|rsrq=-18,-99,-18,-3,ploss=0|noise_power_dB=-5,0,-5,-99.5865277778,-10.5380305556,6.36910277778,0.5865277778,True,7.4619694444,False,2.64182426249,False,False,2,1,0.000671817265704
rsrp=-99|rsrq=-17|snr=1,rsrp=-99|rsrq=-17,-99,-17,1,ploss=0|noise_power_dB=-5,0,-5,-99.5865277778,-10.5380305556,6.36910277778,0.5865277778,True,6.4619694444,False,2.28883006638,False,False,2,1,0.000671817265704
rsrp=-99|rsrq=-17|snr=3,rsrp=-99|rsrq=-17,-99,-17,3,ploss=0|noise_power_dB=-5,0,-5,-99.5865277778,-10.5380305556,6.36910277778,0.5865277778,True,6.4619694444,False,2.28883006638,False,False,2,1,0.000671817265704
rsrp=-99|rsrq=-17|snr=4,rsrp=-99|rsrq=-17,-99,-17,4,ploss=0|noise_power_dB=-5,0,-5,-99.5865277778,-10.5380305556,6.36910277778,0.5865277778,True,6.4619694444,False,2.28883006638,False,False,2,1,0.000671817265704
rsrp=-99|rsrq=-17|snr=6,rsrp=-99|rsrq=-17,-99,-17,6,ploss=0|noise_power_dB=-5,0,-5,-99.5865277778,-10.5380305556,6.36910277778,0.5865277778,True,6.4619694444,False,2.28883006638,False,False,2,1,0.000671817265704
rsrp=-99|rsrq=-16|snr=-3,rsrp=-99|rsrq=-16,-99,-16,-3,ploss=0|noise_power_dB=-5,0,-5,-99.5865277778,-10.5380305556,6.36910277778,0.5865277778,True,5.4619694444,False,1.93603995612,False,False,2,1,0.000671817265704
rsrp=-99|rsrq=-16|snr=-1,rsrp=-99|rsrq=-16,-99,-16,-1,ploss=0|noise_power_dB=-5,0,-5,-99.5865277778,-10.5380305556,6.36910277778,0.5865277778,True,5.4619694444,False,1.93603995612,False,False,2,1,0.000671817265704
rsrp=-99|rsrq=-16|snr=1,rsrp=-99|rsrq=-16,-99,-16,1,ploss=0|noise_power_dB=-5,0,-5,-99.5865277778,-10.5380305556,6.36910277778,0.5865277778,True,5.4619694444,False,1.93603995612,False,False,2,1,0.000671817265704
rsrp=-99|rsrq=-16|snr=2,rsrp=-99|rsrq=-16,-99,-16,2,ploss=0|noise_power_dB=-5,0,-5,-99.5865277778,-10.5380305556,6.36910277778,0.5865277778,True,5.4619694444,False,1.93603995612,False,False,2,1,0.000671817265704
rsrp=-99|rsrq=-16|snr=5,rsrp=-99|rsrq=-16,-99,-16,5,ploss=0|noise_power_dB=-5,0,-5,-99.5865277778,-10.5380305556,6.36910277778,0.5865277778,True,5.4619694444,False,1.93603995612,False,False,2,1,0.000671817265704
rsrp=-99|rsrq=-16|snr=7,rsrp=-99|rsrq=-16,-99,-16,7,ploss=0|noise_power_dB=-5,0,-5,-99.5865277778,-10.5380305556,6.36910277778,0.5865277778,True,5.4619694444,False,1.93603995612,False,False,2,1,0.000671817265704
rsrp=-99|rsrq=-16|snr=9,rsrp=-99|rsrq=-16,-99,-16,9,ploss=0|noise_power_dB=-5,0,-5,-99.5865277778,-10.5380305556,6.36910277778,0.5865277778,True,5.4619694444,False,1.93603995612,False,False,2,1,0.000671817265704
rsrp=-99|rsrq=-16|snr=13,rsrp=-99|rsrq=-16,-99,-16,13,ploss=0|noise_power_dB=-5,0,-5,-99.5865277778,-10.5380305556,6.36910277778,0.5865277778,True,5.4619694444,False,1.93603995612,False,False,2,1,0.000671817265704
rsrp=-99|rsrq=-15|snr=-4,rsrp=-99|rsrq=-15,-99,-15,-4,ploss=0|noise_power_dB=-5,0,-5,-99.5865277778,-10.5380305556,6.36910277778,0.5865277778,True,4.4619694444,False,1.58359033546,False,False,2,1,0.000671817265704
rsrp=-99|rsrq=-15|snr=2,rsrp=-99|rsrq=-15,-99,-15,2,ploss=0|noise_power_dB=-5,0,-5,-99.5865277778,-10.5380305556,6.36910277778,0.5865277778,True,4.4619694444,False,1.58359033546,False,False,2,1,0.000671817265704
rsrp=-99|rsrq=-15|snr=4,rsrp=-99|rsrq=-15,-99,-15,4,ploss=0|noise_power_dB=-5,0,-5,-99.5865277778,-10.5380305556,6.36910277778,0.5865277778,True,4.4619694444,False,1.58359033546,False,False,2,1,0.000671817265704
rsrp=-99|rsrq=-15|snr=7,rsrp=-99|rsrq=-15,-99,-15,7,ploss=0|noise_power_dB=-5,0,-5,-99.5865277778,-10.5380305556,6.36910277778,0.5865277778,True,4.4619694444,False,1.58359033546,False,False,2,1,0.000671817265704
rsrp=-99|rsrq=-15|snr=8,rsrp=-99|rsrq=-15,-99,-15,8,ploss=0|noise_power_dB=-5,0,-5,-99.5865277778,-10.5380305556,6.36910277778,0.5865277778,True,4.4619694444,False,1.58359033546,False,False,2,1,0.000671817265704
rsrp=-99|rsrq=-15|snr=9,rsrp=-99|rsrq=-15,-99,-15,9,ploss=0|noise_power_dB=-5,0,-5,-99.5865277778,-10.5380305556,6.36910277778,0.5865277778,True,4.4619694444,False,1.58359033546,False,False,2,1,0.000671817265704
rsrp=-99|rsrq=-14|snr=0,rsrp=-99|rsrq=-14,-99,-14,0,ploss=0|noise_power_dB=-5,0,-5,-99.5865277778,-10.5380305556,6.36910277778,0.5865277778,True,3.4619694444,False,1.23177351387,False,False,2,1,0.000671817265704
rsrp=-99|rsrq=-14|snr=3,rsrp=-99|rsrq=-14,-99,-14,3,ploss=0|noise_power_dB=-5,0,-5,-99.5865277778,-10.5380305556,6.36910277778,0.5865277778,True,3.4619694444,False,1.23177351387,False,False,2,1,0.000671817265704
rsrp=-99|rsrq=-14|snr=6,rsrp=-99|rsrq=-14,-99,-14,6,ploss=0|noise_power_dB=-5,0,-5,-99.5865277778,-10.5380305556,6.36910277778,0.5865277778,True,3.4619694444,False,1.23177351387,False,False,2,1,0.000671817265704
rsrp=-99|rsrq=-14|snr=7,rsrp=-99|rsrq=-14,-99,-14,7,ploss=0|noise_power_dB=-5,0,-5,-99.5865277778,-10.5380305556,6.36910277778,0.5865277778,True,3.4619694444,False,1.23177351387,False,False,2,1,0.000671817265704
rsrp=-99|rsrq=-14|snr=8,rsrp=-99|rsrq=-14,-99,-14,8,ploss=0|noise_power_dB=-5,0,-5,-99.5865277778,-10.5380305556,6.36910277778,0.5865277778,True,3.4619694444,False,1.23177351387,False,False,2,1,0.000671817265704
rsrp=-99|rsrq=-14|snr=9,rsrp=-99|rsrq=-14,-99,-14,9,ploss=0|noise_power_dB=-5,0,-5,-99.5865277778,-10.5380305556,6.36910277778,0.5865277778,True,3.4619694444,False,1.23177351387,False,False,2,1,0.000671817265704
rsrp=-99|rsrq=-14|snr=11,rsrp=-99|rsrq=-14,-99,-14,11,ploss=0|noise_power_dB=-5,0,-5,-99.5865277778,-10.5380305556,6.36910277778,0.5865277778,True,3.4619694444,False,1.23177351387,False,False,2,1,0.000671817265704
rsrp=-99|rsrq=-13|snr=6,rsrp=-99|rsrq=-13,-99,-13,6,ploss=0|noise_power_dB=-5,0,-5,-99.5865277778,-10.5380305556,6.36910277778,0.5865277778,True,2.4619694444,False,0.881347620621,False,False,2,1,0.000671817265704
rsrp=-99|rsrq=-13|snr=9,rsrp=-99|rsrq=-13,-99,-13,9,ploss=0|noise_power_dB=-5,0,-5,-99.5865277778,-10.5380305556,6.36910277778,0.5865277778,True,2.4619694444,False,0.881347620621,False,False,2,1,0.000671817265704
rsrp=-99|rsrq=-12|snr=-6,rsrp=-99|rsrq=-12,-99,-12,-6,ploss=0|noise_power_dB=-5,0,-5,-99.5865277778,-10.5380305556,6.36910277778,0.5865277778,True,1.4619694444,True,0.535052583654,True,False,2,1,0.000671817265704
rsrp=-99|rsrq=-12|snr=-4,rsrp=-99|rsrq=-12,-99,-12,-4,ploss=0|noise_power_dB=-5,0,-5,-99.5865277778,-10.5380305556,6.36910277778,0.5865277778,True,1.4619694444,True,0.535052583654,True,False,2,1,0.000671817265704
rsrp=-99|rsrq=-12|snr=-2,rsrp=-99|rsrq=-12,-99,-12,-2,ploss=0|noise_power_dB=-5,0,-5,-99.5865277778,-10.5380305556,6.36910277778,0.5865277778,True,1.4619694444,True,0.535052583654,True,False,2,1,0.000671817265704
rsrp=-99|rsrq=-12|snr=0,rsrp=-99|rsrq=-12,-99,-12,0,ploss=0|noise_power_dB=-5,0,-5,-99.5865277778,-10.5380305556,6.36910277778,0.5865277778,True,1.4619694444,True,0.535052583654,True,False,2,1,0.000671817265704
rsrp=-99|rsrq=-12|snr=2,rsrp=-99|rsrq=-12,-99,-12,2,ploss=0|noise_power_dB=-5,0,-5,-99.5865277778,-10.5380305556,6.36910277778,0.5865277778,True,1.4619694444,True,0.535052583654,True,False,2,1,0.000671817265704
rsrp=-99|rsrq=-12|snr=7,rsrp=-99|rsrq=-12,-99,-12,7,ploss=0|noise_power_dB=-5,0,-5,-99.5865277778,-10.5380305556,6.36910277778,0.5865277778,True,1.4619694444,True,0.535052583654,True,False,2,1,0.000671817265704
rsrp=-99|rsrq=-12|snr=9,rsrp=-99|rsrq=-12,-99,-12,9,ploss=0|noise_power_dB=-5,0,-5,-99.5865277778,-10.5380305556,6.36910277778,0.5865277778,True,1.4619694444,True,0.535052583654,True,False,2,1,0.000671817265704
rsrp=-99|rsrq=-12|snr=12,rsrp=-99|rsrq=-12,-99,-12,12,ploss=0|noise_power_dB=-5,0,-5,-99.5865277778,-10.5380305556,6.36910277778,0.5865277778,True,1.4619694444,True,0.535052583654,True,False,2,1,0.000671817265704
rsrp=-99|rsrq=-11|snr=-5,rsrp=-99|rsrq=-11,-99,-11,-5,ploss=0|noise_power_dB=-5,0,-5,-99.5865277778,-10.5380305556,6.36910277778,0.5865277778,True,0.4619694444,True,0.213983424999,True,False,2,1,0.000671817265704
rsrp=-99|rsrq=-11|snr=-3,rsrp=-99|rsrq=-11,-99,-11,-3,ploss=0|noise_power_dB=-5,0,-5,-99.5865277778,-10.5380305556,6.36910277778,0.5865277778,True,0.4619694444,True,0.213983424999,True,False,2,1,0.000671817265704
rsrp=-99|rsrq=-11|snr=9,rsrp=-99|rsrq=-11,-99,-11,9,ploss=0|noise_power_dB=-5,0,-5,-99.5865277778,-10.5380305556,6.36910277778,0.5865277778,True,0.4619694444,True,0.213983424999,True,False,2,1,0.000671817265704
rsrp=-99|rsrq=-11|snr=12,rsrp=-99|rsrq=-11,-99,-11,12,ploss=0|noise_power_dB=-5,0,-5,-99.5865277778,-10.5380305556,6.36910277778,0.5865277778,True,0.4619694444,True,0.213983424999,True,False,2,1,0.000671817265704
rsrp=-99|rsrq=-10|snr=-8,rsrp=-99|rsrq=-10,-99,-10,-8,ploss=0|noise_power_dB=-5,0,-5,-99.5865277778,-10.5380305556,6.36910277778,0.5865277778,True,0.5380305556,True,0.235152174292,True,False,2,1,0.000671817265704
rsrp=-99|rsrq=-10|snr=-4,rsrp=-99|rsrq=-10,-99,-10,-4,ploss=0|noise_power_dB=-5,0,-5,-99.5865277778,-10.5380305556,6.36910277778,0.5865277778,True,0.5380305556,True,0.235152174292,True,False,2,1,0.000671817265704
rsrp=-99|rsrq=-10|snr=4,rsrp=-99|rsrq=-10,-99,-10,4,ploss=0|noise_power_dB=-5,0,-5,-99.5865277778,-10.5380305556,6.36910277778,0.5865277778,True,0.5380305556,True,0.235152174292,True,False,2,1,0.000671817265704
rsrp=-99|rsrq=-10|snr=5,rsrp=-99|rsrq=-10,-99,-10,5,ploss=0|noise_power_dB=-5,0,-5,-99.5865277778,-10.5380305556,6.36910277778,0.5865277778,True,0.5380305556,True,0.235152174292,True,False,2,1,0.000671817265704
rsrp=-99|rsrq=-10|snr=7,rsrp=-99|rsrq=-10,-99,-10,7,ploss=0|noise_power_dB=-5,0,-5,-99.5865277778,-10.5380305556,6.36910277778,0.5865277778,True,0.5380305556,True,0.235152174292,True,False,2,1,0.000671817265704
rsrp=-99|rsrq=-10|snr=9,rsrp=-99|rsrq=-10,-99,-10,9,ploss=0|noise_power_dB=-5,0,-5,-99.5865277778,-10.5380305556,6.36910277778,0.5865277778,True,0.5380305556,True,0.235152174292,True,False,2,1,0.000671817265704
rsrp=-99|rsrq=-10|snr=10,rsrp=-99|rsrq=-10,-99,-10,10,ploss=0|noise_power_dB=-5,0,-5,-99.5865277778,-10.5380305556,6.36910277778,0.5865277778,True,0.5380305556,True,0.235152174292,True,False,2,1,0.000671817265704
rsrp=-99|rsrq=-10|snr=13,rsrp=-99|rsrq=-10,-99,-10,13,ploss=0|noise_power_dB=-5,0,-5,-99.5865277778,-10.5380305556,6.36910277778,0.5865277778,True,0.5380305556,True,0.235152174292,True,False,2,1,0.000671817265704
rsrp=-99|rsrq=-9|snr=-5,rsrp=-99|rsrq=-9,-99,-9,-5,ploss=0|noise_power_dB=-5,0,-5,-99.5865277778,-10.5380305556,6.36910277778,0.5865277778,True,1.5380305556,True,0.561074134116,True,False,2,1,0.000671817265704
rsrp=-99|rsrq=-9|snr=1,rsrp=-99|rsrq=-9,-99,-9,1,ploss=0|noise_power_dB=-5,0,-5,-99.5865277778,-10.5380305556,6.36910277778,0.5865277778,True,1.5380305556,True,0.561074134116,True,False,2,1,0.000671817265704
rsrp=-99|rsrq=-9|snr=4,rsrp=-99|rsrq=-9,-99,-9,4,ploss=0|noise_power_dB=-5,0,-5,-99.5865277778,-10.5380305556,6.36910277778,0.5865277778,True,1.5380305556,True,0.561074134116,True,False,2,1,0.000671817265704
rsrp=-99|rsrq=-9|snr=7,rsrp=-99|rsrq=-9,-99,-9,7,ploss=0|noise_power_dB=-5,0,-5,-99.5865277778,-10.5380305556,6.36910277778,0.5865277778,True,1.5380305556,True,0.561074134116,True,False,2,1,0.000671817265704
rsrp=-99|rsrq=-9|snr=9,rsrp=-99|rsrq=-9,-99,-9,9,ploss=0|noise_power_dB=-5,0,-5,-99.5865277778,-10.5380305556,6.36910277778,0.5865277778,True,1.5380305556,True,0.561074134116,True,False,2,1,0.000671817265704
rsrp=-99|rsrq=-9|snr=11,rsrp=-99|rsrq=-9,-99,-9,11,ploss=0|noise_power_dB=-5,0,-5,-99.5865277778,-10.5380305556,6.36910277778,0.5865277778,True,1.5380305556,True,0.561074134116,True,False,2,1,0.000671817265704
rsrp=-98|rsrq=-18|snr=2,rsrp=-98|rsrq=-18,-98,-18,2,ploss=0|noise_power_dB=-5,0,-5,-99.5865277778,-10.5380305556,6.36910277778,1.5865277778,True,7.4619694444,False,2.66457515235,False,False,2,1,0.000671817265704
rsrp=-98|rsrq=-17|snr=-2,rsrp=-98|rsrq=-17,-98,-17,-2,ploss=0|noise_power_dB=-5,0,-5,-99.5865277778,-10.5380305556,6.36910277778,1.5865277778,True,6.4619694444,False,2.31505256558,False,False,2,1,0.000671817265704
rsrp=-98|rsrq=-17|snr=-1,rsrp=-98|rsrq=-17,-98,-17,-1,ploss=0|noise_power_dB=-5,0,-5,-99.5865277778,-10.5380305556,6.36910277778,1.5865277778,True,6.4619694444,False,2.31505256558,False,False,2,1,0.000671817265704
rsrp=-98|rsrq=-17|snr=0,rsrp=-98|rsrq=-17,-98,-17,0,ploss=0|noise_power_dB=-5,0,-5,-99.5865277778,-10.5380305556,6.36910277778,1.5865277778,True,6.4619694444,False,2.31505256558,False,False,2,1,0.000671817265704
rsrp=-98|rsrq=-17|snr=2,rsrp=-98|rsrq=-17,-98,-17,2,ploss=0|noise_power_dB=-5,0,-5,-99.5865277778,-10.5380305556,6.36910277778,1.5865277778,True,6.4619694444,False,2.31505256558,False,False,2,1,0.000671817265704
rsrp=-98|rsrq=-17|snr=5,rsrp=-98|rsrq=-17,-98,-17,5,ploss=0|noise_power_dB=-5,0,-5,-99.5865277778,-10.5380305556,6.36910277778,1.5865277778,True,6.4619694444,False,2.31505256558,False,False,2,1,0.000671817265704
rsrp=-98|rsrq=-17|snr=6,rsrp=-98|rsrq=-17,-98,-17,6,ploss=0|noise_power_dB=-5,0,-5,-99.5865277778,-10.5380305556,6.36910277778,1.5865277778,True,6.4619694444,False,2.31505256558,False,False,2,1,0.000671817265704
rsrp=-98|rsrq=-16|snr=-2,rsrp=-98|rsrq=-16,-98,-16,-2,ploss=0|noise_power_dB=-5,0,-5,-99.5865277778,-10.5380305556,6.36910277778,1.5865277778,True,5.4619694444,False,1.96697128101,False,False,2,1,0.000671817265704
rsrp=-98|rsrq=-16|snr=-1,rsrp=-98|rsrq=-16,-98,-16,-1,ploss=0|noise_power_dB=-5,0,-5,-99.5865277778,-10.5380305556,6.36910277778,1.5865277778,True,5.4619694444,False,1.96697128101,False,False,2,1,0.000671817265704
rsrp=-98|rsrq=-16|snr=5,rsrp=-98|rsrq=-16,-98,-16,5,ploss=0|noise_power_dB=-5,0,-5,-99.5865277778,-10.5380305556,6.36910277778,1.5865277778,True,5.4619694444,False,1.96697128101,False,False,2,1,0.000671817265704
rsrp=-98|rsrq=-16|snr=7,rsrp=-98|rsrq=-16,-98,-16,7,ploss=0|noise_power_dB=-5,0,-5,-99.5865277778,-10.5380305556,6.36910277778,1.5865277778,True,5.4619694444,False,1.96697128101,False,False,2,1,0.000671817265704
rsrp=-98|rsrq=-16|snr=8,rsrp=-98|rsrq=-16,-98,-16,8,ploss=0|noise_power_dB=-5,0,-5,-99.5865277778,-10.5380305556,6.36910277778,1.5865277778,True,5.4619694444,False,1.96697128101,False,False,2,1,0.000671817265704
rsrp=-98|rsrq=-15|snr=-2,rsrp=-98|rsrq=-15,-98,-15,-2,ploss=0|noise_power_dB=-5,0,-5,-99.5865277778,-10.5380305556,6.36910277778,1.5865277778,True,4.4619694444,False,1.62125989873,False,False,2,1,0.000671817265704
rsrp=-98|rsrq=-15|snr=3,rsrp=-98|rsrq=-15,-98,-15,3,ploss=0|noise_power_dB=-5,0,-5,-99.5865277778,-10.5380305556,6.36910277778,1.5865277778,True,4.4619694444,False,1.62125989873,False,False,2,1,0.000671817265704
rsrp=-98|rsrq=-15|snr=8,rsrp=-98|rsrq=-15,-98,-15,8,ploss=0|noise_power_dB=-5,0,-5,-99.5865277778,-10.5380305556,6.36910277778,1.5865277778,True,4.4619694444,False,1.62125989873,False,False,2,1,0.000671817265704
rsrp=-98|rsrq=-15|snr=9,rsrp=-98|rsrq=-15,-98,-15,9,ploss=0|noise_power_dB=-5,0,-5,-99.5865277778,-10.5380305556,6.36910277778,1.5865277778,True,4.4619694444,False,1.62125989873,False,False,2,1,0.000671817265704
rsrp=-98|rsrq=-15|snr=11,rsrp=-98|rsrq=-15,-98,-15,11,ploss=0|noise_power_dB=-5,0,-5,-99.5865277778,-10.5380305556,6.36910277778,1.5865277778,True,4.4619694444,False,1.62125989873,False,False,2,1,0.000671817265704
rsrp=-98|rsrq=-14|snr=0,rsrp=-98|rsrq=-14,-98,-14,0,ploss=0|noise_power_dB=-5,0,-5,-99.5865277778,-10.5380305556,6.36910277778,1.5865277778,True,3.4619694444,False,1.27984034087,False,False,2,1,0.000671817265704
rsrp=-98|rsrq=-14|snr=9,rsrp=-98|rsrq=-14,-98,-14,9,ploss=0|noise_power_dB=-5,0,-5,-99.5865277778,-10.5380305556,6.36910277778,1.5865277778,True,3.4619694444,False,1.27984034087,False,False,2,1,0.000671817265704
rsrp=-98|rsrq=-14|snr=12,rsrp=-98|rsrq=-14,-98,-14,12,ploss=0|noise_power_dB=-5,0,-5,-99.5865277778,-10.5380305556,6.36910277778,1.5865277778,True,3.4619694444,False,1.27984034087,False,False,2,1,0.000671817265704
rsrp=-98|rsrq=-13|snr=-3,rsrp=-98|rsrq=-13,-98,-13,-3,ploss=0|noise_power_dB=-5,0,-5,-99.5865277778,-10.5380305556,6.36910277778,1.5865277778,True,2.4619694444,False,0.947364205055,False,False,2,1,0.000671817265704
rsrp=-98|rsrq=-13|snr=0,rsrp=-98|rsrq=-13,-98,-13,0,ploss=0|noise_power_dB=-5,0,-5,-99.5865277778,-10.5380305556,6.36910277778,1.5865277778,True,2.4619694444,False,0.947364205055,False,False,2,1,0.000671817265704
rsrp=-98|rsrq=-13|snr=3,rsrp=-98|rsrq=-13,-98,-13,3,ploss=0|noise_power_dB=-5,0,-5,-99.5865277778,-10.5380305556,6.36910277778,1.5865277778,True,2.4619694444,False,0.947364205055,False,False,2,1,0.000671817265704
rsrp=-98|rsrq=-13|snr=8,rsrp=-98|rsrq=-13,-98,-13,8,ploss=0|noise_power_dB=-5,0,-5,-99.5865277778,-10.5380305556,6.36910277778,1.5865277778,True,2.4619694444,False,0.947364205055,False,False,2,1,0.000671817265704
rsrp=-98|rsrq=-13|snr=12,rsrp=-98|rsrq=-13,-98,-13,12,ploss=0|noise_power_dB=-5,0,-5,-99.5865277778,-10.5380305556,6.36910277778,1.5865277778,True,2.4619694444,False,0.947364205055,False,False,2,1,0.000671817265704
rsrp=-98|rsrq=-13|snr=13,rsrp=-98|rsrq=-13,-98,-13,13,ploss=0|noise_power_dB=-5,0,-5,-99.5865277778,-10.5380305556,6.36910277778,1.5865277778,True,2.4619694444,False,0.947364205055,False,False,2,1,0.000671817265704
rsrp=-98|rsrq=-12|snr=-2,rsrp=-98|rsrq=-12,-98,-12,-2,ploss=0|noise_power_dB=-5,0,-5,-99.5865277778,-10.5380305556,6.36910277778,1.5865277778,True,1.4619694444,True,0.637970670109,True,False,2,1,0.000671817265704
rsrp=-98|rsrq=-12|snr=-1,rsrp=-98|rsrq=-12,-98,-12,-1,ploss=0|noise_power_dB=-5,0,-5,-99.5865277778,-10.5380305556,6.36910277778,1.5865277778,True,1.4619694444,True,0.637970670109,True,False,2,1,0.000671817265704
rsrp=-98|rsrq=-12|snr=1,rsrp=-98|rsrq=-12,-98,-12,1,ploss=0|noise_power_dB=-5,0,-5,-99.5865277778,-10.5380305556,6.36910277778,1.5865277778,True,1.4619694444,True,0.637970670109,True,False,2,1,0.000671817265704
rsrp=-98|rsrq=-12|snr=11,rsrp=-98|rsrq=-12,-98,-12,11,ploss=0|noise_power_dB=-5,0,-5,-99.5865277778,-10.5380305556,6.36910277778,1.5865277778,True,1.4619694444,True,0.637970670109,True,False,2,1,0.000671817265704
rsrp=-98|rsrq=-12|snr=12,rsrp=-98|rsrq=-12,-98,-12,12,ploss=0|noise_power_dB=-5,0,-5,-99.5865277778,-10.5380305556,6.36910277778,1.5865277778,True,1.4619694444,True,0.637970670109,True,False,2,1,0.000671817265704
rsrp=-98|rsrq=-12|snr=13,rsrp=-98|rsrq=-12,-98,-12,13,ploss=0|noise_power_dB=-5,0,-5,-99.5865277778,-10.5380305556,6.36910277778,1.5865277778,True,1.4619694444,True,0.637970670109,True,False,2,1,0.000671817265704
rsrp=-98|rsrq=-11|snr=1,rsrp=-98|rsrq=-11,-98,-11,1,ploss=0|noise_power_dB=-5,0,-5,-99.5865277778,-10.5380305556,6.36910277778,1.5865277778,True,0.4619694444,True,0.408061533128,True,False,2,1,0.000671817265704
rsrp=-98|rsrq=-11|snr=4,rsrp=-98|rsrq=-11,-98,-11,4,ploss=0|noise_power_dB=-5,0,-5,-99.5865277778,-10.5380305556,6.36910277778,1.5865277778,True,0.4619694444,True,0.408061533128,True,False,2,1,0.000671817265704
rsrp=-98|rsrq=-11|snr=6,rsrp=-98|rsrq=-11,-98,-11,6,ploss=0|noise_power_dB=-5,0,-5,-99.5865277778,-10.5380305556,6.36910277778,1.5865277778,True,0.4619694444,True,0.408061533128,True,False,2,1,0.000671817265704
rsrp=-98|rsrq=-11|snr=11,rsrp=-98|rsrq=-11,-98,-11,11,ploss=0|noise_power_dB=-5,0,-5,-99.5865277778,-10.5380305556,6.36910277778,1.5865277778,True,0.4619694444,True,0.408061533128,True,False,2,1,0.000671817265704
rsrp=-98|rsrq=-11|snr=12,rsrp=-98|rsrq=-11,-98,-11,12,ploss=0|noise_power_dB=-5,0,-5,-99.5865277778,-10.5380305556,6.36910277778,1.5865277778,True,0.4619694444,True,0.408061533128,True,False,2,1,0.000671817265704
rsrp=-98|rsrq=-10|snr=5,rsrp=-98|rsrq=-10,-98,-10,5,ploss=0|noise_power_dB=-5,0,-5,-99.5865277778,-10.5380305556,6.36910277778,1.5865277778,True,0.5380305556,True,0.419549584339,True,False,2,1,0.000671817265704
rsrp=-98|rsrq=-10|snr=8,rsrp=-98|rsrq=-10,-98,-10,8,ploss=0|noise_power_dB=-5,0,-5,-99.5865277778,-10.5380305556,6.36910277778,1.5865277778,True,0.5380305556,True,0.419549584339,True,False,2,1,0.000671817265704
rsrp=-98|rsrq=-10|snr=9,rsrp=-98|rsrq=-10,-98,-10,9,ploss=0|noise_power_dB=-5,0,-5,-99.5865277778,-10.5380305556,6.36910277778,1.5865277778,True,0.5380305556,True,0.419549584339,True,False,2,1,0.000671817265704
rsrp=-98|rsrq=-9|snr=10,rsrp=-98|rsrq=-9,-98,-9,10,ploss=0|noise_power_dB=-5,0,-5,-99.5865277778,-10.5380305556,6.36910277778,1.5865277778,True,1.5380305556,True,0.659946583156,True,False,2,1,0.000671817265704
rsrp=-98|rsrq=-9|snr=13,rsrp=-98|rsrq=-9,-98,-9,13,ploss=0|noise_power_dB=-5,0,-5,-99.5865277778,-10.5380305556,6.36910277778,1.5865277778,True,1.5380305556,True,0.659946583156,True,False,2,1,0.000671817265704
rsrp=-97|rsrq=-17|snr=5,rsrp=-97|rsrq=-17,-97,-17,5,ploss=0|noise_power_dB=-5,0,-5,-99.5865277778,-10.5380305556,6.36910277778,2.5865277778,True,6.4619694444,False,2.36459400345,False,False,2,1,0.000671817265704
rsrp=-97|rsrq=-16|snr=-3,rsrp=-97|rsrq=-16,-97,-16,-3,ploss=0|noise_power_dB=-5,0,-5,-99.5865277778,-10.5380305556,6.36910277778,2.5865277778,True,5.4619694444,False,2.02504628097,False,False,2,1,0.000671817265704
rsrp=-97|rsrq=-16|snr=0,rsrp=-97|rsrq=-16,-97,-16,0,ploss=0|noise_power_dB=-5,0,-5,-99.5865277778,-10.5380305556,6.36910277778,2.5865277778,True,5.4619694444,False,2.02504628097,False,False,2,1,0.000671817265704
rsrp=-97|rsrq=-16|snr=1,rsrp=-97|rsrq=-16,-97,-16,1,ploss=0|noise_power_dB=-5,0,-5,-99.5865277778,-10.5380305556,6.36910277778,2.5865277778,True,5.4619694444,False,2.02504628097,False,False,2,1,0.000671817265704
rsrp=-97|rsrq=-16|snr=9,rsrp=-97|rsrq=-16,-97,-16,9,ploss=0|noise_power_dB=-5,0,-5,-99.5865277778,-10.5380305556,6.36910277778,2.5865277778,True,5.4619694444,False,2.02504628097,False,False,2,1,0.000671817265704
rsrp=-97|rsrq=-16|snr=10,rsrp=-97|rsrq=-16,-97,-16,10,ploss=0|noise_power_dB=-5,0,-5,-99.5865277778,-10.5380305556,6.36910277778,2.5865277778,True,5.4619694444,False,2.02504628097,False,False,2,1,0.000671817265704
rsrp=-97|rsrq=-15|snr=-5,rsrp=-97|rsrq=-15,-97,-15,-5,ploss=0|noise_power_dB=-5,0,-5,-99.5865277778,-10.5380305556,6.36910277778,2.5865277778,True,4.4619694444,False,1.69124808321,False,False,2,1,0.000671817265704
rsrp=-97|rsrq=-15|snr=3,rsrp=-97|rsrq=-15,-97,-15,3,ploss=0|noise_power_dB=-5,0,-5,-99.5865277778,-10.5380305556,6.36910277778,2.5865277778,True,4.4619694444,False,1.69124808321,False,False,2,1,0.000671817265704
rsrp=-97|rsrq=-14|snr=0,rsrp=-97|rsrq=-14,-97,-14,0,ploss=0|noise_power_dB=-5,0,-5,-99.5865277778,-10.5380305556,6.36910277778,2.5865277778,True,3.4619694444,False,1.36741643908,False,False,2,1,0.000671817265704
rsrp=-97|rsrq=-14|snr=3,rsrp=-97|rsrq=-14,-97,-14,3,ploss=0|noise_power_dB=-5,0,-5,-99.5865277778,-10.5380305556,6.36910277778,2.5865277778,True,3.4619694444,False,1.36741643908,False,False,2,1,0.000671817265704
rsrp=-97|rsrq=-14|snr=9,rsrp=-97|rsrq=-14,-97,-14,9,ploss=0|noise_power_dB=-5,0,-5,-99.5865277778,-10.5380305556,6.36910277778,2.5865277778,True,3.4619694444,False,1.36741643908,False,False,2,1,0.000671817265704
rsrp=-97|rsrq=-13|snr=-4,rsrp=-97|rsrq=-13,-97,-13,-4,ploss=0|noise_power_dB=-5,0,-5,-99.5865277778,-10.5380305556,6.36910277778,2.5865277778,True,2.4619694444,False,1.06270191341,False,False,2,1,0.000671817265704
rsrp=-97|rsrq=-13|snr=-1,rsrp=-97|rsrq=-13,-97,-13,-1,ploss=0|noise_power_dB=-5,0,-5,-99.5865277778,-10.5380305556,6.36910277778,2.5865277778,True,2.4619694444,False,1.06270191341,False,False,2,1,0.000671817265704
rsrp=-97|rsrq=-13|snr=0,rsrp=-97|rsrq=-13,-97,-13,0,ploss=0|noise_power_dB=-5,0,-5,-99.5865277778,-10.5380305556,6.36910277778,2.5865277778,True,2.4619694444,False,1.06270191341,False,False,2,1,0.000671817265704
rsrp=-97|rsrq=-13|snr=3,rsrp=-97|rsrq=-13,-97,-13,3,ploss=0|noise_power_dB=-5,0,-5,-99.5865277778,-10.5380305556,6.36910277778,2.5865277778,True,2.4619694444,False,1.06270191341,False,False,2,1,0.000671817265704
rsrp=-97|rsrq=-13|snr=4,rsrp=-97|rsrq=-13,-97,-13,4,ploss=0|noise_power_dB=-5,0,-5,-99.5865277778,-10.5380305556,6.36910277778,2.5865277778,True,2.4619694444,False,1.06270191341,False,False,2,1,0.000671817265704
rsrp=-97|rsrq=-13|snr=8,rsrp=-97|rsrq=-13,-97,-13,8,ploss=0|noise_power_dB=-5,0,-5,-99.5865277778,-10.5380305556,6.36910277778,2.5865277778,True,2.4619694444,False,1.06270191341,False,False,2,1,0.000671817265704
rsrp=-97|rsrq=-12|snr=0,rsrp=-97|rsrq=-12,-97,-12,0,ploss=0|noise_power_dB=-5,0,-5,-99.5865277778,-10.5380305556,6.36910277778,2.5865277778,True,1.4619694444,True,0.79927654518,True,False,2,1,0.000671817265704
rsrp=-97|rsrq=-12|snr=6,rsrp=-97|rsrq=-12,-97,-12,6,ploss=0|noise_power_dB=-5,0,-5,-99.5865277778,-10.5380305556,6.36910277778,2.5865277778,True,1.4619694444,True,0.79927654518,True,False,2,1,0.000671817265704
rsrp=-97|rsrq=-12|snr=7,rsrp=-97|rsrq=-12,-97,-12,7,ploss=0|noise_power_dB=-5,0,-5,-99.5865277778,-10.5380305556,6.36910277778,2.5865277778,True,1.4619694444,True,0.79927654518,True,False,2,1,0.000671817265704
rsrp=-97|rsrq=-12|snr=12,rsrp=-97|rsrq=-12,-97,-12,12,ploss=0|noise_power_dB=-5,0,-5,-99.5865277778,-10.5380305556,6.36910277778,2.5865277778,True,1.4619694444,True,0.79927654518,True,False,2,1,0.000671817265704
rsrp=-97|rsrq=-11|snr=0,rsrp=-97|rsrq=-11,-97,-11,0,ploss=0|noise_power_dB=-5,0,-5,-99.5865277778,-10.5380305556,6.36910277778,2.5865277778,True,0.4619694444,True,0.631150247227,True,False,2,1,0.000671817265704
rsrp=-97|rsrq=-11|snr=2,rsrp=-97|rsrq=-11,-97,-11,2,ploss=0|noise_power_dB=-5,0,-5,-99.5865277778,-10.5380305556,6.36910277778,2.5865277778,True,0.4619694444,True,0.631150247227,True,False,2,1,0.000671817265704
rsrp=-97|rsrq=-11|snr=3,rsrp=-97|rsrq=-11,-97,-11,3,ploss=0|noise_power_dB=-5,0,-5,-99.5865277778,-10.5380305556,6.36910277778,2.5865277778,True,0.4619694444,True,0.631150247227,True,False,2,1,0.000671817265704
rsrp=-97|rsrq=-11|snr=7,rsrp=-97|rsrq=-11,-97,-11,7,ploss=0|noise_power_dB=-5,0,-5,-99.5865277778,-10.5380305556,6.36910277778,2.5865277778,True,0.4619694444,True,0.631150247227,True,False,2,1,0.000671817265704
rsrp=-97|rsrq=-11|snr=8,rsrp=-97|rsrq=-11,-97,-11,8,ploss=0|noise_power_dB=-5,0,-5,-99.5865277778,-10.5380305556,6.36910277778,2.5865277778,True,0.4619694444,True,0.631150247227,True,False,2,1,0.000671817265704
rsrp=-97|rsrq=-11|snr=11,rsrp=-97|rsrq=-11,-97,-11,11,ploss=0|noise_power_dB=-5,0,-5,-99.5865277778,-10.5380305556,6.36910277778,2.5865277778,True,0.4619694444,True,0.631150247227,True,False,2,1,0.000671817265704
rsrp=-97|rsrq=-10|snr=5,rsrp=-97|rsrq=-10,-97,-10,5,ploss=0|noise_power_dB=-5,0,-5,-99.5865277778,-10.5380305556,6.36910277778,2.5865277778,True,0.5380305556,True,0.63863782653,True,False,2,1,0.000671817265704
rsrp=-97|rsrq=-10|snr=13,rsrp=-97|rsrq=-10,-97,-10,13,ploss=0|noise_power_dB=-5,0,-5,-99.5865277778,-10.5380305556,6.36910277778,2.5865277778,True,0.5380305556,True,0.63863782653,True,False,2,1,0.000671817265704
rsrp=-97|rsrq=-9|snr=1,rsrp=-97|rsrq=-9,-97,-9,1,ploss=0|noise_power_dB=-5,0,-5,-99.5865277778,-10.5380305556,6.36910277778,2.5865277778,True,1.5380305556,True,0.816924667503,True,False,2,1,0.000671817265704
rsrp=-97|rsrq=-9|snr=4,rsrp=-97|rsrq=-9,-97,-9,4,ploss=0|noise_power_dB=-5,0,-5,-99.5865277778,-10.5380305556,6.36910277778,2.5865277778,True,1.5380305556,True,0.816924667503,True,False,2,1,0.000671817265704
rsrp=-97|rsrq=-9|snr=8,rsrp=-97|rsrq=-9,-97,-9,8,ploss=0|noise_power_dB=-5,0,-5,-99.5865277778,-10.5380305556,6.36910277778,2.5865277778,True,1.5380305556,True,0.816924667503,True,False,2,1,0.000671817265704
rsrp=-97|rsrq=-9|snr=9,rsrp=-97|rsrq=-9,-97,-9,9,ploss=0|noise_power_dB=-5,0,-5,-99.5865277778,-10.5380305556,6.36910277778,2.5865277778,True,1.5380305556,True,0.816924667503,True,False,2,1,0.000671817265704
rsrp=-96|rsrq=-17|snr=2,rsrp=-96|rsrq=-17,-96,-17,2,ploss=0|noise_power_dB=-5,0,-5,-99.5865277778,-10.5380305556,6.36910277778,3.5865277778,False,6.4619694444,False,2.43603208765,False,False,2,1,0.000671817265704
rsrp=-96|rsrq=-17|snr=8,rsrp=-96|rsrq=-17,-96,-17,8,ploss=0|noise_power_dB=-5,0,-5,-99.5865277778,-10.5380305556,6.36910277778,3.5865277778,False,6.4619694444,False,2.43603208765,False,False,2,1,0.000671817265704
rsrp=-96|rsrq=-16|snr=2,rsrp=-96|rsrq=-16,-96,-16,2,ploss=0|noise_power_dB=-5,0,-5,-99.5865277778,-10.5380305556,6.36910277778,3.5865277778,False,5.4619694444,False,2.10802276338,False,False,2,1,0.000671817265704
rsrp=-96|rsrq=-16|snr=3,rsrp=-96|rsrq=-16,-96,-16,3,ploss=0|noise_power_dB=-5,0,-5,-99.5865277778,-10.5380305556,6.36910277778,3.5865277778,False,5.4619694444,False,2.10802276338,False,False,2,1,0.000671817265704
rsrp=-96|rsrq=-16|snr=4,rsrp=-96|rsrq=-16,-96,-16,4,ploss=0|noise_power_dB=-5,0,-5,-99.5865277778,-10.5380305556,6.36910277778,3.5865277778,False,5.4619694444,False,2.10802276338,False,False,2,1,0.000671817265704
rsrp=-96|rsrq=-15|snr=-3,rsrp=-96|rsrq=-15,-96,-15,-3,ploss=0|noise_power_dB=-5,0,-5,-99.5865277778,-10.5380305556,6.36910277778,3.5865277778,False,4.4619694444,False,1.78976747368,False,False,2,1,0.000671817265704
rsrp=-96|rsrq=-15|snr=8,rsrp=-96|rsrq=-15,-96,-15,8,ploss=0|noise_power_dB=-5,0,-5,-99.5865277778,-10.5380305556,6.36910277778,3.5865277778,False,4.4619694444,False,1.78976747368,False,False,2,1,0.000671817265704
rsrp=-96|rsrq=-14|snr=-3,rsrp=-96|rsrq=-14,-96,-14,-3,ploss=0|noise_power_dB=-5,0,-5,-99.5865277778,-10.5380305556,6.36910277778,3.5865277778,False,3.4619694444,False,1.48753999904,False,False,2,1,0.000671817265704
rsrp=-96|rsrq=-14|snr=2,rsrp=-96|rsrq=-14,-96,-14,2,ploss=0|noise_power_dB=-5,0,-5,-99.5865277778,-10.5380305556,6.36910277778,3.5865277778,False,3.4619694444,False,1.48753999904,False,False,2,1,0.000671817265704
rsrp=-96|rsrq=-14|snr=4,rsrp=-96|rsrq=-14,-96,-14,4,ploss=0|noise_power_dB=-5,0,-5,-99.5865277778,-10.5380305556,6.36910277778,3.5865277778,False,3.4619694444,False,1.48753999904,False,False,2,1,0.000671817265704
rsrp=-96|rsrq=-14|snr=5,rsrp=-96|rsrq=-14,-96,-14,5,ploss=0|noise_power_dB=-5,0,-5,-99.5865277778,-10.5380305556,6.36910277778,3.5865277778,False,3.4619694444,False,1.48753999904,False,False,2,1,0.000671817265704
rsrp=-96|rsrq=-14|snr=12,rsrp=-96|rsrq=-14,-96,-14,12,ploss=0|noise_power_dB=-5,0,-5,-99.5865277778,-10.5380305556,6.36910277778,3.5865277778,False,3.4619694444,False,1.48753999904,False,False,2,1,0.000671817265704
rsrp=-96|rsrq=-13|snr=-3,rsrp=-96|rsrq=-13,-96,-13,-3,ploss=0|noise_power_dB=-5,0,-5,-99.5865277778,-10.5380305556,6.36910277778,3.5865277778,False,2.4619694444,False,1.21337664706,False,False,2,1,0.000671817265704
rsrp=-96|rsrq=-12|snr=1,rsrp=-96|rsrq=-12,-96,-12,1,ploss=0|noise_power_dB=-5,0,-5,-99.5865277778,-10.5380305556,6.36910277778,3.5865277778,False,1.4619694444,True,0.990853433431,False,False,2,1,0.000671817265704
rsrp=-96|rsrq=-12|snr=2,rsrp=-96|rsrq=-12,-96,-12,2,ploss=0|noise_power_dB=-5,0,-5,-99.5865277778,-10.5380305556,6.36910277778,3.5865277778,False,1.4619694444,True,0.990853433431,False,False,2,1,0.000671817265704
rsrp=-96|rsrq=-12|snr=4,rsrp=-96|rsrq=-12,-96,-12,4,ploss=0|noise_power_dB=-5,0,-5,-99.5865277778,-10.5380305556,6.36910277778,3.5865277778,False,1.4619694444,True,0.990853433431,False,False,2,1,0.000671817265704
rsrp=-96|rsrq=-12|snr=9,rsrp=-96|rsrq=-12,-96,-12,9,ploss=0|noise_power_dB=-5,0,-5,-99.5865277778,-10.5380305556,6.36910277778,3.5865277778,False,1.4619694444,True,0.990853433431,False,False,2,1,0.000671817265704
rsrp=-96|rsrq=-11|snr=0,rsrp=-96|rsrq=-11,-96,-11,0,ploss=0|noise_power_dB=-5,0,-5,-99.5865277778,-10.5380305556,6.36910277778,3.5865277778,False,0.4619694444,True,0.860986739411,False,False,2,1,0.000671817265704
rsrp=-96|rsrq=-11|snr=2,rsrp=-96|rsrq=-11,-96,-11,2,ploss=0|noise_power_dB=-5,0,-5,-99.5865277778,-10.5380305556,6.36910277778,3.5865277778,False,0.4619694444,True,0.860986739411,False,False,2,1,0.000671817265704
rsrp=-96|rsrq=-11|snr=5,rsrp=-96|rsrq=-11,-96,-11,5,ploss=0|noise_power_dB=-5,0,-5,-99.5865277778,-10.5380305556,6.36910277778,3.5865277778,False,0.4619694444,True,0.860986739411,False,False,2,1,0.000671817265704
rsrp=-96|rsrq=-11|snr=7,rsrp=-96|rsrq=-11,-96,-11,7,ploss=0|noise_power_dB=-5,0,-5,-99.5865277778,-10.5380305556,6.36910277778,3.5865277778,False,0.4619694444,True,0.860986739411,False,False,2,1,0.000671817265704
rsrp=-96|rsrq=-10|snr=2,rsrp=-96|rsrq=-10,-96,-10,2,ploss=0|noise_power_dB=-5,0,-5,-99.5865277778,-10.5380305556,6.36910277778,3.5865277778,False,0.5380305556,True,0.866490510243,False,False,2,1,0.000671817265704
rsrp=-96|rsrq=-9|snr=5,rsrp=-96|rsrq=-9,-96,-9,5,ploss=0|noise_power_dB=-5,0,-5,-99.5865277778,-10.5380305556,6.36910277778,3.5865277778,False,1.5380305556,True,1.00514349386,False,False,2,1,0.000671817265704
rsrp=-96|rsrq=-9|snr=7,rsrp=-96|rsrq=-9,-96,-9,7,ploss=0|noise_power_dB=-5,0,-5,-99.5865277778,-10.5380305556,6.36910277778,3.5865277778,False,1.5380305556,True,1.00514349386,False,False,2,1,0.000671817265704
rsrp=-95|rsrq=-16|snr=2,rsrp=-95|rsrq=-16,-95,-16,2,ploss=0|noise_power_dB=-5,0,-5,-99.5865277778,-10.5380305556,6.36910277778,4.5865277778,False,5.4619694444,False,2.21310158215,False,False,2,1,0.000671817265704
rsrp=-95|rsrq=-16|snr=3,rsrp=-95|rsrq=-16,-95,-16,3,ploss=0|noise_power_dB=-5,0,-5,-99.5865277778,-10.5380305556,6.36910277778,4.5865277778,False,5.4619694444,False,2.21310158215,False,False,2,1,0.000671817265704
rsrp=-95|rsrq=-16|snr=9,rsrp=-95|rsrq=-16,-95,-16,9,ploss=0|noise_power_dB=-5,0,-5,-99.5865277778,-10.5380305556,6.36910277778,4.5865277778,False,5.4619694444,False,2.21310158215,False,False,2,1,0.000671817265704
rsrp=-95|rsrq=-15|snr=-6,rsrp=-95|rsrq=-15,-95,-15,-6,ploss=0|noise_power_dB=-5,0,-5,-99.5865277778,-10.5380305556,6.36910277778,4.5865277778,False,4.4619694444,False,1.91241372402,False,False,2,1,0.000671817265704
rsrp=-95|rsrq=-15|snr=-5,rsrp=-95|rsrq=-15,-95,-15,-5,ploss=0|noise_power_dB=-5,0,-5,-99.5865277778,-10.5380305556,6.36910277778,4.5865277778,False,4.4619694444,False,1.91241372402,False,False,2,1,0.000671817265704
rsrp=-95|rsrq=-15|snr=-2,rsrp=-95|rsrq=-15,-95,-15,-2,ploss=0|noise_power_dB=-5,0,-5,-99.5865277778,-10.5380305556,6.36910277778,4.5865277778,False,4.4619694444,False,1.91241372402,False,False,2,1,0.000671817265704
rsrp=-95|rsrq=-15|snr=11,rsrp=-95|rsrq=-15,-95,-15,11,ploss=0|noise_power_dB=-5,0,-5,-99.5865277778,-10.5380305556,6.36910277778,4.5865277778,False,4.4619694444,False,1.91241372402,False,False,2,1,0.000671817265704
rsrp=-95|rsrq=-14|snr=-3,rsrp=-95|rsrq=-14,-95,-14,-3,ploss=0|noise_power_dB=-5,0,-5,-99.5865277778,-10.5380305556,6.36910277778,4.5865277778,False,3.4619694444,False,1.63304436275,False,False,2,1,0.000671817265704
rsrp=-95|rsrq=-14|snr=0,rsrp=-95|rsrq=-14,-95,-14,0,ploss=0|noise_power_dB=-5,0,-5,-99.5865277778,-10.5380305556,6.36910277778,4.5865277778,False,3.4619694444,False,1.63304436275,False,False,2,1,0.000671817265704
rsrp=-95|rsrq=-14|snr=2,rsrp=-95|rsrq=-14,-95,-14,2,ploss=0|noise_power_dB=-5,0,-5,-99.5865277778,-10.5380305556,6.36910277778,4.5865277778,False,3.4619694444,False,1.63304436275,False,False,2,1,0.000671817265704
rsrp=-95|rsrq=-14|snr=3,rsrp=-95|rsrq=-14,-95,-14,3,ploss=0|noise_power_dB=-5,0,-5,-99.5865277778,-10.5380305556,6.36910277778,4.5865277778,False,3.4619694444,False,1.63304436275,False,False,2,1,0.000671817265704
rsrp=-95|rsrq=-12|snr=-12,rsrp=-95|rsrq=-12,-95,-12,-12,ploss=0|noise_power_dB=-5,0,-5,-99.5865277778,-10.5380305556,6.36910277778,4.5865277778,False,1.4619694444,True,1.19826923874,False,False,2,1,0.000671817265704
rsrp=-95|rsrq=-12|snr=8,rsrp=-95|rsrq=-12,-95,-12,8,ploss=0|noise_power_dB=-5,0,-5,-99.5865277778,-10.5380305556,6.36910277778,4.5865277778,False,1.4619694444,True,1.19826923874,False,False,2,1,0.000671817265704
rsrp=-95|rsrq=-11|snr=2,rsrp=-95|rsrq=-11,-95,-11,2,ploss=0|noise_power_dB=-5,0,-5,-99.5865277778,-10.5380305556,6.36910277778,4.5865277778,False,0.4619694444,True,1.09332374319,False,False,2,1,0.000671817265704
rsrp=-94|rsrq=-19|snr=-10,rsrp=-94|rsrq=-19,-94,-19,-10,ploss=0|noise_power_dB=-5,0,-5,-99.5865277778,-10.5380305556,6.36910277778,5.5865277778,False,8.4619694444,False,3.26871005892,False,False,2,1,0.000671817265704
rsrp=-94|rsrq=-17|snr=0,rsrp=-94|rsrq=-17,-94,-17,0,ploss=0|noise_power_dB=-5,0,-5,-99.5865277778,-10.5380305556,6.36910277778,5.5865277778,False,6.4619694444,False,2.63694534018,False,False,2,1,0.000671817265704
rsrp=-94|rsrq=-17|snr=3,rsrp=-94|rsrq=-17,-94,-17,3,ploss=0|noise_power_dB=-5,0,-5,-99.5865277778,-10.5380305556,6.36910277778,5.5865277778,False,6.4619694444,False,2.63694534018,False,False,2,1,0.000671817265704
rsrp=-94|rsrq=-16|snr=-8,rsrp=-94|rsrq=-16,-94,-16,-8,ploss=0|noise_power_dB=-5,0,-5,-99.5865277778,-10.5380305556,6.36910277778,5.5865277778,False,5.4619694444,False,2.33730365293,False,False,2,1,0.000671817265704
rsrp=-94|rsrq=-16|snr=-2,rsrp=-94|rsrq=-16,-94,-16,-2,ploss=0|noise_power_dB=-5,0,-5,-99.5865277778,-10.5380305556,6.36910277778,5.5865277778,False,5.4619694444,False,2.33730365293,False,False,2,1,0.000671817265704
rsrp=-94|rsrq=-16|snr=1,rsrp=-94|rsrq=-16,-94,-16,1,ploss=0|noise_power_dB=-5,0,-5,-99.5865277778,-10.5380305556,6.36910277778,5.5865277778,False,5.4619694444,False,2.33730365293,False,False,2,1,0.000671817265704
rsrp=-94|rsrq=-16|snr=4,rsrp=-94|rsrq=-16,-94,-16,4,ploss=0|noise_power_dB=-5,0,-5,-99.5865277778,-10.5380305556,6.36910277778,5.5865277778,False,5.4619694444,False,2.33730365293,False,False,2,1,0.000671817265704
rsrp=-94|rsrq=-16|snr=6,rsrp=-94|rsrq=-16,-94,-16,6,ploss=0|noise_power_dB=-5,0,-5,-99.5865277778,-10.5380305556,6.36910277778,5.5865277778,False,5.4619694444,False,2.33730365293,False,False,2,1,0.000671817265704
rsrp=-94|rsrq=-15|snr=-2,rsrp=-94|rsrq=-15,-94,-15,-2,ploss=0|noise_power_dB=-5,0,-5,-99.5865277778,-10.5380305556,6.36910277778,5.5865277778,False,4.4619694444,False,2.0548712867,False,False,2,1,0.000671817265704
rsrp=-94|rsrq=-15|snr=1,rsrp=-94|rsrq=-15,-94,-15,1,ploss=0|noise_power_dB=-5,0,-5,-99.5865277778,-10.5380305556,6.36910277778,5.5865277778,False,4.4619694444,False,2.0548712867,False,False,2,1,0.000671817265704
rsrp=-94|rsrq=-15|snr=3,rsrp=-94|rsrq=-15,-94,-15,3,ploss=0|noise_power_dB=-5,0,-5,-99.5865277778,-10.5380305556,6.36910277778,5.5865277778,False,4.4619694444,False,2.0548712867,False,False,2,1,0.000671817265704
rsrp=-94|rsrq=-15|snr=5,rsrp=-94|rsrq=-15,-94,-15,5,ploss=0|noise_power_dB=-5,0,-5,-99.5865277778,-10.5380305556,6.36910277778,5.5865277778,False,4.4619694444,False,2.0548712867,False,False,2,1,0.000671817265704
rsrp=-94|rsrq=-14|snr=-3,rsrp=-94|rsrq=-14,-94,-14,-3,ploss=0|noise_power_dB=-5,0,-5,-99.5865277778,-10.5380305556,6.36910277778,5.5865277778,False,3.4619694444,False,1.79777741776,False,False,2,1,0.000671817265704
rsrp=-94|rsrq=-14|snr=-1,rsrp=-94|rsrq=-14,-94,-14,-1,ploss=0|noise_power_dB=-5,0,-5,-99.5865277778,-10.5380305556,6.36910277778,5.5865277778,False,3.4619694444,False,1.79777741776,False,False,2,1,0.000671817265704
rsrp=-94|rsrq=-14|snr=1,rsrp=-94|rsrq=-14,-94,-14,1,ploss=0|noise_power_dB=-5,0,-5,-99.5865277778,-10.5380305556,6.36910277778,5.5865277778,False,3.4619694444,False,1.79777741776,False,False,2,1,0.000671817265704
rsrp=-94|rsrq=-13|snr=-7,rsrp=-94|rsrq=-13,-94,-13,-7,ploss=0|noise_power_dB=-5,0,-5,-99.5865277778,-10.5380305556,6.36910277778,5.5865277778,False,2.4619694444,False,1.57845217942,False,False,2,1,0.000671817265704
rsrp=-94|rsrq=-13|snr=-2,rsrp=-94|rsrq=-13,-94,-13,-2,ploss=0|noise_power_dB=-5,0,-5,-99.5865277778,-10.5380305556,6.36910277778,5.5865277778,False,2.4619694444,False,1.57845217942,False,False,2,1,0.000671817265704
rsrp=-94|rsrq=-13|snr=1,rsrp=-94|rsrq=-13,-94,-13,1,ploss=0|noise_power_dB=-5,0,-5,-99.5865277778,-10.5380305556,6.36910277778,5.5865277778,False,2.4619694444,False,1.57845217942,False,False,2,1,0.000671817265704
rsrp=-94|rsrq=-13|snr=2,rsrp=-94|rsrq=-13,-94,-13,2,ploss=0|noise_power_dB=-5,0,-5,-99.5865277778,-10.5380305556,6.36910277778,5.5865277778,False,2.4619694444,False,1.57845217942,False,False,2,1,0.000671817265704
rsrp=-94|rsrq=-12|snr=-2,rsrp=-94|rsrq=-12,-94,-12,-2,ploss=0|noise_power_dB=-5,0,-5,-99.5865277778,-10.5380305556,6.36910277778,5.5865277778,False,1.4619694444,True,1.41457375969,False,False,2,1,0.000671817265704
rsrp=-94|rsrq=-12|snr=1,rsrp=-94|rsrq=-12,-94,-12,1,ploss=0|noise_power_dB=-5,0,-5,-99.5865277778,-10.5380305556,6.36910277778,5.5865277778,False,1.4619694444,True,1.41457375969,False,False,2,1,0.000671817265704
rsrp=-94|rsrq=-11|snr=-1,rsrp=-94|rsrq=-11,-94,-11,-1,ploss=0|noise_power_dB=-5,0,-5,-99.5865277778,-10.5380305556,6.36910277778,5.5865277778,False,0.4619694444,True,1.32684835626,False,False,2,1,0.000671817265704
rsrp=-94|rsrq=-11|snr=7,rsrp=-94|rsrq=-11,-94,-11,7,ploss=0|noise_power_dB=-5,0,-5,-99.5865277778,-10.5380305556,6.36910277778,5.5865277778,False,0.4619694444,True,1.32684835626,False,False,2,1,0.000671817265704
rsrp=-94|rsrq=-10|snr=10,rsrp=-94|rsrq=-10,-94,-10,10,ploss=0|noise_power_dB=-5,0,-5,-99.5865277778,-10.5380305556,6.36910277778,5.5865277778,False,0.5380305556,True,1.33042632243,False,False,2,1,0.000671817265704
rsrp=-94|rsrq=-9|snr=6,rsrp=-94|rsrq=-9,-94,-9,6,ploss=0|noise_power_dB=-5,0,-5,-99.5865277778,-10.5380305556,6.36910277778,5.5865277778,False,1.5380305556,True,1.42461989257,False,False,2,1,0.000671817265704
rsrp=-93|rsrq=-17|snr=-10,rsrp=-93|rsrq=-17,-93,-17,-10,ploss=0|noise_power_dB=-5,0,-5,-99.5865277778,-10.5380305556,6.36910277778,6.5865277778,False,6.4619694444,False,2.76220230818,False,False,2,1,0.000671817265704
rsrp=-93|rsrq=-17|snr=-1,rsrp=-93|rsrq=-17,-93,-17,-1,ploss=0|noise_power_dB=-5,0,-5,-99.5865277778,-10.5380305556,6.36910277778,6.5865277778,False,6.4619694444,False,2.76220230818,False,False,2,1,0.000671817265704
rsrp=-93|rsrq=-17|snr=3,rsrp=-93|rsrq=-17,-93,-17,3,ploss=0|noise_power_dB=-5,0,-5,-99.5865277778,-10.5380305556,6.36910277778,6.5865277778,False,6.4619694444,False,2.76220230818,False,False,2,1,0.000671817265704
rsrp=-93|rsrq=-16|snr=-5,rsrp=-93|rsrq=-16,-93,-16,-5,ploss=0|noise_power_dB=-5,0,-5,-99.5865277778,-10.5380305556,6.36910277778,6.5865277778,False,5.4619694444,False,2.47775487694,False,False,2,1,0.000671817265704
rsrp=-93|rsrq=-16|snr=-4,rsrp=-93|rsrq=-16,-93,-16,-4,ploss=0|noise_power_dB=-5,0,-5,-99.5865277778,-10.5380305556,6.36910277778,6.5865277778,False,5.4619694444,False,2.47775487694,False,False,2,1,0.000671817265704
rsrp=-93|rsrq=-16|snr=-2,rsrp=-93|rsrq=-16,-93,-16,-2,ploss=0|noise_power_dB=-5,0,-5,-99.5865277778,-10.5380305556,6.36910277778,6.5865277778,False,5.4619694444,False,2.47775487694,False,False,2,1,0.000671817265704
rsrp=-93|rsrq=-16|snr=-1,rsrp=-93|rsrq=-16,-93,-16,-1,ploss=0|noise_power_dB=-5,0,-5,-99.5865277778,-10.5380305556,6.36910277778,6.5865277778,False,5.4619694444,False,2.47775487694,False,False,2,1,0.000671817265704
rsrp=-93|rsrq=-16|snr=0,rsrp=-93|rsrq=-16,-93,-16,0,ploss=0|noise_power_dB=-5,0,-5,-99.5865277778,-10.5380305556,6.36910277778,6.5865277778,False,5.4619694444,False,2.47775487694,False,False,2,1,0.000671817265704
rsrp=-93|rsrq=-16|snr=1,rsrp=-93|rsrq=-16,-93,-16,1,ploss=0|noise_power_dB=-5,0,-5,-99.5865277778,-10.5380305556,6.36910277778,6.5865277778,False,5.4619694444,False,2.47775487694,False,False,2,1,0.000671817265704
rsrp=-93|rsrq=-15|snr=-10,rsrp=-93|rsrq=-15,-93,-15,-10,ploss=0|noise_power_dB=-5,0,-5,-99.5865277778,-10.5380305556,6.36910277778,6.5865277778,False,4.4619694444,False,2.21331806777,False,False,2,1,0.000671817265704
rsrp=-93|rsrq=-15|snr=-9,rsrp=-93|rsrq=-15,-93,-15,-9,ploss=0|noise_power_dB=-5,0,-5,-99.5865277778,-10.5380305556,6.36910277778,6.5865277778,False,4.4619694444,False,2.21331806777,False,False,2,1,0.000671817265704
rsrp=-93|rsrq=-15|snr=-8,rsrp=-93|rsrq=-15,-93,-15,-8,ploss=0|noise_power_dB=-5,0,-5,-99.5865277778,-10.5380305556,6.36910277778,6.5865277778,False,4.4619694444,False,2.21331806777,False,False,2,1,0.000671817265704
rsrp=-93|rsrq=-15|snr=-1,rsrp=-93|rsrq=-15,-93,-15,-1,ploss=0|noise_power_dB=-5,0,-5,-99.5865277778,-10.5380305556,6.36910277778,6.5865277778,False,4.4619694444,False,2.21331806777,False,False,2,1,0.000671817265704
rsrp=-93|rsrq=-15|snr=0,rsrp=-93|rsrq=-15,-93,-15,0,ploss=0|noise_power_dB=-5,0,-5,-99.5865277778,-10.5380305556,6.36910277778,6.5865277778,False,4.4619694444,False,2.21331806777,False,False,2,1,0.000671817265704
rsrp=-93|rsrq=-15|snr=1,rsrp=-93|rsrq=-15,-93,-15,1,ploss=0|noise_power_dB=-5,0,-5,-99.5865277778,-10.5380305556,6.36910277778,6.5865277778,False,4.4619694444,False,2.21331806777,False,False,2,1,0.000671817265704
rsrp=-93|rsrq=-15|snr=3,rsrp=-93|rsrq=-15,-93,-15,3,ploss=0|noise_power_dB=-5,0,-5,-99.5865277778,-10.5380305556,6.36910277778,6.5865277778,False,4.4619694444,False,2.21331806777,False,False,2,1,0.000671817265704
rsrp=-93|rsrq=-14|snr=-4,rsrp=-93|rsrq=-14,-93,-14,-4,ploss=0|noise_power_dB=-5,0,-5,-99.5865277778,-10.5380305556,6.36910277778,6.5865277778,False,3.4619694444,False,1.97693816494,False,False,2,1,0.000671817265704
rsrp=-93|rsrq=-14|snr=-3,rsrp=-93|rsrq=-14,-93,-14,-3,ploss=0|noise_power_dB=-5,0,-5,-99.5865277778,-10.5380305556,6.36910277778,6.5865277778,False,3.4619694444,False,1.97693816494,False,False,2,1,0.000671817265704
rsrp=-93|rsrq=-14|snr=1,rsrp=-93|rsrq=-14,-93,-14,1,ploss=0|noise_power_dB=-5,0,-5,-99.5865277778,-10.5380305556,6.36910277778,6.5865277778,False,3.4619694444,False,1.97693816494,False,False,2,1,0.000671817265704
rsrp=-93|rsrq=-13|snr=-2,rsrp=-93|rsrq=-13,-93,-13,-2,ploss=0|noise_power_dB=-5,0,-5,-99.5865277778,-10.5380305556,6.36910277778,6.5865277778,False,2.4619694444,False,1.77982924656,False,False,2,1,0.000671817265704
rsrp=-93|rsrq=-13|snr=-1,rsrp=-93|rsrq=-13,-93,-13,-1,ploss=0|noise_power_dB=-5,0,-5,-99.5865277778,-10.5380305556,6.36910277778,6.5865277778,False,2.4619694444,False,1.77982924656,False,False,2,1,0.000671817265704
rsrp=-93|rsrq=-13|snr=0,rsrp=-93|rsrq=-13,-93,-13,0,ploss=0|noise_power_dB=-5,0,-5,-99.5865277778,-10.5380305556,6.36910277778,6.5865277778,False,2.4619694444,False,1.77982924656,False,False,2,1,0.000671817265704
rsrp=-93|rsrq=-13|snr=1,rsrp=-93|rsrq=-13,-93,-13,1,ploss=0|noise_power_dB=-5,0,-5,-99.5865277778,-10.5380305556,6.36910277778,6.5865277778,False,2.4619694444,False,1.77982924656,False,False,2,1,0.000671817265704
rsrp=-93|rsrq=-12|snr=-10,rsrp=-93|rsrq=-12,-93,-12,-10,ploss=0|noise_power_dB=-5,0,-5,-99.5865277778,-10.5380305556,6.36910277778,6.5865277778,False,1.4619694444,True,1.63624563737,False,False,2,1,0.000671817265704
rsrp=-93|rsrq=-12|snr=-4,rsrp=-93|rsrq=-12,-93,-12,-4,ploss=0|noise_power_dB=-5,0,-5,-99.5865277778,-10.5380305556,6.36910277778,6.5865277778,False,1.4619694444,True,1.63624563737,False,False,2,1,0.000671817265704
rsrp=-93|rsrq=-12|snr=-2,rsrp=-93|rsrq=-12,-93,-12,-2,ploss=0|noise_power_dB=-5,0,-5,-99.5865277778,-10.5380305556,6.36910277778,6.5865277778,False,1.4619694444,True,1.63624563737,False,False,2,1,0.000671817265704
rsrp=-93|rsrq=-12|snr=-1,rsrp=-93|rsrq=-12,-93,-12,-1,ploss=0|noise_power_dB=-5,0,-5,-99.5865277778,-10.5380305556,6.36910277778,6.5865277778,False,1.4619694444,True,1.63624563737,False,False,2,1,0.000671817265704
rsrp=-93|rsrq=-12|snr=0,rsrp=-93|rsrq=-12,-93,-12,0,ploss=0|noise_power_dB=-5,0,-5,-99.5865277778,-10.5380305556,6.36910277778,6.5865277778,False,1.4619694444,True,1.63624563737,False,False,2,1,0.000671817265704
rsrp=-93|rsrq=-12|snr=2,rsrp=-93|rsrq=-12,-93,-12,2,ploss=0|noise_power_dB=-5,0,-5,-99.5865277778,-10.5380305556,6.36910277778,6.5865277778,False,1.4619694444,True,1.63624563737,False,False,2,1,0.000671817265704
rsrp=-93|rsrq=-12|snr=5,rsrp=-93|rsrq=-12,-93,-12,5,ploss=0|noise_power_dB=-5,0,-5,-99.5865277778,-10.5380305556,6.36910277778,6.5865277778,False,1.4619694444,True,1.63624563737,False,False,2,1,0.000671817265704
rsrp=-93|rsrq=-11|snr=2,rsrp=-93|rsrq=-11,-93,-11,2,ploss=0|noise_power_dB=-5,0,-5,-99.5865277778,-10.5380305556,6.36910277778,6.5865277778,False,0.4619694444,True,1.56102768224,False,False,2,1,0.000671817265704
rsrp=-92|rsrq=-18|snr=-1,rsrp=-92|rsrq=-18,-92,-18,-1,ploss=0|noise_power_dB=-5,0,-5,-99.5865277778,-10.5380305556,6.36910277778,7.5865277778,False,7.4619694444,False,3.18710619963,False,False,2,1,0.000671817265704
rsrp=-92|rsrq=-18|snr=4,rsrp=-92|rsrq=-18,-92,-18,4,ploss=0|noise_power_dB=-5,0,-5,-99.5865277778,-10.5380305556,6.36910277778,7.5865277778,False,7.4619694444,False,3.18710619963,False,False,2,1,0.000671817265704
rsrp=-92|rsrq=-17|snr=-10,rsrp=-92|rsrq=-17,-92,-17,-10,ploss=0|noise_power_dB=-5,0,-5,-99.5865277778,-10.5380305556,6.36910277778,7.5865277778,False,6.4619694444,False,2.90123311139,False,False,2,1,0.000671817265704
rsrp=-92|rsrq=-16|snr=-11,rsrp=-92|rsrq=-16,-92,-16,-11,ploss=0|noise_power_dB=-5,0,-5,-99.5865277778,-10.5380305556,6.36910277778,7.5865277778,False,5.4619694444,False,2.63185508824,False,False,2,1,0.000671817265704
rsrp=-92|rsrq=-16|snr=-7,rsrp=-92|rsrq=-16,-92,-16,-7,ploss=0|noise_power_dB=-5,0,-5,-99.5865277778,-10.5380305556,6.36910277778,7.5865277778,False,5.4619694444,False,2.63185508824,False,False,2,1,0.000671817265704
rsrp=-92|rsrq=-16|snr=-5,rsrp=-92|rsrq=-16,-92,-16,-5,ploss=0|noise_power_dB=-5,0,-5,-99.5865277778,-10.5380305556,6.36910277778,7.5865277778,False,5.4619694444,False,2.63185508824,False,False,2,1,0.000671817265704
rsrp=-92|rsrq=-16|snr=-4,rsrp=-92|rsrq=-16,-92,-16,-4,ploss=0|noise_power_dB=-5,0,-5,-99.5865277778,-10.5380305556,6.36910277778,7.5865277778,False,5.4619694444,False,2.63185508824,False,False,2,1,0.000671817265704
rsrp=-92|rsrq=-16|snr=-3,rsrp=-92|rsrq=-16,-92,-16,-3,ploss=0|noise_power_dB=-5,0,-5,-99.5865277778,-10.5380305556,6.36910277778,7.5865277778,False,5.4619694444,False,2.63185508824,False,False,2,1,0.000671817265704
rsrp=-92|rsrq=-16|snr=-1,rsrp=-92|rsrq=-16,-92,-16,-1,ploss=0|noise_power_dB=-5,0,-5,-99.5865277778,-10.5380305556,6.36910277778,7.5865277778,False,5.4619694444,False,2.63185508824,False,False,2,1,0.000671817265704
rsrp=-92|rsrq=-16|snr=1,rsrp=-92|rsrq=-16,-92,-16,1,ploss=0|noise_power_dB=-5,0,-5,-99.5865277778,-10.5380305556,6.36910277778,7.5865277778,False,5.4619694444,False,2.63185508824,False,False,2,1,0.000671817265704
rsrp=-92|rsrq=-15|snr=-11,rsrp=-92|rsrq=-15,-92,-15,-11,ploss=0|noise_power_dB=-5,0,-5,-99.5865277778,-10.5380305556,6.36910277778,7.5865277778,False,4.4619694444,False,2.38456890117,False,False,2,1,0.000671817265704
rsrp=-92|rsrq=-15|snr=-2,rsrp=-92|rsrq=-15,-92,-15,-2,ploss=0|noise_power_dB=-5,0,-5,-99.5865277778,-10.5380305556,6.36910277778,7.5865277778,False,4.4619694444,False,2.38456890117,False,False,2,1,0.000671817265704
rsrp=-92|rsrq=-15|snr=-1,rsrp=-92|rsrq=-15,-92,-15,-1,ploss=0|noise_power_dB=-5,0,-5,-99.5865277778,-10.5380305556,6.36910277778,7.5865277778,False,4.4619694444,False,2.38456890117,False,False,2,1,0.000671817265704
rsrp=-92|rsrq=-15|snr=1,rsrp=-92|rsrq=-15,-92,-15,1,ploss=0|noise_power_dB=-5,0,-5,-99.5865277778,-10.5380305556,6.36910277778,7.5865277778,False,4.4619694444,False,2.38456890117,False,False,2,1,0.000671817265704
rsrp=-92|rsrq=-15|snr=2,rsrp=-92|rsrq=-15,-92,-15,2,ploss=0|noise_power_dB=-5,0,-5,-99.5865277778,-10.5380305556,6.36910277778,7.5865277778,False,4.4619694444,False,2.38456890117,False,False,2,1,0.000671817265704
rsrp=-92|rsrq=-14|snr=-5,rsrp=-92|rsrq=-14,-92,-14,-5,ploss=0|noise_power_dB=-5,0,-5,-99.5865277778,-10.5380305556,6.36910277778,7.5865277778,False,3.4619694444,False,2.16695096468,False,False,2,1,0.000671817265704
rsrp=-92|rsrq=-14|snr=-3,rsrp=-92|rsrq=-14,-92,-14,-3,ploss=0|noise_power_dB=-5,0,-5,-99.5865277778,-10.5380305556,6.36910277778,7.5865277778,False,3.4619694444,False,2.16695096468,False,False,2,1,0.000671817265704
rsrp=-92|rsrq=-14|snr=-2,rsrp=-92|rsrq=-14,-92,-14,-2,ploss=0|noise_power_dB=-5,0,-5,-99.5865277778,-10.5380305556,6.36910277778,7.5865277778,False,3.4619694444,False,2.16695096468,False,False,2,1,0.000671817265704
rsrp=-92|rsrq=-14|snr=0,rsrp=-92|rsrq=-14,-92,-14,0,ploss=0|noise_power_dB=-5,0,-5,-99.5865277778,-10.5380305556,6.36910277778,7.5865277778,False,3.4619694444,False,2.16695096468,False,False,2,1,0.000671817265704
rsrp=-92|rsrq=-14|snr=1,rsrp=-92|rsrq=-14,-92,-14,1,ploss=0|noise_power_dB=-5,0,-5,-99.5865277778,-10.5380305556,6.36910277778,7.5865277778,False,3.4619694444,False,2.16695096468,False,False,2,1,0.000671817265704
rsrp=-92|rsrq=-14|snr=3,rsrp=-92|rsrq=-14,-92,-14,3,ploss=0|noise_power_dB=-5,0,-5,-99.5865277778,-10.5380305556,6.36910277778,7.5865277778,False,3.4619694444,False,2.16695096468,False,False,2,1,0.000671817265704
rsrp=-92|rsrq=-13|snr=-5,rsrp=-92|rsrq=-13,-92,-13,-5,ploss=0|noise_power_dB=-5,0,-5,-99.5865277778,-10.5380305556,6.36910277778,7.5865277778,False,2.4619694444,False,1.98876447128,False,False,2,1,0.000671817265704
rsrp=-92|rsrq=-13|snr=-2,rsrp=-92|rsrq=-13,-92,-13,-2,ploss=0|noise_power_dB=-5,0,-5,-99.5865277778,-10.5380305556,6.36910277778,7.5865277778,False,2.4619694444,False,1.98876447128,False,False,2,1,0.000671817265704
rsrp=-92|rsrq=-13|snr=-1,rsrp=-92|rsrq=-13,-92,-13,-1,ploss=0|noise_power_dB=-5,0,-5,-99.5865277778,-10.5380305556,6.36910277778,7.5865277778,False,2.4619694444,False,1.98876447128,False,False,2,1,0.000671817265704
rsrp=-92|rsrq=-13|snr=3,rsrp=-92|rsrq=-13,-92,-13,3,ploss=0|noise_power_dB=-5,0,-5,-99.5865277778,-10.5380305556,6.36910277778,7.5865277778,False,2.4619694444,False,1.98876447128,False,False,2,1,0.000671817265704
rsrp=-92|rsrq=-13|snr=4,rsrp=-92|rsrq=-13,-92,-13,4,ploss=0|noise_power_dB=-5,0,-5,-99.5865277778,-10.5380305556,6.36910277778,7.5865277778,False,2.4619694444,False,1.98876447128,False,False,2,1,0.000671817265704
rsrp=-92|rsrq=-12|snr=-11,rsrp=-92|rsrq=-12,-92,-12,-11,ploss=0|noise_power_dB=-5,0,-5,-99.5865277778,-10.5380305556,6.36910277778,7.5865277778,False,1.4619694444,True,1.86136824973,False,False,2,1,0.000671817265704
rsrp=-92|rsrq=-12|snr=-9,rsrp=-92|rsrq=-12,-92,-12,-9,ploss=0|noise_power_dB=-5,0,-5,-99.5865277778,-10.5380305556,6.36910277778,7.5865277778,False,1.4619694444,True,1.86136824973,False,False,2,1,0.000671817265704
rsrp=-92|rsrq=-12|snr=-4,rsrp=-92|rsrq=-12,-92,-12,-4,ploss=0|noise_power_dB=-5,0,-5,-99.5865277778,-10.5380305556,6.36910277778,7.5865277778,False,1.4619694444,True,1.86136824973,False,False,2,1,0.000671817265704
rsrp=-92|rsrq=-12|snr=-2,rsrp=-92|rsrq=-12,-92,-12,-2,ploss=0|noise_power_dB=-5,0,-5,-99.5865277778,-10.5380305556,6.36910277778,7.5865277778,False,1.4619694444,True,1.86136824973,False,False,2,1,0.000671817265704
rsrp=-92|rsrq=-12|snr=-1,rsrp=-92|rsrq=-12,-92,-12,-1,ploss=0|noise_power_dB=-5,0,-5,-99.5865277778,-10.5380305556,6.36910277778,7.5865277778,False,1.4619694444,True,1.86136824973,False,False,2,1,0.000671817265704
rsrp=-92|rsrq=-12|snr=0,rsrp=-92|rsrq=-12,-92,-12,0,ploss=0|noise_power_dB=-5,0,-5,-99.5865277778,-10.5380305556,6.36910277778,7.5865277778,False,1.4619694444,True,1.86136824973,False,False,2,1,0.000671817265704
rsrp=-92|rsrq=-12|snr=2,rsrp=-92|rsrq=-12,-92,-12,2,ploss=0|noise_power_dB=-5,0,-5,-99.5865277778,-10.5380305556,6.36910277778,7.5865277778,False,1.4619694444,True,1.86136824973,False,False,2,1,0.000671817265704
rsrp=-92|rsrq=-11|snr=0,rsrp=-92|rsrq=-11,-92,-11,0,ploss=0|noise_power_dB=-5,0,-5,-99.5865277778,-10.5380305556,6.36910277778,7.5865277778,False,0.4619694444,True,1.7956055803,False,False,2,1,0.000671817265704
rsrp=-92|rsrq=-11|snr=2,rsrp=-92|rsrq=-11,-92,-11,2,ploss=0|noise_power_dB=-5,0,-5,-99.5865277778,-10.5380305556,6.36910277778,7.5865277778,False,0.4619694444,True,1.7956055803,False,False,2,1,0.000671817265704
rsrp=-92|rsrq=-11|snr=4,rsrp=-92|rsrq=-11,-92,-11,4,ploss=0|noise_power_dB=-5,0,-5,-99.5865277778,-10.5380305556,6.36910277778,7.5865277778,False,0.4619694444,True,1.7956055803,False,False,2,1,0.000671817265704
rsrp=-91|rsrq=-18|snr=-12,rsrp=-91|rsrq=-18,-91,-18,-12,ploss=0|noise_power_dB=-5,0,-5,-99.5865277778,-10.5380305556,6.36910277778,8.5865277778,False,7.4619694444,False,3.32507879819,False,False,2,1,0.000671817265704
rsrp=-91|rsrq=-17|snr=-13,rsrp=-91|rsrq=-17,-91,-17,-13,ploss=0|noise_power_dB=-5,0,-5,-99.5865277778,-10.5380305556,6.36910277778,8.5865277778,False,6.4619694444,False,3.0521560663,False,False,2,1,0.000671817265704
rsrp=-91|rsrq=-16|snr=-10,rsrp=-91|rsrq=-16,-91,-16,-10,ploss=0|noise_power_dB=-5,0,-5,-99.5865277778,-10.5380305556,6.36910277778,8.5865277778,False,5.4619694444,False,2.79734951194,False,False,2,1,0.000671817265704
rsrp=-91|rsrq=-16|snr=-7,rsrp=-91|rsrq=-16,-91,-16,-7,ploss=0|noise_power_dB=-5,0,-5,-99.5865277778,-10.5380305556,6.36910277778,8.5865277778,False,5.4619694444,False,2.79734951194,False,False,2,1,0.000671817265704
rsrp=-91|rsrq=-16|snr=0,rsrp=-91|rsrq=-16,-91,-16,0,ploss=0|noise_power_dB=-5,0,-5,-99.5865277778,-10.5380305556,6.36910277778,8.5865277778,False,5.4619694444,False,2.79734951194,False,False,2,1,0.000671817265704
rsrp=-91|rsrq=-16|snr=1,rsrp=-91|rsrq=-16,-91,-16,1,ploss=0|noise_power_dB=-5,0,-5,-99.5865277778,-10.5380305556,6.36910277778,8.5865277778,False,5.4619694444,False,2.79734951194,False,False,2,1,0.000671817265704
rsrp=-91|rsrq=-15|snr=-9,rsrp=-91|rsrq=-15,-91,-15,-9,ploss=0|noise_power_dB=-5,0,-5,-99.5865277778,-10.5380305556,6.36910277778,8.5865277778,False,4.4619694444,False,2.56606156022,False,False,2,1,0.000671817265704
rsrp=-91|rsrq=-15|snr=0,rsrp=-91|rsrq=-15,-91,-15,0,ploss=0|noise_power_dB=-5,0,-5,-99.5865277778,-10.5380305556,6.36910277778,8.5865277778,False,4.4619694444,False,2.56606156022,False,False,2,1,0.000671817265704
rsrp=-91|rsrq=-15|snr=3,rsrp=-91|rsrq=-15,-91,-15,3,ploss=0|noise_power_dB=-5,0,-5,-99.5865277778,-10.5380305556,6.36910277778,8.5865277778,False,4.4619694444,False,2.56606156022,False,False,2,1,0.000671817265704
rsrp=-91|rsrq=-15|snr=5,rsrp=-91|rsrq=-15,-91,-15,5,ploss=0|noise_power_dB=-5,0,-5,-99.5865277778,-10.5380305556,6.36910277778,8.5865277778,False,4.4619694444,False,2.56606156022,False,False,2,1,0.000671817265704
rsrp=-91|rsrq=-15|snr=6,rsrp=-91|rsrq=-15,-91,-15,6,ploss=0|noise_power_dB=-5,0,-5,-99.5865277778,-10.5380305556,6.36910277778,8.5865277778,False,4.4619694444,False,2.56606156022,False,False,2,1,0.000671817265704
rsrp=-91|rsrq=-14|snr=-9,rsrp=-91|rsrq=-14,-91,-14,-9,ploss=0|noise_power_dB=-5,0,-5,-99.5865277778,-10.5380305556,6.36910277778,8.5865277778,False,3.4619694444,False,2.36520180317,False,False,2,1,0.000671817265704
rsrp=-91|rsrq=-14|snr=-6,rsrp=-91|rsrq=-14,-91,-14,-6,ploss=0|noise_power_dB=-5,0,-5,-99.5865277778,-10.5380305556,6.36910277778,8.5865277778,False,3.4619694444,False,2.36520180317,False,False,2,1,0.000671817265704
rsrp=-91|rsrq=-14|snr=-3,rsrp=-91|rsrq=-14,-91,-14,-3,ploss=0|noise_power_dB=-5,0,-5,-99.5865277778,-10.5380305556,6.36910277778,8.5865277778,False,3.4619694444,False,2.36520180317,False,False,2,1,0.000671817265704
rsrp=-91|rsrq=-14|snr=0,rsrp=-91|rsrq=-14,-91,-14,0,ploss=0|noise_power_dB=-5,0,-5,-99.5865277778,-10.5380305556,6.36910277778,8.5865277778,False,3.4619694444,False,2.36520180317,False,False,2,1,0.000671817265704
rsrp=-91|rsrq=-14|snr=1,rsrp=-91|rsrq=-14,-91,-14,1,ploss=0|noise_power_dB=-5,0,-5,-99.5865277778,-10.5380305556,6.36910277778,8.5865277778,False,3.4619694444,False,2.36520180317,False,False,2,1,0.000671817265704
rsrp=-91|rsrq=-14|snr=5,rsrp=-91|rsrq=-14,-91,-14,5,ploss=0|noise_power_dB=-5,0,-5,-99.5865277778,-10.5380305556,6.36910277778,8.5865277778,False,3.4619694444,False,2.36520180317,False,False,2,1,0.000671817265704
rsrp=-91|rsrq=-13|snr=-10,rsrp=-91|rsrq=-13,-91,-13,-10,ploss=0|noise_power_dB=-5,0,-5,-99.5865277778,-10.5380305556,6.36910277778,8.5865277778,False,2.4619694444,False,2.20310853311,False,False,2,1,0.000671817265704
rsrp=-91|rsrq=-13|snr=-5,rsrp=-91|rsrq=-13,-91,-13,-5,ploss=0|noise_power_dB=-5,0,-5,-99.5865277778,-10.5380305556,6.36910277778,8.5865277778,False,2.4619694444,False,2.20310853311,False,False,2,1,0.000671817265704
rsrp=-91|rsrq=-13|snr=-4,rsrp=-91|rsrq=-13,-91,-13,-4,ploss=0|noise_power_dB=-5,0,-5,-99.5865277778,-10.5380305556,6.36910277778,8.5865277778,False,2.4619694444,False,2.20310853311,False,False,2,1,0.000671817265704
rsrp=-91|rsrq=-13|snr=3,rsrp=-91|rsrq=-13,-91,-13,3,ploss=0|noise_power_dB=-5,0,-5,-99.5865277778,-10.5380305556,6.36910277778,8.5865277778,False,2.4619694444,False,2.20310853311,False,False,2,1,0.000671817265704
rsrp=-91|rsrq=-13|snr=6,rsrp=-91|rsrq=-13,-91,-13,6,ploss=0|noise_power_dB=-5,0,-5,-99.5865277778,-10.5380305556,6.36910277778,8.5865277778,False,2.4619694444,False,2.20310853311,False,False,2,1,0.000671817265704
rsrp=-91|rsrq=-12|snr=-2,rsrp=-91|rsrq=-12,-91,-12,-2,ploss=0|noise_power_dB=-5,0,-5,-99.5865277778,-10.5380305556,6.36910277778,8.5865277778,False,1.4619694444,True,2.08882618893,False,False,2,1,0.000671817265704
rsrp=-91|rsrq=-12|snr=0,rsrp=-91|rsrq=-12,-91,-12,0,ploss=0|noise_power_dB=-5,0,-5,-99.5865277778,-10.5380305556,6.36910277778,8.5865277778,False,1.4619694444,True,2.08882618893,False,False,2,1,0.000671817265704
rsrp=-91|rsrq=-12|snr=2,rsrp=-91|rsrq=-12,-91,-12,2,ploss=0|noise_power_dB=-5,0,-5,-99.5865277778,-10.5380305556,6.36910277778,8.5865277778,False,1.4619694444,True,2.08882618893,False,False,2,1,0.000671817265704
rsrp=-91|rsrq=-12|snr=4,rsrp=-91|rsrq=-12,-91,-12,4,ploss=0|noise_power_dB=-5,0,-5,-99.5865277778,-10.5380305556,6.36910277778,8.5865277778,False,1.4619694444,True,2.08882618893,False,False,2,1,0.000671817265704
rsrp=-91|rsrq=-12|snr=6,rsrp=-91|rsrq=-12,-91,-12,6,ploss=0|noise_power_dB=-5,0,-5,-99.5865277778,-10.5380305556,6.36910277778,8.5865277778,False,1.4619694444,True,2.08882618893,False,False,2,1,0.000671817265704
rsrp=-91|rsrq=-11|snr=-1,rsrp=-91|rsrq=-11,-91,-11,-1,ploss=0|noise_power_dB=-5,0,-5,-99.5865277778,-10.5380305556,6.36910277778,8.5865277778,False,0.4619694444,True,2.03044391364,False,False,2,1,0.000671817265704
rsrp=-91|rsrq=-11|snr=0,rsrp=-91|rsrq=-11,-91,-11,0,ploss=0|noise_power_dB=-5,0,-5,-99.5865277778,-10.5380305556,6.36910277778,8.5865277778,False,0.4619694444,True,2.03044391364,False,False,2,1,0.000671817265704
rsrp=-91|rsrq=-11|snr=4,rsrp=-91|rsrq=-11,-91,-11,4,ploss=0|noise_power_dB=-5,0,-5,-99.5865277778,-10.5380305556,6.36910277778,8.5865277778,False,0.4619694444,True,2.03044391364,False,False,2,1,0.000671817265704
rsrp=-91|rsrq=-11|snr=5,rsrp=-91|rsrq=-11,-91,-11,5,ploss=0|noise_power_dB=-5,0,-5,-99.5865277778,-10.5380305556,6.36910277778,8.5865277778,False,0.4619694444,True,2.03044391364,False,False,2,1,0.000671817265704
rsrp=-91|rsrq=-10|snr=-1,rsrp=-91|rsrq=-10,-91,-10,-1,ploss=0|noise_power_dB=-5,0,-5,-99.5865277778,-10.5380305556,6.36910277778,8.5865277778,False,0.5380305556,True,2.03278383635,False,False,2,1,0.000671817265704
rsrp=-91|rsrq=-10|snr=0,rsrp=-91|rsrq=-10,-91,-10,0,ploss=0|noise_power_dB=-5,0,-5,-99.5865277778,-10.5380305556,6.36910277778,8.5865277778,False,0.5380305556,True,2.03278383635,False,False,2,1,0.000671817265704
rsrp=-91|rsrq=-10|snr=2,rsrp=-91|rsrq=-10,-91,-10,2,ploss=0|noise_power_dB=-5,0,-5,-99.5865277778,-10.5380305556,6.36910277778,8.5865277778,False,0.5380305556,True,2.03278383635,False,False,2,1,0.000671817265704
rsrp=-90|rsrq=-19|snr=-7,rsrp=-90|rsrq=-19,-90,-19,-7,ploss=0|noise_power_dB=-5,0,-5,-99.5865277778,-10.5380305556,6.36910277778,9.5865277778,False,8.4619694444,False,3.74916731726,False,False,2,1,0.000671817265704
rsrp=-90|rsrq=-17|snr=-1,rsrp=-90|rsrq=-17,-90,-17,-1,ploss=0|noise_power_dB=-5,0,-5,-99.5865277778,-10.5380305556,6.36910277778,9.5865277778,False,6.4619694444,False,3.21329594818,False,False,2,1,0.000671817265704
rsrp=-90|rsrq=-16|snr=-6,rsrp=-90|rsrq=-16,-90,-16,-6,ploss=0|noise_power_dB=-5,0,-5,-99.5865277778,-10.5380305556,6.36910277778,9.5865277778,False,5.4619694444,False,2.97233552774,False,False,2,1,0.000671817265704
rsrp=-90|rsrq=-16|snr=-5,rsrp=-90|rsrq=-16,-90,-16,-5,ploss=0|noise_power_dB=-5,0,-5,-99.5865277778,-10.5380305556,6.36910277778,9.5865277778,False,5.4619694444,False,2.97233552774,False,False,2,1,0.000671817265704
rsrp=-90|rsrq=-16|snr=-4,rsrp=-90|rsrq=-16,-90,-16,-4,ploss=0|noise_power_dB=-5,0,-5,-99.5865277778,-10.5380305556,6.36910277778,9.5865277778,False,5.4619694444,False,2.97233552774,False,False,2,1,0.000671817265704
rsrp=-90|rsrq=-16|snr=0,rsrp=-90|rsrq=-16,-90,-16,0,ploss=0|noise_power_dB=-5,0,-5,-99.5865277778,-10.5380305556,6.36910277778,9.5865277778,False,5.4619694444,False,2.97233552774,False,False,2,1,0.000671817265704
rsrp=-90|rsrq=-16|snr=6,rsrp=-90|rsrq=-16,-90,-16,6,ploss=0|noise_power_dB=-5,0,-5,-99.5865277778,-10.5380305556,6.36910277778,9.5865277778,False,5.4619694444,False,2.97233552774,False,False,2,1,0.000671817265704
rsrp=-90|rsrq=-15|snr=-3,rsrp=-90|rsrq=-15,-90,-15,-3,ploss=0|noise_power_dB=-5,0,-5,-99.5865277778,-10.5380305556,6.36910277778,9.5865277778,False,4.4619694444,False,2.75577323602,False,False,2,1,0.000671817265704
rsrp=-90|rsrq=-15|snr=-2,rsrp=-90|rsrq=-15,-90,-15,-2,ploss=0|noise_power_dB=-5,0,-5,-99.5865277778,-10.5380305556,6.36910277778,9.5865277778,False,4.4619694444,False,2.75577323602,False,False,2,1,0.000671817265704
rsrp=-90|rsrq=-15|snr=0,rsrp=-90|rsrq=-15,-90,-15,0,ploss=0|noise_power_dB=-5,0,-5,-99.5865277778,-10.5380305556,6.36910277778,9.5865277778,False,4.4619694444,False,2.75577323602,False,False,2,1,0.000671817265704
rsrp=-90|rsrq=-15|snr=2,rsrp=-90|rsrq=-15,-90,-15,2,ploss=0|noise_power_dB=-5,0,-5,-99.5865277778,-10.5380305556,6.36910277778,9.5865277778,False,4.4619694444,False,2.75577323602,False,False,2,1,0.000671817265704
rsrp=-90|rsrq=-15|snr=4,rsrp=-90|rsrq=-15,-90,-15,4,ploss=0|noise_power_dB=-5,0,-5,-99.5865277778,-10.5380305556,6.36910277778,9.5865277778,False,4.4619694444,False,2.75577323602,False,False,2,1,0.000671817265704
rsrp=-90|rsrq=-14|snr=3,rsrp=-90|rsrq=-14,-90,-14,3,ploss=0|noise_power_dB=-5,0,-5,-99.5865277778,-10.5380305556,6.36910277778,9.5865277778,False,3.4619694444,False,2.56978477061,False,False,2,1,0.000671817265704
rsrp=-90|rsrq=-13|snr=-3,rsrp=-90|rsrq=-13,-90,-13,-3,ploss=0|noise_power_dB=-5,0,-5,-99.5865277778,-10.5380305556,6.36910277778,9.5865277778,False,2.4619694444,False,2.42142549053,False,False,2,1,0.000671817265704
rsrp=-90|rsrq=-13|snr=2,rsrp=-90|rsrq=-13,-90,-13,2,ploss=0|noise_power_dB=-5,0,-5,-99.5865277778,-10.5380305556,6.36910277778,9.5865277778,False,2.4619694444,False,2.42142549053,False,False,2,1,0.000671817265704
rsrp=-90|rsrq=-13|snr=4,rsrp=-90|rsrq=-13,-90,-13,4,ploss=0|noise_power_dB=-5,0,-5,-99.5865277778,-10.5380305556,6.36910277778,9.5865277778,False,2.4619694444,False,2.42142549053,False,False,2,1,0.000671817265704
rsrp=-90|rsrq=-13|snr=5,rsrp=-90|rsrq=-13,-90,-13,5,ploss=0|noise_power_dB=-5,0,-5,-99.5865277778,-10.5380305556,6.36910277778,9.5865277778,False,2.4619694444,False,2.42142549053,False,False,2,1,0.000671817265704
rsrp=-90|rsrq=-12|snr=1,rsrp=-90|rsrq=-12,-90,-12,1,ploss=0|noise_power_dB=-5,0,-5,-99.5865277778,-10.5380305556,6.36910277778,9.5865277778,False,1.4619694444,True,2.31793206222,False,False,2,1,0.000671817265704
rsrp=-90|rsrq=-12|snr=3,rsrp=-90|rsrq=-12,-90,-12,3,ploss=0|noise_power_dB=-5,0,-5,-99.5865277778,-10.5380305556,6.36910277778,9.5865277778,False,1.4619694444,True,2.31793206222,False,False,2,1,0.000671817265704
rsrp=-90|rsrq=-11|snr=-7,rsrp=-90|rsrq=-11,-90,-11,-7,ploss=0|noise_power_dB=-5,0,-5,-99.5865277778,-10.5380305556,6.36910277778,9.5865277778,False,0.4619694444,True,2.26546169334,False,False,2,1,0.000671817265704
rsrp=-90|rsrq=-11|snr=4,rsrp=-90|rsrq=-11,-90,-11,4,ploss=0|noise_power_dB=-5,0,-5,-99.5865277778,-10.5380305556,6.36910277778,9.5865277778,False,0.4619694444,True,2.26546169334,False,False,2,1,0.000671817265704
rsrp=-90|rsrq=-11|snr=6,rsrp=-90|rsrq=-11,-90,-11,6,ploss=0|noise_power_dB=-5,0,-5,-99.5865277778,-10.5380305556,6.36910277778,9.5865277778,False,0.4619694444,True,2.26546169334,False,False,2,1,0.000671817265704
rsrp=-90|rsrq=-10|snr=-1,rsrp=-90|rsrq=-10,-90,-10,-1,ploss=0|noise_power_dB=-5,0,-5,-99.5865277778,-10.5380305556,6.36910277778,9.5865277778,False,0.5380305556,True,2.26755911122,False,False,2,1,0.000671817265704
rsrp=-90|rsrq=-10|snr=2,rsrp=-90|rsrq=-10,-90,-10,2,ploss=0|noise_power_dB=-5,0,-5,-99.5865277778,-10.5380305556,6.36910277778,9.5865277778,False,0.5380305556,True,2.26755911122,False,False,2,1,0.000671817265704
rsrp=-89|rsrq=-17|snr=-5,rsrp=-89|rsrq=-17,-89,-17,-5,ploss=0|noise_power_dB=-5,0,-5,-99.5865277778,-10.5380305556,6.36910277778,10.5865277778,False,6.4619694444,False,3.38319318976,False,False,2,1,0.000671817265704
rsrp=-89|rsrq=-17|snr=-4,rsrp=-89|rsrq=-17,-89,-17,-4,ploss=0|noise_power_dB=-5,0,-5,-99.5865277778,-10.5380305556,6.36910277778,10.5865277778,False,6.4619694444,False,3.38319318976,False,False,2,1,0.000671817265704
rsrp=-89|rsrq=-16|snr=-8,rsrp=-89|rsrq=-16,-89,-16,-8,ploss=0|noise_power_dB=-5,0,-5,-99.5865277778,-10.5380305556,6.36910277778,10.5865277778,False,5.4619694444,False,3.15523434916,False,False,2,1,0.000671817265704
rsrp=-89|rsrq=-16|snr=-5,rsrp=-89|rsrq=-16,-89,-16,-5,ploss=0|noise_power_dB=-5,0,-5,-99.5865277778,-10.5380305556,6.36910277778,10.5865277778,False,5.4619694444,False,3.15523434916,False,False,2,1,0.000671817265704
rsrp=-89|rsrq=-16|snr=5,rsrp=-89|rsrq=-16,-89,-16,5,ploss=0|noise_power_dB=-5,0,-5,-99.5865277778,-10.5380305556,6.36910277778,10.5865277778,False,5.4619694444,False,3.15523434916,False,False,2,1,0.000671817265704
rsrp=-89|rsrq=-16|snr=6,rsrp=-89|rsrq=-16,-89,-16,6,ploss=0|noise_power_dB=-5,0,-5,-99.5865277778,-10.5380305556,6.36910277778,10.5865277778,False,5.4619694444,False,3.15523434916,False,False,2,1,0.000671817265704
rsrp=-89|rsrq=-16|snr=7,rsrp=-89|rsrq=-16,-89,-16,7,ploss=0|noise_power_dB=-5,0,-5,-99.5865277778,-10.5380305556,6.36910277778,10.5865277778,False,5.4619694444,False,3.15523434916,False,False,2,1,0.000671817265704
rsrp=-89|rsrq=-15|snr=-8,rsrp=-89|rsrq=-15,-89,-15,-8,ploss=0|noise_power_dB=-5,0,-5,-99.5865277778,-10.5380305556,6.36910277778,10.5865277778,False,4.4619694444,False,2.95211982091,False,False,2,1,0.000671817265704
rsrp=-89|rsrq=-15|snr=-7,rsrp=-89|rsrq=-15,-89,-15,-7,ploss=0|noise_power_dB=-5,0,-5,-99.5865277778,-10.5380305556,6.36910277778,10.5865277778,False,4.4619694444,False,2.95211982091,False,False,2,1,0.000671817265704
rsrp=-89|rsrq=-15|snr=-6,rsrp=-89|rsrq=-15,-89,-15,-6,ploss=0|noise_power_dB=-5,0,-5,-99.5865277778,-10.5380305556,6.36910277778,10.5865277778,False,4.4619694444,False,2.95211982091,False,False,2,1,0.000671817265704
rsrp=-89|rsrq=-15|snr=-4,rsrp=-89|rsrq=-15,-89,-15,-4,ploss=0|noise_power_dB=-5,0,-5,-99.5865277778,-10.5380305556,6.36910277778,10.5865277778,False,4.4619694444,False,2.95211982091,False,False,2,1,0.000671817265704
rsrp=-89|rsrq=-15|snr=0,rsrp=-89|rsrq=-15,-89,-15,0,ploss=0|noise_power_dB=-5,0,-5,-99.5865277778,-10.5380305556,6.36910277778,10.5865277778,False,4.4619694444,False,2.95211982091,False,False,2,1,0.000671817265704
rsrp=-89|rsrq=-15|snr=1,rsrp=-89|rsrq=-15,-89,-15,1,ploss=0|noise_power_dB=-5,0,-5,-99.5865277778,-10.5380305556,6.36910277778,10.5865277778,False,4.4619694444,False,2.95211982091,False,False,2,1,0.000671817265704
rsrp=-89|rsrq=-15|snr=2,rsrp=-89|rsrq=-15,-89,-15,2,ploss=0|noise_power_dB=-5,0,-5,-99.5865277778,-10.5380305556,6.36910277778,10.5865277778,False,4.4619694444,False,2.95211982091,False,False,2,1,0.000671817265704
rsrp=-89|rsrq=-15|snr=7,rsrp=-89|rsrq=-15,-89,-15,7,ploss=0|noise_power_dB=-5,0,-5,-99.5865277778,-10.5380305556,6.36910277778,10.5865277778,False,4.4619694444,False,2.95211982091,False,False,2,1,0.000671817265704
rsrp=-89|rsrq=-14|snr=-7,rsrp=-89|rsrq=-14,-89,-14,-7,ploss=0|noise_power_dB=-5,0,-5,-99.5865277778,-10.5380305556,6.36910277778,10.5865277778,False,3.4619694444,False,2.77930190442,False,False,2,1,0.000671817265704
rsrp=-89|rsrq=-14|snr=-6,rsrp=-89|rsrq=-14,-89,-14,-6,ploss=0|noise_power_dB=-5,0,-5,-99.5865277778,-10.5380305556,6.36910277778,10.5865277778,False,3.4619694444,False,2.77930190442,False,False,2,1,0.000671817265704
rsrp=-89|rsrq=-14|snr=-3,rsrp=-89|rsrq=-14,-89,-14,-3,ploss=0|noise_power_dB=-5,0,-5,-99.5865277778,-10.5380305556,6.36910277778,10.5865277778,False,3.4619694444,False,2.77930190442,False,False,2,1,0.000671817265704
rsrp=-89|rsrq=-14|snr=-2,rsrp=-89|rsrq=-14,-89,-14,-2,ploss=0|noise_power_dB=-5,0,-5,-99.5865277778,-10.5380305556,6.36910277778,10.5865277778,False,3.4619694444,False,2.77930190442,False,False,2,1,0.000671817265704
rsrp=-89|rsrq=-13|snr=0,rsrp=-89|rsrq=-13,-89,-13,0,ploss=0|noise_power_dB=-5,0,-5,-99.5865277778,-10.5380305556,6.36910277778,10.5865277778,False,2.4619694444,False,2.64273091987,False,False,2,1,0.000671817265704
rsrp=-89|rsrq=-13|snr=2,rsrp=-89|rsrq=-13,-89,-13,2,ploss=0|noise_power_dB=-5,0,-5,-99.5865277778,-10.5380305556,6.36910277778,10.5865277778,False,2.4619694444,False,2.64273091987,False,False,2,1,0.000671817265704
rsrp=-89|rsrq=-13|snr=3,rsrp=-89|rsrq=-13,-89,-13,3,ploss=0|noise_power_dB=-5,0,-5,-99.5865277778,-10.5380305556,6.36910277778,10.5865277778,False,2.4619694444,False,2.64273091987,False,False,2,1,0.000671817265704
rsrp=-89|rsrq=-13|snr=8,rsrp=-89|rsrq=-13,-89,-13,8,ploss=0|noise_power_dB=-5,0,-5,-99.5865277778,-10.5380305556,6.36910277778,10.5865277778,False,2.4619694444,False,2.64273091987,False,False,2,1,0.000671817265704
rsrp=-89|rsrq=-12|snr=-1,rsrp=-89|rsrq=-12,-89,-12,-1,ploss=0|noise_power_dB=-5,0,-5,-99.5865277778,-10.5380305556,6.36910277778,10.5865277778,False,1.4619694444,True,2.54824142375,False,False,2,1,0.000671817265704
rsrp=-89|rsrq=-12|snr=2,rsrp=-89|rsrq=-12,-89,-12,2,ploss=0|noise_power_dB=-5,0,-5,-99.5865277778,-10.5380305556,6.36910277778,10.5865277778,False,1.4619694444,True,2.54824142375,False,False,2,1,0.000671817265704
rsrp=-89|rsrq=-12|snr=5,rsrp=-89|rsrq=-12,-89,-12,5,ploss=0|noise_power_dB=-5,0,-5,-99.5865277778,-10.5380305556,6.36910277778,10.5865277778,False,1.4619694444,True,2.54824142375,False,False,2,1,0.000671817265704
rsrp=-89|rsrq=-11|snr=-7,rsrp=-89|rsrq=-11,-89,-11,-7,ploss=0|noise_power_dB=-5,0,-5,-99.5865277778,-10.5380305556,6.36910277778,10.5865277778,False,0.4619694444,True,2.50060832451,False,False,2,1,0.000671817265704
rsrp=-89|rsrq=-11|snr=0,rsrp=-89|rsrq=-11,-89,-11,0,ploss=0|noise_power_dB=-5,0,-5,-99.5865277778,-10.5380305556,6.36910277778,10.5865277778,False,0.4619694444,True,2.50060832451,False,False,2,1,0.000671817265704
rsrp=-89|rsrq=-11|snr=3,rsrp=-89|rsrq=-11,-89,-11,3,ploss=0|noise_power_dB=-5,0,-5,-99.5865277778,-10.5380305556,6.36910277778,10.5865277778,False,0.4619694444,True,2.50060832451,False,False,2,1,0.000671817265704
rsrp=-89|rsrq=-11|snr=4,rsrp=-89|rsrq=-11,-89,-11,4,ploss=0|noise_power_dB=-5,0,-5,-99.5865277778,-10.5380305556,6.36910277778,10.5865277778,False,0.4619694444,True,2.50060832451,False,False,2,1,0.000671817265704
rsrp=-89|rsrq=-11|snr=6,rsrp=-89|rsrq=-11,-89,-11,6,ploss=0|noise_power_dB=-5,0,-5,-99.5865277778,-10.5380305556,6.36910277778,10.5865277778,False,0.4619694444,True,2.50060832451,False,False,2,1,0.000671817265704
rsrp=-89|rsrq=-10|snr=6,rsrp=-89|rsrq=-10,-89,-10,6,ploss=0|noise_power_dB=-5,0,-5,-99.5865277778,-10.5380305556,6.36910277778,10.5865277778,False,0.5380305556,True,2.50250866762,False,False,2,1,0.000671817265704
rsrp=-89|rsrq=-10|snr=7,rsrp=-89|rsrq=-10,-89,-10,7,ploss=0|noise_power_dB=-5,0,-5,-99.5865277778,-10.5380305556,6.36910277778,10.5865277778,False,0.5380305556,True,2.50250866762,False,False,2,1,0.000671817265704
rsrp=-88|rsrq=-18|snr=-8,rsrp=-88|rsrq=-18,-88,-18,-8,ploss=0|noise_power_dB=-5,0,-5,-99.5865277778,-10.5380305556,6.36910277778,11.5865277778,False,7.4619694444,False,3.79714694739,False,False,2,1,0.000671817265704
rsrp=-88|rsrq=-17|snr=-7,rsrp=-88|rsrq=-17,-88,-17,-7,ploss=0|noise_power_dB=-5,0,-5,-99.5865277778,-10.5380305556,6.36910277778,11.5865277778,False,6.4619694444,False,3.56059441371,False,False,2,1,0.000671817265704
rsrp=-88|rsrq=-16|snr=-5,rsrp=-88|rsrq=-16,-88,-16,-5,ploss=0|noise_power_dB=-5,0,-5,-99.5865277778,-10.5380305556,6.36910277778,11.5865277778,False,5.4619694444,False,3.34474815463,False,False,2,1,0.000671817265704
rsrp=-88|rsrq=-16|snr=-4,rsrp=-88|rsrq=-16,-88,-16,-4,ploss=0|noise_power_dB=-5,0,-5,-99.5865277778,-10.5380305556,6.36910277778,11.5865277778,False,5.4619694444,False,3.34474815463,False,False,2,1,0.000671817265704
rsrp=-88|rsrq=-15|snr=-3,rsrp=-88|rsrq=-15,-88,-15,-3,ploss=0|noise_power_dB=-5,0,-5,-99.5865277778,-10.5380305556,6.36910277778,11.5865277778,False,4.4619694444,False,3.15386237125,False,False,2,1,0.000671817265704
rsrp=-88|rsrq=-15|snr=-1,rsrp=-88|rsrq=-15,-88,-15,-1,ploss=0|noise_power_dB=-5,0,-5,-99.5865277778,-10.5380305556,6.36910277778,11.5865277778,False,4.4619694444,False,3.15386237125,False,False,2,1,0.000671817265704
rsrp=-88|rsrq=-15|snr=0,rsrp=-88|rsrq=-15,-88,-15,0,ploss=0|noise_power_dB=-5,0,-5,-99.5865277778,-10.5380305556,6.36910277778,11.5865277778,False,4.4619694444,False,3.15386237125,False,False,2,1,0.000671817265704
rsrp=-88|rsrq=-15|snr=4,rsrp=-88|rsrq=-15,-88,-15,4,ploss=0|noise_power_dB=-5,0,-5,-99.5865277778,-10.5380305556,6.36910277778,11.5865277778,False,4.4619694444,False,3.15386237125,False,False,2,1,0.000671817265704
rsrp=-88|rsrq=-15|snr=8,rsrp=-88|rsrq=-15,-88,-15,8,ploss=0|noise_power_dB=-5,0,-5,-99.5865277778,-10.5380305556,6.36910277778,11.5865277778,False,4.4619694444,False,3.15386237125,False,False,2,1,0.000671817265704
rsrp=-88|rsrq=-14|snr=2,rsrp=-88|rsrq=-14,-88,-14,2,ploss=0|noise_power_dB=-5,0,-5,-99.5865277778,-10.5380305556,6.36910277778,11.5865277778,False,3.4619694444,False,2.99271707578,False,False,2,1,0.000671817265704
rsrp=-88|rsrq=-12|snr=1,rsrp=-88|rsrq=-12,-88,-12,1,ploss=0|noise_power_dB=-5,0,-5,-99.5865277778,-10.5380305556,6.36910277778,11.5865277778,False,1.4619694444,True,2.77945512169,False,False,2,1,0.000671817265704
rsrp=-88|rsrq=-12|snr=4,rsrp=-88|rsrq=-12,-88,-12,4,ploss=0|noise_power_dB=-5,0,-5,-99.5865277778,-10.5380305556,6.36910277778,11.5865277778,False,1.4619694444,True,2.77945512169,False,False,2,1,0.000671817265704
rsrp=-88|rsrq=-12|snr=7,rsrp=-88|rsrq=-12,-88,-12,7,ploss=0|noise_power_dB=-5,0,-5,-99.5865277778,-10.5380305556,6.36910277778,11.5865277778,False,1.4619694444,True,2.77945512169,False,False,2,1,0.000671817265704
rsrp=-88|rsrq=-11|snr=-5,rsrp=-88|rsrq=-11,-88,-11,-5,ploss=0|noise_power_dB=-5,0,-5,-99.5865277778,-10.5380305556,6.36910277778,11.5865277778,False,0.4619694444,True,2.73585058298,False,False,2,1,0.000671817265704
rsrp=-87|rsrq=-17|snr=-6,rsrp=-87|rsrq=-17,-87,-17,-6,ploss=0|noise_power_dB=-5,0,-5,-99.5865277778,-10.5380305556,6.36910277778,12.5865277778,False,6.4619694444,False,3.7444332161,False,False,2,1,0.000671817265704
rsrp=-87|rsrq=-16|snr=-8,rsrp=-87|rsrq=-16,-87,-16,-8,ploss=0|noise_power_dB=-5,0,-5,-99.5865277778,-10.5380305556,6.36910277778,12.5865277778,False,5.4619694444,False,3.53981464892,False,False,2,1,0.000671817265704
rsrp=-87|rsrq=-14|snr=5,rsrp=-87|rsrq=-14,-87,-14,5,ploss=0|noise_power_dB=-5,0,-5,-99.5865277778,-10.5380305556,6.36910277778,12.5865277778,False,3.4619694444,False,3.20925272089,False,False,2,1,0.000671817265704
rsrp=-87|rsrq=-13|snr=-4,rsrp=-87|rsrq=-13,-87,-13,-4,ploss=0|noise_power_dB=-5,0,-5,-99.5865277778,-10.5380305556,6.36910277778,12.5865277778,False,2.4619694444,False,3.09173263162,False,False,2,1,0.000671817265704
rsrp=-87|rsrq=-11|snr=2,rsrp=-87|rsrq=-11,-87,-11,2,ploss=0|noise_power_dB=-5,0,-5,-99.5865277778,-10.5380305556,6.36910277778,12.5865277778,False,0.4619694444,True,2.97116575493,False,False,2,1,0.000671817265704
rsrp=-87|rsrq=-11|snr=4,rsrp=-87|rsrq=-11,-87,-11,4,ploss=0|noise_power_dB=-5,0,-5,-99.5865277778,-10.5380305556,6.36910277778,12.5865277778,False,0.4619694444,True,2.97116575493,False,False,2,1,0.000671817265704
rsrp=-84|rsrq=-11|snr=2,rsrp=-84|rsrq=-11,-84,-11,2,ploss=0|noise_power_dB=-5,0,-5,-99.5865277778,-10.5380305556,6.36910277778,15.5865277778,False,0.4619694444,True,3.67740876196,False,False,2,1,0.000671817265704
rsrp=-83|rsrq=-11|snr=3,rsrp=-83|rsrq=-11,-83,-11,3,ploss=0|noise_power_dB=-5,0,-5,-99.5865277778,-10.5380305556,6.36910277778,16.5865277778,False,0.4619694444,True,3.91289243116,False,False,2,1,0.000671817265704
rsrp=-82|rsrq=-10|snr=2,rsrp=-82|rsrq=-10,-82,-10,2,ploss=0|noise_power_dB=-5,0,-5,-99.5865277778,-10.5380305556,6.36910277778,17.5865277778,False,0.5380305556,True,4.14954671056,False,False,2,1,0.000671817265704
rsrp=-81|rsrq=-15|snr=0,rsrp=-81|rsrq=-15,-81,-15,0,ploss=0|noise_power_dB=-5,0,-5,-99.5865277778,-10.5380305556,6.36910277778,18.5865277778,False,4.4619694444,False,4.65626609057,False,False,2,1,0.000671817265704
rsrp=-81|rsrq=-14|snr=1,rsrp=-81|rsrq=-14,-81,-14,1,ploss=0|noise_power_dB=-5,0,-5,-99.5865277778,-10.5380305556,6.36910277778,18.5865277778,False,3.4619694444,False,4.54866151138,False,False,2,1,0.000671817265704
rsrp=-81|rsrq=-13|snr=-1,rsrp=-81|rsrq=-13,-81,-13,-1,ploss=0|noise_power_dB=-5,0,-5,-99.5865277778,-10.5380305556,6.36910277778,18.5865277778,False,2.4619694444,False,4.46652316506,False,False,2,1,0.000671817265704
rsrp=-81|rsrq=-13|snr=2,rsrp=-81|rsrq=-13,-81,-13,2,ploss=0|noise_power_dB=-5,0,-5,-99.5865277778,-10.5380305556,6.36910277778,18.5865277778,False,2.4619694444,False,4.46652316506,False,False,2,1,0.000671817265704
rsrp=-81|rsrq=-12|snr=1,rsrp=-81|rsrq=-12,-81,-12,1,ploss=0|noise_power_dB=-5,0,-5,-99.5865277778,-10.5380305556,6.36910277778,18.5865277778,False,1.4619694444,True,4.41127383223,False,False,2,1,0.000671817265704
rsrp=-81|rsrq=-12|snr=6,rsrp=-81|rsrq=-12,-81,-12,6,ploss=0|noise_power_dB=-5,0,-5,-99.5865277778,-10.5380305556,6.36910277778,18.5865277778,False,1.4619694444,True,4.41127383223,False,False,2,1,0.000671817265704
rsrp=-81|rsrq=-11|snr=-1,rsrp=-81|rsrq=-11,-81,-11,-1,ploss=0|noise_power_dB=-5,0,-5,-99.5865277778,-10.5380305556,6.36910277778,18.5865277778,False,0.4619694444,True,4.38393025284,False,False,2,1,0.000671817265704
rsrp=-81|rsrq=-11|snr=0,rsrp=-81|rsrq=-11,-81,-11,0,ploss=0|noise_power_dB=-5,0,-5,-99.5865277778,-10.5380305556,6.36910277778,18.5865277778,False,0.4619694444,True,4.38393025284,False,False,2,1,0.000671817265704
rsrp=-81|rsrq=-10|snr=-3,rsrp=-81|rsrq=-10,-81,-10,-3,ploss=0|noise_power_dB=-5,0,-5,-99.5865277778,-10.5380305556,6.36910277778,18.5865277778,False,0.5380305556,True,4.38501449264,False,False,2,1,0.000671817265704
rsrp=-81|rsrq=-10|snr=-2,rsrp=-81|rsrq=-10,-81,-10,-2,ploss=0|noise_power_dB=-5,0,-5,-99.5865277778,-10.5380305556,6.36910277778,18.5865277778,False,0.5380305556,True,4.38501449264,False,False,2,1,0.000671817265704
rsrp=-81|rsrq=-10|snr=-1,rsrp=-81|rsrq=-10,-81,-10,-1,ploss=0|noise_power_dB=-5,0,-5,-99.5865277778,-10.5380305556,6.36910277778,18.5865277778,False,0.5380305556,True,4.38501449264,False,False,2,1,0.000671817265704
rsrp=-81|rsrq=-10|snr=0,rsrp=-81|rsrq=-10,-81,-10,0,ploss=0|noise_power_dB=-5,0,-5,-99.5865277778,-10.5380305556,6.36910277778,18.5865277778,False,0.5380305556,True,4.38501449264,False,False,2,1,0.000671817265704
rsrp=-81|rsrq=-10|snr=6,rsrp=-81|rsrq=-10,-81,-10,6,ploss=0|noise_power_dB=-5,0,-5,-99.5865277778,-10.5380305556,6.36910277778,18.5865277778,False,0.5380305556,True,4.38501449264,False,False,2,1,0.000671817265704
rsrp=-81|rsrq=-9|snr=1,rsrp=-81|rsrq=-9,-81,-9,1,ploss=0|noise_power_dB=-5,0,-5,-99.5865277778,-10.5380305556,6.36910277778,18.5865277778,False,1.5380305556,True,4.41450560534,False,False,2,1,0.000671817265704
rsrp=-81|rsrq=-9|snr=2,rsrp=-81|rsrq=-9,-81,-9,2,ploss=0|noise_power_dB=-5,0,-5,-99.5865277778,-10.5380305556,6.36910277778,18.5865277778,False,1.5380305556,True,4.41450560534,False,False,2,1,0.000671817265704
rsrp=-80|rsrq=-16|snr=1,rsrp=-80|rsrq=-16,-80,-16,1,ploss=0|noise_power_dB=-5,0,-5,-99.5865277778,-10.5380305556,6.36910277778,19.5865277778,False,5.4619694444,False,5.00420139242,False,False,2,1,0.000671817265704
rsrp=-80|rsrq=-16|snr=3,rsrp=-80|rsrq=-16,-80,-16,3,ploss=0|noise_power_dB=-5,0,-5,-99.5865277778,-10.5380305556,6.36910277778,19.5865277778,False,5.4619694444,False,5.00420139242,False,False,2,1,0.000671817265704
rsrp=-80|rsrq=-14|snr=-1,rsrp=-80|rsrq=-14,-80,-14,-1,ploss=0|noise_power_dB=-5,0,-5,-99.5865277778,-10.5380305556,6.36910277778,19.5865277778,False,3.4619694444,False,4.77609116891,False,False,2,1,0.000671817265704
rsrp=-80|rsrq=-13|snr=-1,rsrp=-80|rsrq=-13,-80,-13,-1,ploss=0|noise_power_dB=-5,0,-5,-99.5865277778,-10.5380305556,6.36910277778,19.5865277778,False,2.4619694444,False,4.69793087355,False,False,2,1,0.000671817265704
rsrp=-80|rsrq=-13|snr=2,rsrp=-80|rsrq=-13,-80,-13,2,ploss=0|noise_power_dB=-5,0,-5,-99.5865277778,-10.5380305556,6.36910277778,19.5865277778,False,2.4619694444,False,4.69793087355,False,False,2,1,0.000671817265704
rsrp=-80|rsrq=-11|snr=-4,rsrp=-80|rsrq=-11,-80,-11,-4,ploss=0|noise_power_dB=-5,0,-5,-99.5865277778,-10.5380305556,6.36910277778,19.5865277778,False,0.4619694444,True,4.6194772183,False,False,2,1,0.000671817265704
rsrp=-80|rsrq=-11|snr=-3,rsrp=-80|rsrq=-11,-80,-11,-3,ploss=0|noise_power_dB=-5,0,-5,-99.5865277778,-10.5380305556,6.36910277778,19.5865277778,False,0.4619694444,True,4.6194772183,False,False,2,1,0.000671817265704
rsrp=-80|rsrq=-10|snr=-4,rsrp=-80|rsrq=-10,-80,-10,-4,ploss=0|noise_power_dB=-5,0,-5,-99.5865277778,-10.5380305556,6.36910277778,19.5865277778,False,0.5380305556,True,4.6205061854,False,False,2,1,0.000671817265704
rsrp=-80|rsrq=-10|snr=4,rsrp=-80|rsrq=-10,-80,-10,4,ploss=0|noise_power_dB=-5,0,-5,-99.5865277778,-10.5380305556,6.36910277778,19.5865277778,False,0.5380305556,True,4.6205061854,False,False,2,1,0.000671817265704
rsrp=-80|rsrq=-10|snr=5,rsrp=-80|rsrq=-10,-80,-10,5,ploss=0|noise_power_dB=-5,0,-5,-99.5865277778,-10.5380305556,6.36910277778,19.5865277778,False,0.5380305556,True,4.6205061854,False,False,2,1,0.000671817265704
rsrp=-80|rsrq=-9|snr=1,rsrp=-80|rsrq=-9,-80,-9,1,ploss=0|noise_power_dB=-5,0,-5,-99.5865277778,-10.5380305556,6.36910277778,19.5865277778,False,1.5380305556,True,4.64850352783,False,False,2,1,0.000671817265704
rsrp=-80|rsrq=-9|snr=5,rsrp=-80|rsrq=-9,-80,-9,5,ploss=0|noise_power_dB=-5,0,-5,-99.5865277778,-10.5380305556,6.36910277778,19.5865277778,False,1.5380305556,True,4.64850352783,False,False,2,1,0.000671817265704
rsrp=-79|rsrq=-11|snr=-6,rsrp=-79|rsrq=-11,-79,-11,-6,ploss=0|noise_power_dB=-5,0,-5,-99.5865277778,-10.5380305556,6.36910277778,20.5865277778,False,0.4619694444,True,4.85503925733,False,False,2,1,0.000671817265704
rsrp=-79|rsrq=-11|snr=-5,rsrp=-79|rsrq=-11,-79,-11,-5,ploss=0|noise_power_dB=-5,0,-5,-99.5865277778,-10.5380305556,6.36910277778,20.5865277778,False,0.4619694444,True,4.85503925733,False,False,2,1,0.000671817265704
rsrp=-79|rsrq=-10|snr=2,rsrp=-79|rsrq=-10,-79,-10,2,ploss=0|noise_power_dB=-5,0,-5,-99.5865277778,-10.5380305556,6.36910277778,20.5865277778,False,0.5380305556,True,4.85601831021,False,False,2,1,0.000671817265704
rsrp=-106|rsrq=-13|snr=6,rsrp=-106|rsrq=-13,-106,-13,6,ploss=0|noise_power_dB=-10,0,-10,-107.990297222,-10.5249111111,8.35522777778,1.990297222,True,2.4750888889,False,0.992889422617,False,False,1,1,0.000335908632852
rsrp=-103|rsrq=-14|snr=-4,rsrp=-103|rsrq=-14,-103,-14,-4,ploss=0|noise_power_dB=-5,0,-5,-99.5865277778,-10.5380305556,6.36910277778,3.4134722222,False,3.4619694444,False,1.46474430055,False,False,1,1,0.000335908632852
rsrp=-103|rsrq=-14|snr=3,rsrp=-103|rsrq=-14,-103,-14,3,ploss=0|noise_power_dB=-5,0,-5,-99.5865277778,-10.5380305556,6.36910277778,3.4134722222,False,3.4619694444,False,1.46474430055,False,False,1,1,0.000335908632852
rsrp=-100|rsrq=-11|snr=12,rsrp=-100|rsrq=-11,-100,-11,12,ploss=0|noise_power_dB=-5,0,-5,-99.5865277778,-10.5380305556,6.36910277778,0.4134722222,True,0.4619694444,True,0.190196500076,True,False,1,1,0.000335908632852
rsrp=-99|rsrq=-9|snr=2,rsrp=-99|rsrq=-9,-99,-9,2,ploss=0|noise_power_dB=-5,0,-5,-99.5865277778,-10.5380305556,6.36910277778,0.5865277778,True,1.5380305556,True,0.561074134116,True,False,1,1,0.000335908632852
rsrp=-98|rsrq=-12|snr=7,rsrp=-98|rsrq=-12,-98,-12,7,ploss=0|noise_power_dB=-5,0,-5,-99.5865277778,-10.5380305556,6.36910277778,1.5865277778,True,1.4619694444,True,0.637970670109,True,False,1,1,0.000335908632852
rsrp=-98|rsrq=-11|snr=2,rsrp=-98|rsrq=-11,-98,-11,2,ploss=0|noise_power_dB=-5,0,-5,-99.5865277778,-10.5380305556,6.36910277778,1.5865277778,True,0.4619694444,True,0.408061533128,True,False,1,1,0.000335908632852
rsrp=-96|rsrq=-18|snr=0,rsrp=-96|rsrq=-18,-96,-18,0,ploss=0|noise_power_dB=-5,0,-5,-99.5865277778,-10.5380305556,6.36910277778,3.5865277778,False,7.4619694444,False,2.77033295709,False,False,1,1,0.000335908632852
rsrp=-96|rsrq=-13|snr=-4,rsrp=-96|rsrq=-13,-96,-13,-4,ploss=0|noise_power_dB=-5,0,-5,-99.5865277778,-10.5380305556,6.36910277778,3.5865277778,False,2.4619694444,False,1.21337664706,False,False,1,1,0.000335908632852
rsrp=-90|rsrq=-14|snr=-1,rsrp=-90|rsrq=-14,-90,-14,-1,ploss=0|noise_power_dB=-5,0,-5,-99.5865277778,-10.5380305556,6.36910277778,9.5865277778,False,3.4619694444,False,2.56978477061,False,False,1,1,0.000335908632852
rsrp=-89|rsrq=-16|snr=1,rsrp=-89|rsrq=-16,-89,-16,1,ploss=0|noise_power_dB=-5,0,-5,-99.5865277778,-10.5380305556,6.36910277778,10.5865277778,False,5.4619694444,False,3.15523434916,False,False,1,1,0.000335908632852
rsrp=-86|rsrq=-16|snr=2,rsrp=-86|rsrq=-16,-86,-16,2,ploss=0|noise_power_dB=-5,0,-5,-99.5865277778,-10.5380305556,6.36910277778,13.5865277778,False,5.4619694444,False,3.7395650002,False,False,1,1,0.000335908632852
