scenario_id,trace_id,app,content,run_index,observed_segment_index,gap_before_seconds,start_second,end_second_exclusive,duration_seconds,real_rf_state_id,target_rsrp_dbm,target_rsrq_db,target_snr_db
ucc-static-03c60d20f6ba6fb3,03c60d20f6ba6fb3,Netflix,Season3-StrangerThings,0,0,0,0,1,1,rsrp=-89|rsrq=-11|snr=1,-89,-11,1
ucc-static-03c60d20f6ba6fb3,03c60d20f6ba6fb3,Netflix,Season3-StrangerThings,1,0,0,1,3,2,rsrp=-88|rsrq=-18|snr=-8,-88,-18,-8
ucc-static-03c60d20f6ba6fb3,03c60d20f6ba6fb3,Netflix,Season3-StrangerThings,2,0,0,3,5,2,rsrp=-89|rsrq=-16|snr=4,-89,-16,4
ucc-static-03c60d20f6ba6fb3,03c60d20f6ba6fb3,Netflix,Season3-StrangerThings,3,0,0,5,7,2,rsrp=-90|rsrq=-16|snr=2,-90,-16,2
ucc-static-03c60d20f6ba6fb3,03c60d20f6ba6fb3,Netflix,Season3-StrangerThings,4,0,0,7,9,2,rsrp=-89|rsrq=-15|snr=1,-89,-15,1
ucc-static-03c60d20f6ba6fb3,03c60d20f6ba6fb3,Netflix,Season3-StrangerThings,5,0,0,9,11,2,rsrp=-89|rsrq=-14|snr=3,-89,-14,3
ucc-static-03c60d20f6ba6fb3,03c60d20f6ba6fb3,Netflix,Season3-StrangerThings,6,0,0,11,12,1,rsrp=-89|rsrq=-15|snr=2,-89,-15,2
ucc-static-03c60d20f6ba6fb3,03c60d20f6ba6fb3,Netflix,Season3-StrangerThings,7,1,1,13,14,1,rsrp=-89|rsrq=-15|snr=2,-89,-15,2
ucc-static-03c60d20f6ba6fb3,03c60d20f6ba6fb3,Netflix,Season3-StrangerThings,8,1,0,14,16,2,rsrp=-89|rsrq=-13|snr=-4,-89,-13,-4
ucc-static-03c60d20f6ba6fb3,03c60d20f6ba6fb3,Netflix,Season3-StrangerThings,9,1,0,16,18,2,rsrp=-89|rsrq=-15|snr=-2,-89,-15,-2
ucc-static-03c60d20f6ba6fb3,03c60d20f6ba6fb3,Netflix,Season3-StrangerThings,10,1,0,18,20,2,rsrp=-88|rsrq=-17|snr=-7,-88,-17,-7
ucc-static-03c60d20f6ba6fb3,03c60d20f6ba6fb3,Netflix,Season3-StrangerThings,11,1,0,20,22,2,rsrp=-89|rsrq=-15|snr=-2,-89,-15,-2
ucc-static-03c60d20f6ba6fb3,03c60d20f6ba6fb3,Netflix,Season3-StrangerThings,12,1,0,22,24,2,rsrp=-90|rsrq=-16|snr=0,-90,-16,0
ucc-static-03c60d20f6ba6fb3,03c60d20f6ba6fb3,Netflix,Season3-StrangerThings,13,1,0,24,26,2,rsrp=-88|rsrq=-17|snr=0,-88,-17,0
ucc-static-03c60d20f6ba6fb3,03c60d20f6ba6fb3,Netflix,Season3-StrangerThings,14,2,1,27,29,2,rsrp=-88|rsrq=-15|snr=0,-88,-15,0
ucc-static-03c60d20f6ba6fb3,03c60d20f6ba6fb3,Netflix,Season3-StrangerThings,15,2,0,29,31,2,rsrp=-88|rsrq=-16|snr=1,-88,-16,1
ucc-static-03c60d20f6ba6fb3,03c60d20f6ba6fb3,Netflix,Season3-StrangerThings,16,2,0,31,33,2,rsrp=-89|rsrq=-12|snr=2,-89,-12,2
ucc-static-03c60d20f6ba6fb3,03c60d20f6ba6fb3,Netflix,Season3-StrangerThings,17,2,0,33,35,2,rsrp=-89|rsrq=-16|snr=4,-89,-16,4
ucc-static-03c60d20f6ba6fb3,03c60d20f6ba6fb3,Netflix,Season3-StrangerThings,18,2,0,35,37,2,rsrp=-89|rsrq=-16|snr=2,-89,-16,2
ucc-static-03c60d20f6ba6fb3,03c60d20f6ba6fb3,Netflix,Season3-StrangerThings,19,2,0,37,39,2,rsrp=-88|rsrq=-16|snr=1,-88,-16,1
ucc-static-03c60d20f6ba6fb3,03c60d20f6ba6fb3,Netflix,Season3-StrangerThings,20,2,0,39,40,1,rsrp=-88|rsrq=-12|snr=4,-88,-12,4
ucc-static-03c60d20f6ba6fb3,03c60d20f6ba6fb3,Netflix,Season3-StrangerThings,21,3,1,41,42,1,rsrp=-88|rsrq=-12|snr=4,-88,-12,4
ucc-static-03c60d20f6ba6fb3,03c60d20f6ba6fb3,Netflix,Season3-StrangerThings,22,3,0,42,44,2,rsrp=-89|rsrq=-15|snr=7,-89,-15,7
ucc-static-03c60d20f6ba6fb3,03c60d20f6ba6fb3,Netflix,Season3-StrangerThings,23,3,0,44,46,2,rsrp=-89|rsrq=-10|snr=6,-89,-10,6
ucc-static-03c60d20f6ba6fb3,03c60d20f6ba6fb3,Netflix,Season3-StrangerThings,24,3,0,46,48,2,rsrp=-89|rsrq=-11|snr=4,-89,-11,4
ucc-static-03c60d20f6ba6fb3,03c60d20f6ba6fb3,Netflix,Season3-StrangerThings,25,3,0,48,50,2,rsrp=-90|rsrq=-16|snr=2,-90,-16,2
ucc-static-03c60d20f6ba6fb3,03c60d20f6ba6fb3,Netflix,Season3-StrangerThings,26,3,0,50,52,2,rsrp=-89|rsrq=-12|snr=6,-89,-12,6
ucc-static-03c60d20f6ba6fb3,03c60d20f6ba6fb3,Netflix,Season3-StrangerThings,27,3,0,52,54,2,rsrp=-90|rsrq=-11|snr=4,-90,-11,4
ucc-static-03c60d20f6ba6fb3,03c60d20f6ba6fb3,Netflix,Season3-StrangerThings,28,4,1,55,57,2,rsrp=-90|rsrq=-13|snr=-4,-90,-13,-4
ucc-static-03c60d20f6ba6fb3,03c60d20f6ba6fb3,Netflix,Season3-StrangerThings,29,4,0,57,59,2,rsrp=-90|rsrq=-16|snr=-6,-90,-16,-6
ucc-static-03c60d20f6ba6fb3,03c60d20f6ba6fb3,Netflix,Season3-StrangerThings,30,4,0,59,61,2,rsrp=-89|rsrq=-17|snr=-4,-89,-17,-4
ucc-static-03c60d20f6ba6fb3,03c60d20f6ba6fb3,Netflix,Season3-StrangerThings,31,4,0,61,65,4,rsrp=-90|rsrq=-15|snr=7,-90,-15,7
ucc-static-03c60d20f6ba6fb3,03c60d20f6ba6fb3,Netflix,Season3-StrangerThings,32,4,0,65,67,2,rsrp=-89|rsrq=-16|snr=6,-89,-16,6
ucc-static-03c60d20f6ba6fb3,03c60d20f6ba6fb3,Netflix,Season3-StrangerThings,33,4,0,67,68,1,rsrp=-90|rsrq=-16|snr=6,-90,-16,6
ucc-static-03c60d20f6ba6fb3,03c60d20f6ba6fb3,Netflix,Season3-StrangerThings,34,5,1,69,70,1,rsrp=-90|rsrq=-16|snr=6,-90,-16,6
ucc-static-03c60d20f6ba6fb3,03c60d20f6ba6fb3,Netflix,Season3-StrangerThings,35,5,0,70,72,2,rsrp=-89|rsrq=-16|snr=7,-89,-16,7
ucc-static-03c60d20f6ba6fb3,03c60d20f6ba6fb3,Netflix,Season3-StrangerThings,36,5,0,72,74,2,rsrp=-89|rsrq=-11|snr=1,-89,-11,1
ucc-static-03c60d20f6ba6fb3,03c60d20f6ba6fb3,Netflix,Season3-StrangerThings,37,5,0,74,76,2,rsrp=-88|rsrq=-12|snr=1,-88,-12,1
ucc-static-03c60d20f6ba6fb3,03c60d20f6ba6fb3,Netflix,Season3-StrangerThings,38,5,0,76,78,2,rsrp=-88|rsrq=-11|snr=4,-88,-11,4
ucc-static-03c60d20f6ba6fb3,03c60d20f6ba6fb3,Netflix,Season3-StrangerThings,39,5,0,78,80,2,rsrp=-88|rsrq=-12|snr=7,-88,-12,7
ucc-static-03c60d20f6ba6fb3,03c60d20f6ba6fb3,Netflix,Season3-StrangerThings,40,5,0,80,81,1,rsrp=-89|rsrq=-11|snr=1,-89,-11,1
ucc-static-03c60d20f6ba6fb3,03c60d20f6ba6fb3,Netflix,Season3-StrangerThings,41,6,1,82,83,1,rsrp=-89|rsrq=-11|snr=1,-89,-11,1
ucc-static-03c60d20f6ba6fb3,03c60d20f6ba6fb3,Netflix,Season3-StrangerThings,42,6,0,83,85,2,rsrp=-89|rsrq=-11|snr=3,-89,-11,3
ucc-static-03c60d20f6ba6fb3,03c60d20f6ba6fb3,Netflix,Season3-StrangerThings,43,6,0,85,87,2,rsrp=-89|rsrq=-12|snr=-7,-89,-12,-7
ucc-static-03c60d20f6ba6fb3,03c60d20f6ba6fb3,Netflix,Season3-StrangerThings,44,6,0,87,89,2,rsrp=-89|rsrq=-15|snr=3,-89,-15,3
ucc-static-03c60d20f6ba6fb3,03c60d20f6ba6fb3,Netflix,Season3-StrangerThings,45,6,0,89,91,2,rsrp=-90|rsrq=-15|snr=-1,-90,-15,-1
ucc-static-03c60d20f6ba6fb3,03c60d20f6ba6fb3,Netflix,Season3-StrangerThings,46,6,0,91,93,2,rsrp=-89|rsrq=-16|snr=5,-89,-16,5
ucc-static-03c60d20f6ba6fb3,03c60d20f6ba6fb3,Netflix,Season3-StrangerThings,47,6,0,93,95,2,rsrp=-89|rsrq=-12|snr=6,-89,-12,6
ucc-static-03c60d20f6ba6fb3,03c60d20f6ba6fb3,Netflix,Season3-StrangerThings,48,7,1,96,98,2,rsrp=-90|rsrq=-13|snr=5,-90,-13,5
ucc-static-03c60d20f6ba6fb3,03c60d20f6ba6fb3,Netflix,Season3-StrangerThings,49,7,0,98,100,2,rsrp=-90|rsrq=-12|snr=4,-90,-12,4
ucc-static-03c60d20f6ba6fb3,03c60d20f6ba6fb3,Netflix,Season3-StrangerThings,50,7,0,100,102,2,rsrp=-90|rsrq=-12|snr=-1,-90,-12,-1
ucc-static-03c60d20f6ba6fb3,03c60d20f6ba6fb3,Netflix,Season3-StrangerThings,51,7,0,102,104,2,rsrp=-90|rsrq=-13|snr=-3,-90,-13,-3
ucc-static-03c60d20f6ba6fb3,03c60d20f6ba6fb3,Netflix,Season3-StrangerThings,52,7,0,104,106,2,rsrp=-90|rsrq=-13|snr=-4,-90,-13,-4
ucc-static-03c60d20f6ba6fb3,03c60d20f6ba6fb3,Netflix,Season3-StrangerThings,53,7,0,106,108,2,rsrp=-89|rsrq=-14|snr=2,-89,-14,2
ucc-static-03c60d20f6ba6fb3,03c60d20f6ba6fb3,Netflix,Season3-StrangerThings,54,8,1,109,111,2,rsrp=-90|rsrq=-12|snr=0,-90,-12,0
ucc-static-03c60d20f6ba6fb3,03c60d20f6ba6fb3,Netflix,Season3-StrangerThings,55,8,0,111,113,2,rsrp=-90|rsrq=-15|snr=-2,-90,-15,-2
ucc-static-03c60d20f6ba6fb3,03c60d20f6ba6fb3,Netflix,Season3-StrangerThings,56,8,0,113,115,2,rsrp=-89|rsrq=-11|snr=7,-89,-11,7
ucc-static-03c60d20f6ba6fb3,03c60d20f6ba6fb3,Netflix,Season3-StrangerThings,57,8,0,115,117,2,rsrp=-90|rsrq=-11|snr=6,-90,-11,6
ucc-static-03c60d20f6ba6fb3,03c60d20f6ba6fb3,Netflix,Season3-StrangerThings,58,8,0,117,119,2,rsrp=-89|rsrq=-12|snr=5,-89,-12,5
ucc-static-03c60d20f6ba6fb3,03c60d20f6ba6fb3,Netflix,Season3-StrangerThings,59,8,0,119,121,2,rsrp=-89|rsrq=-13|snr=8,-89,-13,8
ucc-static-03c60d20f6ba6fb3,03c60d20f6ba6fb3,Netflix,Season3-StrangerThings,60,9,1,122,124,2,rsrp=-88|rsrq=-16|snr=-4,-88,-16,-4
ucc-static-03c60d20f6ba6fb3,03c60d20f6ba6fb3,Netflix,Season3-StrangerThings,61,9,0,124,126,2,rsrp=-90|rsrq=-16|snr=-4,-90,-16,-4
ucc-static-03c60d20f6ba6fb3,03c60d20f6ba6fb3,Netflix,Season3-StrangerThings,62,9,0,126,128,2,rsrp=-89|rsrq=-11|snr=0,-89,-11,0
ucc-static-03c60d20f6ba6fb3,03c60d20f6ba6fb3,Netflix,Season3-StrangerThings,63,9,0,128,130,2,rsrp=-91|rsrq=-12|snr=0,-91,-12,0
ucc-static-03c60d20f6ba6fb3,03c60d20f6ba6fb3,Netflix,Season3-StrangerThings,64,9,0,130,132,2,rsrp=-90|rsrq=-13|snr=4,-90,-13,4
ucc-static-03c60d20f6ba6fb3,03c60d20f6ba6fb3,Netflix,Season3-StrangerThings,65,9,0,132,134,2,rsrp=-88|rsrq=-17|snr=0,-88,-17,0
ucc-static-03c60d20f6ba6fb3,03c60d20f6ba6fb3,Netflix,Season3-StrangerThings,66,9,0,134,136,2,rsrp=-89|rsrq=-13|snr=0,-89,-13,0
ucc-static-03c60d20f6ba6fb3,03c60d20f6ba6fb3,Netflix,Season3-StrangerThings,67,10,1,137,139,2,rsrp=-87|rsrq=-13|snr=-4,-87,-13,-4
ucc-static-03c60d20f6ba6fb3,03c60d20f6ba6fb3,Netflix,Season3-StrangerThings,68,10,0,139,141,2,rsrp=-88|rsrq=-15|snr=8,-88,-15,8
ucc-static-03c60d20f6ba6fb3,03c60d20f6ba6fb3,Netflix,Season3-StrangerThings,69,10,0,141,143,2,rsrp=-88|rsrq=-14|snr=2,-88,-14,2
ucc-static-03c60d20f6ba6fb3,03c60d20f6ba6fb3,Netflix,Season3-StrangerThings,70,10,0,143,145,2,rsrp=-88|rsrq=-15|snr=-1,-88,-15,-1
ucc-static-03c60d20f6ba6fb3,03c60d20f6ba6fb3,Netflix,Season3-StrangerThings,71,10,0,145,147,2,rsrp=-87|rsrq=-17|snr=-6,-87,-17,-6
ucc-static-03c60d20f6ba6fb3,03c60d20f6ba6fb3,Netflix,Season3-StrangerThings,72,10,0,147,149,2,rsrp=-88|rsrq=-11|snr=4,-88,-11,4
ucc-static-03c60d20f6ba6fb3,03c60d20f6ba6fb3,Netflix,Season3-StrangerThings,73,10,0,149,151,2,rsrp=-87|rsrq=-14|snr=5,-87,-14,5
ucc-static-03c60d20f6ba6fb3,03c60d20f6ba6fb3,Netflix,Season3-StrangerThings,74,11,1,152,154,2,rsrp=-87|rsrq=-11|snr=2,-87,-11,2
ucc-static-03c60d20f6ba6fb3,03c60d20f6ba6fb3,Netflix,Season3-StrangerThings,75,11,0,154,156,2,rsrp=-87|rsrq=-11|snr=4,-87,-11,4
ucc-static-03c60d20f6ba6fb3,03c60d20f6ba6fb3,Netflix,Season3-StrangerThings,76,11,0,156,158,2,rsrp=-88|rsrq=-11|snr=-5,-88,-11,-5
ucc-static-03c60d20f6ba6fb3,03c60d20f6ba6fb3,Netflix,Season3-StrangerThings,77,11,0,158,160,2,rsrp=-90|rsrq=-13|snr=1,-90,-13,1
ucc-static-03c60d20f6ba6fb3,03c60d20f6ba6fb3,Netflix,Season3-StrangerThings,78,11,0,160,162,2,rsrp=-88|rsrq=-16|snr=-5,-88,-16,-5
ucc-static-03c60d20f6ba6fb3,03c60d20f6ba6fb3,Netflix,Season3-StrangerThings,79,11,0,162,164,2,rsrp=-89|rsrq=-16|snr=-7,-89,-16,-7
ucc-static-03c60d20f6ba6fb3,03c60d20f6ba6fb3,Netflix,Season3-StrangerThings,80,11,0,164,166,2,rsrp=-90|rsrq=-14|snr=-8,-90,-14,-8
ucc-static-03c60d20f6ba6fb3,03c60d20f6ba6fb3,Netflix,Season3-StrangerThings,81,11,0,166,167,1,rsrp=-89|rsrq=-12|snr=-7,-89,-12,-7
ucc-static-03c60d20f6ba6fb3,03c60d20f6ba6fb3,Netflix,Season3-StrangerThings,82,12,1,168,169,1,rsrp=-89|rsrq=-12|snr=-7,-89,-12,-7
ucc-static-03c60d20f6ba6fb3,03c60d20f6ba6fb3,Netflix,Season3-StrangerThings,83,12,0,169,171,2,rsrp=-89|rsrq=-11|snr=-7,-89,-11,-7
ucc-static-03c60d20f6ba6fb3,03c60d20f6ba6fb3,Netflix,Season3-StrangerThings,84,12,0,171,173,2,rsrp=-88|rsrq=-15|snr=4,-88,-15,4
ucc-static-03c60d20f6ba6fb3,03c60d20f6ba6fb3,Netflix,Season3-StrangerThings,85,12,0,173,175,2,rsrp=-89|rsrq=-15|snr=0,-89,-15,0
ucc-static-03c60d20f6ba6fb3,03c60d20f6ba6fb3,Netflix,Season3-StrangerThings,86,12,0,175,177,2,rsrp=-89|rsrq=-14|snr=-6,-89,-14,-6
ucc-static-03c60d20f6ba6fb3,03c60d20f6ba6fb3,Netflix,Season3-StrangerThings,87,12,0,177,179,2,rsrp=-87|rsrq=-16|snr=-8,-87,-16,-8
ucc-static-03c60d20f6ba6fb3,03c60d20f6ba6fb3,Netflix,Season3-StrangerThings,88,12,0,179,180,1,rsrp=-86|rsrq=-16|snr=2,-86,-16,2
ucc-static-1ba730f3759c6951,1ba730f3759c6951,Download,,0,0,0,0,2,2,rsrp=-99|rsrq=-15|snr=5,-99,-15,5
ucc-static-1ba730f3759c6951,1ba730f3759c6951,Download,,1,0,0,2,4,2,rsrp=-98|rsrq=-12|snr=5,-98,-12,5
ucc-static-1ba730f3759c6951,1ba730f3759c6951,Download,,2,0,0,4,6,2,rsrp=-97|rsrq=-9|snr=1,-97,-9,1
ucc-static-1ba730f3759c6951,1ba730f3759c6951,Download,,3,0,0,6,8,2,rsrp=-99|rsrq=-11|snr=6,-99,-11,6
ucc-static-1ba730f3759c6951,1ba730f3759c6951,Download,,4,1,1,9,11,2,rsrp=-98|rsrq=-11|snr=4,-98,-11,4
ucc-static-1ba730f3759c6951,1ba730f3759c6951,Download,,5,1,0,11,13,2,rsrp=-97|rsrq=-14|snr=6,-97,-14,6
ucc-static-1ba730f3759c6951,1ba730f3759c6951,Download,,6,1,0,13,15,2,rsrp=-97|rsrq=-12|snr=11,-97,-12,11
ucc-static-1ba730f3759c6951,1ba730f3759c6951,Download,,7,1,0,15,16,1,rsrp=-97|rsrq=-9|snr=4,-97,-9,4
ucc-static-1ba730f3759c6951,1ba730f3759c6951,Download,,8,2,1,17,18,1,rsrp=-97|rsrq=-9|snr=4,-97,-9,4
ucc-static-1ba730f3759c6951,1ba730f3759c6951,Download,,9,3,1,19,20,1,rsrp=-97|rsrq=-12|snr=11,-97,-12,11
ucc-static-1ba730f3759c6951,1ba730f3759c6951,Download,,10,3,0,20,22,2,rsrp=-97|rsrq=-13|snr=8,-97,-13,8
ucc-static-1ba730f3759c6951,1ba730f3759c6951,Download,,11,3,0,22,24,2,rsrp=-97|rsrq=-11|snr=11,-97,-11,11
ucc-static-1ba730f3759c6951,1ba730f3759c6951,Download,,12,4,1,25,27,2,rsrp=-98|rsrq=-10|snr=4,-98,-10,4
ucc-static-1ba730f3759c6951,1ba730f3759c6951,Download,,13,4,0,27,29,2,rsrp=-98|rsrq=-12|snr=5,-98,-12,5
ucc-static-1ba730f3759c6951,1ba730f3759c6951,Download,,14,4,0,29,31,2,rsrp=-99|rsrq=-12|snr=5,-99,-12,5
ucc-static-1ba730f3759c6951,1ba730f3759c6951,Download,,15,5,2,33,34,1,rsrp=-98|rsrq=-11|snr=5,-98,-11,5
ucc-static-1ba730f3759c6951,1ba730f3759c6951,Download,,16,5,0,34,36,2,rsrp=-98|rsrq=-13|snr=2,-98,-13,2
ucc-static-1ba730f3759c6951,1ba730f3759c6951,Download,,17,5,0,36,38,2,rsrp=-99|rsrq=-11|snr=5,-99,-11,5
ucc-static-1ba730f3759c6951,1ba730f3759c6951,Download,,18,5,0,38,40,2,rsrp=-102|rsrq=-11|snr=4,-102,-11,4
ucc-static-1ba730f3759c6951,1ba730f3759c6951,Download,,19,6,1,41,43,2,rsrp=-98|rsrq=-12|snr=9,-98,-12,9
ucc-static-1ba730f3759c6951,1ba730f3759c6951,Download,,20,6,0,43,45,2,rsrp=-97|rsrq=-10|snr=5,-97,-10,5
ucc-static-1ba730f3759c6951,1ba730f3759c6951,Download,,21,6,0,45,47,2,rsrp=-97|rsrq=-9|snr=9,-97,-9,9
ucc-static-1ba730f3759c6951,1ba730f3759c6951,Download,,22,7,1,48,50,2,rsrp=-96|rsrq=-9|snr=7,-96,-9,7
ucc-static-1ba730f3759c6951,1ba730f3759c6951,Download,,23,7,0,50,52,2,rsrp=-98|rsrq=-13|snr=3,-98,-13,3
ucc-static-1ba730f3759c6951,1ba730f3759c6951,Download,,24,7,0,52,54,2,rsrp=-97|rsrq=-16|snr=4,-97,-16,4
ucc-static-1ba730f3759c6951,1ba730f3759c6951,Download,,25,7,0,54,55,1,rsrp=-97|rsrq=-11|snr=6,-97,-11,6
ucc-static-1ba730f3759c6951,1ba730f3759c6951,Download,,26,8,1,56,57,1,rsrp=-97|rsrq=-11|snr=6,-97,-11,6
ucc-static-1ba730f3759c6951,1ba730f3759c6951,Download,,27,8,0,57,59,2,rsrp=-96|rsrq=-10|snr=2,-96,-10,2
ucc-static-1ba730f3759c6951,1ba730f3759c6951,Download,,28,8,0,59,61,2,rsrp=-95|rsrq=-11|snr=2,-95,-11,2
ucc-static-1ba730f3759c6951,1ba730f3759c6951,Download,,29,9,1,62,64,2,rsrp=-97|rsrq=-12|snr=7,-97,-12,7
ucc-static-1ba730f3759c6951,1ba730f3759c6951,Download,,30,9,0,64,66,2,rsrp=-96|rsrq=-11|snr=7,-96,-11,7
ucc-static-1ba730f3759c6951,1ba730f3759c6951,Download,,31,9,0,66,68,2,rsrp=-97|rsrq=-13|snr=4,-97,-13,4
ucc-static-1ba730f3759c6951,1ba730f3759c6951,Download,,32,10,1,69,71,2,rsrp=-98|rsrq=-16|snr=3,-98,-16,3
ucc-static-1ba730f3759c6951,1ba730f3759c6951,Download,,33,10,0,71,73,2,rsrp=-96|rsrq=-17|snr=4,-96,-17,4
ucc-static-1ba730f3759c6951,1ba730f3759c6951,Download,,34,10,0,73,75,2,rsrp=-97|rsrq=-17|snr=3,-97,-17,3
ucc-static-1ba730f3759c6951,1ba730f3759c6951,Download,,35,11,1,76,78,2,rsrp=-96|rsrq=-13|snr=4,-96,-13,4
ucc-static-1ba730f3759c6951,1ba730f3759c6951,Download,,36,11,0,78,80,2,rsrp=-96|rsrq=-16|snr=0,-96,-16,0
ucc-static-1ba730f3759c6951,1ba730f3759c6951,Download,,37,11,0,80,82,2,rsrp=-98|rsrq=-17|snr=2,-98,-17,2
ucc-static-1ba730f3759c6951,1ba730f3759c6951,Download,,38,12,1,83,85,2,rsrp=-97|rsrq=-16|snr=5,-97,-16,5
ucc-static-1ba730f3759c6951,1ba730f3759c6951,Download,,39,12,0,85,87,2,rsrp=-96|rsrq=-15|snr=4,-96,-15,4
ucc-static-1ba730f3759c6951,1ba730f3759c6951,Download,,40,12,0,87,90,3,rsrp=-97|rsrq=-16|snr=4,-97,-16,4
ucc-static-1ba730f3759c6951,1ba730f3759c6951,Download,,41,12,0,90,92,2,rsrp=-98|rsrq=-14|snr=3,-98,-14,3
ucc-static-1ba730f3759c6951,1ba730f3759c6951,Download,,42,12,0,92,94,2,rsrp=-96|rsrq=-15|snr=6,-96,-15,6
ucc-static-1ba730f3759c6951,1ba730f3759c6951,Download,,43,12,0,94,96,2,rsrp=-97|rsrq=-14|snr=6,-97,-14,6
ucc-static-1ba730f3759c6951,1ba730f3759c6951,Download,,44,13,1,97,99,2,rsrp=-97|rsrq=-14|snr=8,-97,-14,8
ucc-static-1ba730f3759c6951,1ba730f3759c6951,Download,,45,13,0,99,101,2,rsrp=-97|rsrq=-16|snr=7,-97,-16,7
ucc-static-1ba730f3759c6951,1ba730f3759c6951,Download,,46,13,0,101,104,3,rsrp=-97|rsrq=-16|snr=6,-97,-16,6
ucc-static-1ba730f3759c6951,1ba730f3759c6951,Download,,47,13,0,104,106,2,rsrp=-96|rsrq=-16|snr=5,-96,-16,5
ucc-static-1ba730f3759c6951,1ba730f3759c6951,Download,,48,13,0,106,108,2,rsrp=-96|rsrq=-16|snr=7,-96,-16,7
ucc-static-1ba730f3759c6951,1ba730f3759c6951,Download,,49,13,0,108,110,2,rsrp=-97|rsrq=-16|snr=7,-97,-16,7
ucc-static-1ba730f3759c6951,1ba730f3759c6951,Download,,50,14,1,111,113,2,rsrp=-97|rsrq=-15|snr=6,-97,-15,6
ucc-static-1ba730f3759c6951,1ba730f3759c6951,Download,,51,14,0,113,115,2,rsrp=-98|rsrq=-14|snr=7,-98,-14,7
ucc-static-1ba730f3759c6951,1ba730f3759c6951,Download,,52,15,1,116,118,2,rsrp=-97|rsrq=-16|snr=5,-97,-16,5
ucc-static-1ba730f3759c6951,1ba730f3759c6951,Download,,53,15,0,118,120,2,rsrp=-96|rsrq=-14|snr=12,-96,-14,12
ucc-static-1ba730f3759c6951,1ba730f3759c6951,Download,,54,15,0,120,122,2,rsrp=-96|rsrq=-16|snr=8,-96,-16,8
ucc-static-1ba730f3759c6951,1ba730f3759c6951,Download,,55,15,0,122,123,1,rsrp=-96|rsrq=-16|snr=7,-96,-16,7
ucc-static-1ba730f3759c6951,1ba730f3759c6951,Download,,56,16,1,124,125,1,rsrp=-96|rsrq=-16|snr=7,-96,-16,7
ucc-static-1ba730f3759c6951,1ba730f3759c6951,Download,,57,16,0,125,129,4,rsrp=-97|rsrq=-16|snr=7,-97,-16,7
ucc-static-1ba730f3759c6951,1ba730f3759c6951,Download,,58,16,0,129,130,1,rsrp=-98|rsrq=-17|snr=5,-98,-17,5
ucc-static-1ba730f3759c6951,1ba730f3759c6951,Download,,59,17,1,131,132,1,rsrp=-98|rsrq=-17|snr=5,-98,-17,5
ucc-static-1ba730f3759c6951,1ba730f3759c6951,Download,,60,17,0,132,134,2,rsrp=-96|rsrq=-15|snr=8,-96,-15,8
ucc-static-1ba730f3759c6951,1ba730f3759c6951,Download,,61,17,0,134,136,2,rsrp=-98|rsrq=-15|snr=8,-98,-15,8
ucc-static-1ba730f3759c6951,1ba730f3759c6951,Download,,62,17,0,136,137,1,rsrp=-97|rsrq=-15|snr=7,-97,-15,7
ucc-static-1ba730f3759c6951,1ba730f3759c6951,Download,,63,18,1,138,139,1,rsrp=-97|rsrq=-15|snr=7,-97,-15,7
ucc-static-1ba730f3759c6951,1ba730f3759c6951,Download,,64,18,0,139,141,2,rsrp=-96|rsrq=-17|snr=8,-96,-17,8
ucc-static-1ba730f3759c6951,1ba730f3759c6951,Download,,65,18,0,141,143,2,rsrp=-97|rsrq=-16|snr=7,-97,-16,7
ucc-static-1ba730f3759c6951,1ba730f3759c6951,Download,,66,18,0,143,146,3,rsrp=-98|rsrq=-15|snr=6,-98,-15,6
ucc-static-1ba730f3759c6951,1ba730f3759c6951,Download,,67,18,0,146,148,2,rsrp=-97|rsrq=-11|snr=3,-97,-11,3
ucc-static-1ba730f3759c6951,1ba730f3759c6951,Download,,68,18,0,148,150,2,rsrp=-97|rsrq=-16|snr=7,-97,-16,7
ucc-static-1ba730f3759c6951,1ba730f3759c6951,Download,,69,18,0,150,151,1,rsrp=-97|rsrq=-17|snr=5,-97,-17,5
ucc-static-1ba730f3759c6951,1ba730f3759c6951,Download,,70,19,1,152,153,1,rsrp=-97|rsrq=-17|snr=5,-97,-17,5
ucc-static-1ba730f3759c6951,1ba730f3759c6951,Download,,71,19,0,153,155,2,rsrp=-98|rsrq=-16|snr=2,-98,-16,2
ucc-static-1ba730f3759c6951,1ba730f3759c6951,Download,,72,19,0,155,157,2,rsrp=-99|rsrq=-17|snr=3,-99,-17,3
ucc-static-1ba730f3759c6951,1ba730f3759c6951,Download,,73,19,0,157,160,3,rsrp=-98|rsrq=-17|snr=3,-98,-17,3
ucc-static-1ba730f3759c6951,1ba730f3759c6951,Download,,74,19,0,160,162,2,rsrp=-99|rsrq=-15|snr=3,-99,-15,3
ucc-static-1ba730f3759c6951,1ba730f3759c6951,Download,,75,19,0,162,164,2,rsrp=-99|rsrq=-17|snr=1,-99,-17,1
ucc-static-1ba730f3759c6951,1ba730f3759c6951,Download,,76,19,0,164,165,1,rsrp=-99|rsrq=-17|snr=2,-99,-17,2
ucc-static-1ba730f3759c6951,1ba730f3759c6951,Download,,77,20,1,166,167,1,rsrp=-99|rsrq=-17|snr=2,-99,-17,2
ucc-static-1ba730f3759c6951,1ba730f3759c6951,Download,,78,20,0,167,169,2,rsrp=-99|rsrq=-16|snr=1,-99,-16,1
ucc-static-1ba730f3759c6951,1ba730f3759c6951,Download,,79,20,0,169,171,2,rsrp=-98|rsrq=-15|snr=3,-98,-15,3
ucc-static-1ba730f3759c6951,1ba730f3759c6951,Download,,80,20,0,171,174,3,rsrp=-98|rsrq=-17|snr=4,-98,-17,4
ucc-static-1ba730f3759c6951,1ba730f3759c6951,Download,,81,20,0,174,176,2,rsrp=-98|rsrq=-12|snr=12,-98,-12,12
ucc-static-1ba730f3759c6951,1ba730f3759c6951,Download,,82,20,0,176,178,2,rsrp=-99|rsrq=-12|snr=12,-99,-12,12
ucc-static-1ba730f3759c6951,1ba730f3759c6951,Download,,83,20,0,178,180,2,rsrp=-99|rsrq=-15|snr=3,-99,-15,3
ucc-static-2dc8c02567a09355,2dc8c02567a09355,Netflix,animated-RickandMorty,0,0,0,0,2,2,rsrp=-93|rsrq=-13|snr=-9,-93,-13,-9
ucc-static-2dc8c02567a09355,2dc8c02567a09355,Netflix,animated-RickandMorty,1,0,0,2,4,2,rsrp=-93|rsrq=-14|snr=-9,-93,-14,-9
ucc-static-2dc8c02567a09355,2dc8c02567a09355,Netflix,animated-RickandMorty,2,0,0,4,6,2,rsrp=-91|rsrq=-11|snr=5,-91,-11,5
ucc-static-2dc8c02567a09355,2dc8c02567a09355,Netflix,animated-RickandMorty,3,0,0,6,8,2,rsrp=-94|rsrq=-12|snr=-2,-94,-12,-2
ucc-static-2dc8c02567a09355,2dc8c02567a09355,Netflix,animated-RickandMorty,4,0,0,8,10,2,rsrp=-94|rsrq=-11|snr=-1,-94,-11,-1
ucc-static-2dc8c02567a09355,2dc8c02567a09355,Netflix,animated-RickandMorty,5,0,0,10,12,2,rsrp=-93|rsrq=-15|snr=-8,-93,-15,-8
ucc-static-2dc8c02567a09355,2dc8c02567a09355,Netflix,animated-RickandMorty,6,0,0,12,14,2,rsrp=-93|rsrq=-13|snr=-1,-93,-13,-1
ucc-static-2dc8c02567a09355,2dc8c02567a09355,Netflix,animated-RickandMorty,7,1,1,15,17,2,rsrp=-92|rsrq=-12|snr=0,-92,-12,0
ucc-static-2dc8c02567a09355,2dc8c02567a09355,Netflix,animated-RickandMorty,8,1,0,17,19,2,rsrp=-90|rsrq=-15|snr=-3,-90,-15,-3
ucc-static-2dc8c02567a09355,2dc8c02567a09355,Netflix,animated-RickandMorty,9,1,0,19,21,2,rsrp=-93|rsrq=-17|snr=3,-93,-17,3
ucc-static-2dc8c02567a09355,2dc8c02567a09355,Netflix,animated-RickandMorty,10,1,0,21,23,2,rsrp=-94|rsrq=-19|snr=-10,-94,-19,-10
ucc-static-2dc8c02567a09355,2dc8c02567a09355,Netflix,animated-RickandMorty,11,1,0,23,25,2,rsrp=-95|rsrq=-14|snr=-3,-95,-14,-3
ucc-static-2dc8c02567a09355,2dc8c02567a09355,Netflix,animated-RickandMorty,12,1,0,25,27,2,rsrp=-94|rsrq=-12|snr=1,-94,-12,1
ucc-static-2dc8c02567a09355,2dc8c02567a09355,Netflix,animated-RickandMorty,13,1,0,27,28,1,rsrp=-93|rsrq=-12|snr=1,-93,-12,1
ucc-static-2dc8c02567a09355,2dc8c02567a09355,Netflix,animated-RickandMorty,14,2,1,29,30,1,rsrp=-93|rsrq=-12|snr=1,-93,-12,1
ucc-static-2dc8c02567a09355,2dc8c02567a09355,Netflix,animated-RickandMorty,15,2,0,30,32,2,rsrp=-92|rsrq=-14|snr=3,-92,-14,3
ucc-static-2dc8c02567a09355,2dc8c02567a09355,Netflix,animated-RickandMorty,16,2,0,32,34,2,rsrp=-93|rsrq=-15|snr=-9,-93,-15,-9
ucc-static-2dc8c02567a09355,2dc8c02567a09355,Netflix,animated-RickandMorty,17,2,0,34,36,2,rsrp=-92|rsrq=-13|snr=-5,-92,-13,-5
ucc-static-2dc8c02567a09355,2dc8c02567a09355,Netflix,animated-RickandMorty,18,2,0,36,38,2,rsrp=-92|rsrq=-18|snr=4,-92,-18,4
ucc-static-2dc8c02567a09355,2dc8c02567a09355,Netflix,animated-RickandMorty,19,2,0,38,40,2,rsrp=-94|rsrq=-16|snr=-8,-94,-16,-8
ucc-static-2dc8c02567a09355,2dc8c02567a09355,Netflix,animated-RickandMorty,20,2,0,40,42,2,rsrp=-95|rsrq=-16|snr=-3,-95,-16,-3
ucc-static-2dc8c02567a09355,2dc8c02567a09355,Netflix,animated-RickandMorty,21,3,1,43,45,2,rsrp=-93|rsrq=-14|snr=-9,-93,-14,-9
ucc-static-2dc8c02567a09355,2dc8c02567a09355,Netflix,animated-RickandMorty,22,3,0,45,47,2,rsrp=-94|rsrq=-13|snr=2,-94,-13,2
ucc-static-2dc8c02567a09355,2dc8c02567a09355,Netflix,animated-RickandMorty,23,3,0,47,49,2,rsrp=-92|rsrq=-12|snr=-1,-92,-12,-1
ucc-static-2dc8c02567a09355,2dc8c02567a09355,Netflix,animated-RickandMorty,24,3,0,49,51,2,rsrp=-93|rsrq=-12|snr=-10,-93,-12,-10
ucc-static-2dc8c02567a09355,2dc8c02567a09355,Netflix,animated-RickandMorty,25,3,0,51,53,2,rsrp=-94|rsrq=-13|snr=-7,-94,-13,-7
ucc-static-2dc8c02567a09355,2dc8c02567a09355,Netflix,animated-RickandMorty,26,3,0,53,55,2,rsrp=-93|rsrq=-16|snr=1,-93,-16,1
ucc-static-2dc8c02567a09355,2dc8c02567a09355,Netflix,animated-RickandMorty,27,3,0,55,56,1,rsrp=-95|rsrq=-15|snr=-5,-95,-15,-5
ucc-static-2dc8c02567a09355,2dc8c02567a09355,Netflix,animated-RickandMorty,28,4,1,57,58,1,rsrp=-95|rsrq=-15|snr=-5,-95,-15,-5
ucc-static-2dc8c02567a09355,2dc8c02567a09355,Netflix,animated-RickandMorty,29,4,0,58,60,2,rsrp=-92|rsrq=-16|snr=-7,-92,-16,-7
ucc-static-2dc8c02567a09355,2dc8c02567a09355,Netflix,animated-RickandMorty,30,4,0,60,62,2,rsrp=-91|rsrq=-12|snr=4,-91,-12,4
ucc-static-2dc8c02567a09355,2dc8c02567a09355,Netflix,animated-RickandMorty,31,4,0,62,64,2,rsrp=-95|rsrq=-12|snr=-12,-95,-12,-12
ucc-static-2dc8c02567a09355,2dc8c02567a09355,Netflix,animated-RickandMorty,32,4,0,64,66,2,rsrp=-93|rsrq=-14|snr=-4,-93,-14,-4
ucc-static-2dc8c02567a09355,2dc8c02567a09355,Netflix,animated-RickandMorty,33,4,0,66,68,2,rsrp=-94|rsrq=-14|snr=-3,-94,-14,-3
ucc-static-2dc8c02567a09355,2dc8c02567a09355,Netflix,animated-RickandMorty,34,4,0,68,70,2,rsrp=-94|rsrq=-17|snr=0,-94,-17,0
ucc-static-2dc8c02567a09355,2dc8c02567a09355,Netflix,animated-RickandMorty,35,5,1,71,73,2,rsrp=-93|rsrq=-12|snr=-1,-93,-12,-1
ucc-static-2dc8c02567a09355,2dc8c02567a09355,Netflix,animated-RickandMorty,36,5,0,73,75,2,rsrp=-92|rsrq=-12|snr=1,-92,-12,1
ucc-static-2dc8c02567a09355,2dc8c02567a09355,Netflix,animated-RickandMorty,37,5,0,75,77,2,rsrp=-93|rsrq=-15|snr=1,-93,-15,1
ucc-static-2dc8c02567a09355,2dc8c02567a09355,Netflix,animated-RickandMorty,38,5,0,77,79,2,rsrp=-92|rsrq=-13|snr=1,-92,-13,1
ucc-static-2dc8c02567a09355,2dc8c02567a09355,Netflix,animated-RickandMorty,39,5,0,79,81,2,rsrp=-91|rsrq=-13|snr=-10,-91,-13,-10
ucc-static-2dc8c02567a09355,2dc8c02567a09355,Netflix,animated-RickandMorty,40,5,0,81,83,2,rsrp=-92|rsrq=-13|snr=2,-92,-13,2
ucc-static-2dc8c02567a09355,2dc8c02567a09355,Netflix,animated-RickandMorty,41,5,0,83,84,1,rsrp=-92|rsrq=-13|snr=3,-92,-13,3
ucc-static-2dc8c02567a09355,2dc8c02567a09355,Netflix,animated-RickandMorty,42,6,1,85,86,1,rsrp=-92|rsrq=-13|snr=3,-92,-13,3
ucc-static-2dc8c02567a09355,2dc8c02567a09355,Netflix,animated-RickandMorty,43,6,0,86,88,2,rsrp=-92|rsrq=-13|snr=-2,-92,-13,-2
ucc-static-2dc8c02567a09355,2dc8c02567a09355,Netflix,animated-RickandMorty,44,6,0,88,90,2,rsrp=-94|rsrq=-13|snr=-3,-94,-13,-3
ucc-static-2dc8c02567a09355,2dc8c02567a09355,Netflix,animated-RickandMorty,45,6,0,90,92,2,rsrp=-94|rsrq=-14|snr=-1,-94,-14,-1
ucc-static-2dc8c02567a09355,2dc8c02567a09355,Netflix,animated-RickandMorty,46,6,0,92,94,2,rsrp=-93|rsrq=-13|snr=-3,-93,-13,-3
ucc-static-2dc8c02567a09355,2dc8c02567a09355,Netflix,animated-RickandMorty,47,6,0,94,96,2,rsrp=-93|rsrq=-12|snr=-2,-93,-12,-2
ucc-static-2dc8c02567a09355,2dc8c02567a09355,Netflix,animated-RickandMorty,48,6,0,96,98,2,rsrp=-93|rsrq=-12|snr=5,-93,-12,5
ucc-static-2dc8c02567a09355,2dc8c02567a09355,Netflix,animated-RickandMorty,49,7,1,99,101,2,rsrp=-94|rsrq=-16|snr=-2,-94,-16,-2
ucc-static-2dc8c02567a09355,2dc8c02567a09355,Netflix,animated-RickandMorty,50,7,0,101,103,2,rsrp=-93|rsrq=-16|snr=-1,-93,-16,-1
ucc-static-2dc8c02567a09355,2dc8c02567a09355,Netflix,animated-RickandMorty,51,7,0,103,105,2,rsrp=-95|rsrq=-15|snr=-2,-95,-15,-2
ucc-static-2dc8c02567a09355,2dc8c02567a09355,Netflix,animated-RickandMorty,52,7,0,105,107,2,rsrp=-93|rsrq=-17|snr=-1,-93,-17,-1
ucc-static-2dc8c02567a09355,2dc8c02567a09355,Netflix,animated-RickandMorty,53,7,0,107,109,2,rsrp=-92|rsrq=-15|snr=-4,-92,-15,-4
ucc-static-2dc8c02567a09355,2dc8c02567a09355,Netflix,animated-RickandMorty,54,7,0,109,111,2,rsrp=-90|rsrq=-14|snr=-8,-90,-14,-8
ucc-static-2dc8c02567a09355,2dc8c02567a09355,Netflix,animated-RickandMorty,55,7,0,111,112,1,rsrp=-89|rsrq=-12|snr=1,-89,-12,1
ucc-static-2dc8c02567a09355,2dc8c02567a09355,Netflix,animated-RickandMorty,56,8,1,113,114,1,rsrp=-89|rsrq=-12|snr=1,-89,-12,1
ucc-static-2dc8c02567a09355,2dc8c02567a09355,Netflix,animated-RickandMorty,57,8,0,114,116,2,rsrp=-93|rsrq=-12|snr=-4,-93,-12,-4
ucc-static-2dc8c02567a09355,2dc8c02567a09355,Netflix,animated-RickandMorty,58,8,0,116,118,2,rsrp=-92|rsrq=-12|snr=3,-92,-12,3
ucc-static-2dc8c02567a09355,2dc8c02567a09355,Netflix,animated-RickandMorty,59,8,0,118,120,2,rsrp=-93|rsrq=-14|snr=0,-93,-14,0
ucc-static-2dc8c02567a09355,2dc8c02567a09355,Netflix,animated-RickandMorty,60,8,0,120,122,2,rsrp=-91|rsrq=-11|snr=4,-91,-11,4
ucc-static-2dc8c02567a09355,2dc8c02567a09355,Netflix,animated-RickandMorty,61,8,0,122,124,2,rsrp=-91|rsrq=-12|snr=2,-91,-12,2
ucc-static-2dc8c02567a09355,2dc8c02567a09355,Netflix,animated-RickandMorty,62,8,0,124,126,2,rsrp=-91|rsrq=-11|snr=0,-91,-11,0
ucc-static-2dc8c02567a09355,2dc8c02567a09355,Netflix,animated-RickandMorty,63,9,1,127,129,2,rsrp=-92|rsrq=-11|snr=4,-92,-11,4
ucc-static-2dc8c02567a09355,2dc8c02567a09355,Netflix,animated-RickandMorty,64,9,0,129,131,2,rsrp=-94|rsrq=-13|snr=1,-94,-13,1
ucc-static-2dc8c02567a09355,2dc8c02567a09355,Netflix,animated-RickandMorty,65,9,0,131,133,2,rsrp=-92|rsrq=-18|snr=-1,-92,-18,-1
ucc-static-2dc8c02567a09355,2dc8c02567a09355,Netflix,animated-RickandMorty,66,9,0,133,135,2,rsrp=-91|rsrq=-15|snr=5,-91,-15,5
ucc-static-2dc8c02567a09355,2dc8c02567a09355,Netflix,animated-RickandMorty,67,9,0,135,137,2,rsrp=-91|rsrq=-16|snr=0,-91,-16,0
ucc-static-2dc8c02567a09355,2dc8c02567a09355,Netflix,animated-RickandMorty,68,9,0,137,139,2,rsrp=-92|rsrq=-12|snr=-11,-92,-12,-11
ucc-static-2dc8c02567a09355,2dc8c02567a09355,Netflix,animated-RickandMorty,69,9,0,139,140,1,rsrp=-91|rsrq=-10|snr=-1,-91,-10,-1
ucc-static-2dc8c02567a09355,2dc8c02567a09355,Netflix,animated-RickandMorty,70,10,1,141,142,1,rsrp=-91|rsrq=-10|snr=-1,-91,-10,-1
ucc-static-2dc8c02567a09355,2dc8c02567a09355,Netflix,animated-RickandMorty,71,10,0,142,144,2,rsrp=-92|rsrq=-14|snr=-1,-92,-14,-1
ucc-static-2dc8c02567a09355,2dc8c02567a09355,Netflix,animated-RickandMorty,72,10,0,144,146,2,rsrp=-92|rsrq=-15|snr=-11,-92,-15,-11
ucc-static-2dc8c02567a09355,2dc8c02567a09355,Netflix,animated-RickandMorty,73,10,0,146,148,2,rsrp=-92|rsrq=-13|snr=2,-92,-13,2
ucc-static-2dc8c02567a09355,2dc8c02567a09355,Netflix,animated-RickandMorty,74,10,0,148,150,2,rsrp=-91|rsrq=-12|snr=6,-91,-12,6
ucc-static-2dc8c02567a09355,2dc8c02567a09355,Netflix,animated-RickandMorty,75,10,0,150,152,2,rsrp=-93|rsrq=-17|snr=-10,-93,-17,-10
ucc-static-2dc8c02567a09355,2dc8c02567a09355,Netflix,animated-RickandMorty,76,10,0,152,154,2,rsrp=-93|rsrq=-16|snr=-2,-93,-16,-2
ucc-static-2dc8c02567a09355,2dc8c02567a09355,Netflix,animated-RickandMorty,77,10,0,154,155,1,rsrp=-91|rsrq=-11|snr=-1,-91,-11,-1
ucc-static-2dc8c02567a09355,2dc8c02567a09355,Netflix,animated-RickandMorty,78,11,1,156,157,1,rsrp=-91|rsrq=-11|snr=-1,-91,-11,-1
ucc-static-2dc8c02567a09355,2dc8c02567a09355,Netflix,animated-RickandMorty,79,11,0,157,159,2,rsrp=-92|rsrq=-11|snr=2,-92,-11,2
ucc-static-2dc8c02567a09355,2dc8c02567a09355,Netflix,animated-RickandMorty,80,11,0,159,161,2,rsrp=-93|rsrq=-11|snr=2,-93,-11,2
ucc-static-2dc8c02567a09355,2dc8c02567a09355,Netflix,animated-RickandMorty,81,11,0,161,163,2,rsrp=-93|rsrq=-16|snr=-3,-93,-16,-3
ucc-static-2dc8c02567a09355,2dc8c02567a09355,Netflix,animated-RickandMorty,82,11,0,163,165,2,rsrp=-93|rsrq=-15|snr=3,-93,-15,3
ucc-static-2dc8c02567a09355,2dc8c02567a09355,Netflix,animated-RickandMorty,83,11,0,165,167,2,rsrp=-93|rsrq=-16|snr=-5,-93,-16,-5
ucc-static-2dc8c02567a09355,2dc8c02567a09355,Netflix,animated-RickandMorty,84,11,0,167,169,2,rsrp=-92|rsrq=-12|snr=-9,-92,-12,-9
ucc-static-2dc8c02567a09355,2dc8c02567a09355,Netflix,animated-RickandMorty,85,11,0,169,170,1,rsrp=-89|rsrq=-11|snr=6,-89,-11,6
ucc-static-2dc8c02567a09355,2dc8c02567a09355,Netflix,animated-RickandMorty,86,12,1,171,172,1,rsrp=-89|rsrq=-11|snr=6,-89,-11,6
ucc-static-2dc8c02567a09355,2dc8c02567a09355,Netflix,animated-RickandMorty,87,12,0,172,174,2,rsrp=-91|rsrq=-14|snr=-1,-91,-14,-1
ucc-static-2dc8c02567a09355,2dc8c02567a09355,Netflix,animated-RickandMorty,88,12,0,174,176,2,rsrp=-92|rsrq=-15|snr=2,-92,-15,2
ucc-static-2dc8c02567a09355,2dc8c02567a09355,Netflix,animated-RickandMorty,89,12,0,176,178,2,rsrp=-91|rsrq=-14|snr=-1,-91,-14,-1
ucc-static-2dc8c02567a09355,2dc8c02567a09355,Netflix,animated-RickandMorty,90,12,0,178,180,2,rsrp=-93|rsrq=-16|snr=-3,-93,-16,-3
ucc-static-36136c5b56bfc346,36136c5b56bfc346,Netflix,Season3-StrangerThings,0,0,0,0,2,2,rsrp=-100|rsrq=-10|snr=2,-100,-10,2
ucc-static-36136c5b56bfc346,36136c5b56bfc346,Netflix,Season3-StrangerThings,1,0,0,2,4,2,rsrp=-100|rsrq=-12|snr=-2,-100,-12,-2
ucc-static-36136c5b56bfc346,36136c5b56bfc346,Netflix,Season3-StrangerThings,2,0,0,4,6,2,rsrp=-101|rsrq=-13|snr=1,-101,-13,1
ucc-static-36136c5b56bfc346,36136c5b56bfc346,Netflix,Season3-StrangerThings,3,0,0,6,8,2,rsrp=-101|rsrq=-14|snr=1,-101,-14,1
ucc-static-36136c5b56bfc346,36136c5b56bfc346,Netflix,Season3-StrangerThings,4,0,0,8,10,2,rsrp=-101|rsrq=-15|snr=-3,-101,-15,-3
ucc-static-36136c5b56bfc346,36136c5b56bfc346,Netflix,Season3-StrangerThings,5,0,0,10,12,2,rsrp=-101|rsrq=-16|snr=-1,-101,-16,-1
ucc-static-36136c5b56bfc346,36136c5b56bfc346,Netflix,Season3-StrangerThings,6,1,1,13,15,2,rsrp=-102|rsrq=-18|snr=-4,-102,-18,-4
ucc-static-36136c5b56bfc346,36136c5b56bfc346,Netflix,Season3-StrangerThings,7,1,0,15,17,2,rsrp=-101|rsrq=-16|snr=6,-101,-16,6
ucc-static-36136c5b56bfc346,36136c5b56bfc346,Netflix,Season3-StrangerThings,8,1,0,17,19,2,rsrp=-101|rsrq=-17|snr=2,-101,-17,2
ucc-static-36136c5b56bfc346,36136c5b56bfc346,Netflix,Season3-StrangerThings,9,1,0,19,21,2,rsrp=-101|rsrq=-17|snr=10,-101,-17,10
ucc-static-36136c5b56bfc346,36136c5b56bfc346,Netflix,Season3-StrangerThings,10,1,0,21,23,2,rsrp=-100|rsrq=-18|snr=9,-100,-18,9
ucc-static-36136c5b56bfc346,36136c5b56bfc346,Netflix,Season3-StrangerThings,11,1,0,23,25,2,rsrp=-100|rsrq=-15|snr=12,-100,-15,12
ucc-static-36136c5b56bfc346,36136c5b56bfc346,Netflix,Season3-StrangerThings,12,2,1,26,28,2,rsrp=-101|rsrq=-12|snr=8,-101,-12,8
ucc-static-36136c5b56bfc346,36136c5b56bfc346,Netflix,Season3-StrangerThings,13,2,0,28,30,2,rsrp=-101|rsrq=-12|snr=-2,-101,-12,-2
ucc-static-36136c5b56bfc346,36136c5b56bfc346,Netflix,Season3-StrangerThings,14,2,0,30,32,2,rsrp=-101|rsrq=-15|snr=-2,-101,-15,-2
ucc-static-36136c5b56bfc346,36136c5b56bfc346,Netflix,Season3-StrangerThings,15,2,0,32,34,2,rsrp=-101|rsrq=-12|snr=-1,-101,-12,-1
ucc-static-36136c5b56bfc346,36136c5b56bfc346,Netflix,Season3-StrangerThings,16,2,0,34,36,2,rsrp=-101|rsrq=-13|snr=6,-101,-13,6
ucc-static-36136c5b56bfc346,36136c5b56bfc346,Netflix,Season3-StrangerThings,17,2,0,36,38,2,rsrp=-101|rsrq=-11|snr=7,-101,-11,7
ucc-static-36136c5b56bfc346,36136c5b56bfc346,Netflix,Season3-StrangerThings,18,3,1,39,41,2,rsrp=-98|rsrq=-15|snr=11,-98,-15,11
ucc-static-36136c5b56bfc346,36136c5b56bfc346,Netflix,Season3-StrangerThings,19,3,0,41,43,2,rsrp=-99|rsrq=-10|snr=8,-99,-10,8
ucc-static-36136c5b56bfc346,36136c5b56bfc346,Netflix,Season3-StrangerThings,20,3,0,43,45,2,rsrp=-100|rsrq=-10|snr=11,-100,-10,11
ucc-static-36136c5b56bfc346,36136c5b56bfc346,Netflix,Season3-StrangerThings,21,3,0,45,47,2,rsrp=-100|rsrq=-15|snr=0,-100,-15,0
ucc-static-36136c5b56bfc346,36136c5b56bfc346,Netflix,Season3-StrangerThings,22,3,0,47,49,2,rsrp=-102|rsrq=-10|snr=-3,-102,-10,-3
ucc-static-36136c5b56bfc346,36136c5b56bfc346,Netflix,Season3-StrangerThings,23,3,0,49,51,2,rsrp=-102|rsrq=-15|snr=4,-102,-15,4
ucc-static-36136c5b56bfc346,36136c5b56bfc346,Netflix,Season3-StrangerThings,24,4,1,52,54,2,rsrp=-102|rsrq=-10|snr=6,-102,-10,6
ucc-static-36136c5b56bfc346,36136c5b56bfc346,Netflix,Season3-StrangerThings,25,4,0,54,56,2,rsrp=-103|rsrq=-13|snr=-1,-103,-13,-1
ucc-static-36136c5b56bfc346,36136c5b56bfc346,Netflix,Season3-StrangerThings,26,4,0,56,58,2,rsrp=-102|rsrq=-11|snr=8,-102,-11,8
ucc-static-36136c5b56bfc346,36136c5b56bfc346,Netflix,Season3-StrangerThings,27,4,0,58,60,2,rsrp=-103|rsrq=-16|snr=-1,-103,-16,-1
ucc-static-36136c5b56bfc346,36136c5b56bfc346,Netflix,Season3-StrangerThings,28,4,0,60,62,2,rsrp=-103|rsrq=-13|snr=-4,-103,-13,-4
ucc-static-36136c5b56bfc346,36136c5b56bfc346,Netflix,Season3-StrangerThings,29,4,0,62,63,1,rsrp=-102|rsrq=-14|snr=0,-102,-14,0
ucc-static-36136c5b56bfc346,36136c5b56bfc346,Netflix,Season3-StrangerThings,30,5,1,64,65,1,rsrp=-102|rsrq=-14|snr=0,-102,-14,0
ucc-static-36136c5b56bfc346,36136c5b56bfc346,Netflix,Season3-StrangerThings,31,5,0,65,67,2,rsrp=-99|rsrq=-12|snr=2,-99,-12,2
ucc-static-36136c5b56bfc346,36136c5b56bfc346,Netflix,Season3-StrangerThings,32,5,0,67,69,2,rsrp=-101|rsrq=-11|snr=-3,-101,-11,-3
ucc-static-36136c5b56bfc346,36136c5b56bfc346,Netflix,Season3-StrangerThings,33,5,0,69,71,2,rsrp=-101|rsrq=-11|snr=-1,-101,-11,-1
ucc-static-36136c5b56bfc346,36136c5b56bfc346,Netflix,Season3-StrangerThings,34,5,0,71,73,2,rsrp=-102|rsrq=-12|snr=6,-102,-12,6
ucc-static-36136c5b56bfc346,36136c5b56bfc346,Netflix,Season3-StrangerThings,35,5,0,73,75,2,rsrp=-102|rsrq=-10|snr=4,-102,-10,4
ucc-static-36136c5b56bfc346,36136c5b56bfc346,Netflix,Season3-StrangerThings,36,5,0,75,76,1,rsrp=-102|rsrq=-11|snr=6,-102,-11,6
ucc-static-36136c5b56bfc346,36136c5b56bfc346,Netflix,Season3-StrangerThings,37,6,1,77,78,1,rsrp=-102|rsrq=-11|snr=6,-102,-11,6
ucc-static-36136c5b56bfc346,36136c5b56bfc346,Netflix,Season3-StrangerThings,38,6,0,78,80,2,rsrp=-101|rsrq=-13|snr=-2,-101,-13,-2
ucc-static-36136c5b56bfc346,36136c5b56bfc346,Netflix,Season3-StrangerThings,39,6,0,80,82,2,rsrp=-102|rsrq=-14|snr=8,-102,-14,8
ucc-static-36136c5b56bfc346,36136c5b56bfc346,Netflix,Season3-StrangerThings,40,6,0,82,84,2,rsrp=-102|rsrq=-13|snr=8,-102,-13,8
ucc-static-36136c5b56bfc346,36136c5b56bfc346,Netflix,Season3-StrangerThings,41,6,0,84,86,2,rsrp=-101|rsrq=-11|snr=11,-101,-11,11
ucc-static-36136c5b56bfc346,36136c5b56bfc346,Netflix,Season3-StrangerThings,42,6,0,86,88,2,rsrp=-103|rsrq=-11|snr=9,-103,-11,9
ucc-static-36136c5b56bfc346,36136c5b56bfc346,Netflix,Season3-StrangerThings,43,7,1,89,91,2,rsrp=-102|rsrq=-10|snr=12,-102,-10,12
ucc-static-36136c5b56bfc346,36136c5b56bfc346,Netflix,Season3-StrangerThings,44,7,0,91,93,2,rsrp=-102|rsrq=-12|snr=7,-102,-12,7
ucc-static-36136c5b56bfc346,36136c5b56bfc346,Netflix,Season3-StrangerThings,45,7,0,93,95,2,rsrp=-102|rsrq=-10|snr=8,-102,-10,8
ucc-static-36136c5b56bfc346,36136c5b56bfc346,Netflix,Season3-StrangerThings,46,7,0,95,97,2,rsrp=-102|rsrq=-11|snr=4,-102,-11,4
ucc-static-36136c5b56bfc346,36136c5b56bfc346,Netflix,Season3-StrangerThings,47,7,0,97,99,2,rsrp=-101|rsrq=-12|snr=-1,-101,-12,-1
ucc-static-36136c5b56bfc346,36136c5b56bfc346,Netflix,Season3-StrangerThings,48,7,0,99,101,2,rsrp=-100|rsrq=-14|snr=4,-100,-14,4
ucc-static-36136c5b56bfc346,36136c5b56bfc346,Netflix,Season3-StrangerThings,49,8,1,102,104,2,rsrp=-100|rsrq=-11|snr=-1,-100,-11,-1
ucc-static-36136c5b56bfc346,36136c5b56bfc346,Netflix,Season3-StrangerThings,50,8,0,104,106,2,rsrp=-99|rsrq=-9|snr=11,-99,-9,11
ucc-static-36136c5b56bfc346,36136c5b56bfc346,Netflix,Season3-StrangerThings,51,8,0,106,108,2,rsrp=-99|rsrq=-14|snr=11,-99,-14,11
ucc-static-36136c5b56bfc346,36136c5b56bfc346,Netflix,Season3-StrangerThings,52,8,0,108,110,2,rsrp=-100|rsrq=-11|snr=-2,-100,-11,-2
ucc-static-36136c5b56bfc346,36136c5b56bfc346,Netflix,Season3-StrangerThings,53,8,0,110,112,2,rsrp=-100|rsrq=-14|snr=11,-100,-14,11
ucc-static-36136c5b56bfc346,36136c5b56bfc346,Netflix,Season3-StrangerThings,54,8,0,112,114,2,rsrp=-100|rsrq=-9|snr=12,-100,-9,12
ucc-static-36136c5b56bfc346,36136c5b56bfc346,Netflix,Season3-StrangerThings,55,9,1,115,117,2,rsrp=-99|rsrq=-10|snr=1,-99,-10,1
ucc-static-36136c5b56bfc346,36136c5b56bfc346,Netflix,Season3-StrangerThings,56,9,0,117,119,2,rsrp=-100|rsrq=-10|snr=10,-100,-10,10
ucc-static-36136c5b56bfc346,36136c5b56bfc346,Netflix,Season3-StrangerThings,57,9,0,119,121,2,rsrp=-102|rsrq=-11|snr=-2,-102,-11,-2
ucc-static-36136c5b56bfc346,36136c5b56bfc346,Netflix,Season3-StrangerThings,58,9,0,121,123,2,rsrp=-101|rsrq=-11|snr=2,-101,-11,2
ucc-static-36136c5b56bfc346,36136c5b56bfc346,Netflix,Season3-StrangerThings,59,9,0,123,125,2,rsrp=-102|rsrq=-12|snr=7,-102,-12,7
ucc-static-36136c5b56bfc346,36136c5b56bfc346,Netflix,Season3-StrangerThings,60,9,0,125,127,2,rsrp=-101|rsrq=-13|snr=-3,-101,-13,-3
ucc-static-36136c5b56bfc346,36136c5b56bfc346,Netflix,Season3-StrangerThings,61,9,0,127,128,1,rsrp=-102|rsrq=-10|snr=7,-102,-10,7
ucc-static-36136c5b56bfc346,36136c5b56bfc346,Netflix,Season3-StrangerThings,62,10,1,129,130,1,rsrp=-102|rsrq=-10|snr=7,-102,-10,7
ucc-static-36136c5b56bfc346,36136c5b56bfc346,Netflix,Season3-StrangerThings,63,10,0,130,132,2,rsrp=-102|rsrq=-12|snr=0,-102,-12,0
ucc-static-36136c5b56bfc346,36136c5b56bfc346,Netflix,Season3-StrangerThings,64,10,0,132,134,2,rsrp=-102|rsrq=-11|snr=-4,-102,-11,-4
ucc-static-36136c5b56bfc346,36136c5b56bfc346,Netflix,Season3-StrangerThings,65,10,0,134,136,2,rsrp=-101|rsrq=-11|snr=3,-101,-11,3
ucc-static-36136c5b56bfc346,36136c5b56bfc346,Netflix,Season3-StrangerThings,66,10,0,136,138,2,rsrp=-102|rsrq=-11|snr=0,-102,-11,0
ucc-static-36136c5b56bfc346,36136c5b56bfc346,Netflix,Season3-StrangerThings,67,10,0,138,140,2,rsrp=-99|rsrq=-11|snr=-5,-99,-11,-5
ucc-static-36136c5b56bfc346,36136c5b56bfc346,Netflix,Season3-StrangerThings,68,10,0,140,142,2,rsrp=-99|rsrq=-11|snr=-3,-99,-11,-3
ucc-static-36136c5b56bfc346,36136c5b56bfc346,Netflix,Season3-StrangerThings,69,10,0,142,144,2,rsrp=-99|rsrq=-9|snr=4,-99,-9,4
ucc-static-36136c5b56bfc346,36136c5b56bfc346,Netflix,Season3-StrangerThings,70,10,0,144,145,1,rsrp=-99|rsrq=-9|snr=-5,-99,-9,-5
ucc-static-36136c5b56bfc346,36136c5b56bfc346,Netflix,Season3-StrangerThings,71,11,1,146,147,1,rsrp=-99|rsrq=-9|snr=-5,-99,-9,-5
ucc-static-36136c5b56bfc346,36136c5b56bfc346,Netflix,Season3-StrangerThings,72,11,0,147,149,2,rsrp=-100|rsrq=-12|snr=5,-100,-12,5
ucc-static-36136c5b56bfc346,36136c5b56bfc346,Netflix,Season3-StrangerThings,73,11,0,149,151,2,rsrp=-101|rsrq=-10|snr=-1,-101,-10,-1
ucc-static-36136c5b56bfc346,36136c5b56bfc346,Netflix,Season3-StrangerThings,74,11,0,151,153,2,rsrp=-101|rsrq=-10|snr=5,-101,-10,5
ucc-static-36136c5b56bfc346,36136c5b56bfc346,Netflix,Season3-StrangerThings,75,11,0,153,155,2,rsrp=-101|rsrq=-10|snr=4,-101,-10,4
ucc-static-36136c5b56bfc346,36136c5b56bfc346,Netflix,Season3-StrangerThings,76,11,0,155,157,2,rsrp=-103|rsrq=-11|snr=-4,-103,-11,-4
ucc-static-36136c5b56bfc346,36136c5b56bfc346,Netflix,Season3-StrangerThings,77,11,0,157,159,2,rsrp=-103|rsrq=-10|snr=6,-103,-10,6
ucc-static-36136c5b56bfc346,36136c5b56bfc346,Netflix,Season3-StrangerThings,78,11,0,159,161,2,rsrp=-103|rsrq=-11|snr=2,-103,-11,2
ucc-static-36136c5b56bfc346,36136c5b56bfc346,Netflix,Season3-StrangerThings,79,11,0,161,163,2,rsrp=-103|rsrq=-11|snr=6,-103,-11,6
ucc-static-36136c5b56bfc346,36136c5b56bfc346,Netflix,Season3-StrangerThings,80,11,0,163,165,2,rsrp=-103|rsrq=-10|snr=5,-103,-10,5
ucc-static-36136c5b56bfc346,36136c5b56bfc346,Netflix,Season3-StrangerThings,81,12,1,166,168,2,rsrp=-102|rsrq=-11|snr=6,-102,-11,6
ucc-static-36136c5b56bfc346,36136c5b56bfc346,Netflix,Season3-StrangerThings,82,12,0,168,170,2,rsrp=-103|rsrq=-11|snr=5,-103,-11,5
ucc-static-36136c5b56bfc346,36136c5b56bfc346,Netflix,Season3-StrangerThings,83,12,0,170,172,2,rsrp=-103|rsrq=-9|snr=5,-103,-9,5
ucc-static-36136c5b56bfc346,36136c5b56bfc346,Netflix,Season3-StrangerThings,84,12,0,172,174,2,rsrp=-101|rsrq=-9|snr=-5,-101,-9,-5
ucc-static-36136c5b56bfc346,36136c5b56bfc346,Netflix,Season3-StrangerThings,85,12,0,174,176,2,rsrp=-103|rsrq=-9|snr=5,-103,-9,5
ucc-static-36136c5b56bfc346,36136c5b56bfc346,Netflix,Season3-StrangerThings,86,12,0,176,178,2,rsrp=-102|rsrq=-10|snr=11,-102,-10,11
ucc-static-36136c5b56bfc346,36136c5b56bfc346,Netflix,Season3-StrangerThings,87,12,0,178,180,2,rsrp=-103|rsrq=-9|snr=6,-103,-9,6
ucc-static-378c89495d537086,378c89495d537086,Download,,0,0,0,0,2,2,rsrp=-103|rsrq=-11|snr=4,-103,-11,4
ucc-static-378c89495d537086,378c89495d537086,Download,,1,0,0,2,4,2,rsrp=-103|rsrq=-15|snr=1,-103,-15,1
ucc-static-378c89495d537086,378c89495d537086,Download,,2,0,0,4,6,2,rsrp=-102|rsrq=-18|snr=2,-102,-18,2
ucc-static-378c89495d537086,378c89495d537086,Download,,3,1,1,7,8,1,rsrp=-104|rsrq=-18|snr=2,-104,-18,2
ucc-static-378c89495d537086,378c89495d537086,Download,,4,2,1,9,11,2,rsrp=-104|rsrq=-18|snr=2,-104,-18,2
ucc-static-378c89495d537086,378c89495d537086,Download,,5,2,0,11,13,2,rsrp=-103|rsrq=-13|snr=-3,-103,-13,-3
ucc-static-378c89495d537086,378c89495d537086,Download,,6,2,0,13,15,2,rsrp=-103|rsrq=-12|snr=5,-103,-12,5
ucc-static-378c89495d537086,378c89495d537086,Download,,7,3,1,16,18,2,rsrp=-102|rsrq=-17|snr=4,-102,-17,4
ucc-static-378c89495d537086,378c89495d537086,Download,,8,3,0,18,22,4,rsrp=-103|rsrq=-16|snr=4,-103,-16,4
ucc-static-378c89495d537086,378c89495d537086,Download,,9,4,1,23,25,2,rsrp=-104|rsrq=-15|snr=3,-104,-15,3
ucc-static-378c89495d537086,378c89495d537086,Download,,10,4,0,25,27,2,rsrp=-105|rsrq=-14|snr=0,-105,-14,0
ucc-static-378c89495d537086,378c89495d537086,Download,,11,4,0,27,29,2,rsrp=-103|rsrq=-13|snr=3,-103,-13,3
ucc-static-378c89495d537086,378c89495d537086,Download,,12,4,0,29,30,1,rsrp=-103|rsrq=-14|snr=1,-103,-14,1
ucc-static-378c89495d537086,378c89495d537086,Download,,13,5,1,31,32,1,rsrp=-103|rsrq=-14|snr=1,-103,-14,1
ucc-static-378c89495d537086,378c89495d537086,Download,,14,5,0,32,34,2,rsrp=-104|rsrq=-16|snr=1,-104,-16,1
ucc-static-378c89495d537086,378c89495d537086,Download,,15,5,0,34,36,2,rsrp=-103|rsrq=-18|snr=0,-103,-18,0
ucc-static-378c89495d537086,378c89495d537086,Download,,16,5,0,36,37,1,rsrp=-103|rsrq=-19|snr=0,-103,-19,0
ucc-static-378c89495d537086,378c89495d537086,Download,,17,6,1,38,39,1,rsrp=-103|rsrq=-19|snr=0,-103,-19,0
ucc-static-378c89495d537086,378c89495d537086,Download,,18,6,0,39,41,2,rsrp=-104|rsrq=-16|snr=0,-104,-16,0
ucc-static-378c89495d537086,378c89495d537086,Download,,19,6,0,41,43,2,rsrp=-104|rsrq=-18|snr=1,-104,-18,1
ucc-static-378c89495d537086,378c89495d537086,Download,,20,6,0,43,44,1,rsrp=-102|rsrq=-17|snr=1,-102,-17,1
ucc-static-378c89495d537086,378c89495d537086,Download,,21,7,1,45,46,1,rsrp=-102|rsrq=-17|snr=1,-102,-17,1
ucc-static-378c89495d537086,378c89495d537086,Download,,22,7,0,46,48,2,rsrp=-103|rsrq=-17|snr=1,-103,-17,1
ucc-static-378c89495d537086,378c89495d537086,Download,,23,7,0,48,50,2,rsrp=-102|rsrq=-18|snr=-1,-102,-18,-1
ucc-static-378c89495d537086,378c89495d537086,Download,,24,7,0,50,52,2,rsrp=-104|rsrq=-18|snr=0,-104,-18,0
ucc-static-378c89495d537086,378c89495d537086,Download,,25,7,0,52,53,1,rsrp=-103|rsrq=-16|snr=0,-103,-16,0
ucc-static-378c89495d537086,378c89495d537086,Download,,26,8,1,54,55,1,rsrp=-103|rsrq=-16|snr=0,-103,-16,0
ucc-static-378c89495d537086,378c89495d537086,Download,,27,8,0,55,57,2,rsrp=-103|rsrq=-17|snr=1,-103,-17,1
ucc-static-378c89495d537086,378c89495d537086,Download,,28,8,0,57,59,2,rsrp=-103|rsrq=-18|snr=3,-103,-18,3
ucc-static-378c89495d537086,378c89495d537086,Download,,29,8,0,59,61,2,rsrp=-104|rsrq=-18|snr=3,-104,-18,3
ucc-static-378c89495d537086,378c89495d537086,Download,,30,9,1,62,64,2,rsrp=-103|rsrq=-18|snr=7,-103,-18,7
ucc-static-378c89495d537086,378c89495d537086,Download,,31,9,0,64,66,2,rsrp=-105|rsrq=-17|snr=2,-105,-17,2
ucc-static-378c89495d537086,378c89495d537086,Download,,32,9,0,66,68,2,rsrp=-103|rsrq=-14|snr=0,-103,-14,0
ucc-static-378c89495d537086,378c89495d537086,Download,,33,10,1,69,71,2,rsrp=-103|rsrq=-12|snr=0,-103,-12,0
ucc-static-378c89495d537086,378c89495d537086,Download,,34,10,0,71,73,2,rsrp=-104|rsrq=-17|snr=1,-104,-17,1
ucc-static-378c89495d537086,378c89495d537086,Download,,35,10,0,73,75,2,rsrp=-103|rsrq=-19|snr=-3,-103,-19,-3
ucc-static-378c89495d537086,378c89495d537086,Download,,36,10,0,75,76,1,rsrp=-101|rsrq=-17|snr=-1,-101,-17,-1
ucc-static-378c89495d537086,378c89495d537086,Download,,37,11,1,77,78,1,rsrp=-101|rsrq=-17|snr=-1,-101,-17,-1
ucc-static-378c89495d537086,378c89495d537086,Download,,38,11,0,78,80,2,rsrp=-104|rsrq=-16|snr=0,-104,-16,0
ucc-static-378c89495d537086,378c89495d537086,Download,,39,11,0,80,82,2,rsrp=-104|rsrq=-14|snr=-2,-104,-14,-2
ucc-static-378c89495d537086,378c89495d537086,Download,,40,11,0,82,84,2,rsrp=-104|rsrq=-12|snr=-1,-104,-12,-1
ucc-static-378c89495d537086,378c89495d537086,Download,,41,12,1,85,87,2,rsrp=-104|rsrq=-12|snr=1,-104,-12,1
ucc-static-378c89495d537086,378c89495d537086,Download,,42,12,0,87,89,2,rsrp=-104|rsrq=-15|snr=0,-104,-15,0
ucc-static-378c89495d537086,378c89495d537086,Download,,43,12,0,89,92,3,rsrp=-104|rsrq=-16|snr=0,-104,-16,0
ucc-static-378c89495d537086,378c89495d537086,Download,,44,12,0,92,94,2,rsrp=-104|rsrq=-15|snr=1,-104,-15,1
ucc-static-378c89495d537086,378c89495d537086,Download,,45,12,0,94,96,2,rsrp=-105|rsrq=-16|snr=-2,-105,-16,-2
ucc-static-378c89495d537086,378c89495d537086,Download,,46,12,0,96,98,2,rsrp=-104|rsrq=-17|snr=0,-104,-17,0
ucc-static-378c89495d537086,378c89495d537086,Download,,47,13,1,99,101,2,rsrp=-104|rsrq=-19|snr=-2,-104,-19,-2
ucc-static-378c89495d537086,378c89495d537086,Download,,48,13,0,101,103,2,rsrp=-104|rsrq=-17|snr=1,-104,-17,1
ucc-static-378c89495d537086,378c89495d537086,Download,,49,13,0,103,105,2,rsrp=-104|rsrq=-13|snr=2,-104,-13,2
ucc-static-378c89495d537086,378c89495d537086,Download,,50,13,0,105,106,1,rsrp=-104|rsrq=-14|snr=-2,-104,-14,-2
ucc-static-378c89495d537086,378c89495d537086,Download,,51,14,1,107,108,1,rsrp=-104|rsrq=-14|snr=-2,-104,-14,-2
ucc-static-378c89495d537086,378c89495d537086,Download,,52,14,0,108,110,2,rsrp=-105|rsrq=-14|snr=1,-105,-14,1
ucc-static-378c89495d537086,378c89495d537086,Download,,53,14,0,110,112,2,rsrp=-105|rsrq=-11|snr=6,-105,-11,6
ucc-static-378c89495d537086,378c89495d537086,Download,,54,15,1,113,115,2,rsrp=-104|rsrq=-11|snr=7,-104,-11,7
ucc-static-378c89495d537086,378c89495d537086,Download,,55,15,0,115,117,2,rsrp=-104|rsrq=-17|snr=2,-104,-17,2
ucc-static-378c89495d537086,378c89495d537086,Download,,56,15,0,117,119,2,rsrp=-105|rsrq=-18|snr=1,-105,-18,1
ucc-static-378c89495d537086,378c89495d537086,Download,,57,16,1,120,122,2,rsrp=-104|rsrq=-19|snr=3,-104,-19,3
ucc-static-378c89495d537086,378c89495d537086,Download,,58,16,0,122,124,2,rsrp=-104|rsrq=-13|snr=4,-104,-13,4
ucc-static-378c89495d537086,378c89495d537086,Download,,59,16,0,124,126,2,rsrp=-104|rsrq=-12|snr=3,-104,-12,3
ucc-static-378c89495d537086,378c89495d537086,Download,,60,16,0,126,127,1,rsrp=-104|rsrq=-19|snr=1,-104,-19,1
ucc-static-378c89495d537086,378c89495d537086,Download,,61,17,1,128,131,3,rsrp=-104|rsrq=-19|snr=1,-104,-19,1
ucc-static-378c89495d537086,378c89495d537086,Download,,62,17,0,131,133,2,rsrp=-104|rsrq=-18|snr=1,-104,-18,1
ucc-static-378c89495d537086,378c89495d537086,Download,,63,17,0,133,135,2,rsrp=-104|rsrq=-18|snr=0,-104,-18,0
ucc-static-378c89495d537086,378c89495d537086,Download,,64,17,0,135,136,1,rsrp=-103|rsrq=-14|snr=-3,-103,-14,-3
ucc-static-378c89495d537086,378c89495d537086,Download,,65,18,1,137,138,1,rsrp=-103|rsrq=-14|snr=-3,-103,-14,-3
ucc-static-378c89495d537086,378c89495d537086,Download,,66,18,0,138,140,2,rsrp=-103|rsrq=-13|snr=-1,-103,-13,-1
ucc-static-378c89495d537086,378c89495d537086,Download,,67,18,0,140,142,2,rsrp=-103|rsrq=-16|snr=1,-103,-16,1
ucc-static-378c89495d537086,378c89495d537086,Download,,68,19,1,143,145,2,rsrp=-103|rsrq=-15|snr=0,-103,-15,0
ucc-static-378c89495d537086,378c89495d537086,Download,,69,19,0,145,147,2,rsrp=-104|rsrq=-17|snr=0,-104,-17,0
ucc-static-378c89495d537086,378c89495d537086,Download,,70,19,0,147,150,3,rsrp=-105|rsrq=-18|snr=0,-105,-18,0
ucc-static-378c89495d537086,378c89495d537086,Download,,71,19,0,150,152,2,rsrp=-104|rsrq=-17|snr=5,-104,-17,5
ucc-static-378c89495d537086,378c89495d537086,Download,,72,19,0,152,154,2,rsrp=-104|rsrq=-16|snr=0,-104,-16,0
ucc-static-378c89495d537086,378c89495d537086,Download,,73,19,0,154,156,2,rsrp=-104|rsrq=-16|snr=2,-104,-16,2
ucc-static-378c89495d537086,378c89495d537086,Download,,74,20,1,157,159,2,rsrp=-104|rsrq=-18|snr=0,-104,-18,0
ucc-static-378c89495d537086,378c89495d537086,Download,,75,20,0,159,161,2,rsrp=-103|rsrq=-13|snr=1,-103,-13,1
ucc-static-378c89495d537086,378c89495d537086,Download,,76,20,0,161,164,3,rsrp=-104|rsrq=-14|snr=-4,-104,-14,-4
ucc-static-378c89495d537086,378c89495d537086,Download,,77,20,0,164,166,2,rsrp=-104|rsrq=-14|snr=-2,-104,-14,-2
ucc-static-378c89495d537086,378c89495d537086,Download,,78,20,0,166,168,2,rsrp=-105|rsrq=-16|snr=4,-105,-16,4
ucc-static-378c89495d537086,378c89495d537086,Download,,79,20,0,168,169,1,rsrp=-104|rsrq=-19|snr=0,-104,-19,0
ucc-static-378c89495d537086,378c89495d537086,Download,,80,21,1,170,171,1,rsrp=-104|rsrq=-19|snr=0,-104,-19,0
ucc-static-378c89495d537086,378c89495d537086,Download,,81,21,0,171,173,2,rsrp=-105|rsrq=-18|snr=1,-105,-18,1
ucc-static-378c89495d537086,378c89495d537086,Download,,82,21,0,173,175,2,rsrp=-103|rsrq=-18|snr=-1,-103,-18,-1
ucc-static-378c89495d537086,378c89495d537086,Download,,83,21,0,175,178,3,rsrp=-103|rsrq=-18|snr=2,-103,-18,2
ucc-static-378c89495d537086,378c89495d537086,Download,,84,21,0,178,180,2,rsrp=-103|rsrq=-17|snr=4,-103,-17,4
ucc-static-6e56376f8430a3bc,6e56376f8430a3bc,Download,,0,0,0,0,2,2,rsrp=-100|rsrq=-14|snr=8,-100,-14,8
ucc-static-6e56376f8430a3bc,6e56376f8430a3bc,Download,,1,0,0,2,4,2,rsrp=-100|rsrq=-16|snr=6,-100,-16,6
ucc-static-6e56376f8430a3bc,6e56376f8430a3bc,Download,,2,0,0,4,9,5,rsrp=-101|rsrq=-16|snr=5,-101,-16,5
ucc-static-6e56376f8430a3bc,6e56376f8430a3bc,Download,,3,0,0,9,11,2,rsrp=-102|rsrq=-15|snr=2,-102,-15,2
ucc-static-6e56376f8430a3bc,6e56376f8430a3bc,Download,,4,0,0,11,13,2,rsrp=-100|rsrq=-15|snr=6,-100,-15,6
ucc-static-6e56376f8430a3bc,6e56376f8430a3bc,Download,,5,0,0,13,15,2,rsrp=-99|rsrq=-13|snr=5,-99,-13,5
ucc-static-6e56376f8430a3bc,6e56376f8430a3bc,Download,,6,1,1,16,18,2,rsrp=-101|rsrq=-11|snr=8,-101,-11,8
ucc-static-6e56376f8430a3bc,6e56376f8430a3bc,Download,,7,1,0,18,20,2,rsrp=-100|rsrq=-14|snr=3,-100,-14,3
ucc-static-6e56376f8430a3bc,6e56376f8430a3bc,Download,,8,1,0,20,23,3,rsrp=-100|rsrq=-14|snr=6,-100,-14,6
ucc-static-6e56376f8430a3bc,6e56376f8430a3bc,Download,,9,1,0,23,25,2,rsrp=-101|rsrq=-11|snr=1,-101,-11,1
ucc-static-6e56376f8430a3bc,6e56376f8430a3bc,Download,,10,1,0,25,27,2,rsrp=-101|rsrq=-10|snr=6,-101,-10,6
ucc-static-6e56376f8430a3bc,6e56376f8430a3bc,Download,,11,1,0,27,29,2,rsrp=-101|rsrq=-15|snr=5,-101,-15,5
ucc-static-6e56376f8430a3bc,6e56376f8430a3bc,Download,,12,2,1,30,32,2,rsrp=-101|rsrq=-16|snr=5,-101,-16,5
ucc-static-6e56376f8430a3bc,6e56376f8430a3bc,Download,,13,2,0,32,34,2,rsrp=-101|rsrq=-16|snr=6,-101,-16,6
ucc-static-6e56376f8430a3bc,6e56376f8430a3bc,Download,,14,3,1,35,37,2,rsrp=-100|rsrq=-16|snr=5,-100,-16,5
ucc-static-6e56376f8430a3bc,6e56376f8430a3bc,Download,,15,3,0,37,39,2,rsrp=-101|rsrq=-11|snr=6,-101,-11,6
ucc-static-6e56376f8430a3bc,6e56376f8430a3bc,Download,,16,3,0,39,41,2,rsrp=-101|rsrq=-10|snr=6,-101,-10,6
ucc-static-6e56376f8430a3bc,6e56376f8430a3bc,Download,,17,3,0,41,43,2,rsrp=-99|rsrq=-16|snr=6,-99,-16,6
ucc-static-6e56376f8430a3bc,6e56376f8430a3bc,Download,,18,4,1,44,46,2,rsrp=-100|rsrq=-15|snr=6,-100,-15,6
ucc-static-6e56376f8430a3bc,6e56376f8430a3bc,Download,,19,4,0,46,48,2,rsrp=-101|rsrq=-16|snr=5,-101,-16,5
ucc-static-6e56376f8430a3bc,6e56376f8430a3bc,Download,,20,4,0,48,51,3,rsrp=-100|rsrq=-16|snr=7,-100,-16,7
ucc-static-6e56376f8430a3bc,6e56376f8430a3bc,Download,,21,4,0,51,53,2,rsrp=-101|rsrq=-13|snr=8,-101,-13,8
ucc-static-6e56376f8430a3bc,6e56376f8430a3bc,Download,,22,4,0,53,55,2,rsrp=-100|rsrq=-11|snr=8,-100,-11,8
ucc-static-6e56376f8430a3bc,6e56376f8430a3bc,Download,,23,4,0,55,57,2,rsrp=-99|rsrq=-14|snr=6,-99,-14,6
ucc-static-6e56376f8430a3bc,6e56376f8430a3bc,Download,,24,5,1,58,60,2,rsrp=-99|rsrq=-16|snr=6,-99,-16,6
ucc-static-6e56376f8430a3bc,6e56376f8430a3bc,Download,,25,5,0,60,62,2,rsrp=-99|rsrq=-15|snr=5,-99,-15,5
ucc-static-6e56376f8430a3bc,6e56376f8430a3bc,Download,,26,5,0,62,65,3,rsrp=-99|rsrq=-16|snr=6,-99,-16,6
ucc-static-6e56376f8430a3bc,6e56376f8430a3bc,Download,,27,5,0,65,67,2,rsrp=-99|rsrq=-13|snr=7,-99,-13,7
ucc-static-6e56376f8430a3bc,6e56376f8430a3bc,Download,,28,5,0,67,69,2,rsrp=-99|rsrq=-13|snr=5,-99,-13,5
ucc-static-6e56376f8430a3bc,6e56376f8430a3bc,Download,,29,5,0,69,71,2,rsrp=-98|rsrq=-16|snr=4,-98,-16,4
ucc-static-6e56376f8430a3bc,6e56376f8430a3bc,Download,,30,6,1,72,74,2,rsrp=-98|rsrq=-15|snr=5,-98,-15,5
ucc-static-6e56376f8430a3bc,6e56376f8430a3bc,Download,,31,6,0,74,76,2,rsrp=-98|rsrq=-16|snr=6,-98,-16,6
ucc-static-6e56376f8430a3bc,6e56376f8430a3bc,Download,,32,6,0,76,79,3,rsrp=-99|rsrq=-16|snr=8,-99,-16,8
ucc-static-6e56376f8430a3bc,6e56376f8430a3bc,Download,,33,6,0,79,81,2,rsrp=-98|rsrq=-9|snr=10,-98,-9,10
ucc-static-6e56376f8430a3bc,6e56376f8430a3bc,Download,,34,6,0,81,83,2,rsrp=-99|rsrq=-15|snr=9,-99,-15,9
ucc-static-6e56376f8430a3bc,6e56376f8430a3bc,Download,,35,6,0,83,85,2,rsrp=-98|rsrq=-16|snr=7,-98,-16,7
ucc-static-6e56376f8430a3bc,6e56376f8430a3bc,Download,,36,7,1,86,88,2,rsrp=-98|rsrq=-16|snr=5,-98,-16,5
ucc-static-6e56376f8430a3bc,6e56376f8430a3bc,Download,,37,7,0,88,90,2,rsrp=-98|rsrq=-15|snr=4,-98,-15,4
ucc-static-6e56376f8430a3bc,6e56376f8430a3bc,Download,,38,7,0,90,93,3,rsrp=-98|rsrq=-16|snr=6,-98,-16,6
ucc-static-6e56376f8430a3bc,6e56376f8430a3bc,Download,,39,7,0,93,95,2,rsrp=-101|rsrq=-12|snr=1,-101,-12,1
ucc-static-6e56376f8430a3bc,6e56376f8430a3bc,Download,,40,7,0,95,97,2,rsrp=-101|rsrq=-16|snr=5,-101,-16,5
ucc-static-6e56376f8430a3bc,6e56376f8430a3bc,Download,,41,7,0,97,99,2,rsrp=-101|rsrq=-17|snr=5,-101,-17,5
ucc-static-6e56376f8430a3bc,6e56376f8430a3bc,Download,,42,7,0,99,101,2,rsrp=-102|rsrq=-17|snr=2,-102,-17,2
ucc-static-6e56376f8430a3bc,6e56376f8430a3bc,Download,,43,7,0,101,102,1,rsrp=-101|rsrq=-16|snr=4,-101,-16,4
ucc-static-6e56376f8430a3bc,6e56376f8430a3bc,Download,,44,8,1,103,104,1,rsrp=-101|rsrq=-16|snr=4,-101,-16,4
ucc-static-6e56376f8430a3bc,6e56376f8430a3bc,Download,,45,8,0,104,106,2,rsrp=-99|rsrq=-15|snr=4,-99,-15,4
ucc-static-6e56376f8430a3bc,6e56376f8430a3bc,Download,,46,8,0,106,108,2,rsrp=-98|rsrq=-11|snr=12,-98,-11,12
ucc-static-6e56376f8430a3bc,6e56376f8430a3bc,Download,,47,8,0,108,109,1,rsrp=-99|rsrq=-9|snr=9,-99,-9,9
ucc-static-6e56376f8430a3bc,6e56376f8430a3bc,Download,,48,9,1,110,111,1,rsrp=-99|rsrq=-9|snr=9,-99,-9,9
ucc-static-6e56376f8430a3bc,6e56376f8430a3bc,Download,,49,9,0,111,113,2,rsrp=-99|rsrq=-11|snr=8,-99,-11,8
ucc-static-6e56376f8430a3bc,6e56376f8430a3bc,Download,,50,9,0,113,115,2,rsrp=-99|rsrq=-13|snr=7,-99,-13,7
ucc-static-6e56376f8430a3bc,6e56376f8430a3bc,Download,,51,10,1,116,118,2,rsrp=-99|rsrq=-12|snr=3,-99,-12,3
ucc-static-6e56376f8430a3bc,6e56376f8430a3bc,Download,,52,10,0,118,120,2,rsrp=-99|rsrq=-13|snr=8,-99,-13,8
ucc-static-6e56376f8430a3bc,6e56376f8430a3bc,Download,,53,10,0,120,122,2,rsrp=-100|rsrq=-15|snr=7,-100,-15,7
ucc-static-6e56376f8430a3bc,6e56376f8430a3bc,Download,,54,10,0,122,123,1,rsrp=-100|rsrq=-16|snr=5,-100,-16,5
ucc-static-6e56376f8430a3bc,6e56376f8430a3bc,Download,,55,11,1,124,125,1,rsrp=-100|rsrq=-16|snr=5,-100,-16,5
ucc-static-6e56376f8430a3bc,6e56376f8430a3bc,Download,,56,11,0,125,127,2,rsrp=-99|rsrq=-16|snr=13,-99,-16,13
ucc-static-6e56376f8430a3bc,6e56376f8430a3bc,Download,,57,11,0,127,129,2,rsrp=-99|rsrq=-16|snr=5,-99,-16,5
ucc-static-6e56376f8430a3bc,6e56376f8430a3bc,Download,,58,11,0,129,130,1,rsrp=-100|rsrq=-16|snr=7,-100,-16,7
ucc-static-6e56376f8430a3bc,6e56376f8430a3bc,Download,,59,12,2,132,134,2,rsrp=-99|rsrq=-17|snr=6,-99,-17,6
ucc-static-6e56376f8430a3bc,6e56376f8430a3bc,Download,,60,12,0,134,136,2,rsrp=-100|rsrq=-11|snr=7,-100,-11,7
ucc-static-6e56376f8430a3bc,6e56376f8430a3bc,Download,,61,12,0,136,138,2,rsrp=-99|rsrq=-11|snr=12,-99,-11,12
ucc-static-6e56376f8430a3bc,6e56376f8430a3bc,Download,,62,13,1,139,141,2,rsrp=-100|rsrq=-12|snr=7,-100,-12,7
ucc-static-6e56376f8430a3bc,6e56376f8430a3bc,Download,,63,13,0,141,143,2,rsrp=-100|rsrq=-14|snr=7,-100,-14,7
ucc-static-6e56376f8430a3bc,6e56376f8430a3bc,Download,,64,13,0,143,145,2,rsrp=-100|rsrq=-13|snr=7,-100,-13,7
ucc-static-6e56376f8430a3bc,6e56376f8430a3bc,Download,,65,14,1,146,148,2,rsrp=-100|rsrq=-14|snr=7,-100,-14,7
ucc-static-6e56376f8430a3bc,6e56376f8430a3bc,Download,,66,14,0,148,150,2,rsrp=-100|rsrq=-14|snr=6,-100,-14,6
ucc-static-6e56376f8430a3bc,6e56376f8430a3bc,Download,,67,14,0,150,152,2,rsrp=-100|rsrq=-12|snr=5,-100,-12,5
ucc-static-6e56376f8430a3bc,6e56376f8430a3bc,Download,,68,15,1,153,155,2,rsrp=-99|rsrq=-10|snr=10,-99,-10,10
ucc-static-6e56376f8430a3bc,6e56376f8430a3bc,Download,,69,15,0,155,157,2,rsrp=-99|rsrq=-10|snr=4,-99,-10,4
ucc-static-6e56376f8430a3bc,6e56376f8430a3bc,Download,,70,15,0,157,159,2,rsrp=-99|rsrq=-11|snr=1,-99,-11,1
ucc-static-6e56376f8430a3bc,6e56376f8430a3bc,Download,,71,16,1,160,162,2,rsrp=-100|rsrq=-12|snr=8,-100,-12,8
ucc-static-6e56376f8430a3bc,6e56376f8430a3bc,Download,,72,16,0,162,164,2,rsrp=-99|rsrq=-12|snr=4,-99,-12,4
ucc-static-6e56376f8430a3bc,6e56376f8430a3bc,Download,,73,16,0,164,166,2,rsrp=-99|rsrq=-10|snr=3,-99,-10,3
ucc-static-6e56376f8430a3bc,6e56376f8430a3bc,Download,,74,17,1,167,169,2,rsrp=-99|rsrq=-10|snr=0,-99,-10,0
ucc-static-6e56376f8430a3bc,6e56376f8430a3bc,Download,,75,17,0,169,171,2,rsrp=-99|rsrq=-11|snr=4,-99,-11,4
ucc-static-6e56376f8430a3bc,6e56376f8430a3bc,Download,,76,17,0,171,173,2,rsrp=-99|rsrq=-11|snr=3,-99,-11,3
ucc-static-6e56376f8430a3bc,6e56376f8430a3bc,Download,,77,18,1,174,178,4,rsrp=-99|rsrq=-12|snr=4,-99,-12,4
ucc-static-6e56376f8430a3bc,6e56376f8430a3bc,Download,,78,18,0,178,180,2,rsrp=-100|rsrq=-12|snr=5,-100,-12,5
ucc-static-706bde2b5e935178,706bde2b5e935178,Netflix,Season3-StrangerThings,0,0,0,0,1,1,rsrp=-98|rsrq=-12|snr=7,-98,-12,7
ucc-static-706bde2b5e935178,706bde2b5e935178,Netflix,Season3-StrangerThings,1,0,0,1,3,2,rsrp=-98|rsrq=-11|snr=0,-98,-11,0
ucc-static-706bde2b5e935178,706bde2b5e935178,Netflix,Season3-StrangerThings,2,0,0,3,5,2,rsrp=-98|rsrq=-10|snr=2,-98,-10,2
ucc-static-706bde2b5e935178,706bde2b5e935178,Netflix,Season3-StrangerThings,3,0,0,5,7,2,rsrp=-99|rsrq=-12|snr=-2,-99,-12,-2
ucc-static-706bde2b5e935178,706bde2b5e935178,Netflix,Season3-StrangerThings,4,0,0,7,9,2,rsrp=-99|rsrq=-14|snr=-2,-99,-14,-2
ucc-static-706bde2b5e935178,706bde2b5e935178,Netflix,Season3-StrangerThings,5,0,0,9,12,3,rsrp=-98|rsrq=-13|snr=-1,-98,-13,-1
ucc-static-706bde2b5e935178,706bde2b5e935178,Netflix,Season3-StrangerThings,6,1,1,13,14,1,rsrp=-98|rsrq=-13|snr=-1,-98,-13,-1
ucc-static-706bde2b5e935178,706bde2b5e935178,Netflix,Season3-StrangerThings,7,1,0,14,16,2,rsrp=-98|rsrq=-12|snr=-1,-98,-12,-1
ucc-static-706bde2b5e935178,706bde2b5e935178,Netflix,Season3-StrangerThings,8,1,0,16,18,2,rsrp=-98|rsrq=-13|snr=0,-98,-13,0
ucc-static-706bde2b5e935178,706bde2b5e935178,Netflix,Season3-StrangerThings,9,1,0,18,20,2,rsrp=-99|rsrq=-12|snr=0,-99,-12,0
ucc-static-706bde2b5e935178,706bde2b5e935178,Netflix,Season3-StrangerThings,10,1,0,20,22,2,rsrp=-99|rsrq=-12|snr=-1,-99,-12,-1
ucc-static-706bde2b5e935178,706bde2b5e935178,Netflix,Season3-StrangerThings,11,1,0,22,24,2,rsrp=-98|rsrq=-12|snr=2,-98,-12,2
ucc-static-706bde2b5e935178,706bde2b5e935178,Netflix,Season3-StrangerThings,12,1,0,24,26,2,rsrp=-101|rsrq=-12|snr=1,-101,-12,1
ucc-static-706bde2b5e935178,706bde2b5e935178,Netflix,Season3-StrangerThings,13,2,1,27,29,2,rsrp=-99|rsrq=-11|snr=5,-99,-11,5
ucc-static-706bde2b5e935178,706bde2b5e935178,Netflix,Season3-StrangerThings,14,2,0,29,31,2,rsrp=-100|rsrq=-11|snr=-1,-100,-11,-1
ucc-static-706bde2b5e935178,706bde2b5e935178,Netflix,Season3-StrangerThings,15,2,0,31,33,2,rsrp=-100|rsrq=-11|snr=2,-100,-11,2
ucc-static-706bde2b5e935178,706bde2b5e935178,Netflix,Season3-StrangerThings,16,2,0,33,35,2,rsrp=-99|rsrq=-14|snr=0,-99,-14,0
ucc-static-706bde2b5e935178,706bde2b5e935178,Netflix,Season3-StrangerThings,17,2,0,35,37,2,rsrp=-98|rsrq=-11|snr=-1,-98,-11,-1
ucc-static-706bde2b5e935178,706bde2b5e935178,Netflix,Season3-StrangerThings,18,2,0,37,39,2,rsrp=-99|rsrq=-11|snr=0,-99,-11,0
ucc-static-706bde2b5e935178,706bde2b5e935178,Netflix,Season3-StrangerThings,19,3,1,40,42,2,rsrp=-101|rsrq=-12|snr=-3,-101,-12,-3
ucc-static-706bde2b5e935178,706bde2b5e935178,Netflix,Season3-StrangerThings,20,3,0,42,44,2,rsrp=-101|rsrq=-14|snr=-2,-101,-14,-2
ucc-static-706bde2b5e935178,706bde2b5e935178,Netflix,Season3-StrangerThings,21,3,0,44,46,2,rsrp=-101|rsrq=-12|snr=-1,-101,-12,-1
ucc-static-706bde2b5e935178,706bde2b5e935178,Netflix,Season3-StrangerThings,22,3,0,46,48,2,rsrp=-99|rsrq=-12|snr=-4,-99,-12,-4
ucc-static-706bde2b5e935178,706bde2b5e935178,Netflix,Season3-StrangerThings,23,3,0,48,50,2,rsrp=-99|rsrq=-13|snr=-2,-99,-13,-2
ucc-static-706bde2b5e935178,706bde2b5e935178,Netflix,Season3-StrangerThings,24,3,0,50,52,2,rsrp=-99|rsrq=-13|snr=1,-99,-13,1
ucc-static-706bde2b5e935178,706bde2b5e935178,Netflix,Season3-StrangerThings,25,3,0,52,53,1,rsrp=-98|rsrq=-12|snr=2,-98,-12,2
ucc-static-706bde2b5e935178,706bde2b5e935178,Netflix,Season3-StrangerThings,26,4,1,54,55,1,rsrp=-98|rsrq=-12|snr=2,-98,-12,2
ucc-static-706bde2b5e935178,706bde2b5e935178,Netflix,Season3-StrangerThings,27,4,0,55,57,2,rsrp=-98|rsrq=-14|snr=0,-98,-14,0
ucc-static-706bde2b5e935178,706bde2b5e935178,Netflix,Season3-StrangerThings,28,4,0,57,59,2,rsrp=-99|rsrq=-12|snr=3,-99,-12,3
ucc-static-706bde2b5e935178,706bde2b5e935178,Netflix,Season3-StrangerThings,29,4,0,59,61,2,rsrp=-100|rsrq=-11|snr=2,-100,-11,2
ucc-static-706bde2b5e935178,706bde2b5e935178,Netflix,Season3-StrangerThings,30,4,0,61,63,2,rsrp=-99|rsrq=-13|snr=0,-99,-13,0
ucc-static-706bde2b5e935178,706bde2b5e935178,Netflix,Season3-StrangerThings,31,4,0,63,65,2,rsrp=-100|rsrq=-14|snr=-1,-100,-14,-1
ucc-static-706bde2b5e935178,706bde2b5e935178,Netflix,Season3-StrangerThings,32,4,0,65,67,2,rsrp=-100|rsrq=-15|snr=-2,-100,-15,-2
ucc-static-706bde2b5e935178,706bde2b5e935178,Netflix,Season3-StrangerThings,33,4,0,67,68,1,rsrp=-97|rsrq=-12|snr=1,-97,-12,1
ucc-static-706bde2b5e935178,706bde2b5e935178,Netflix,Season3-StrangerThings,34,5,1,69,70,1,rsrp=-97|rsrq=-12|snr=1,-97,-12,1
ucc-static-706bde2b5e935178,706bde2b5e935178,Netflix,Season3-StrangerThings,35,5,0,70,72,2,rsrp=-100|rsrq=-11|snr=1,-100,-11,1
ucc-static-706bde2b5e935178,706bde2b5e935178,Netflix,Season3-StrangerThings,36,5,0,72,74,2,rsrp=-100|rsrq=-12|snr=-4,-100,-12,-4
ucc-static-706bde2b5e935178,706bde2b5e935178,Netflix,Season3-StrangerThings,37,5,0,74,76,2,rsrp=-100|rsrq=-17|snr=10,-100,-17,10
ucc-static-706bde2b5e935178,706bde2b5e935178,Netflix,Season3-StrangerThings,38,5,0,76,78,2,rsrp=-100|rsrq=-13|snr=4,-100,-13,4
ucc-static-706bde2b5e935178,706bde2b5e935178,Netflix,Season3-StrangerThings,39,5,0,78,80,2,rsrp=-99|rsrq=-12|snr=5,-99,-12,5
ucc-static-706bde2b5e935178,706bde2b5e935178,Netflix,Season3-StrangerThings,40,5,0,80,82,2,rsrp=-100|rsrq=-12|snr=-5,-100,-12,-5
ucc-static-706bde2b5e935178,706bde2b5e935178,Netflix,Season3-StrangerThings,41,5,0,82,83,1,rsrp=-98|rsrq=-13|snr=-3,-98,-13,-3
ucc-static-706bde2b5e935178,706bde2b5e935178,Netflix,Season3-StrangerThings,42,6,1,84,85,1,rsrp=-98|rsrq=-13|snr=-3,-98,-13,-3
ucc-static-706bde2b5e935178,706bde2b5e935178,Netflix,Season3-StrangerThings,43,6,0,85,87,2,rsrp=-97|rsrq=-13|snr=-1,-97,-13,-1
ucc-static-706bde2b5e935178,706bde2b5e935178,Netflix,Season3-StrangerThings,44,6,0,87,89,2,rsrp=-97|rsrq=-14|snr=-1,-97,-14,-1
ucc-static-706bde2b5e935178,706bde2b5e935178,Netflix,Season3-StrangerThings,45,6,0,89,91,2,rsrp=-97|rsrq=-16|snr=-3,-97,-16,-3
ucc-static-706bde2b5e935178,706bde2b5e935178,Netflix,Season3-StrangerThings,46,6,0,91,93,2,rsrp=-97|rsrq=-15|snr=-3,-97,-15,-3
ucc-static-706bde2b5e935178,706bde2b5e935178,Netflix,Season3-StrangerThings,47,6,0,93,95,2,rsrp=-97|rsrq=-15|snr=-5,-97,-15,-5
ucc-static-706bde2b5e935178,706bde2b5e935178,Netflix,Season3-StrangerThings,48,6,0,95,97,2,rsrp=-97|rsrq=-14|snr=-1,-97,-14,-1
ucc-static-706bde2b5e935178,706bde2b5e935178,Netflix,Season3-StrangerThings,49,6,0,97,98,1,rsrp=-97|rsrq=-15|snr=-1,-97,-15,-1
ucc-static-706bde2b5e935178,706bde2b5e935178,Netflix,Season3-StrangerThings,50,7,1,99,100,1,rsrp=-97|rsrq=-15|snr=-1,-97,-15,-1
ucc-static-706bde2b5e935178,706bde2b5e935178,Netflix,Season3-StrangerThings,51,7,0,100,102,2,rsrp=-98|rsrq=-15|snr=-2,-98,-15,-2
ucc-static-706bde2b5e935178,706bde2b5e935178,Netflix,Season3-StrangerThings,52,7,0,102,104,2,rsrp=-98|rsrq=-17|snr=4,-98,-17,4
ucc-static-706bde2b5e935178,706bde2b5e935178,Netflix,Season3-StrangerThings,53,7,0,104,106,2,rsrp=-97|rsrq=-13|snr=5,-97,-13,5
ucc-static-706bde2b5e935178,706bde2b5e935178,Netflix,Season3-StrangerThings,54,7,0,106,108,2,rsrp=-98|rsrq=-15|snr=1,-98,-15,1
ucc-static-706bde2b5e935178,706bde2b5e935178,Netflix,Season3-StrangerThings,55,7,0,108,110,2,rsrp=-98|rsrq=-16|snr=-1,-98,-16,-1
ucc-static-706bde2b5e935178,706bde2b5e935178,Netflix,Season3-StrangerThings,56,7,0,110,111,1,rsrp=-98|rsrq=-13|snr=9,-98,-13,9
ucc-static-706bde2b5e935178,706bde2b5e935178,Netflix,Season3-StrangerThings,57,8,1,112,113,1,rsrp=-98|rsrq=-13|snr=9,-98,-13,9
ucc-static-706bde2b5e935178,706bde2b5e935178,Netflix,Season3-StrangerThings,58,8,0,113,115,2,rsrp=-97|rsrq=-14|snr=1,-97,-14,1
ucc-static-706bde2b5e935178,706bde2b5e935178,Netflix,Season3-StrangerThings,59,8,0,115,119,4,rsrp=-98|rsrq=-15|snr=2,-98,-15,2
ucc-static-706bde2b5e935178,706bde2b5e935178,Netflix,Season3-StrangerThings,60,8,0,119,121,2,rsrp=-97|rsrq=-16|snr=0,-97,-16,0
ucc-static-706bde2b5e935178,706bde2b5e935178,Netflix,Season3-StrangerThings,61,8,0,121,123,2,rsrp=-97|rsrq=-15|snr=1,-97,-15,1
ucc-static-706bde2b5e935178,706bde2b5e935178,Netflix,Season3-StrangerThings,62,8,0,123,125,2,rsrp=-97|rsrq=-11|snr=7,-97,-11,7
ucc-static-706bde2b5e935178,706bde2b5e935178,Netflix,Season3-StrangerThings,63,9,1,126,128,2,rsrp=-97|rsrq=-12|snr=0,-97,-12,0
ucc-static-706bde2b5e935178,706bde2b5e935178,Netflix,Season3-StrangerThings,64,9,0,128,130,2,rsrp=-97|rsrq=-13|snr=-4,-97,-13,-4
ucc-static-706bde2b5e935178,706bde2b5e935178,Netflix,Season3-StrangerThings,65,9,0,130,132,2,rsrp=-97|rsrq=-15|snr=1,-97,-15,1
ucc-static-706bde2b5e935178,706bde2b5e935178,Netflix,Season3-StrangerThings,66,9,0,132,134,2,rsrp=-98|rsrq=-16|snr=2,-98,-16,2
ucc-static-706bde2b5e935178,706bde2b5e935178,Netflix,Season3-StrangerThings,67,9,0,134,136,2,rsrp=-97|rsrq=-15|snr=-1,-97,-15,-1
ucc-static-706bde2b5e935178,706bde2b5e935178,Netflix,Season3-StrangerThings,68,9,0,136,138,2,rsrp=-97|rsrq=-13|snr=3,-97,-13,3
ucc-static-706bde2b5e935178,706bde2b5e935178,Netflix,Season3-StrangerThings,69,9,0,138,139,1,rsrp=-98|rsrq=-14|snr=4,-98,-14,4
ucc-static-706bde2b5e935178,706bde2b5e935178,Netflix,Season3-StrangerThings,70,10,1,140,141,1,rsrp=-98|rsrq=-14|snr=4,-98,-14,4
ucc-static-706bde2b5e935178,706bde2b5e935178,Netflix,Season3-StrangerThings,71,10,0,141,143,2,rsrp=-98|rsrq=-16|snr=1,-98,-16,1
ucc-static-706bde2b5e935178,706bde2b5e935178,Netflix,Season3-StrangerThings,72,10,0,143,145,2,rsrp=-97|rsrq=-15|snr=4,-97,-15,4
ucc-static-706bde2b5e935178,706bde2b5e935178,Netflix,Season3-StrangerThings,73,10,0,145,147,2,rsrp=-97|rsrq=-16|snr=1,-97,-16,1
ucc-static-706bde2b5e935178,706bde2b5e935178,Netflix,Season3-StrangerThings,74,10,0,147,149,2,rsrp=-97|rsrq=-15|snr=6,-97,-15,6
ucc-static-706bde2b5e935178,706bde2b5e935178,Netflix,Season3-StrangerThings,75,10,0,149,151,2,rsrp=-97|rsrq=-15|snr=0,-97,-15,0
ucc-static-706bde2b5e935178,706bde2b5e935178,Netflix,Season3-StrangerThings,76,10,0,151,153,2,rsrp=-96|rsrq=-12|snr=2,-96,-12,2
ucc-static-706bde2b5e935178,706bde2b5e935178,Netflix,Season3-StrangerThings,77,11,1,154,156,2,rsrp=-96|rsrq=-14|snr=0,-96,-14,0
ucc-static-706bde2b5e935178,706bde2b5e935178,Netflix,Season3-StrangerThings,78,11,0,156,158,2,rsrp=-97|rsrq=-12|snr=6,-97,-12,6
ucc-static-706bde2b5e935178,706bde2b5e935178,Netflix,Season3-StrangerThings,79,11,0,158,160,2,rsrp=-96|rsrq=-15|snr=-3,-96,-15,-3
ucc-static-706bde2b5e935178,706bde2b5e935178,Netflix,Season3-StrangerThings,80,11,0,160,162,2,rsrp=-96|rsrq=-14|snr=5,-96,-14,5
ucc-static-706bde2b5e935178,706bde2b5e935178,Netflix,Season3-StrangerThings,81,11,0,162,164,2,rsrp=-97|rsrq=-15|snr=3,-97,-15,3
ucc-static-706bde2b5e935178,706bde2b5e935178,Netflix,Season3-StrangerThings,82,11,0,164,166,2,rsrp=-97|rsrq=-13|snr=0,-97,-13,0
ucc-static-706bde2b5e935178,706bde2b5e935178,Netflix,Season3-StrangerThings,83,12,1,167,169,2,rsrp=-97|rsrq=-15|snr=0,-97,-15,0
ucc-static-706bde2b5e935178,706bde2b5e935178,Netflix,Season3-StrangerThings,84,12,0,169,171,2,rsrp=-97|rsrq=-16|snr=5,-97,-16,5
ucc-static-706bde2b5e935178,706bde2b5e935178,Netflix,Season3-StrangerThings,85,12,0,171,173,2,rsrp=-97|rsrq=-14|snr=1,-97,-14,1
ucc-static-706bde2b5e935178,706bde2b5e935178,Netflix,Season3-StrangerThings,86,12,0,173,175,2,rsrp=-97|rsrq=-15|snr=-3,-97,-15,-3
ucc-static-706bde2b5e935178,706bde2b5e935178,Netflix,Season3-StrangerThings,87,12,0,175,177,2,rsrp=-96|rsrq=-10|snr=6,-96,-10,6
ucc-static-706bde2b5e935178,706bde2b5e935178,Netflix,Season3-StrangerThings,88,12,0,177,179,2,rsrp=-96|rsrq=-13|snr=-3,-96,-13,-3
ucc-static-706bde2b5e935178,706bde2b5e935178,Netflix,Season3-StrangerThings,89,12,0,179,180,1,rsrp=-96|rsrq=-13|snr=-4,-96,-13,-4
ucc-static-88f027729cf13aeb,88f027729cf13aeb,Netflix,animated-RickandMorty,0,0,0,0,1,1,rsrp=-90|rsrq=-14|snr=-1,-90,-14,-1
ucc-static-88f027729cf13aeb,88f027729cf13aeb,Netflix,animated-RickandMorty,1,0,0,1,3,2,rsrp=-95|rsrq=-15|snr=-6,-95,-15,-6
ucc-static-88f027729cf13aeb,88f027729cf13aeb,Netflix,animated-RickandMorty,2,0,0,3,5,2,rsrp=-94|rsrq=-15|snr=1,-94,-15,1
ucc-static-88f027729cf13aeb,88f027729cf13aeb,Netflix,animated-RickandMorty,3,0,0,5,7,2,rsrp=-89|rsrq=-17|snr=-5,-89,-17,-5
ucc-static-88f027729cf13aeb,88f027729cf13aeb,Netflix,animated-RickandMorty,4,0,0,7,8,1,rsrp=-88|rsrq=-15|snr=-3,-88,-15,-3
ucc-static-88f027729cf13aeb,88f027729cf13aeb,Netflix,animated-RickandMorty,5,1,1,9,10,1,rsrp=-88|rsrq=-15|snr=-3,-88,-15,-3
ucc-static-88f027729cf13aeb,88f027729cf13aeb,Netflix,animated-RickandMorty,6,1,0,10,12,2,rsrp=-91|rsrq=-14|snr=1,-91,-14,1
ucc-static-88f027729cf13aeb,88f027729cf13aeb,Netflix,animated-RickandMorty,7,1,0,12,14,2,rsrp=-90|rsrq=-16|snr=-5,-90,-16,-5
ucc-static-88f027729cf13aeb,88f027729cf13aeb,Netflix,animated-RickandMorty,8,1,0,14,16,2,rsrp=-91|rsrq=-14|snr=-6,-91,-14,-6
ucc-static-88f027729cf13aeb,88f027729cf13aeb,Netflix,animated-RickandMorty,9,1,0,16,18,2,rsrp=-89|rsrq=-16|snr=2,-89,-16,2
ucc-static-88f027729cf13aeb,88f027729cf13aeb,Netflix,animated-RickandMorty,10,1,0,18,20,2,rsrp=-90|rsrq=-12|snr=3,-90,-12,3
ucc-static-88f027729cf13aeb,88f027729cf13aeb,Netflix,animated-RickandMorty,11,1,0,20,22,2,rsrp=-90|rsrq=-13|snr=1,-90,-13,1
ucc-static-88f027729cf13aeb,88f027729cf13aeb,Netflix,animated-RickandMorty,12,2,1,23,25,2,rsrp=-91|rsrq=-12|snr=1,-91,-12,1
ucc-static-88f027729cf13aeb,88f027729cf13aeb,Netflix,animated-RickandMorty,13,2,0,25,27,2,rsrp=-91|rsrq=-13|snr=-4,-91,-13,-4
ucc-static-88f027729cf13aeb,88f027729cf13aeb,Netflix,animated-RickandMorty,14,2,0,27,29,2,rsrp=-92|rsrq=-12|snr=-4,-92,-12,-4
ucc-static-88f027729cf13aeb,88f027729cf13aeb,Netflix,animated-RickandMorty,15,2,0,29,31,2,rsrp=-91|rsrq=-13|snr=0,-91,-13,0
ucc-static-88f027729cf13aeb,88f027729cf13aeb,Netflix,animated-RickandMorty,16,2,0,31,33,2,rsrp=-92|rsrq=-16|snr=-5,-92,-16,-5
ucc-static-88f027729cf13aeb,88f027729cf13aeb,Netflix,animated-RickandMorty,17,2,0,33,35,2,rsrp=-91|rsrq=-14|snr=-5,-91,-14,-5
ucc-static-88f027729cf13aeb,88f027729cf13aeb,Netflix,animated-RickandMorty,18,2,0,35,37,2,rsrp=-92|rsrq=-11|snr=0,-92,-11,0
ucc-static-88f027729cf13aeb,88f027729cf13aeb,Netflix,animated-RickandMorty,19,3,1,38,40,2,rsrp=-91|rsrq=-13|snr=1,-91,-13,1
ucc-static-88f027729cf13aeb,88f027729cf13aeb,Netflix,animated-RickandMorty,20,3,0,40,42,2,rsrp=-91|rsrq=-12|snr=1,-91,-12,1
ucc-static-88f027729cf13aeb,88f027729cf13aeb,Netflix,animated-RickandMorty,21,3,0,42,44,2,rsrp=-92|rsrq=-12|snr=1,-92,-12,1
ucc-static-88f027729cf13aeb,88f027729cf13aeb,Netflix,animated-RickandMorty,22,3,0,44,46,2,rsrp=-92|rsrq=-12|snr=-2,-92,-12,-2
ucc-static-88f027729cf13aeb,88f027729cf13aeb,Netflix,animated-RickandMorty,23,3,0,46,48,2,rsrp=-90|rsrq=-11|snr=-7,-90,-11,-7
ucc-static-88f027729cf13aeb,88f027729cf13aeb,Netflix,animated-RickandMorty,24,3,0,48,50,2,rsrp=-91|rsrq=-14|snr=5,-91,-14,5
ucc-static-88f027729cf13aeb,88f027729cf13aeb,Netflix,animated-RickandMorty,25,3,0,50,51,1,rsrp=-91|rsrq=-10|snr=2,-91,-10,2
ucc-static-88f027729cf13aeb,88f027729cf13aeb,Netflix,animated-RickandMorty,26,4,1,52,53,1,rsrp=-91|rsrq=-10|snr=2,-91,-10,2
ucc-static-88f027729cf13aeb,88f027729cf13aeb,Netflix,animated-RickandMorty,27,4,0,53,55,2,rsrp=-91|rsrq=-10|snr=0,-91,-10,0
ucc-static-88f027729cf13aeb,88f027729cf13aeb,Netflix,animated-RickandMorty,28,4,0,55,57,2,rsrp=-90|rsrq=-12|snr=1,-90,-12,1
ucc-static-88f027729cf13aeb,88f027729cf13aeb,Netflix,animated-RickandMorty,29,4,0,57,59,2,rsrp=-90|rsrq=-12|snr=4,-90,-12,4
ucc-static-88f027729cf13aeb,88f027729cf13aeb,Netflix,animated-RickandMorty,30,4,0,59,61,2,rsrp=-90|rsrq=-11|snr=3,-90,-11,3
ucc-static-88f027729cf13aeb,88f027729cf13aeb,Netflix,animated-RickandMorty,31,4,0,61,63,2,rsrp=-89|rsrq=-14|snr=-7,-89,-14,-7
ucc-static-88f027729cf13aeb,88f027729cf13aeb,Netflix,animated-RickandMorty,32,4,0,63,65,2,rsrp=-90|rsrq=-13|snr=2,-90,-13,2
ucc-static-88f027729cf13aeb,88f027729cf13aeb,Netflix,animated-RickandMorty,33,4,0,65,66,1,rsrp=-89|rsrq=-14|snr=3,-89,-14,3
ucc-static-88f027729cf13aeb,88f027729cf13aeb,Netflix,animated-RickandMorty,34,5,1,67,68,1,rsrp=-89|rsrq=-14|snr=3,-89,-14,3
ucc-static-88f027729cf13aeb,88f027729cf13aeb,Netflix,animated-RickandMorty,35,5,0,68,70,2,rsrp=-89|rsrq=-15|snr=-7,-89,-15,-7
ucc-static-88f027729cf13aeb,88f027729cf13aeb,Netflix,animated-RickandMorty,36,5,0,70,72,2,rsrp=-89|rsrq=-15|snr=-8,-89,-15,-8
ucc-static-88f027729cf13aeb,88f027729cf13aeb,Netflix,animated-RickandMorty,37,5,0,72,74,2,rsrp=-90|rsrq=-15|snr=-1,-90,-15,-1
ucc-static-88f027729cf13aeb,88f027729cf13aeb,Netflix,animated-RickandMorty,38,5,0,74,76,2,rsrp=-90|rsrq=-12|snr=2,-90,-12,2
ucc-static-88f027729cf13aeb,88f027729cf13aeb,Netflix,animated-RickandMorty,39,5,0,76,78,2,rsrp=-89|rsrq=-16|snr=-7,-89,-16,-7
ucc-static-88f027729cf13aeb,88f027729cf13aeb,Netflix,animated-RickandMorty,40,5,0,78,80,2,rsrp=-91|rsrq=-13|snr=-1,-91,-13,-1
ucc-static-88f027729cf13aeb,88f027729cf13aeb,Netflix,animated-RickandMorty,41,5,0,80,81,1,rsrp=-90|rsrq=-13|snr=-1,-90,-13,-1
ucc-static-88f027729cf13aeb,88f027729cf13aeb,Netflix,animated-RickandMorty,42,6,1,82,83,1,rsrp=-90|rsrq=-13|snr=-1,-90,-13,-1
ucc-static-88f027729cf13aeb,88f027729cf13aeb,Netflix,animated-RickandMorty,43,6,0,83,85,2,rsrp=-90|rsrq=-14|snr=-8,-90,-14,-8
ucc-static-88f027729cf13aeb,88f027729cf13aeb,Netflix,animated-RickandMorty,44,6,0,85,87,2,rsrp=-90|rsrq=-14|snr=3,-90,-14,3
ucc-static-88f027729cf13aeb,88f027729cf13aeb,Netflix,animated-RickandMorty,45,6,0,87,89,2,rsrp=-91|rsrq=-14|snr=-1,-91,-14,-1
ucc-static-88f027729cf13aeb,88f027729cf13aeb,Netflix,animated-RickandMorty,46,6,0,89,91,2,rsrp=-89|rsrq=-16|snr=-5,-89,-16,-5
ucc-static-88f027729cf13aeb,88f027729cf13aeb,Netflix,animated-RickandMorty,47,6,0,91,93,2,rsrp=-92|rsrq=-13|snr=1,-92,-13,1
ucc-static-88f027729cf13aeb,88f027729cf13aeb,Netflix,animated-RickandMorty,48,6,0,93,95,2,rsrp=-90|rsrq=-13|snr=-2,-90,-13,-2
ucc-static-88f027729cf13aeb,88f027729cf13aeb,Netflix,animated-RickandMorty,49,7,1,96,98,2,rsrp=-91|rsrq=-13|snr=-1,-91,-13,-1
ucc-static-88f027729cf13aeb,88f027729cf13aeb,Netflix,animated-RickandMorty,50,7,0,98,100,2,rsrp=-90|rsrq=-11|snr=3,-90,-11,3
ucc-static-88f027729cf13aeb,88f027729cf13aeb,Netflix,animated-RickandMorty,51,7,0,100,102,2,rsrp=-90|rsrq=-12|snr=0,-90,-12,0
ucc-static-88f027729cf13aeb,88f027729cf13aeb,Netflix,animated-RickandMorty,52,7,0,102,104,2,rsrp=-89|rsrq=-15|snr=3,-89,-15,3
ucc-static-88f027729cf13aeb,88f027729cf13aeb,Netflix,animated-RickandMorty,53,7,0,104,106,2,rsrp=-90|rsrq=-13|snr=-2,-90,-13,-2
ucc-static-88f027729cf13aeb,88f027729cf13aeb,Netflix,animated-RickandMorty,54,7,0,106,108,2,rsrp=-91|rsrq=-12|snr=1,-91,-12,1
ucc-static-88f027729cf13aeb,88f027729cf13aeb,Netflix,animated-RickandMorty,55,7,0,108,109,1,rsrp=-90|rsrq=-15|snr=-1,-90,-15,-1
ucc-static-88f027729cf13aeb,88f027729cf13aeb,Netflix,animated-RickandMorty,56,8,1,110,111,1,rsrp=-90|rsrq=-15|snr=-1,-90,-15,-1
ucc-static-88f027729cf13aeb,88f027729cf13aeb,Netflix,animated-RickandMorty,57,8,0,111,113,2,rsrp=-91|rsrq=-13|snr=1,-91,-13,1
ucc-static-88f027729cf13aeb,88f027729cf13aeb,Netflix,animated-RickandMorty,58,8,0,113,115,2,rsrp=-91|rsrq=-14|snr=-5,-91,-14,-5
ucc-static-88f027729cf13aeb,88f027729cf13aeb,Netflix,animated-RickandMorty,59,8,0,115,117,2,rsrp=-90|rsrq=-12|snr=0,-90,-12,0
ucc-static-88f027729cf13aeb,88f027729cf13aeb,Netflix,animated-RickandMorty,60,8,0,117,119,2,rsrp=-90|rsrq=-13|snr=-1,-90,-13,-1
ucc-static-88f027729cf13aeb,88f027729cf13aeb,Netflix,animated-RickandMorty,61,8,0,119,121,2,rsrp=-90|rsrq=-12|snr=-1,-90,-12,-1
ucc-static-88f027729cf13aeb,88f027729cf13aeb,Netflix,animated-RickandMorty,62,8,0,121,123,2,rsrp=-93|rsrq=-14|snr=-1,-93,-14,-1
ucc-static-88f027729cf13aeb,88f027729cf13aeb,Netflix,animated-RickandMorty,63,8,0,123,124,1,rsrp=-94|rsrq=-13|snr=-2,-94,-13,-2
ucc-static-88f027729cf13aeb,88f027729cf13aeb,Netflix,animated-RickandMorty,64,9,1,125,126,1,rsrp=-94|rsrq=-13|snr=-2,-94,-13,-2
ucc-static-88f027729cf13aeb,88f027729cf13aeb,Netflix,animated-RickandMorty,65,9,0,126,128,2,rsrp=-94|rsrq=-15|snr=-2,-94,-15,-2
ucc-static-88f027729cf13aeb,88f027729cf13aeb,Netflix,animated-RickandMorty,66,9,0,128,130,2,rsrp=-92|rsrq=-17|snr=-10,-92,-17,-10
ucc-static-88f027729cf13aeb,88f027729cf13aeb,Netflix,animated-RickandMorty,67,9,0,130,132,2,rsrp=-90|rsrq=-12|snr=0,-90,-12,0
ucc-static-88f027729cf13aeb,88f027729cf13aeb,Netflix,animated-RickandMorty,68,9,0,132,134,2,rsrp=-90|rsrq=-11|snr=3,-90,-11,3
ucc-static-88f027729cf13aeb,88f027729cf13aeb,Netflix,animated-RickandMorty,69,9,0,134,136,2,rsrp=-90|rsrq=-10|snr=-1,-90,-10,-1
ucc-static-88f027729cf13aeb,88f027729cf13aeb,Netflix,animated-RickandMorty,70,9,0,136,138,2,rsrp=-90|rsrq=-10|snr=2,-90,-10,2
ucc-static-88f027729cf13aeb,88f027729cf13aeb,Netflix,animated-RickandMorty,71,9,0,138,139,1,rsrp=-89|rsrq=-13|snr=3,-89,-13,3
ucc-static-88f027729cf13aeb,88f027729cf13aeb,Netflix,animated-RickandMorty,72,10,1,140,141,1,rsrp=-89|rsrq=-13|snr=3,-89,-13,3
ucc-static-88f027729cf13aeb,88f027729cf13aeb,Netflix,animated-RickandMorty,73,10,0,141,143,2,rsrp=-89|rsrq=-14|snr=-3,-89,-14,-3
ucc-static-88f027729cf13aeb,88f027729cf13aeb,Netflix,animated-RickandMorty,74,10,0,143,145,2,rsrp=-90|rsrq=-12|snr=2,-90,-12,2
ucc-static-88f027729cf13aeb,88f027729cf13aeb,Netflix,animated-RickandMorty,75,10,0,145,147,2,rsrp=-89|rsrq=-12|snr=1,-89,-12,1
ucc-static-88f027729cf13aeb,88f027729cf13aeb,Netflix,animated-RickandMorty,76,10,0,147,149,2,rsrp=-89|rsrq=-11|snr=7,-89,-11,7
ucc-static-88f027729cf13aeb,88f027729cf13aeb,Netflix,animated-RickandMorty,77,10,0,149,151,2,rsrp=-89|rsrq=-16|snr=-8,-89,-16,-8
ucc-static-88f027729cf13aeb,88f027729cf13aeb,Netflix,animated-RickandMorty,78,10,0,151,153,2,rsrp=-90|rsrq=-12|snr=2,-90,-12,2
ucc-static-88f027729cf13aeb,88f027729cf13aeb,Netflix,animated-RickandMorty,79,11,1,154,158,4,rsrp=-89|rsrq=-12|snr=3,-89,-12,3
ucc-static-88f027729cf13aeb,88f027729cf13aeb,Netflix,animated-RickandMorty,80,11,0,158,160,2,rsrp=-89|rsrq=-10|snr=7,-89,-10,7
ucc-static-88f027729cf13aeb,88f027729cf13aeb,Netflix,animated-RickandMorty,81,11,0,160,162,2,rsrp=-89|rsrq=-13|snr=-4,-89,-13,-4
ucc-static-88f027729cf13aeb,88f027729cf13aeb,Netflix,animated-RickandMorty,82,11,0,162,164,2,rsrp=-89|rsrq=-15|snr=-4,-89,-15,-4
ucc-static-88f027729cf13aeb,88f027729cf13aeb,Netflix,animated-RickandMorty,83,11,0,164,166,2,rsrp=-89|rsrq=-14|snr=-2,-89,-14,-2
ucc-static-88f027729cf13aeb,88f027729cf13aeb,Netflix,animated-RickandMorty,84,12,1,167,169,2,rsrp=-89|rsrq=-13|snr=2,-89,-13,2
ucc-static-88f027729cf13aeb,88f027729cf13aeb,Netflix,animated-RickandMorty,85,12,0,169,171,2,rsrp=-89|rsrq=-12|snr=-1,-89,-12,-1
ucc-static-88f027729cf13aeb,88f027729cf13aeb,Netflix,animated-RickandMorty,86,12,0,171,173,2,rsrp=-89|rsrq=-14|snr=2,-89,-14,2
ucc-static-88f027729cf13aeb,88f027729cf13aeb,Netflix,animated-RickandMorty,87,12,0,173,175,2,rsrp=-89|rsrq=-15|snr=-6,-89,-15,-6
ucc-static-88f027729cf13aeb,88f027729cf13aeb,Netflix,animated-RickandMorty,88,12,0,175,177,2,rsrp=-90|rsrq=-15|snr=0,-90,-15,0
ucc-static-88f027729cf13aeb,88f027729cf13aeb,Netflix,animated-RickandMorty,89,12,0,177,179,2,rsrp=-90|rsrq=-13|snr=1,-90,-13,1
ucc-static-88f027729cf13aeb,88f027729cf13aeb,Netflix,animated-RickandMorty,90,12,0,179,180,1,rsrp=-89|rsrq=-16|snr=1,-89,-16,1
ucc-static-9879d08c2a797a39,9879d08c2a797a39,Amazon_Prime,Season3-TheExpanse,0,0,0,0,2,2,rsrp=-100|rsrq=-11|snr=-2,-100,-11,-2
ucc-static-9879d08c2a797a39,9879d08c2a797a39,Amazon_Prime,Season3-TheExpanse,1,0,0,2,4,2,rsrp=-100|rsrq=-10|snr=-5,-100,-10,-5
ucc-static-9879d08c2a797a39,9879d08c2a797a39,Amazon_Prime,Season3-TheExpanse,2,0,0,4,6,2,rsrp=-99|rsrq=-10|snr=1,-99,-10,1
ucc-static-9879d08c2a797a39,9879d08c2a797a39,Amazon_Prime,Season3-TheExpanse,3,0,0,6,8,2,rsrp=-101|rsrq=-16|snr=-2,-101,-16,-2
ucc-static-9879d08c2a797a39,9879d08c2a797a39,Amazon_Prime,Season3-TheExpanse,4,0,0,8,10,2,rsrp=-100|rsrq=-11|snr=-4,-100,-11,-4
ucc-static-9879d08c2a797a39,9879d08c2a797a39,Amazon_Prime,Season3-TheExpanse,5,0,0,10,12,2,rsrp=-100|rsrq=-10|snr=1,-100,-10,1
ucc-static-9879d08c2a797a39,9879d08c2a797a39,Amazon_Prime,Season3-TheExpanse,6,1,1,13,15,2,rsrp=-100|rsrq=-13|snr=3,-100,-13,3
ucc-static-9879d08c2a797a39,9879d08c2a797a39,Amazon_Prime,Season3-TheExpanse,7,1,0,15,17,2,rsrp=-100|rsrq=-10|snr=7,-100,-10,7
ucc-static-9879d08c2a797a39,9879d08c2a797a39,Amazon_Prime,Season3-TheExpanse,8,1,0,17,19,2,rsrp=-100|rsrq=-11|snr=4,-100,-11,4
ucc-static-9879d08c2a797a39,9879d08c2a797a39,Amazon_Prime,Season3-TheExpanse,9,1,0,19,21,2,rsrp=-100|rsrq=-12|snr=4,-100,-12,4
ucc-static-9879d08c2a797a39,9879d08c2a797a39,Amazon_Prime,Season3-TheExpanse,10,1,0,21,23,2,rsrp=-99|rsrq=-11|snr=8,-99,-11,8
ucc-static-9879d08c2a797a39,9879d08c2a797a39,Amazon_Prime,Season3-TheExpanse,11,1,0,23,25,2,rsrp=-100|rsrq=-11|snr=10,-100,-11,10
ucc-static-9879d08c2a797a39,9879d08c2a797a39,Amazon_Prime,Season3-TheExpanse,12,2,1,26,28,2,rsrp=-99|rsrq=-10|snr=-4,-99,-10,-4
ucc-static-9879d08c2a797a39,9879d08c2a797a39,Amazon_Prime,Season3-TheExpanse,13,2,0,28,30,2,rsrp=-99|rsrq=-11|snr=10,-99,-11,10
ucc-static-9879d08c2a797a39,9879d08c2a797a39,Amazon_Prime,Season3-TheExpanse,14,2,0,30,32,2,rsrp=-99|rsrq=-11|snr=3,-99,-11,3
ucc-static-9879d08c2a797a39,9879d08c2a797a39,Amazon_Prime,Season3-TheExpanse,15,2,0,32,34,2,rsrp=-99|rsrq=-14|snr=-1,-99,-14,-1
ucc-static-9879d08c2a797a39,9879d08c2a797a39,Amazon_Prime,Season3-TheExpanse,16,2,0,34,36,2,rsrp=-100|rsrq=-12|snr=2,-100,-12,2
ucc-static-9879d08c2a797a39,9879d08c2a797a39,Amazon_Prime,Season3-TheExpanse,17,2,0,36,38,2,rsrp=-100|rsrq=-11|snr=3,-100,-11,3
ucc-static-9879d08c2a797a39,9879d08c2a797a39,Amazon_Prime,Season3-TheExpanse,18,3,1,39,41,2,rsrp=-100|rsrq=-11|snr=11,-100,-11,11
ucc-static-9879d08c2a797a39,9879d08c2a797a39,Amazon_Prime,Season3-TheExpanse,19,3,0,41,43,2,rsrp=-100|rsrq=-11|snr=5,-100,-11,5
ucc-static-9879d08c2a797a39,9879d08c2a797a39,Amazon_Prime,Season3-TheExpanse,20,3,0,43,45,2,rsrp=-100|rsrq=-14|snr=7,-100,-14,7
ucc-static-9879d08c2a797a39,9879d08c2a797a39,Amazon_Prime,Season3-TheExpanse,21,3,0,45,47,2,rsrp=-100|rsrq=-10|snr=9,-100,-10,9
ucc-static-9879d08c2a797a39,9879d08c2a797a39,Amazon_Prime,Season3-TheExpanse,22,3,0,47,49,2,rsrp=-100|rsrq=-10|snr=4,-100,-10,4
ucc-static-9879d08c2a797a39,9879d08c2a797a39,Amazon_Prime,Season3-TheExpanse,23,3,0,49,50,1,rsrp=-100|rsrq=-11|snr=5,-100,-11,5
ucc-static-9879d08c2a797a39,9879d08c2a797a39,Amazon_Prime,Season3-TheExpanse,24,4,1,51,52,1,rsrp=-100|rsrq=-11|snr=5,-100,-11,5
ucc-static-9879d08c2a797a39,9879d08c2a797a39,Amazon_Prime,Season3-TheExpanse,25,4,0,52,54,2,rsrp=-100|rsrq=-12|snr=6,-100,-12,6
ucc-static-9879d08c2a797a39,9879d08c2a797a39,Amazon_Prime,Season3-TheExpanse,26,4,0,54,56,2,rsrp=-100|rsrq=-11|snr=6,-100,-11,6
ucc-static-9879d08c2a797a39,9879d08c2a797a39,Amazon_Prime,Season3-TheExpanse,27,4,0,56,58,2,rsrp=-99|rsrq=-15|snr=-1,-99,-15,-1
ucc-static-9879d08c2a797a39,9879d08c2a797a39,Amazon_Prime,Season3-TheExpanse,28,4,0,58,60,2,rsrp=-99|rsrq=-12|snr=3,-99,-12,3
ucc-static-9879d08c2a797a39,9879d08c2a797a39,Amazon_Prime,Season3-TheExpanse,29,4,0,60,62,2,rsrp=-100|rsrq=-13|snr=-1,-100,-13,-1
ucc-static-9879d08c2a797a39,9879d08c2a797a39,Amazon_Prime,Season3-TheExpanse,30,4,0,62,63,1,rsrp=-98|rsrq=-12|snr=-2,-98,-12,-2
ucc-static-9879d08c2a797a39,9879d08c2a797a39,Amazon_Prime,Season3-TheExpanse,31,5,1,64,65,1,rsrp=-98|rsrq=-12|snr=-2,-98,-12,-2
ucc-static-9879d08c2a797a39,9879d08c2a797a39,Amazon_Prime,Season3-TheExpanse,32,5,0,65,67,2,rsrp=-98|rsrq=-16|snr=-2,-98,-16,-2
ucc-static-9879d08c2a797a39,9879d08c2a797a39,Amazon_Prime,Season3-TheExpanse,33,5,0,67,69,2,rsrp=-99|rsrq=-13|snr=2,-99,-13,2
ucc-static-9879d08c2a797a39,9879d08c2a797a39,Amazon_Prime,Season3-TheExpanse,34,5,0,69,71,2,rsrp=-99|rsrq=-14|snr=-2,-99,-14,-2
ucc-static-9879d08c2a797a39,9879d08c2a797a39,Amazon_Prime,Season3-TheExpanse,35,5,0,71,73,2,rsrp=-98|rsrq=-11|snr=1,-98,-11,1
ucc-static-9879d08c2a797a39,9879d08c2a797a39,Amazon_Prime,Season3-TheExpanse,36,5,0,73,75,2,rsrp=-98|rsrq=-11|snr=-1,-98,-11,-1
ucc-static-9879d08c2a797a39,9879d08c2a797a39,Amazon_Prime,Season3-TheExpanse,37,5,0,75,76,1,rsrp=-99|rsrq=-13|snr=7,-99,-13,7
ucc-static-9879d08c2a797a39,9879d08c2a797a39,Amazon_Prime,Season3-TheExpanse,38,6,1,77,78,1,rsrp=-99|rsrq=-13|snr=7,-99,-13,7
ucc-static-9879d08c2a797a39,9879d08c2a797a39,Amazon_Prime,Season3-TheExpanse,39,6,0,78,80,2,rsrp=-99|rsrq=-10|snr=11,-99,-10,11
ucc-static-9879d08c2a797a39,9879d08c2a797a39,Amazon_Prime,Season3-TheExpanse,40,6,0,80,82,2,rsrp=-99|rsrq=-10|snr=6,-99,-10,6
ucc-static-9879d08c2a797a39,9879d08c2a797a39,Amazon_Prime,Season3-TheExpanse,41,6,0,82,84,2,rsrp=-99|rsrq=-11|snr=2,-99,-11,2
ucc-static-9879d08c2a797a39,9879d08c2a797a39,Amazon_Prime,Season3-TheExpanse,42,6,0,84,86,2,rsrp=-100|rsrq=-12|snr=3,-100,-12,3
ucc-static-9879d08c2a797a39,9879d08c2a797a39,Amazon_Prime,Season3-TheExpanse,43,6,0,86,88,2,rsrp=-100|rsrq=-10|snr=4,-100,-10,4
ucc-static-9879d08c2a797a39,9879d08c2a797a39,Amazon_Prime,Season3-TheExpanse,44,6,0,88,89,1,rsrp=-99|rsrq=-11|snr=0,-99,-11,0
ucc-static-9879d08c2a797a39,9879d08c2a797a39,Amazon_Prime,Season3-TheExpanse,45,7,1,90,91,1,rsrp=-99|rsrq=-11|snr=0,-99,-11,0
ucc-static-9879d08c2a797a39,9879d08c2a797a39,Amazon_Prime,Season3-TheExpanse,46,7,0,91,93,2,rsrp=-100|rsrq=-11|snr=4,-100,-11,4
ucc-static-9879d08c2a797a39,9879d08c2a797a39,Amazon_Prime,Season3-TheExpanse,47,7,0,93,95,2,rsrp=-99|rsrq=-13|snr=-2,-99,-13,-2
ucc-static-9879d08c2a797a39,9879d08c2a797a39,Amazon_Prime,Season3-TheExpanse,48,7,0,95,97,2,rsrp=-99|rsrq=-10|snr=5,-99,-10,5
ucc-static-9879d08c2a797a39,9879d08c2a797a39,Amazon_Prime,Season3-TheExpanse,49,7,0,97,99,2,rsrp=-99|rsrq=-11|snr=9,-99,-11,9
ucc-static-9879d08c2a797a39,9879d08c2a797a39,Amazon_Prime,Season3-TheExpanse,50,7,0,99,101,2,rsrp=-100|rsrq=-12|snr=4,-100,-12,4
ucc-static-9879d08c2a797a39,9879d08c2a797a39,Amazon_Prime,Season3-TheExpanse,51,7,0,101,102,1,rsrp=-100|rsrq=-11|snr=5,-100,-11,5
ucc-static-9879d08c2a797a39,9879d08c2a797a39,Amazon_Prime,Season3-TheExpanse,52,8,1,103,104,1,rsrp=-100|rsrq=-11|snr=5,-100,-11,5
ucc-static-9879d08c2a797a39,9879d08c2a797a39,Amazon_Prime,Season3-TheExpanse,53,8,0,104,106,2,rsrp=-100|rsrq=-11|snr=3,-100,-11,3
ucc-static-9879d08c2a797a39,9879d08c2a797a39,Amazon_Prime,Season3-TheExpanse,54,8,0,106,108,2,rsrp=-100|rsrq=-9|snr=0,-100,-9,0
ucc-static-9879d08c2a797a39,9879d08c2a797a39,Amazon_Prime,Season3-TheExpanse,55,8,0,108,110,2,rsrp=-98|rsrq=-10|snr=4,-98,-10,4
ucc-static-9879d08c2a797a39,9879d08c2a797a39,Amazon_Prime,Season3-TheExpanse,56,8,0,110,112,2,rsrp=-98|rsrq=-10|snr=8,-98,-10,8
ucc-static-9879d08c2a797a39,9879d08c2a797a39,Amazon_Prime,Season3-TheExpanse,57,8,0,112,114,2,rsrp=-99|rsrq=-11|snr=4,-99,-11,4
ucc-static-9879d08c2a797a39,9879d08c2a797a39,Amazon_Prime,Season3-TheExpanse,58,9,1,115,117,2,rsrp=-98|rsrq=-12|snr=9,-98,-12,9
ucc-static-9879d08c2a797a39,9879d08c2a797a39,Amazon_Prime,Season3-TheExpanse,59,9,0,117,119,2,rsrp=-99|rsrq=-12|snr=-1,-99,-12,-1
ucc-static-9879d08c2a797a39,9879d08c2a797a39,Amazon_Prime,Season3-TheExpanse,60,9,0,119,123,4,rsrp=-98|rsrq=-10|snr=1,-98,-10,1
ucc-static-9879d08c2a797a39,9879d08c2a797a39,Amazon_Prime,Season3-TheExpanse,61,9,0,123,125,2,rsrp=-98|rsrq=-13|snr=-1,-98,-13,-1
ucc-static-9879d08c2a797a39,9879d08c2a797a39,Amazon_Prime,Season3-TheExpanse,62,9,0,125,127,2,rsrp=-98|rsrq=-13|snr=1,-98,-13,1
ucc-static-9879d08c2a797a39,9879d08c2a797a39,Amazon_Prime,Season3-TheExpanse,63,9,0,127,128,1,rsrp=-98|rsrq=-14|snr=1,-98,-14,1
ucc-static-9879d08c2a797a39,9879d08c2a797a39,Amazon_Prime,Season3-TheExpanse,64,10,1,129,130,1,rsrp=-98|rsrq=-14|snr=1,-98,-14,1
ucc-static-9879d08c2a797a39,9879d08c2a797a39,Amazon_Prime,Season3-TheExpanse,65,10,0,130,132,2,rsrp=-98|rsrq=-13|snr=8,-98,-13,8
ucc-static-9879d08c2a797a39,9879d08c2a797a39,Amazon_Prime,Season3-TheExpanse,66,10,0,132,134,2,rsrp=-99|rsrq=-13|snr=0,-99,-13,0
ucc-static-9879d08c2a797a39,9879d08c2a797a39,Amazon_Prime,Season3-TheExpanse,67,10,0,134,136,2,rsrp=-99|rsrq=-15|snr=-4,-99,-15,-4
ucc-static-9879d08c2a797a39,9879d08c2a797a39,Amazon_Prime,Season3-TheExpanse,68,10,0,136,138,2,rsrp=-99|rsrq=-13|snr=4,-99,-13,4
ucc-static-9879d08c2a797a39,9879d08c2a797a39,Amazon_Prime,Season3-TheExpanse,69,10,0,138,140,2,rsrp=-100|rsrq=-15|snr=-1,-100,-15,-1
ucc-static-9879d08c2a797a39,9879d08c2a797a39,Amazon_Prime,Season3-TheExpanse,70,11,1,141,143,2,rsrp=-99|rsrq=-15|snr=1,-99,-15,1
ucc-static-9879d08c2a797a39,9879d08c2a797a39,Amazon_Prime,Season3-TheExpanse,71,11,0,143,145,2,rsrp=-99|rsrq=-14|snr=2,-99,-14,2
ucc-static-9879d08c2a797a39,9879d08c2a797a39,Amazon_Prime,Season3-TheExpanse,72,11,0,145,147,2,rsrp=-100|rsrq=-13|snr=0,-100,-13,0
ucc-static-9879d08c2a797a39,9879d08c2a797a39,Amazon_Prime,Season3-TheExpanse,73,11,0,147,149,2,rsrp=-100|rsrq=-14|snr=-1,-100,-14,-1
ucc-static-9879d08c2a797a39,9879d08c2a797a39,Amazon_Prime,Season3-TheExpanse,74,11,0,149,151,2,rsrp=-100|rsrq=-14|snr=1,-100,-14,1
ucc-static-9879d08c2a797a39,9879d08c2a797a39,Amazon_Prime,Season3-TheExpanse,75,11,0,151,153,2,rsrp=-100|rsrq=-14|snr=0,-100,-14,0
ucc-static-9879d08c2a797a39,9879d08c2a797a39,Amazon_Prime,Season3-TheExpanse,76,12,1,154,156,2,rsrp=-99|rsrq=-14|snr=-1,-99,-14,-1
ucc-static-9879d08c2a797a39,9879d08c2a797a39,Amazon_Prime,Season3-TheExpanse,77,12,0,156,158,2,rsrp=-99|rsrq=-13|snr=3,-99,-13,3
ucc-static-9879d08c2a797a39,9879d08c2a797a39,Amazon_Prime,Season3-TheExpanse,78,12,0,158,160,2,rsrp=-99|rsrq=-13|snr=-2,-99,-13,-2
ucc-static-9879d08c2a797a39,9879d08c2a797a39,Amazon_Prime,Season3-TheExpanse,79,12,0,160,162,2,rsrp=-100|rsrq=-15|snr=3,-100,-15,3
ucc-static-9879d08c2a797a39,9879d08c2a797a39,Amazon_Prime,Season3-TheExpanse,80,12,0,162,164,2,rsrp=-100|rsrq=-15|snr=-3,-100,-15,-3
ucc-static-9879d08c2a797a39,9879d08c2a797a39,Amazon_Prime,Season3-TheExpanse,81,12,0,164,166,2,rsrp=-100|rsrq=-15|snr=3,-100,-15,3
ucc-static-9879d08c2a797a39,9879d08c2a797a39,Amazon_Prime,Season3-TheExpanse,82,13,1,167,169,2,rsrp=-99|rsrq=-11|snr=6,-99,-11,6
ucc-static-9879d08c2a797a39,9879d08c2a797a39,Amazon_Prime,Season3-TheExpanse,83,13,0,169,171,2,rsrp=-100|rsrq=-12|snr=-1,-100,-12,-1
ucc-static-9879d08c2a797a39,9879d08c2a797a39,Amazon_Prime,Season3-TheExpanse,84,13,0,171,173,2,rsrp=-98|rsrq=-12|snr=3,-98,-12,3
ucc-static-9879d08c2a797a39,9879d08c2a797a39,Amazon_Prime,Season3-TheExpanse,85,13,0,173,175,2,rsrp=-98|rsrq=-11|snr=8,-98,-11,8
ucc-static-9879d08c2a797a39,9879d08c2a797a39,Amazon_Prime,Season3-TheExpanse,86,13,0,175,177,2,rsrp=-98|rsrq=-10|snr=5,-98,-10,5
ucc-static-9879d08c2a797a39,9879d08c2a797a39,Amazon_Prime,Season3-TheExpanse,87,13,0,177,179,2,rsrp=-99|rsrq=-11|snr=-1,-99,-11,-1
ucc-static-9879d08c2a797a39,9879d08c2a797a39,Amazon_Prime,Season3-TheExpanse,88,13,0,179,180,1,rsrp=-99|rsrq=-9|snr=2,-99,-9,2
ucc-static-98b9b98d701e5aa3,98b9b98d701e5aa3,Amazon_Prime,Season3-TheExpanse,0,0,0,0,2,2,rsrp=-99|rsrq=-15|snr=5,-99,-15,5
ucc-static-98b9b98d701e5aa3,98b9b98d701e5aa3,Amazon_Prime,Season3-TheExpanse,1,0,0,2,4,2,rsrp=-99|rsrq=-13|snr=7,-99,-13,7
ucc-static-98b9b98d701e5aa3,98b9b98d701e5aa3,Amazon_Prime,Season3-TheExpanse,2,0,0,4,6,2,rsrp=-99|rsrq=-15|snr=1,-99,-15,1
ucc-static-98b9b98d701e5aa3,98b9b98d701e5aa3,Amazon_Prime,Season3-TheExpanse,3,0,0,6,8,2,rsrp=-99|rsrq=-15|snr=8,-99,-15,8
ucc-static-98b9b98d701e5aa3,98b9b98d701e5aa3,Amazon_Prime,Season3-TheExpanse,4,0,0,8,10,2,rsrp=-98|rsrq=-15|snr=4,-98,-15,4
ucc-static-98b9b98d701e5aa3,98b9b98d701e5aa3,Amazon_Prime,Season3-TheExpanse,5,0,0,10,12,2,rsrp=-99|rsrq=-14|snr=2,-99,-14,2
ucc-static-98b9b98d701e5aa3,98b9b98d701e5aa3,Amazon_Prime,Season3-TheExpanse,6,0,0,12,14,2,rsrp=-98|rsrq=-14|snr=3,-98,-14,3
ucc-static-98b9b98d701e5aa3,98b9b98d701e5aa3,Amazon_Prime,Season3-TheExpanse,7,1,1,15,17,2,rsrp=-98|rsrq=-12|snr=2,-98,-12,2
ucc-static-98b9b98d701e5aa3,98b9b98d701e5aa3,Amazon_Prime,Season3-TheExpanse,8,1,0,17,19,2,rsrp=-98|rsrq=-13|snr=5,-98,-13,5
ucc-static-98b9b98d701e5aa3,98b9b98d701e5aa3,Amazon_Prime,Season3-TheExpanse,9,1,0,19,21,2,rsrp=-99|rsrq=-13|snr=6,-99,-13,6
ucc-static-98b9b98d701e5aa3,98b9b98d701e5aa3,Amazon_Prime,Season3-TheExpanse,10,1,0,21,23,2,rsrp=-99|rsrq=-12|snr=4,-99,-12,4
ucc-static-98b9b98d701e5aa3,98b9b98d701e5aa3,Amazon_Prime,Season3-TheExpanse,11,1,0,23,25,2,rsrp=-98|rsrq=-13|snr=5,-98,-13,5
ucc-static-98b9b98d701e5aa3,98b9b98d701e5aa3,Amazon_Prime,Season3-TheExpanse,12,1,0,25,27,2,rsrp=-99|rsrq=-14|snr=7,-99,-14,7
ucc-static-98b9b98d701e5aa3,98b9b98d701e5aa3,Amazon_Prime,Season3-TheExpanse,13,1,0,27,28,1,rsrp=-99|rsrq=-13|snr=9,-99,-13,9
ucc-static-98b9b98d701e5aa3,98b9b98d701e5aa3,Amazon_Prime,Season3-TheExpanse,14,2,1,29,30,1,rsrp=-99|rsrq=-13|snr=9,-99,-13,9
ucc-static-98b9b98d701e5aa3,98b9b98d701e5aa3,Amazon_Prime,Season3-TheExpanse,15,2,0,30,32,2,rsrp=-98|rsrq=-13|snr=4,-98,-13,4
ucc-static-98b9b98d701e5aa3,98b9b98d701e5aa3,Amazon_Prime,Season3-TheExpanse,16,2,0,32,34,2,rsrp=-98|rsrq=-11|snr=5,-98,-11,5
ucc-static-98b9b98d701e5aa3,98b9b98d701e5aa3,Amazon_Prime,Season3-TheExpanse,17,2,0,34,36,2,rsrp=-98|rsrq=-13|snr=2,-98,-13,2
ucc-static-98b9b98d701e5aa3,98b9b98d701e5aa3,Amazon_Prime,Season3-TheExpanse,18,2,0,36,38,2,rsrp=-98|rsrq=-14|snr=9,-98,-14,9
ucc-static-98b9b98d701e5aa3,98b9b98d701e5aa3,Amazon_Prime,Season3-TheExpanse,19,2,0,38,40,2,rsrp=-98|rsrq=-10|snr=2,-98,-10,2
ucc-static-98b9b98d701e5aa3,98b9b98d701e5aa3,Amazon_Prime,Season3-TheExpanse,20,2,0,40,42,2,rsrp=-98|rsrq=-14|snr=12,-98,-14,12
ucc-static-98b9b98d701e5aa3,98b9b98d701e5aa3,Amazon_Prime,Season3-TheExpanse,21,3,1,43,45,2,rsrp=-99|rsrq=-16|snr=9,-99,-16,9
ucc-static-98b9b98d701e5aa3,98b9b98d701e5aa3,Amazon_Prime,Season3-TheExpanse,22,3,0,45,47,2,rsrp=-98|rsrq=-14|snr=1,-98,-14,1
ucc-static-98b9b98d701e5aa3,98b9b98d701e5aa3,Amazon_Prime,Season3-TheExpanse,23,3,0,47,49,2,rsrp=-97|rsrq=-15|snr=4,-97,-15,4
ucc-static-98b9b98d701e5aa3,98b9b98d701e5aa3,Amazon_Prime,Season3-TheExpanse,24,3,0,49,51,2,rsrp=-98|rsrq=-15|snr=5,-98,-15,5
ucc-static-98b9b98d701e5aa3,98b9b98d701e5aa3,Amazon_Prime,Season3-TheExpanse,25,3,0,51,53,2,rsrp=-98|rsrq=-15|snr=2,-98,-15,2
ucc-static-98b9b98d701e5aa3,98b9b98d701e5aa3,Amazon_Prime,Season3-TheExpanse,26,3,0,53,55,2,rsrp=-97|rsrq=-16|snr=10,-97,-16,10
ucc-static-98b9b98d701e5aa3,98b9b98d701e5aa3,Amazon_Prime,Season3-TheExpanse,27,3,0,55,56,1,rsrp=-97|rsrq=-14|snr=9,-97,-14,9
ucc-static-98b9b98d701e5aa3,98b9b98d701e5aa3,Amazon_Prime,Season3-TheExpanse,28,4,1,57,58,1,rsrp=-97|rsrq=-14|snr=9,-97,-14,9
ucc-static-98b9b98d701e5aa3,98b9b98d701e5aa3,Amazon_Prime,Season3-TheExpanse,29,4,0,58,60,2,rsrp=-97|rsrq=-12|snr=1,-97,-12,1
ucc-static-98b9b98d701e5aa3,98b9b98d701e5aa3,Amazon_Prime,Season3-TheExpanse,30,4,0,60,62,2,rsrp=-97|rsrq=-12|snr=4,-97,-12,4
ucc-static-98b9b98d701e5aa3,98b9b98d701e5aa3,Amazon_Prime,Season3-TheExpanse,31,4,0,62,64,2,rsrp=-97|rsrq=-14|snr=8,-97,-14,8
ucc-static-98b9b98d701e5aa3,98b9b98d701e5aa3,Amazon_Prime,Season3-TheExpanse,32,4,0,64,66,2,rsrp=-99|rsrq=-15|snr=7,-99,-15,7
ucc-static-98b9b98d701e5aa3,98b9b98d701e5aa3,Amazon_Prime,Season3-TheExpanse,33,4,0,66,68,2,rsrp=-99|rsrq=-15|snr=3,-99,-15,3
ucc-static-98b9b98d701e5aa3,98b9b98d701e5aa3,Amazon_Prime,Season3-TheExpanse,34,4,0,68,70,2,rsrp=-99|rsrq=-11|snr=4,-99,-11,4
ucc-static-98b9b98d701e5aa3,98b9b98d701e5aa3,Amazon_Prime,Season3-TheExpanse,35,5,1,71,73,2,rsrp=-98|rsrq=-11|snr=8,-98,-11,8
ucc-static-98b9b98d701e5aa3,98b9b98d701e5aa3,Amazon_Prime,Season3-TheExpanse,36,5,0,73,75,2,rsrp=-98|rsrq=-12|snr=9,-98,-12,9
ucc-static-98b9b98d701e5aa3,98b9b98d701e5aa3,Amazon_Prime,Season3-TheExpanse,37,5,0,75,77,2,rsrp=-98|rsrq=-12|snr=5,-98,-12,5
ucc-static-98b9b98d701e5aa3,98b9b98d701e5aa3,Amazon_Prime,Season3-TheExpanse,38,5,0,77,79,2,rsrp=-97|rsrq=-13|snr=5,-97,-13,5
ucc-static-98b9b98d701e5aa3,98b9b98d701e5aa3,Amazon_Prime,Season3-TheExpanse,39,5,0,79,81,2,rsrp=-99|rsrq=-13|snr=2,-99,-13,2
ucc-static-98b9b98d701e5aa3,98b9b98d701e5aa3,Amazon_Prime,Season3-TheExpanse,40,5,0,81,83,2,rsrp=-98|rsrq=-11|snr=11,-98,-11,11
ucc-static-98b9b98d701e5aa3,98b9b98d701e5aa3,Amazon_Prime,Season3-TheExpanse,41,5,0,83,84,1,rsrp=-98|rsrq=-13|snr=12,-98,-13,12
ucc-static-98b9b98d701e5aa3,98b9b98d701e5aa3,Amazon_Prime,Season3-TheExpanse,42,6,1,85,86,1,rsrp=-98|rsrq=-13|snr=12,-98,-13,12
ucc-static-98b9b98d701e5aa3,98b9b98d701e5aa3,Amazon_Prime,Season3-TheExpanse,43,6,0,86,88,2,rsrp=-98|rsrq=-11|snr=8,-98,-11,8
ucc-static-98b9b98d701e5aa3,98b9b98d701e5aa3,Amazon_Prime,Season3-TheExpanse,44,6,0,88,90,2,rsrp=-98|rsrq=-14|snr=7,-98,-14,7
ucc-static-98b9b98d701e5aa3,98b9b98d701e5aa3,Amazon_Prime,Season3-TheExpanse,45,6,0,90,92,2,rsrp=-98|rsrq=-14|snr=4,-98,-14,4
ucc-static-98b9b98d701e5aa3,98b9b98d701e5aa3,Amazon_Prime,Season3-TheExpanse,46,6,0,92,94,2,rsrp=-98|rsrq=-17|snr=0,-98,-17,0
ucc-static-98b9b98d701e5aa3,98b9b98d701e5aa3,Amazon_Prime,Season3-TheExpanse,47,6,0,94,96,2,rsrp=-98|rsrq=-17|snr=6,-98,-17,6
ucc-static-98b9b98d701e5aa3,98b9b98d701e5aa3,Amazon_Prime,Season3-TheExpanse,48,6,0,96,98,2,rsrp=-98|rsrq=-18|snr=1,-98,-18,1
ucc-static-98b9b98d701e5aa3,98b9b98d701e5aa3,Amazon_Prime,Season3-TheExpanse,49,7,1,99,101,2,rsrp=-98|rsrq=-15|snr=5,-98,-15,5
ucc-static-98b9b98d701e5aa3,98b9b98d701e5aa3,Amazon_Prime,Season3-TheExpanse,50,7,0,101,103,2,rsrp=-97|rsrq=-16|snr=9,-97,-16,9
ucc-static-98b9b98d701e5aa3,98b9b98d701e5aa3,Amazon_Prime,Season3-TheExpanse,51,7,0,103,105,2,rsrp=-99|rsrq=-16|snr=3,-99,-16,3
ucc-static-98b9b98d701e5aa3,98b9b98d701e5aa3,Amazon_Prime,Season3-TheExpanse,52,7,0,105,107,2,rsrp=-98|rsrq=-16|snr=1,-98,-16,1
ucc-static-98b9b98d701e5aa3,98b9b98d701e5aa3,Amazon_Prime,Season3-TheExpanse,53,7,0,107,109,2,rsrp=-98|rsrq=-17|snr=3,-98,-17,3
ucc-static-98b9b98d701e5aa3,98b9b98d701e5aa3,Amazon_Prime,Season3-TheExpanse,54,7,0,109,111,2,rsrp=-98|rsrq=-15|snr=6,-98,-15,6
ucc-static-98b9b98d701e5aa3,98b9b98d701e5aa3,Amazon_Prime,Season3-TheExpanse,55,8,1,112,114,2,rsrp=-98|rsrq=-14|snr=4,-98,-14,4
ucc-static-98b9b98d701e5aa3,98b9b98d701e5aa3,Amazon_Prime,Season3-TheExpanse,56,8,0,114,116,2,rsrp=-98|rsrq=-12|snr=2,-98,-12,2
ucc-static-98b9b98d701e5aa3,98b9b98d701e5aa3,Amazon_Prime,Season3-TheExpanse,57,8,0,116,118,2,rsrp=-97|rsrq=-11|snr=8,-97,-11,8
ucc-static-98b9b98d701e5aa3,98b9b98d701e5aa3,Amazon_Prime,Season3-TheExpanse,58,8,0,118,120,2,rsrp=-98|rsrq=-12|snr=11,-98,-12,11
ucc-static-98b9b98d701e5aa3,98b9b98d701e5aa3,Amazon_Prime,Season3-TheExpanse,59,8,0,120,122,2,rsrp=-99|rsrq=-14|snr=9,-99,-14,9
ucc-static-98b9b98d701e5aa3,98b9b98d701e5aa3,Amazon_Prime,Season3-TheExpanse,60,8,0,122,124,2,rsrp=-98|rsrq=-13|snr=9,-98,-13,9
ucc-static-98b9b98d701e5aa3,98b9b98d701e5aa3,Amazon_Prime,Season3-TheExpanse,61,8,0,124,125,1,rsrp=-98|rsrq=-16|snr=9,-98,-16,9
ucc-static-98b9b98d701e5aa3,98b9b98d701e5aa3,Amazon_Prime,Season3-TheExpanse,62,9,1,126,127,1,rsrp=-98|rsrq=-16|snr=9,-98,-16,9
ucc-static-98b9b98d701e5aa3,98b9b98d701e5aa3,Amazon_Prime,Season3-TheExpanse,63,9,0,127,129,2,rsrp=-98|rsrq=-16|snr=2,-98,-16,2
ucc-static-98b9b98d701e5aa3,98b9b98d701e5aa3,Amazon_Prime,Season3-TheExpanse,64,9,0,129,131,2,rsrp=-98|rsrq=-16|snr=6,-98,-16,6
ucc-static-98b9b98d701e5aa3,98b9b98d701e5aa3,Amazon_Prime,Season3-TheExpanse,65,9,0,131,133,2,rsrp=-98|rsrq=-15|snr=2,-98,-15,2
ucc-static-98b9b98d701e5aa3,98b9b98d701e5aa3,Amazon_Prime,Season3-TheExpanse,66,9,0,133,135,2,rsrp=-99|rsrq=-16|snr=2,-99,-16,2
ucc-static-98b9b98d701e5aa3,98b9b98d701e5aa3,Amazon_Prime,Season3-TheExpanse,67,9,0,135,137,2,rsrp=-99|rsrq=-16|snr=3,-99,-16,3
ucc-static-98b9b98d701e5aa3,98b9b98d701e5aa3,Amazon_Prime,Season3-TheExpanse,68,9,0,137,139,2,rsrp=-98|rsrq=-17|snr=3,-98,-17,3
ucc-static-98b9b98d701e5aa3,98b9b98d701e5aa3,Amazon_Prime,Season3-TheExpanse,69,10,1,140,142,2,rsrp=-98|rsrq=-18|snr=2,-98,-18,2
ucc-static-98b9b98d701e5aa3,98b9b98d701e5aa3,Amazon_Prime,Season3-TheExpanse,70,10,0,142,144,2,rsrp=-98|rsrq=-17|snr=-2,-98,-17,-2
ucc-static-98b9b98d701e5aa3,98b9b98d701e5aa3,Amazon_Prime,Season3-TheExpanse,71,10,0,144,148,4,rsrp=-98|rsrq=-14|snr=2,-98,-14,2
ucc-static-98b9b98d701e5aa3,98b9b98d701e5aa3,Amazon_Prime,Season3-TheExpanse,72,10,0,148,150,2,rsrp=-97|rsrq=-14|snr=3,-97,-14,3
ucc-static-98b9b98d701e5aa3,98b9b98d701e5aa3,Amazon_Prime,Season3-TheExpanse,73,10,0,150,152,2,rsrp=-98|rsrq=-12|snr=2,-98,-12,2
ucc-static-98b9b98d701e5aa3,98b9b98d701e5aa3,Amazon_Prime,Season3-TheExpanse,74,11,1,153,155,2,rsrp=-98|rsrq=-16|snr=3,-98,-16,3
ucc-static-98b9b98d701e5aa3,98b9b98d701e5aa3,Amazon_Prime,Season3-TheExpanse,75,11,0,155,157,2,rsrp=-98|rsrq=-18|snr=1,-98,-18,1
ucc-static-98b9b98d701e5aa3,98b9b98d701e5aa3,Amazon_Prime,Season3-TheExpanse,76,11,0,157,159,2,rsrp=-98|rsrq=-13|snr=4,-98,-13,4
ucc-static-98b9b98d701e5aa3,98b9b98d701e5aa3,Amazon_Prime,Season3-TheExpanse,77,11,0,159,161,2,rsrp=-98|rsrq=-14|snr=4,-98,-14,4
ucc-static-98b9b98d701e5aa3,98b9b98d701e5aa3,Amazon_Prime,Season3-TheExpanse,78,11,0,161,163,2,rsrp=-99|rsrq=-14|snr=3,-99,-14,3
ucc-static-98b9b98d701e5aa3,98b9b98d701e5aa3,Amazon_Prime,Season3-TheExpanse,79,11,0,163,165,2,rsrp=-101|rsrq=-18|snr=-2,-101,-18,-2
ucc-static-98b9b98d701e5aa3,98b9b98d701e5aa3,Amazon_Prime,Season3-TheExpanse,80,11,0,165,166,1,rsrp=-100|rsrq=-14|snr=3,-100,-14,3
ucc-static-98b9b98d701e5aa3,98b9b98d701e5aa3,Amazon_Prime,Season3-TheExpanse,81,12,1,167,168,1,rsrp=-100|rsrq=-14|snr=3,-100,-14,3
ucc-static-98b9b98d701e5aa3,98b9b98d701e5aa3,Amazon_Prime,Season3-TheExpanse,82,12,0,168,170,2,rsrp=-100|rsrq=-15|snr=2,-100,-15,2
ucc-static-98b9b98d701e5aa3,98b9b98d701e5aa3,Amazon_Prime,Season3-TheExpanse,83,12,0,170,172,2,rsrp=-100|rsrq=-13|snr=5,-100,-13,5
ucc-static-98b9b98d701e5aa3,98b9b98d701e5aa3,Amazon_Prime,Season3-TheExpanse,84,12,0,172,174,2,rsrp=-100|rsrq=-14|snr=1,-100,-14,1
ucc-static-98b9b98d701e5aa3,98b9b98d701e5aa3,Amazon_Prime,Season3-TheExpanse,85,12,0,174,176,2,rsrp=-100|rsrq=-17|snr=2,-100,-17,2
ucc-static-98b9b98d701e5aa3,98b9b98d701e5aa3,Amazon_Prime,Season3-TheExpanse,86,12,0,176,178,2,rsrp=-100|rsrq=-13|snr=3,-100,-13,3
ucc-static-98b9b98d701e5aa3,98b9b98d701e5aa3,Amazon_Prime,Season3-TheExpanse,87,12,0,178,180,2,rsrp=-100|rsrq=-14|snr=7,-100,-14,7
ucc-static-b3d3737b89de0369,b3d3737b89de0369,Netflix,Season3-StrangerThings,0,0,0,0,1,1,rsrp=-106|rsrq=-13|snr=6,-106,-13,6
ucc-static-b3d3737b89de0369,b3d3737b89de0369,Netflix,Season3-StrangerThings,1,0,0,1,3,2,rsrp=-107|rsrq=-14|snr=4,-107,-14,4
ucc-static-b3d3737b89de0369,b3d3737b89de0369,Netflix,Season3-StrangerThings,2,0,0,3,5,2,rsrp=-106|rsrq=-13|snr=1,-106,-13,1
ucc-static-b3d3737b89de0369,b3d3737b89de0369,Netflix,Season3-StrangerThings,3,0,0,5,7,2,rsrp=-103|rsrq=-14|snr=4,-103,-14,4
ucc-static-b3d3737b89de0369,b3d3737b89de0369,Netflix,Season3-StrangerThings,4,0,0,7,8,1,rsrp=-103|rsrq=-17|snr=2,-103,-17,2
ucc-static-b3d3737b89de0369,b3d3737b89de0369,Netflix,Season3-StrangerThings,5,1,1,9,10,1,rsrp=-103|rsrq=-17|snr=2,-103,-17,2
ucc-static-b3d3737b89de0369,b3d3737b89de0369,Netflix,Season3-StrangerThings,6,1,0,10,12,2,rsrp=-103|rsrq=-13|snr=10,-103,-13,10
ucc-static-b3d3737b89de0369,b3d3737b89de0369,Netflix,Season3-StrangerThings,7,1,0,12,14,2,rsrp=-104|rsrq=-14|snr=6,-104,-14,6
ucc-static-b3d3737b89de0369,b3d3737b89de0369,Netflix,Season3-StrangerThings,8,1,0,14,16,2,rsrp=-103|rsrq=-15|snr=2,-103,-15,2
ucc-static-b3d3737b89de0369,b3d3737b89de0369,Netflix,Season3-StrangerThings,9,1,0,16,18,2,rsrp=-102|rsrq=-16|snr=7,-102,-16,7
ucc-static-b3d3737b89de0369,b3d3737b89de0369,Netflix,Season3-StrangerThings,10,1,0,18,20,2,rsrp=-103|rsrq=-11|snr=5,-103,-11,5
ucc-static-b3d3737b89de0369,b3d3737b89de0369,Netflix,Season3-StrangerThings,11,1,0,20,22,2,rsrp=-102|rsrq=-12|snr=7,-102,-12,7
ucc-static-b3d3737b89de0369,b3d3737b89de0369,Netflix,Season3-StrangerThings,12,2,1,23,25,2,rsrp=-102|rsrq=-12|snr=0,-102,-12,0
ucc-static-b3d3737b89de0369,b3d3737b89de0369,Netflix,Season3-StrangerThings,13,2,0,25,27,2,rsrp=-102|rsrq=-12|snr=2,-102,-12,2
ucc-static-b3d3737b89de0369,b3d3737b89de0369,Netflix,Season3-StrangerThings,14,2,0,27,29,2,rsrp=-101|rsrq=-13|snr=3,-101,-13,3
ucc-static-b3d3737b89de0369,b3d3737b89de0369,Netflix,Season3-StrangerThings,15,2,0,29,31,2,rsrp=-101|rsrq=-12|snr=3,-101,-12,3
ucc-static-b3d3737b89de0369,b3d3737b89de0369,Netflix,Season3-StrangerThings,16,2,0,31,33,2,rsrp=-101|rsrq=-12|snr=7,-101,-12,7
ucc-static-b3d3737b89de0369,b3d3737b89de0369,Netflix,Season3-StrangerThings,17,2,0,33,35,2,rsrp=-101|rsrq=-13|snr=7,-101,-13,7
ucc-static-b3d3737b89de0369,b3d3737b89de0369,Netflix,Season3-StrangerThings,18,2,0,35,36,1,rsrp=-101|rsrq=-14|snr=2,-101,-14,2
ucc-static-b3d3737b89de0369,b3d3737b89de0369,Netflix,Season3-StrangerThings,19,3,1,37,38,1,rsrp=-101|rsrq=-14|snr=2,-101,-14,2
ucc-static-b3d3737b89de0369,b3d3737b89de0369,Netflix,Season3-StrangerThings,20,3,0,38,40,2,rsrp=-100|rsrq=-16|snr=3,-100,-16,3
ucc-static-b3d3737b89de0369,b3d3737b89de0369,Netflix,Season3-StrangerThings,21,3,0,40,42,2,rsrp=-100|rsrq=-11|snr=1,-100,-11,1
ucc-static-b3d3737b89de0369,b3d3737b89de0369,Netflix,Season3-StrangerThings,22,3,0,42,44,2,rsrp=-101|rsrq=-11|snr=2,-101,-11,2
ucc-static-b3d3737b89de0369,b3d3737b89de0369,Netflix,Season3-StrangerThings,23,3,0,44,46,2,rsrp=-101|rsrq=-15|snr=0,-101,-15,0
ucc-static-b3d3737b89de0369,b3d3737b89de0369,Netflix,Season3-StrangerThings,24,3,0,46,48,2,rsrp=-101|rsrq=-11|snr=5,-101,-11,5
ucc-static-b3d3737b89de0369,b3d3737b89de0369,Netflix,Season3-StrangerThings,25,3,0,48,49,1,rsrp=-100|rsrq=-10|snr=7,-100,-10,7
ucc-static-b3d3737b89de0369,b3d3737b89de0369,Netflix,Season3-StrangerThings,26,4,1,50,51,1,rsrp=-100|rsrq=-10|snr=7,-100,-10,7
ucc-static-b3d3737b89de0369,b3d3737b89de0369,Netflix,Season3-StrangerThings,27,4,0,51,53,2,rsrp=-105|rsrq=-12|snr=-5,-105,-12,-5
ucc-static-b3d3737b89de0369,b3d3737b89de0369,Netflix,Season3-StrangerThings,28,4,0,53,55,2,rsrp=-104|rsrq=-12|snr=3,-104,-12,3
ucc-static-b3d3737b89de0369,b3d3737b89de0369,Netflix,Season3-StrangerThings,29,4,0,55,57,2,rsrp=-104|rsrq=-11|snr=1,-104,-11,1
ucc-static-b3d3737b89de0369,b3d3737b89de0369,Netflix,Season3-StrangerThings,30,4,0,57,59,2,rsrp=-104|rsrq=-14|snr=2,-104,-14,2
ucc-static-b3d3737b89de0369,b3d3737b89de0369,Netflix,Season3-StrangerThings,31,4,0,59,61,2,rsrp=-104|rsrq=-13|snr=2,-104,-13,2
ucc-static-b3d3737b89de0369,b3d3737b89de0369,Netflix,Season3-StrangerThings,32,4,0,61,62,1,rsrp=-104|rsrq=-11|snr=4,-104,-11,4
ucc-static-b3d3737b89de0369,b3d3737b89de0369,Netflix,Season3-StrangerThings,33,5,1,63,64,1,rsrp=-104|rsrq=-11|snr=4,-104,-11,4
ucc-static-b3d3737b89de0369,b3d3737b89de0369,Netflix,Season3-StrangerThings,34,5,0,64,66,2,rsrp=-104|rsrq=-12|snr=1,-104,-12,1
ucc-static-b3d3737b89de0369,b3d3737b89de0369,Netflix,Season3-StrangerThings,35,5,0,66,68,2,rsrp=-100|rsrq=-12|snr=4,-100,-12,4
ucc-static-b3d3737b89de0369,b3d3737b89de0369,Netflix,Season3-StrangerThings,36,5,0,68,70,2,rsrp=-101|rsrq=-10|snr=2,-101,-10,2
ucc-static-b3d3737b89de0369,b3d3737b89de0369,Netflix,Season3-StrangerThings,37,5,0,70,72,2,rsrp=-101|rsrq=-12|snr=-1,-101,-12,-1
ucc-static-b3d3737b89de0369,b3d3737b89de0369,Netflix,Season3-StrangerThings,38,5,0,72,74,2,rsrp=-101|rsrq=-11|snr=0,-101,-11,0
ucc-static-b3d3737b89de0369,b3d3737b89de0369,Netflix,Season3-StrangerThings,39,5,0,74,76,2,rsrp=-100|rsrq=-11|snr=1,-100,-11,1
ucc-static-b3d3737b89de0369,b3d3737b89de0369,Netflix,Season3-StrangerThings,40,6,1,77,79,2,rsrp=-101|rsrq=-12|snr=4,-101,-12,4
ucc-static-b3d3737b89de0369,b3d3737b89de0369,Netflix,Season3-StrangerThings,41,6,0,79,81,2,rsrp=-101|rsrq=-11|snr=5,-101,-11,5
ucc-static-b3d3737b89de0369,b3d3737b89de0369,Netflix,Season3-StrangerThings,42,6,0,81,83,2,rsrp=-101|rsrq=-13|snr=-2,-101,-13,-2
ucc-static-b3d3737b89de0369,b3d3737b89de0369,Netflix,Season3-StrangerThings,43,6,0,83,85,2,rsrp=-102|rsrq=-12|snr=5,-102,-12,5
ucc-static-b3d3737b89de0369,b3d3737b89de0369,Netflix,Season3-StrangerThings,44,6,0,85,87,2,rsrp=-101|rsrq=-11|snr=3,-101,-11,3
ucc-static-b3d3737b89de0369,b3d3737b89de0369,Netflix,Season3-StrangerThings,45,6,0,87,89,2,rsrp=-101|rsrq=-13|snr=4,-101,-13,4
ucc-static-b3d3737b89de0369,b3d3737b89de0369,Netflix,Season3-StrangerThings,46,7,1,90,92,2,rsrp=-101|rsrq=-13|snr=2,-101,-13,2
ucc-static-b3d3737b89de0369,b3d3737b89de0369,Netflix,Season3-StrangerThings,47,7,0,92,94,2,rsrp=-101|rsrq=-11|snr=-1,-101,-11,-1
ucc-static-b3d3737b89de0369,b3d3737b89de0369,Netflix,Season3-StrangerThings,48,7,0,94,96,2,rsrp=-101|rsrq=-13|snr=4,-101,-13,4
ucc-static-b3d3737b89de0369,b3d3737b89de0369,Netflix,Season3-StrangerThings,49,7,0,96,98,2,rsrp=-102|rsrq=-13|snr=6,-102,-13,6
ucc-static-b3d3737b89de0369,b3d3737b89de0369,Netflix,Season3-StrangerThings,50,7,0,98,100,2,rsrp=-101|rsrq=-16|snr=2,-101,-16,2
ucc-static-b3d3737b89de0369,b3d3737b89de0369,Netflix,Season3-StrangerThings,51,7,0,100,102,2,rsrp=-101|rsrq=-15|snr=5,-101,-15,5
ucc-static-b3d3737b89de0369,b3d3737b89de0369,Netflix,Season3-StrangerThings,52,7,0,102,103,1,rsrp=-101|rsrq=-14|snr=0,-101,-14,0
ucc-static-b3d3737b89de0369,b3d3737b89de0369,Netflix,Season3-StrangerThings,53,8,1,104,105,1,rsrp=-101|rsrq=-14|snr=0,-101,-14,0
ucc-static-b3d3737b89de0369,b3d3737b89de0369,Netflix,Season3-StrangerThings,54,8,0,105,107,2,rsrp=-101|rsrq=-12|snr=0,-101,-12,0
ucc-static-b3d3737b89de0369,b3d3737b89de0369,Netflix,Season3-StrangerThings,55,8,0,107,109,2,rsrp=-101|rsrq=-17|snr=5,-101,-17,5
ucc-static-b3d3737b89de0369,b3d3737b89de0369,Netflix,Season3-StrangerThings,56,8,0,109,111,2,rsrp=-100|rsrq=-14|snr=-3,-100,-14,-3
ucc-static-b3d3737b89de0369,b3d3737b89de0369,Netflix,Season3-StrangerThings,57,8,0,111,113,2,rsrp=-100|rsrq=-13|snr=-2,-100,-13,-2
ucc-static-b3d3737b89de0369,b3d3737b89de0369,Netflix,Season3-StrangerThings,58,8,0,113,115,2,rsrp=-100|rsrq=-13|snr=3,-100,-13,3
ucc-static-b3d3737b89de0369,b3d3737b89de0369,Netflix,Season3-StrangerThings,59,8,0,115,116,1,rsrp=-101|rsrq=-14|snr=-4,-101,-14,-4
ucc-static-b3d3737b89de0369,b3d3737b89de0369,Netflix,Season3-StrangerThings,60,9,1,117,118,1,rsrp=-101|rsrq=-14|snr=-4,-101,-14,-4
ucc-static-b3d3737b89de0369,b3d3737b89de0369,Netflix,Season3-StrangerThings,61,9,0,118,120,2,rsrp=-101|rsrq=-15|snr=1,-101,-15,1
ucc-static-b3d3737b89de0369,b3d3737b89de0369,Netflix,Season3-StrangerThings,62,9,0,120,122,2,rsrp=-101|rsrq=-13|snr=-3,-101,-13,-3
ucc-static-b3d3737b89de0369,b3d3737b89de0369,Netflix,Season3-StrangerThings,63,9,0,122,124,2,rsrp=-101|rsrq=-13|snr=-4,-101,-13,-4
ucc-static-b3d3737b89de0369,b3d3737b89de0369,Netflix,Season3-StrangerThings,64,9,0,124,126,2,rsrp=-101|rsrq=-15|snr=2,-101,-15,2
ucc-static-b3d3737b89de0369,b3d3737b89de0369,Netflix,Season3-StrangerThings,65,9,0,126,128,2,rsrp=-101|rsrq=-13|snr=-2,-101,-13,-2
ucc-static-b3d3737b89de0369,b3d3737b89de0369,Netflix,Season3-StrangerThings,66,9,0,128,129,1,rsrp=-101|rsrq=-15|snr=-1,-101,-15,-1
ucc-static-b3d3737b89de0369,b3d3737b89de0369,Netflix,Season3-StrangerThings,67,10,1,130,131,1,rsrp=-101|rsrq=-15|snr=-1,-101,-15,-1
ucc-static-b3d3737b89de0369,b3d3737b89de0369,Netflix,Season3-StrangerThings,68,10,0,131,133,2,rsrp=-101|rsrq=-14|snr=-1,-101,-14,-1
ucc-static-b3d3737b89de0369,b3d3737b89de0369,Netflix,Season3-StrangerThings,69,10,0,133,135,2,rsrp=-101|rsrq=-13|snr=-4,-101,-13,-4
ucc-static-b3d3737b89de0369,b3d3737b89de0369,Netflix,Season3-StrangerThings,70,10,0,135,137,2,rsrp=-101|rsrq=-12|snr=2,-101,-12,2
ucc-static-b3d3737b89de0369,b3d3737b89de0369,Netflix,Season3-StrangerThings,71,10,0,137,139,2,rsrp=-100|rsrq=-11|snr=1,-100,-11,1
ucc-static-b3d3737b89de0369,b3d3737b89de0369,Netflix,Season3-StrangerThings,72,10,0,139,141,2,rsrp=-101|rsrq=-12|snr=4,-101,-12,4
ucc-static-b3d3737b89de0369,b3d3737b89de0369,Netflix,Season3-StrangerThings,73,10,0,141,143,2,rsrp=-101|rsrq=-14|snr=3,-101,-14,3
ucc-static-b3d3737b89de0369,b3d3737b89de0369,Netflix,Season3-StrangerThings,74,11,1,144,146,2,rsrp=-101|rsrq=-13|snr=0,-101,-13,0
ucc-static-b3d3737b89de0369,b3d3737b89de0369,Netflix,Season3-StrangerThings,75,11,0,146,148,2,rsrp=-101|rsrq=-12|snr=2,-101,-12,2
ucc-static-b3d3737b89de0369,b3d3737b89de0369,Netflix,Season3-StrangerThings,76,11,0,148,150,2,rsrp=-101|rsrq=-11|snr=5,-101,-11,5
ucc-static-b3d3737b89de0369,b3d3737b89de0369,Netflix,Season3-StrangerThings,77,11,0,150,152,2,rsrp=-100|rsrq=-12|snr=4,-100,-12,4
ucc-static-b3d3737b89de0369,b3d3737b89de0369,Netflix,Season3-StrangerThings,78,11,0,152,154,2,rsrp=-101|rsrq=-11|snr=1,-101,-11,1
ucc-static-b3d3737b89de0369,b3d3737b89de0369,Netflix,Season3-StrangerThings,79,11,0,154,156,2,rsrp=-101|rsrq=-12|snr=2,-101,-12,2
ucc-static-b3d3737b89de0369,b3d3737b89de0369,Netflix,Season3-StrangerThings,80,11,0,156,157,1,rsrp=-100|rsrq=-14|snr=-2,-100,-14,-2
ucc-static-b3d3737b89de0369,b3d3737b89de0369,Netflix,Season3-StrangerThings,81,12,1,158,159,1,rsrp=-100|rsrq=-14|snr=-2,-100,-14,-2
ucc-static-b3d3737b89de0369,b3d3737b89de0369,Netflix,Season3-StrangerThings,82,12,0,159,161,2,rsrp=-101|rsrq=-12|snr=2,-101,-12,2
ucc-static-b3d3737b89de0369,b3d3737b89de0369,Netflix,Season3-StrangerThings,83,12,0,161,163,2,rsrp=-101|rsrq=-14|snr=5,-101,-14,5
ucc-static-b3d3737b89de0369,b3d3737b89de0369,Netflix,Season3-StrangerThings,84,12,0,163,165,2,rsrp=-100|rsrq=-12|snr=4,-100,-12,4
ucc-static-b3d3737b89de0369,b3d3737b89de0369,Netflix,Season3-StrangerThings,85,12,0,165,167,2,rsrp=-100|rsrq=-12|snr=0,-100,-12,0
ucc-static-b3d3737b89de0369,b3d3737b89de0369,Netflix,Season3-StrangerThings,86,12,0,167,169,2,rsrp=-101|rsrq=-11|snr=0,-101,-11,0
ucc-static-b3d3737b89de0369,b3d3737b89de0369,Netflix,Season3-StrangerThings,87,13,1,170,172,2,rsrp=-101|rsrq=-10|snr=4,-101,-10,4
ucc-static-b3d3737b89de0369,b3d3737b89de0369,Netflix,Season3-StrangerThings,88,13,0,172,174,2,rsrp=-101|rsrq=-13|snr=1,-101,-13,1
ucc-static-b3d3737b89de0369,b3d3737b89de0369,Netflix,Season3-StrangerThings,89,13,0,174,176,2,rsrp=-101|rsrq=-14|snr=1,-101,-14,1
ucc-static-b3d3737b89de0369,b3d3737b89de0369,Netflix,Season3-StrangerThings,90,13,0,176,178,2,rsrp=-101|rsrq=-12|snr=6,-101,-12,6
ucc-static-b3d3737b89de0369,b3d3737b89de0369,Netflix,Season3-StrangerThings,91,13,0,178,180,2,rsrp=-101|rsrq=-11|snr=2,-101,-11,2
ucc-static-c029943772ad455f,c029943772ad455f,Download,,0,0,0,0,1,1,rsrp=-103|rsrq=-14|snr=-4,-103,-14,-4
ucc-static-c029943772ad455f,c029943772ad455f,Download,,1,0,0,1,3,2,rsrp=-104|rsrq=-17|snr=-1,-104,-17,-1
ucc-static-c029943772ad455f,c029943772ad455f,Download,,2,0,0,3,5,2,rsrp=-104|rsrq=-17|snr=1,-104,-17,1
ucc-static-c029943772ad455f,c029943772ad455f,Download,,3,0,0,5,7,2,rsrp=-103|rsrq=-18|snr=-4,-103,-18,-4
ucc-static-c029943772ad455f,c029943772ad455f,Download,,4,0,0,7,8,1,rsrp=-103|rsrq=-16|snr=1,-103,-16,1
ucc-static-c029943772ad455f,c029943772ad455f,Download,,5,1,2,10,12,2,rsrp=-103|rsrq=-13|snr=1,-103,-13,1
ucc-static-c029943772ad455f,c029943772ad455f,Download,,6,1,0,12,14,2,rsrp=-103|rsrq=-12|snr=1,-103,-12,1
ucc-static-c029943772ad455f,c029943772ad455f,Download,,7,1,0,14,15,1,rsrp=-103|rsrq=-12|snr=4,-103,-12,4
ucc-static-c029943772ad455f,c029943772ad455f,Download,,8,2,1,16,17,1,rsrp=-103|rsrq=-12|snr=4,-103,-12,4
ucc-static-c029943772ad455f,c029943772ad455f,Download,,9,2,0,17,19,2,rsrp=-103|rsrq=-17|snr=0,-103,-17,0
ucc-static-c029943772ad455f,c029943772ad455f,Download,,10,2,0,19,21,2,rsrp=-103|rsrq=-15|snr=2,-103,-15,2
ucc-static-c029943772ad455f,c029943772ad455f,Download,,11,2,0,21,23,2,rsrp=-104|rsrq=-18|snr=0,-104,-18,0
ucc-static-c029943772ad455f,c029943772ad455f,Download,,12,2,0,23,26,3,rsrp=-102|rsrq=-17|snr=1,-102,-17,1
ucc-static-c029943772ad455f,c029943772ad455f,Download,,13,2,0,26,28,2,rsrp=-103|rsrq=-14|snr=-1,-103,-14,-1
ucc-static-c029943772ad455f,c029943772ad455f,Download,,14,2,0,28,30,2,rsrp=-103|rsrq=-14|snr=7,-103,-14,7
ucc-static-c029943772ad455f,c029943772ad455f,Download,,15,2,0,30,32,2,rsrp=-104|rsrq=-17|snr=-2,-104,-17,-2
ucc-static-c029943772ad455f,c029943772ad455f,Download,,16,2,0,32,33,1,rsrp=-104|rsrq=-14|snr=-1,-104,-14,-1
ucc-static-c029943772ad455f,c029943772ad455f,Download,,17,3,1,34,35,1,rsrp=-104|rsrq=-14|snr=-1,-104,-14,-1
ucc-static-c029943772ad455f,c029943772ad455f,Download,,18,3,0,35,37,2,rsrp=-104|rsrq=-16|snr=-1,-104,-16,-1
ucc-static-c029943772ad455f,c029943772ad455f,Download,,19,3,0,37,39,2,rsrp=-103|rsrq=-15|snr=-1,-103,-15,-1
ucc-static-c029943772ad455f,c029943772ad455f,Download,,20,3,0,39,41,2,rsrp=-103|rsrq=-16|snr=-1,-103,-16,-1
ucc-static-c029943772ad455f,c029943772ad455f,Download,,21,4,1,42,44,2,rsrp=-103|rsrq=-16|snr=3,-103,-16,3
ucc-static-c029943772ad455f,c029943772ad455f,Download,,22,4,0,44,46,2,rsrp=-104|rsrq=-14|snr=5,-104,-14,5
ucc-static-c029943772ad455f,c029943772ad455f,Download,,23,4,0,46,48,2,rsrp=-103|rsrq=-17|snr=-3,-103,-17,-3
ucc-static-c029943772ad455f,c029943772ad455f,Download,,24,4,0,48,49,1,rsrp=-103|rsrq=-13|snr=3,-103,-13,3
ucc-static-c029943772ad455f,c029943772ad455f,Download,,25,5,1,50,51,1,rsrp=-103|rsrq=-13|snr=3,-103,-13,3
ucc-static-c029943772ad455f,c029943772ad455f,Download,,26,5,0,51,53,2,rsrp=-103|rsrq=-17|snr=1,-103,-17,1
ucc-static-c029943772ad455f,c029943772ad455f,Download,,27,5,0,53,55,2,rsrp=-104|rsrq=-15|snr=-2,-104,-15,-2
ucc-static-c029943772ad455f,c029943772ad455f,Download,,28,6,1,56,58,2,rsrp=-104|rsrq=-14|snr=-4,-104,-14,-4
ucc-static-c029943772ad455f,c029943772ad455f,Download,,29,6,0,58,60,2,rsrp=-104|rsrq=-17|snr=-3,-104,-17,-3
ucc-static-c029943772ad455f,c029943772ad455f,Download,,30,6,0,60,62,2,rsrp=-104|rsrq=-13|snr=-4,-104,-13,-4
ucc-static-c029943772ad455f,c029943772ad455f,Download,,31,6,0,62,63,1,rsrp=-103|rsrq=-14|snr=3,-103,-14,3
ucc-static-c029943772ad455f,c029943772ad455f,Download,,32,7,2,65,67,2,rsrp=-105|rsrq=-14|snr=0,-105,-14,0
ucc-static-c029943772ad455f,c029943772ad455f,Download,,33,7,0,67,69,2,rsrp=-104|rsrq=-13|snr=4,-104,-13,4
ucc-static-c029943772ad455f,c029943772ad455f,Download,,34,7,0,69,71,2,rsrp=-105|rsrq=-14|snr=2,-105,-14,2
ucc-static-c029943772ad455f,c029943772ad455f,Download,,35,8,1,72,74,2,rsrp=-104|rsrq=-17|snr=-3,-104,-17,-3
ucc-static-c029943772ad455f,c029943772ad455f,Download,,36,8,0,74,76,2,rsrp=-104|rsrq=-18|snr=-3,-104,-18,-3
ucc-static-c029943772ad455f,c029943772ad455f,Download,,37,8,0,76,78,2,rsrp=-104|rsrq=-18|snr=-1,-104,-18,-1
ucc-static-c029943772ad455f,c029943772ad455f,Download,,38,8,0,78,79,1,rsrp=-103|rsrq=-19|snr=-2,-103,-19,-2
ucc-static-c029943772ad455f,c029943772ad455f,Download,,39,9,1,80,81,1,rsrp=-103|rsrq=-19|snr=-2,-103,-19,-2
ucc-static-c029943772ad455f,c029943772ad455f,Download,,40,9,0,81,83,2,rsrp=-104|rsrq=-17|snr=-5,-104,-17,-5
ucc-static-c029943772ad455f,c029943772ad455f,Download,,41,9,0,83,85,2,rsrp=-103|rsrq=-17|snr=0,-103,-17,0
ucc-static-c029943772ad455f,c029943772ad455f,Download,,42,9,0,85,87,2,rsrp=-104|rsrq=-13|snr=0,-104,-13,0
ucc-static-c029943772ad455f,c029943772ad455f,Download,,43,10,1,88,90,2,rsrp=-103|rsrq=-13|snr=-1,-103,-13,-1
ucc-static-c029943772ad455f,c029943772ad455f,Download,,44,10,0,90,92,2,rsrp=-103|rsrq=-14|snr=-7,-103,-14,-7
ucc-static-c029943772ad455f,c029943772ad455f,Download,,45,10,0,92,95,3,rsrp=-104|rsrq=-12|snr=-3,-104,-12,-3
ucc-static-c029943772ad455f,c029943772ad455f,Download,,46,10,0,95,97,2,rsrp=-104|rsrq=-11|snr=-2,-104,-11,-2
ucc-static-c029943772ad455f,c029943772ad455f,Download,,47,10,0,97,99,2,rsrp=-103|rsrq=-12|snr=-3,-103,-12,-3
ucc-static-c029943772ad455f,c029943772ad455f,Download,,48,10,0,99,101,2,rsrp=-103|rsrq=-12|snr=0,-103,-12,0
ucc-static-c029943772ad455f,c029943772ad455f,Download,,49,11,1,102,104,2,rsrp=-103|rsrq=-12|snr=-5,-103,-12,-5
ucc-static-c029943772ad455f,c029943772ad455f,Download,,50,11,0,104,106,2,rsrp=-104|rsrq=-14|snr=-5,-104,-14,-5
ucc-static-c029943772ad455f,c029943772ad455f,Download,,51,11,0,106,109,3,rsrp=-103|rsrq=-15|snr=0,-103,-15,0
ucc-static-c029943772ad455f,c029943772ad455f,Download,,52,11,0,109,111,2,rsrp=-102|rsrq=-16|snr=-4,-102,-16,-4
ucc-static-c029943772ad455f,c029943772ad455f,Download,,53,11,0,111,113,2,rsrp=-102|rsrq=-13|snr=-6,-102,-13,-6
ucc-static-c029943772ad455f,c029943772ad455f,Download,,54,11,0,113,114,1,rsrp=-104|rsrq=-12|snr=-4,-104,-12,-4
ucc-static-c029943772ad455f,c029943772ad455f,Download,,55,12,1,115,116,1,rsrp=-104|rsrq=-12|snr=-4,-104,-12,-4
ucc-static-c029943772ad455f,c029943772ad455f,Download,,56,12,0,116,118,2,rsrp=-104|rsrq=-11|snr=-5,-104,-11,-5
ucc-static-c029943772ad455f,c029943772ad455f,Download,,57,12,0,118,120,2,rsrp=-103|rsrq=-11|snr=-4,-103,-11,-4
ucc-static-c029943772ad455f,c029943772ad455f,Download,,58,12,0,120,121,1,rsrp=-104|rsrq=-11|snr=5,-104,-11,5
ucc-static-c029943772ad455f,c029943772ad455f,Download,,59,13,1,122,123,1,rsrp=-104|rsrq=-11|snr=5,-104,-11,5
ucc-static-c029943772ad455f,c029943772ad455f,Download,,60,13,0,123,125,2,rsrp=-104|rsrq=-11|snr=2,-104,-11,2
ucc-static-c029943772ad455f,c029943772ad455f,Download,,61,13,0,125,127,2,rsrp=-103|rsrq=-17|snr=0,-103,-17,0
ucc-static-c029943772ad455f,c029943772ad455f,Download,,62,13,0,127,129,2,rsrp=-103|rsrq=-14|snr=-1,-103,-14,-1
ucc-static-c029943772ad455f,c029943772ad455f,Download,,63,13,0,129,130,1,rsrp=-103|rsrq=-16|snr=-3,-103,-16,-3
ucc-static-c029943772ad455f,c029943772ad455f,Download,,64,14,1,131,132,1,rsrp=-103|rsrq=-16|snr=-3,-103,-16,-3
ucc-static-c029943772ad455f,c029943772ad455f,Download,,65,14,0,132,134,2,rsrp=-101|rsrq=-13|snr=-3,-101,-13,-3
ucc-static-c029943772ad455f,c029943772ad455f,Download,,66,14,0,134,136,2,rsrp=-102|rsrq=-10|snr=2,-102,-10,2
ucc-static-c029943772ad455f,c029943772ad455f,Download,,67,14,0,136,137,1,rsrp=-103|rsrq=-12|snr=1,-103,-12,1
ucc-static-c029943772ad455f,c029943772ad455f,Download,,68,15,1,138,139,1,rsrp=-103|rsrq=-12|snr=1,-103,-12,1
ucc-static-c029943772ad455f,c029943772ad455f,Download,,69,15,0,139,141,2,rsrp=-102|rsrq=-15|snr=0,-102,-15,0
ucc-static-c029943772ad455f,c029943772ad455f,Download,,70,15,0,141,143,2,rsrp=-103|rsrq=-15|snr=0,-103,-15,0
ucc-static-c029943772ad455f,c029943772ad455f,Download,,71,15,0,143,145,2,rsrp=-103|rsrq=-11|snr=2,-103,-11,2
ucc-static-c029943772ad455f,c029943772ad455f,Download,,72,16,1,146,147,1,rsrp=-102|rsrq=-14|snr=0,-102,-14,0
ucc-static-c029943772ad455f,c029943772ad455f,Download,,73,17,1,148,150,2,rsrp=-102|rsrq=-15|snr=2,-102,-15,2
ucc-static-c029943772ad455f,c029943772ad455f,Download,,74,17,0,150,152,2,rsrp=-102|rsrq=-12|snr=6,-102,-12,6
ucc-static-c029943772ad455f,c029943772ad455f,Download,,75,18,1,153,155,2,rsrp=-102|rsrq=-18|snr=3,-102,-18,3
ucc-static-c029943772ad455f,c029943772ad455f,Download,,76,18,0,155,157,2,rsrp=-102|rsrq=-16|snr=1,-102,-16,1
ucc-static-c029943772ad455f,c029943772ad455f,Download,,77,18,0,157,159,2,rsrp=-103|rsrq=-12|snr=2,-103,-12,2
ucc-static-c029943772ad455f,c029943772ad455f,Download,,78,18,0,159,161,2,rsrp=-102|rsrq=-12|snr=5,-102,-12,5
ucc-static-c029943772ad455f,c029943772ad455f,Download,,79,19,1,162,164,2,rsrp=-102|rsrq=-17|snr=5,-102,-17,5
ucc-static-c029943772ad455f,c029943772ad455f,Download,,80,19,0,164,166,2,rsrp=-102|rsrq=-16|snr=4,-102,-16,4
ucc-static-c029943772ad455f,c029943772ad455f,Download,,81,19,0,166,168,2,rsrp=-102|rsrq=-17|snr=0,-102,-17,0
ucc-static-c029943772ad455f,c029943772ad455f,Download,,82,20,1,169,171,2,rsrp=-101|rsrq=-14|snr=-4,-101,-14,-4
ucc-static-c029943772ad455f,c029943772ad455f,Download,,83,20,0,171,173,2,rsrp=-103|rsrq=-20|snr=-3,-103,-20,-3
ucc-static-c029943772ad455f,c029943772ad455f,Download,,84,20,0,173,175,2,rsrp=-102|rsrq=-15|snr=0,-102,-15,0
ucc-static-c029943772ad455f,c029943772ad455f,Download,,85,20,0,175,178,3,rsrp=-103|rsrq=-16|snr=-5,-103,-16,-5
ucc-static-c029943772ad455f,c029943772ad455f,Download,,86,20,0,178,180,2,rsrp=-102|rsrq=-13|snr=-2,-102,-13,-2
ucc-static-c672dae122ab5731,c672dae122ab5731,Amazon_Prime,Season3-TheExpanse,0,0,0,0,1,1,rsrp=-100|rsrq=-11|snr=12,-100,-11,12
ucc-static-c672dae122ab5731,c672dae122ab5731,Amazon_Prime,Season3-TheExpanse,1,0,0,1,3,2,rsrp=-99|rsrq=-10|snr=-8,-99,-10,-8
ucc-static-c672dae122ab5731,c672dae122ab5731,Amazon_Prime,Season3-TheExpanse,2,0,0,3,5,2,rsrp=-99|rsrq=-12|snr=4,-99,-12,4
ucc-static-c672dae122ab5731,c672dae122ab5731,Amazon_Prime,Season3-TheExpanse,3,0,0,5,7,2,rsrp=-99|rsrq=-13|snr=8,-99,-13,8
ucc-static-c672dae122ab5731,c672dae122ab5731,Amazon_Prime,Season3-TheExpanse,4,0,0,7,9,2,rsrp=-99|rsrq=-11|snr=10,-99,-11,10
ucc-static-c672dae122ab5731,c672dae122ab5731,Amazon_Prime,Season3-TheExpanse,5,0,0,9,11,2,rsrp=-101|rsrq=-12|snr=2,-101,-12,2
ucc-static-c672dae122ab5731,c672dae122ab5731,Amazon_Prime,Season3-TheExpanse,6,1,1,12,14,2,rsrp=-101|rsrq=-10|snr=7,-101,-10,7
ucc-static-c672dae122ab5731,c672dae122ab5731,Amazon_Prime,Season3-TheExpanse,7,1,0,14,16,2,rsrp=-99|rsrq=-10|snr=7,-99,-10,7
ucc-static-c672dae122ab5731,c672dae122ab5731,Amazon_Prime,Season3-TheExpanse,8,1,0,16,18,2,rsrp=-98|rsrq=-12|snr=3,-98,-12,3
ucc-static-c672dae122ab5731,c672dae122ab5731,Amazon_Prime,Season3-TheExpanse,9,1,0,18,20,2,rsrp=-99|rsrq=-12|snr=-6,-99,-12,-6
ucc-static-c672dae122ab5731,c672dae122ab5731,Amazon_Prime,Season3-TheExpanse,10,1,0,20,22,2,rsrp=-99|rsrq=-10|snr=2,-99,-10,2
ucc-static-c672dae122ab5731,c672dae122ab5731,Amazon_Prime,Season3-TheExpanse,11,1,0,22,24,2,rsrp=-98|rsrq=-13|snr=13,-98,-13,13
ucc-static-c672dae122ab5731,c672dae122ab5731,Amazon_Prime,Season3-TheExpanse,12,1,0,24,25,1,rsrp=-98|rsrq=-11|snr=6,-98,-11,6
ucc-static-c672dae122ab5731,c672dae122ab5731,Amazon_Prime,Season3-TheExpanse,13,2,1,26,27,1,rsrp=-98|rsrq=-11|snr=6,-98,-11,6
ucc-static-c672dae122ab5731,c672dae122ab5731,Amazon_Prime,Season3-TheExpanse,14,2,0,27,29,2,rsrp=-98|rsrq=-11|snr=0,-98,-11,0
ucc-static-c672dae122ab5731,c672dae122ab5731,Amazon_Prime,Season3-TheExpanse,15,2,0,29,31,2,rsrp=-100|rsrq=-10|snr=-6,-100,-10,-6
ucc-static-c672dae122ab5731,c672dae122ab5731,Amazon_Prime,Season3-TheExpanse,16,2,0,31,33,2,rsrp=-99|rsrq=-10|snr=3,-99,-10,3
ucc-static-c672dae122ab5731,c672dae122ab5731,Amazon_Prime,Season3-TheExpanse,17,2,0,33,35,2,rsrp=-100|rsrq=-11|snr=3,-100,-11,3
ucc-static-c672dae122ab5731,c672dae122ab5731,Amazon_Prime,Season3-TheExpanse,18,2,0,35,36,1,rsrp=-100|rsrq=-10|snr=3,-100,-10,3
ucc-static-c672dae122ab5731,c672dae122ab5731,Amazon_Prime,Season3-TheExpanse,19,3,1,37,38,1,rsrp=-100|rsrq=-10|snr=3,-100,-10,3
ucc-static-c672dae122ab5731,c672dae122ab5731,Amazon_Prime,Season3-TheExpanse,20,3,0,38,40,2,rsrp=-100|rsrq=-18|snr=2,-100,-18,2
ucc-static-c672dae122ab5731,c672dae122ab5731,Amazon_Prime,Season3-TheExpanse,21,3,0,40,42,2,rsrp=-100|rsrq=-10|snr=7,-100,-10,7
ucc-static-c672dae122ab5731,c672dae122ab5731,Amazon_Prime,Season3-TheExpanse,22,3,0,42,44,2,rsrp=-99|rsrq=-9|snr=7,-99,-9,7
ucc-static-c672dae122ab5731,c672dae122ab5731,Amazon_Prime,Season3-TheExpanse,23,3,0,44,46,2,rsrp=-100|rsrq=-11|snr=10,-100,-11,10
ucc-static-c672dae122ab5731,c672dae122ab5731,Amazon_Prime,Season3-TheExpanse,24,3,0,46,48,2,rsrp=-99|rsrq=-12|snr=9,-99,-12,9
ucc-static-c672dae122ab5731,c672dae122ab5731,Amazon_Prime,Season3-TheExpanse,25,4,1,49,51,2,rsrp=-99|rsrq=-10|snr=9,-99,-10,9
ucc-static-c672dae122ab5731,c672dae122ab5731,Amazon_Prime,Season3-TheExpanse,26,4,0,51,53,2,rsrp=-100|rsrq=-10|snr=-7,-100,-10,-7
ucc-static-c672dae122ab5731,c672dae122ab5731,Amazon_Prime,Season3-TheExpanse,27,4,0,53,55,2,rsrp=-100|rsrq=-11|snr=4,-100,-11,4
ucc-static-c672dae122ab5731,c672dae122ab5731,Amazon_Prime,Season3-TheExpanse,28,4,0,55,57,2,rsrp=-102|rsrq=-16|snr=6,-102,-16,6
ucc-static-c672dae122ab5731,c672dae122ab5731,Amazon_Prime,Season3-TheExpanse,29,4,0,57,59,2,rsrp=-101|rsrq=-11|snr=2,-101,-11,2
ucc-static-c672dae122ab5731,c672dae122ab5731,Amazon_Prime,Season3-TheExpanse,30,4,0,59,61,2,rsrp=-102|rsrq=-10|snr=8,-102,-10,8
ucc-static-c672dae122ab5731,c672dae122ab5731,Amazon_Prime,Season3-TheExpanse,31,5,1,62,64,2,rsrp=-100|rsrq=-10|snr=2,-100,-10,2
ucc-static-c672dae122ab5731,c672dae122ab5731,Amazon_Prime,Season3-TheExpanse,32,5,0,64,66,2,rsrp=-100|rsrq=-10|snr=-1,-100,-10,-1
ucc-static-c672dae122ab5731,c672dae122ab5731,Amazon_Prime,Season3-TheExpanse,33,5,0,66,68,2,rsrp=-100|rsrq=-11|snr=0,-100,-11,0
ucc-static-c672dae122ab5731,c672dae122ab5731,Amazon_Prime,Season3-TheExpanse,34,5,0,68,70,2,rsrp=-99|rsrq=-11|snr=2,-99,-11,2
ucc-static-c672dae122ab5731,c672dae122ab5731,Amazon_Prime,Season3-TheExpanse,35,5,0,70,72,2,rsrp=-100|rsrq=-12|snr=1,-100,-12,1
ucc-static-c672dae122ab5731,c672dae122ab5731,Amazon_Prime,Season3-TheExpanse,36,5,0,72,73,1,rsrp=-100|rsrq=-11|snr=3,-100,-11,3
ucc-static-c672dae122ab5731,c672dae122ab5731,Amazon_Prime,Season3-TheExpanse,37,6,1,74,75,1,rsrp=-100|rsrq=-11|snr=3,-100,-11,3
ucc-static-c672dae122ab5731,c672dae122ab5731,Amazon_Prime,Season3-TheExpanse,38,6,0,75,77,2,rsrp=-100|rsrq=-12|snr=0,-100,-12,0
ucc-static-c672dae122ab5731,c672dae122ab5731,Amazon_Prime,Season3-TheExpanse,39,6,0,77,79,2,rsrp=-100|rsrq=-14|snr=4,-100,-14,4
ucc-static-c672dae122ab5731,c672dae122ab5731,Amazon_Prime,Season3-TheExpanse,40,6,0,79,81,2,rsrp=-100|rsrq=-15|snr=2,-100,-15,2
ucc-static-c672dae122ab5731,c672dae122ab5731,Amazon_Prime,Season3-TheExpanse,41,6,0,81,83,2,rsrp=-100|rsrq=-10|snr=1,-100,-10,1
ucc-static-c672dae122ab5731,c672dae122ab5731,Amazon_Prime,Season3-TheExpanse,42,6,0,83,85,2,rsrp=-100|rsrq=-10|snr=-4,-100,-10,-4
ucc-static-c672dae122ab5731,c672dae122ab5731,Amazon_Prime,Season3-TheExpanse,43,7,1,86,88,2,rsrp=-99|rsrq=-10|snr=3,-99,-10,3
ucc-static-c672dae122ab5731,c672dae122ab5731,Amazon_Prime,Season3-TheExpanse,44,7,0,88,90,2,rsrp=-99|rsrq=-10|snr=8,-99,-10,8
ucc-static-c672dae122ab5731,c672dae122ab5731,Amazon_Prime,Season3-TheExpanse,45,7,0,90,92,2,rsrp=-99|rsrq=-12|snr=7,-99,-12,7
ucc-static-c672dae122ab5731,c672dae122ab5731,Amazon_Prime,Season3-TheExpanse,46,7,0,92,94,2,rsrp=-100|rsrq=-12|snr=7,-100,-12,7
ucc-static-c672dae122ab5731,c672dae122ab5731,Amazon_Prime,Season3-TheExpanse,47,7,0,94,96,2,rsrp=-100|rsrq=-15|snr=1,-100,-15,1
ucc-static-c672dae122ab5731,c672dae122ab5731,Amazon_Prime,Season3-TheExpanse,48,7,0,96,97,1,rsrp=-100|rsrq=-10|snr=2,-100,-10,2
ucc-static-c672dae122ab5731,c672dae122ab5731,Amazon_Prime,Season3-TheExpanse,49,8,1,98,99,1,rsrp=-100|rsrq=-10|snr=2,-100,-10,2
ucc-static-c672dae122ab5731,c672dae122ab5731,Amazon_Prime,Season3-TheExpanse,50,8,0,99,101,2,rsrp=-99|rsrq=-11|snr=5,-99,-11,5
ucc-static-c672dae122ab5731,c672dae122ab5731,Amazon_Prime,Season3-TheExpanse,51,8,0,101,103,2,rsrp=-99|rsrq=-11|snr=1,-99,-11,1
ucc-static-c672dae122ab5731,c672dae122ab5731,Amazon_Prime,Season3-TheExpanse,52,8,0,103,107,4,rsrp=-99|rsrq=-9|snr=8,-99,-9,8
ucc-static-c672dae122ab5731,c672dae122ab5731,Amazon_Prime,Season3-TheExpanse,53,8,0,107,109,2,rsrp=-100|rsrq=-10|snr=0,-100,-10,0
ucc-static-c672dae122ab5731,c672dae122ab5731,Amazon_Prime,Season3-TheExpanse,54,9,1,110,112,2,rsrp=-99|rsrq=-11|snr=-1,-99,-11,-1
ucc-static-c672dae122ab5731,c672dae122ab5731,Amazon_Prime,Season3-TheExpanse,55,9,0,112,114,2,rsrp=-99|rsrq=-10|snr=0,-99,-10,0
ucc-static-c672dae122ab5731,c672dae122ab5731,Amazon_Prime,Season3-TheExpanse,56,9,0,114,116,2,rsrp=-100|rsrq=-11|snr=4,-100,-11,4
ucc-static-c672dae122ab5731,c672dae122ab5731,Amazon_Prime,Season3-TheExpanse,57,9,0,116,118,2,rsrp=-100|rsrq=-10|snr=1,-100,-10,1
ucc-static-c672dae122ab5731,c672dae122ab5731,Amazon_Prime,Season3-TheExpanse,58,9,0,118,120,2,rsrp=-100|rsrq=-10|snr=8,-100,-10,8
ucc-static-c672dae122ab5731,c672dae122ab5731,Amazon_Prime,Season3-TheExpanse,59,9,0,120,121,1,rsrp=-101|rsrq=-11|snr=3,-101,-11,3
ucc-static-c672dae122ab5731,c672dae122ab5731,Amazon_Prime,Season3-TheExpanse,60,10,1,122,123,1,rsrp=-101|rsrq=-11|snr=3,-101,-11,3
ucc-static-c672dae122ab5731,c672dae122ab5731,Amazon_Prime,Season3-TheExpanse,61,10,0,123,125,2,rsrp=-99|rsrq=-11|snr=1,-99,-11,1
ucc-static-c672dae122ab5731,c672dae122ab5731,Amazon_Prime,Season3-TheExpanse,62,10,0,125,127,2,rsrp=-99|rsrq=-10|snr=11,-99,-10,11
ucc-static-c672dae122ab5731,c672dae122ab5731,Amazon_Prime,Season3-TheExpanse,63,10,0,127,129,2,rsrp=-100|rsrq=-10|snr=0,-100,-10,0
ucc-static-c672dae122ab5731,c672dae122ab5731,Amazon_Prime,Season3-TheExpanse,64,10,0,129,131,2,rsrp=-99|rsrq=-10|snr=6,-99,-10,6
ucc-static-c672dae122ab5731,c672dae122ab5731,Amazon_Prime,Season3-TheExpanse,65,10,0,131,133,2,rsrp=-99|rsrq=-11|snr=3,-99,-11,3
ucc-static-c672dae122ab5731,c672dae122ab5731,Amazon_Prime,Season3-TheExpanse,66,11,1,134,136,2,rsrp=-100|rsrq=-16|snr=0,-100,-16,0
ucc-static-c672dae122ab5731,c672dae122ab5731,Amazon_Prime,Season3-TheExpanse,67,11,0,136,138,2,rsrp=-100|rsrq=-15|snr=1,-100,-15,1
ucc-static-c672dae122ab5731,c672dae122ab5731,Amazon_Prime,Season3-TheExpanse,68,11,0,138,140,2,rsrp=-100|rsrq=-13|snr=-7,-100,-13,-7
ucc-static-c672dae122ab5731,c672dae122ab5731,Amazon_Prime,Season3-TheExpanse,69,11,0,140,142,2,rsrp=-100|rsrq=-10|snr=7,-100,-10,7
ucc-static-c672dae122ab5731,c672dae122ab5731,Amazon_Prime,Season3-TheExpanse,70,11,0,142,144,2,rsrp=-100|rsrq=-12|snr=6,-100,-12,6
ucc-static-c672dae122ab5731,c672dae122ab5731,Amazon_Prime,Season3-TheExpanse,71,11,0,144,145,1,rsrp=-99|rsrq=-10|snr=8,-99,-10,8
ucc-static-c672dae122ab5731,c672dae122ab5731,Amazon_Prime,Season3-TheExpanse,72,12,1,146,147,1,rsrp=-99|rsrq=-10|snr=8,-99,-10,8
ucc-static-c672dae122ab5731,c672dae122ab5731,Amazon_Prime,Season3-TheExpanse,73,12,0,147,149,2,rsrp=-100|rsrq=-9|snr=5,-100,-9,5
ucc-static-c672dae122ab5731,c672dae122ab5731,Amazon_Prime,Season3-TheExpanse,74,12,0,149,151,2,rsrp=-99|rsrq=-13|snr=4,-99,-13,4
ucc-static-c672dae122ab5731,c672dae122ab5731,Amazon_Prime,Season3-TheExpanse,75,12,0,151,153,2,rsrp=-100|rsrq=-10|snr=7,-100,-10,7
ucc-static-c672dae122ab5731,c672dae122ab5731,Amazon_Prime,Season3-TheExpanse,76,12,0,153,155,2,rsrp=-100|rsrq=-10|snr=4,-100,-10,4
ucc-static-c672dae122ab5731,c672dae122ab5731,Amazon_Prime,Season3-TheExpanse,77,12,0,155,157,2,rsrp=-100|rsrq=-14|snr=3,-100,-14,3
ucc-static-c672dae122ab5731,c672dae122ab5731,Amazon_Prime,Season3-TheExpanse,78,13,1,158,160,2,rsrp=-100|rsrq=-10|snr=-1,-100,-10,-1
ucc-static-c672dae122ab5731,c672dae122ab5731,Amazon_Prime,Season3-TheExpanse,79,13,0,160,162,2,rsrp=-100|rsrq=-11|snr=5,-100,-11,5
ucc-static-c672dae122ab5731,c672dae122ab5731,Amazon_Prime,Season3-TheExpanse,80,13,0,162,164,2,rsrp=-100|rsrq=-11|snr=7,-100,-11,7
ucc-static-c672dae122ab5731,c672dae122ab5731,Amazon_Prime,Season3-TheExpanse,81,13,0,164,166,2,rsrp=-99|rsrq=-13|snr=1,-99,-13,1
ucc-static-c672dae122ab5731,c672dae122ab5731,Amazon_Prime,Season3-TheExpanse,82,13,0,166,168,2,rsrp=-99|rsrq=-9|snr=8,-99,-9,8
ucc-static-c672dae122ab5731,c672dae122ab5731,Amazon_Prime,Season3-TheExpanse,83,13,0,168,169,1,rsrp=-98|rsrq=-9|snr=13,-98,-9,13
ucc-static-c672dae122ab5731,c672dae122ab5731,Amazon_Prime,Season3-TheExpanse,84,14,1,170,171,1,rsrp=-98|rsrq=-9|snr=13,-98,-9,13
ucc-static-c672dae122ab5731,c672dae122ab5731,Amazon_Prime,Season3-TheExpanse,85,14,0,171,173,2,rsrp=-99|rsrq=-10|snr=3,-99,-10,3
ucc-static-c672dae122ab5731,c672dae122ab5731,Amazon_Prime,Season3-TheExpanse,86,14,0,173,175,2,rsrp=-99|rsrq=-9|snr=8,-99,-9,8
ucc-static-c672dae122ab5731,c672dae122ab5731,Amazon_Prime,Season3-TheExpanse,87,14,0,175,177,2,rsrp=-99|rsrq=-9|snr=1,-99,-9,1
ucc-static-c672dae122ab5731,c672dae122ab5731,Amazon_Prime,Season3-TheExpanse,88,14,0,177,179,2,rsrp=-100|rsrq=-11|snr=4,-100,-11,4
ucc-static-c672dae122ab5731,c672dae122ab5731,Amazon_Prime,Season3-TheExpanse,89,14,0,179,180,1,rsrp=-99|rsrq=-10|snr=2,-99,-10,2
ucc-static-d5c8cfbdaef26f64,d5c8cfbdaef26f64,Download,,0,0,0,0,1,1,rsrp=-96|rsrq=-18|snr=0,-96,-18,0
ucc-static-d5c8cfbdaef26f64,d5c8cfbdaef26f64,Download,,1,0,0,1,3,2,rsrp=-96|rsrq=-11|snr=0,-96,-11,0
ucc-static-d5c8cfbdaef26f64,d5c8cfbdaef26f64,Download,,2,0,0,3,5,2,rsrp=-96|rsrq=-14|snr=2,-96,-14,2
ucc-static-d5c8cfbdaef26f64,d5c8cfbdaef26f64,Download,,3,0,0,5,7,2,rsrp=-96|rsrq=-15|snr=4,-96,-15,4
ucc-static-d5c8cfbdaef26f64,d5c8cfbdaef26f64,Download,,4,1,1,8,12,4,rsrp=-96|rsrq=-17|snr=5,-96,-17,5
ucc-static-d5c8cfbdaef26f64,d5c8cfbdaef26f64,Download,,5,1,0,12,14,2,rsrp=-96|rsrq=-17|snr=6,-96,-17,6
ucc-static-d5c8cfbdaef26f64,d5c8cfbdaef26f64,Download,,6,1,0,14,16,2,rsrp=-95|rsrq=-12|snr=8,-95,-12,8
ucc-static-d5c8cfbdaef26f64,d5c8cfbdaef26f64,Download,,7,2,1,17,19,2,rsrp=-96|rsrq=-10|snr=6,-96,-10,6
ucc-static-d5c8cfbdaef26f64,d5c8cfbdaef26f64,Download,,8,2,0,19,21,2,rsrp=-96|rsrq=-15|snr=5,-96,-15,5
ucc-static-d5c8cfbdaef26f64,d5c8cfbdaef26f64,Download,,9,2,0,21,23,2,rsrp=-96|rsrq=-16|snr=4,-96,-16,4
ucc-static-d5c8cfbdaef26f64,d5c8cfbdaef26f64,Download,,10,2,0,23,27,4,rsrp=-96|rsrq=-16|snr=5,-96,-16,5
ucc-static-d5c8cfbdaef26f64,d5c8cfbdaef26f64,Download,,11,3,1,28,30,2,rsrp=-96|rsrq=-17|snr=6,-96,-17,6
ucc-static-d5c8cfbdaef26f64,d5c8cfbdaef26f64,Download,,12,3,0,30,34,4,rsrp=-96|rsrq=-13|snr=6,-96,-13,6
ucc-static-d5c8cfbdaef26f64,d5c8cfbdaef26f64,Download,,13,3,0,34,36,2,rsrp=-95|rsrq=-16|snr=5,-95,-16,5
ucc-static-d5c8cfbdaef26f64,d5c8cfbdaef26f64,Download,,14,3,0,36,37,1,rsrp=-95|rsrq=-15|snr=11,-95,-15,11
ucc-static-d5c8cfbdaef26f64,d5c8cfbdaef26f64,Download,,15,4,1,38,39,1,rsrp=-95|rsrq=-15|snr=11,-95,-15,11
ucc-static-d5c8cfbdaef26f64,d5c8cfbdaef26f64,Download,,16,4,0,39,41,2,rsrp=-96|rsrq=-15|snr=6,-96,-15,6
ucc-static-d5c8cfbdaef26f64,d5c8cfbdaef26f64,Download,,17,4,0,41,43,2,rsrp=-96|rsrq=-17|snr=4,-96,-17,4
ucc-static-d5c8cfbdaef26f64,d5c8cfbdaef26f64,Download,,18,4,0,43,45,2,rsrp=-96|rsrq=-9|snr=5,-96,-9,5
ucc-static-d5c8cfbdaef26f64,d5c8cfbdaef26f64,Download,,19,4,0,45,46,1,rsrp=-96|rsrq=-15|snr=1,-96,-15,1
ucc-static-d5c8cfbdaef26f64,d5c8cfbdaef26f64,Download,,20,5,1,47,48,1,rsrp=-96|rsrq=-15|snr=1,-96,-15,1
ucc-static-d5c8cfbdaef26f64,d5c8cfbdaef26f64,Download,,21,5,0,48,50,2,rsrp=-96|rsrq=-17|snr=2,-96,-17,2
ucc-static-d5c8cfbdaef26f64,d5c8cfbdaef26f64,Download,,22,5,0,50,54,4,rsrp=-95|rsrq=-15|snr=6,-95,-15,6
ucc-static-d5c8cfbdaef26f64,d5c8cfbdaef26f64,Download,,23,5,0,54,57,3,rsrp=-96|rsrq=-15|snr=5,-96,-15,5
ucc-static-d5c8cfbdaef26f64,d5c8cfbdaef26f64,Download,,24,5,0,57,59,2,rsrp=-94|rsrq=-15|snr=3,-94,-15,3
ucc-static-d5c8cfbdaef26f64,d5c8cfbdaef26f64,Download,,25,5,0,59,61,2,rsrp=-95|rsrq=-16|snr=9,-95,-16,9
ucc-static-d5c8cfbdaef26f64,d5c8cfbdaef26f64,Download,,26,5,0,61,63,2,rsrp=-95|rsrq=-16|snr=5,-95,-16,5
ucc-static-d5c8cfbdaef26f64,d5c8cfbdaef26f64,Download,,27,5,0,63,65,2,rsrp=-94|rsrq=-15|snr=5,-94,-15,5
ucc-static-d5c8cfbdaef26f64,d5c8cfbdaef26f64,Download,,28,6,1,66,68,2,rsrp=-94|rsrq=-16|snr=6,-94,-16,6
ucc-static-d5c8cfbdaef26f64,d5c8cfbdaef26f64,Download,,29,7,1,69,70,1,rsrp=-95|rsrq=-16|snr=3,-95,-16,3
ucc-static-d5c8cfbdaef26f64,d5c8cfbdaef26f64,Download,,30,7,0,70,72,2,rsrp=-94|rsrq=-10|snr=10,-94,-10,10
ucc-static-d5c8cfbdaef26f64,d5c8cfbdaef26f64,Download,,31,7,0,72,74,2,rsrp=-94|rsrq=-9|snr=6,-94,-9,6
ucc-static-d5c8cfbdaef26f64,d5c8cfbdaef26f64,Download,,32,8,1,75,77,2,rsrp=-94|rsrq=-11|snr=7,-94,-11,7
ucc-static-d5c8cfbdaef26f64,d5c8cfbdaef26f64,Download,,33,8,0,77,79,2,rsrp=-94|rsrq=-16|snr=1,-94,-16,1
ucc-static-d5c8cfbdaef26f64,d5c8cfbdaef26f64,Download,,34,8,0,79,81,2,rsrp=-94|rsrq=-17|snr=3,-94,-17,3
ucc-static-d5c8cfbdaef26f64,d5c8cfbdaef26f64,Download,,35,8,0,81,82,1,rsrp=-94|rsrq=-16|snr=3,-94,-16,3
ucc-static-d5c8cfbdaef26f64,d5c8cfbdaef26f64,Download,,36,9,1,83,86,3,rsrp=-94|rsrq=-17|snr=4,-94,-17,4
ucc-static-d5c8cfbdaef26f64,d5c8cfbdaef26f64,Download,,37,9,0,86,88,2,rsrp=-95|rsrq=-14|snr=3,-95,-14,3
ucc-static-d5c8cfbdaef26f64,d5c8cfbdaef26f64,Download,,38,9,0,88,90,2,rsrp=-94|rsrq=-16|snr=3,-94,-16,3
ucc-static-d5c8cfbdaef26f64,d5c8cfbdaef26f64,Download,,39,9,0,90,92,2,rsrp=-94|rsrq=-16|snr=4,-94,-16,4
ucc-static-d5c8cfbdaef26f64,d5c8cfbdaef26f64,Download,,40,9,0,92,94,2,rsrp=-98|rsrq=-16|snr=4,-98,-16,4
ucc-static-d5c8cfbdaef26f64,d5c8cfbdaef26f64,Download,,41,10,1,95,96,1,rsrp=-95|rsrq=-16|snr=3,-95,-16,3
ucc-static-d5c8cfbdaef26f64,d5c8cfbdaef26f64,Download,,42,11,1,97,99,2,rsrp=-96|rsrq=-16|snr=3,-96,-16,3
ucc-static-d5c8cfbdaef26f64,d5c8cfbdaef26f64,Download,,43,11,0,99,101,2,rsrp=-97|rsrq=-15|snr=7,-97,-15,7
ucc-static-d5c8cfbdaef26f64,d5c8cfbdaef26f64,Download,,44,11,0,101,103,2,rsrp=-96|rsrq=-15|snr=5,-96,-15,5
ucc-static-d5c8cfbdaef26f64,d5c8cfbdaef26f64,Download,,45,12,1,104,106,2,rsrp=-96|rsrq=-13|snr=4,-96,-13,4
ucc-static-d5c8cfbdaef26f64,d5c8cfbdaef26f64,Download,,46,12,0,106,108,2,rsrp=-96|rsrq=-12|snr=1,-96,-12,1
ucc-static-d5c8cfbdaef26f64,d5c8cfbdaef26f64,Download,,47,12,0,108,110,2,rsrp=-95|rsrq=-13|snr=3,-95,-13,3
ucc-static-d5c8cfbdaef26f64,d5c8cfbdaef26f64,Download,,48,12,0,110,112,2,rsrp=-96|rsrq=-12|snr=4,-96,-12,4
ucc-static-d5c8cfbdaef26f64,d5c8cfbdaef26f64,Download,,49,12,0,112,113,1,rsrp=-96|rsrq=-12|snr=9,-96,-12,9
ucc-static-d5c8cfbdaef26f64,d5c8cfbdaef26f64,Download,,50,13,1,114,115,1,rsrp=-96|rsrq=-12|snr=9,-96,-12,9
ucc-static-d5c8cfbdaef26f64,d5c8cfbdaef26f64,Download,,51,13,0,115,117,2,rsrp=-96|rsrq=-11|snr=5,-96,-11,5
ucc-static-d5c8cfbdaef26f64,d5c8cfbdaef26f64,Download,,52,13,0,117,119,2,rsrp=-96|rsrq=-15|snr=1,-96,-15,1
ucc-static-d5c8cfbdaef26f64,d5c8cfbdaef26f64,Download,,53,13,0,119,121,2,rsrp=-95|rsrq=-14|snr=2,-95,-14,2
ucc-static-d5c8cfbdaef26f64,d5c8cfbdaef26f64,Download,,54,13,0,121,123,2,rsrp=-96|rsrq=-15|snr=4,-96,-15,4
ucc-static-d5c8cfbdaef26f64,d5c8cfbdaef26f64,Download,,55,13,0,123,124,1,rsrp=-95|rsrq=-16|snr=2,-95,-16,2
ucc-static-d5c8cfbdaef26f64,d5c8cfbdaef26f64,Download,,56,14,1,125,126,1,rsrp=-95|rsrq=-16|snr=2,-95,-16,2
ucc-static-d5c8cfbdaef26f64,d5c8cfbdaef26f64,Download,,57,14,0,126,128,2,rsrp=-95|rsrq=-11|snr=1,-95,-11,1
ucc-static-d5c8cfbdaef26f64,d5c8cfbdaef26f64,Download,,58,14,0,128,130,2,rsrp=-97|rsrq=-14|snr=-1,-97,-14,-1
ucc-static-d5c8cfbdaef26f64,d5c8cfbdaef26f64,Download,,59,14,0,130,132,2,rsrp=-96|rsrq=-14|snr=0,-96,-14,0
ucc-static-d5c8cfbdaef26f64,d5c8cfbdaef26f64,Download,,60,14,0,132,134,2,rsrp=-95|rsrq=-14|snr=0,-95,-14,0
ucc-static-d5c8cfbdaef26f64,d5c8cfbdaef26f64,Download,,61,15,1,135,137,2,rsrp=-95|rsrq=-13|snr=3,-95,-13,3
ucc-static-d5c8cfbdaef26f64,d5c8cfbdaef26f64,Download,,62,15,0,137,138,1,rsrp=-95|rsrq=-13|snr=1,-95,-13,1
ucc-static-d5c8cfbdaef26f64,d5c8cfbdaef26f64,Download,,63,16,1,139,141,2,rsrp=-95|rsrq=-11|snr=1,-95,-11,1
ucc-static-d5c8cfbdaef26f64,d5c8cfbdaef26f64,Download,,64,16,0,141,143,2,rsrp=-96|rsrq=-14|snr=4,-96,-14,4
ucc-static-d5c8cfbdaef26f64,d5c8cfbdaef26f64,Download,,65,17,1,144,146,2,rsrp=-97|rsrq=-12|snr=4,-97,-12,4
ucc-static-d5c8cfbdaef26f64,d5c8cfbdaef26f64,Download,,66,17,0,146,148,2,rsrp=-96|rsrq=-14|snr=-3,-96,-14,-3
ucc-static-d5c8cfbdaef26f64,d5c8cfbdaef26f64,Download,,67,17,0,148,150,2,rsrp=-96|rsrq=-16|snr=0,-96,-16,0
ucc-static-d5c8cfbdaef26f64,d5c8cfbdaef26f64,Download,,68,17,0,150,152,2,rsrp=-96|rsrq=-16|snr=2,-96,-16,2
ucc-static-d5c8cfbdaef26f64,d5c8cfbdaef26f64,Download,,69,17,0,152,155,3,rsrp=-97|rsrq=-13|snr=-2,-97,-13,-2
ucc-static-d5c8cfbdaef26f64,d5c8cfbdaef26f64,Download,,70,17,0,155,157,2,rsrp=-97|rsrq=-11|snr=6,-97,-11,6
ucc-static-d5c8cfbdaef26f64,d5c8cfbdaef26f64,Download,,71,17,0,157,159,2,rsrp=-97|rsrq=-12|snr=12,-97,-12,12
ucc-static-d5c8cfbdaef26f64,d5c8cfbdaef26f64,Download,,72,17,0,159,161,2,rsrp=-97|rsrq=-11|snr=0,-97,-11,0
ucc-static-d5c8cfbdaef26f64,d5c8cfbdaef26f64,Download,,73,17,0,161,163,2,rsrp=-97|rsrq=-12|snr=4,-97,-12,4
ucc-static-d5c8cfbdaef26f64,d5c8cfbdaef26f64,Download,,74,18,1,164,166,2,rsrp=-97|rsrq=-14|snr=0,-97,-14,0
ucc-static-d5c8cfbdaef26f64,d5c8cfbdaef26f64,Download,,75,18,0,166,168,2,rsrp=-96|rsrq=-16|snr=8,-96,-16,8
ucc-static-d5c8cfbdaef26f64,d5c8cfbdaef26f64,Download,,76,18,0,168,170,2,rsrp=-97|rsrq=-11|snr=2,-97,-11,2
ucc-static-d5c8cfbdaef26f64,d5c8cfbdaef26f64,Download,,77,18,0,170,172,2,rsrp=-96|rsrq=-11|snr=2,-96,-11,2
ucc-static-d5c8cfbdaef26f64,d5c8cfbdaef26f64,Download,,78,19,1,173,175,2,rsrp=-98|rsrq=-11|snr=-1,-98,-11,-1
ucc-static-d5c8cfbdaef26f64,d5c8cfbdaef26f64,Download,,79,19,0,175,177,2,rsrp=-98|rsrq=-12|snr=1,-98,-12,1
ucc-static-d5c8cfbdaef26f64,d5c8cfbdaef26f64,Download,,80,19,0,177,179,2,rsrp=-98|rsrq=-12|snr=3,-98,-12,3
ucc-static-d5c8cfbdaef26f64,d5c8cfbdaef26f64,Download,,81,19,0,179,180,1,rsrp=-98|rsrq=-11|snr=2,-98,-11,2
ucc-static-e6dc9af174051f0c,e6dc9af174051f0c,Netflix,Season3-StrangerThings,0,0,0,0,2,2,rsrp=-80|rsrq=-10|snr=0,-80,-10,0
ucc-static-e6dc9af174051f0c,e6dc9af174051f0c,Netflix,Season3-StrangerThings,1,0,0,2,4,2,rsrp=-81|rsrq=-11|snr=4,-81,-11,4
ucc-static-e6dc9af174051f0c,e6dc9af174051f0c,Netflix,Season3-StrangerThings,2,0,0,4,6,2,rsrp=-80|rsrq=-11|snr=0,-80,-11,0
ucc-static-e6dc9af174051f0c,e6dc9af174051f0c,Netflix,Season3-StrangerThings,3,0,0,6,8,2,rsrp=-80|rsrq=-10|snr=3,-80,-10,3
ucc-static-e6dc9af174051f0c,e6dc9af174051f0c,Netflix,Season3-StrangerThings,4,0,0,8,10,2,rsrp=-80|rsrq=-10|snr=2,-80,-10,2
ucc-static-e6dc9af174051f0c,e6dc9af174051f0c,Netflix,Season3-StrangerThings,5,0,0,10,12,2,rsrp=-80|rsrq=-11|snr=-4,-80,-11,-4
ucc-static-e6dc9af174051f0c,e6dc9af174051f0c,Netflix,Season3-StrangerThings,6,0,0,12,14,2,rsrp=-80|rsrq=-11|snr=1,-80,-11,1
ucc-static-e6dc9af174051f0c,e6dc9af174051f0c,Netflix,Season3-StrangerThings,7,1,1,15,17,2,rsrp=-80|rsrq=-10|snr=-1,-80,-10,-1
ucc-static-e6dc9af174051f0c,e6dc9af174051f0c,Netflix,Season3-StrangerThings,8,1,0,17,19,2,rsrp=-80|rsrq=-10|snr=2,-80,-10,2
ucc-static-e6dc9af174051f0c,e6dc9af174051f0c,Netflix,Season3-StrangerThings,9,1,0,19,21,2,rsrp=-80|rsrq=-13|snr=2,-80,-13,2
ucc-static-e6dc9af174051f0c,e6dc9af174051f0c,Netflix,Season3-StrangerThings,10,1,0,21,23,2,rsrp=-80|rsrq=-11|snr=-3,-80,-11,-3
ucc-static-e6dc9af174051f0c,e6dc9af174051f0c,Netflix,Season3-StrangerThings,11,1,0,23,25,2,rsrp=-80|rsrq=-10|snr=1,-80,-10,1
ucc-static-e6dc9af174051f0c,e6dc9af174051f0c,Netflix,Season3-StrangerThings,12,1,0,25,27,2,rsrp=-80|rsrq=-16|snr=1,-80,-16,1
ucc-static-e6dc9af174051f0c,e6dc9af174051f0c,Netflix,Season3-StrangerThings,13,2,1,28,30,2,rsrp=-79|rsrq=-10|snr=2,-79,-10,2
ucc-static-e6dc9af174051f0c,e6dc9af174051f0c,Netflix,Season3-StrangerThings,14,2,0,30,32,2,rsrp=-79|rsrq=-11|snr=-5,-79,-11,-5
ucc-static-e6dc9af174051f0c,e6dc9af174051f0c,Netflix,Season3-StrangerThings,15,2,0,32,34,2,rsrp=-81|rsrq=-10|snr=-3,-81,-10,-3
ucc-static-e6dc9af174051f0c,e6dc9af174051f0c,Netflix,Season3-StrangerThings,16,2,0,34,36,2,rsrp=-80|rsrq=-10|snr=-4,-80,-10,-4
ucc-static-e6dc9af174051f0c,e6dc9af174051f0c,Netflix,Season3-StrangerThings,17,2,0,36,38,2,rsrp=-80|rsrq=-14|snr=-1,-80,-14,-1
ucc-static-e6dc9af174051f0c,e6dc9af174051f0c,Netflix,Season3-StrangerThings,18,2,0,38,40,2,rsrp=-81|rsrq=-11|snr=1,-81,-11,1
ucc-static-e6dc9af174051f0c,e6dc9af174051f0c,Netflix,Season3-StrangerThings,19,2,0,40,42,2,rsrp=-80|rsrq=-11|snr=0,-80,-11,0
ucc-static-e6dc9af174051f0c,e6dc9af174051f0c,Netflix,Season3-StrangerThings,20,3,1,43,45,2,rsrp=-79|rsrq=-11|snr=-6,-79,-11,-6
ucc-static-e6dc9af174051f0c,e6dc9af174051f0c,Netflix,Season3-StrangerThings,21,3,0,45,47,2,rsrp=-80|rsrq=-13|snr=-1,-80,-13,-1
ucc-static-e6dc9af174051f0c,e6dc9af174051f0c,Netflix,Season3-StrangerThings,22,3,0,47,53,6,rsrp=-80|rsrq=-10|snr=0,-80,-10,0
ucc-static-e6dc9af174051f0c,e6dc9af174051f0c,Netflix,Season3-StrangerThings,23,3,0,53,55,2,rsrp=-80|rsrq=-11|snr=0,-80,-11,0
ucc-static-e6dc9af174051f0c,e6dc9af174051f0c,Netflix,Season3-StrangerThings,24,4,1,56,58,2,rsrp=-81|rsrq=-11|snr=3,-81,-11,3
ucc-static-e6dc9af174051f0c,e6dc9af174051f0c,Netflix,Season3-StrangerThings,25,4,0,58,60,2,rsrp=-81|rsrq=-10|snr=0,-81,-10,0
ucc-static-e6dc9af174051f0c,e6dc9af174051f0c,Netflix,Season3-StrangerThings,26,4,0,60,62,2,rsrp=-81|rsrq=-10|snr=2,-81,-10,2
ucc-static-e6dc9af174051f0c,e6dc9af174051f0c,Netflix,Season3-StrangerThings,27,4,0,62,64,2,rsrp=-80|rsrq=-10|snr=4,-80,-10,4
ucc-static-e6dc9af174051f0c,e6dc9af174051f0c,Netflix,Season3-StrangerThings,28,4,0,64,66,2,rsrp=-80|rsrq=-16|snr=3,-80,-16,3
ucc-static-e6dc9af174051f0c,e6dc9af174051f0c,Netflix,Season3-StrangerThings,29,4,0,66,68,2,rsrp=-81|rsrq=-13|snr=2,-81,-13,2
ucc-static-e6dc9af174051f0c,e6dc9af174051f0c,Netflix,Season3-StrangerThings,30,4,0,68,69,1,rsrp=-81|rsrq=-12|snr=3,-81,-12,3
ucc-static-e6dc9af174051f0c,e6dc9af174051f0c,Netflix,Season3-StrangerThings,31,5,1,70,71,1,rsrp=-81|rsrq=-12|snr=3,-81,-12,3
ucc-static-e6dc9af174051f0c,e6dc9af174051f0c,Netflix,Season3-StrangerThings,32,5,0,71,73,2,rsrp=-84|rsrq=-11|snr=2,-84,-11,2
ucc-static-e6dc9af174051f0c,e6dc9af174051f0c,Netflix,Season3-StrangerThings,33,5,0,73,75,2,rsrp=-81|rsrq=-11|snr=2,-81,-11,2
ucc-static-e6dc9af174051f0c,e6dc9af174051f0c,Netflix,Season3-StrangerThings,34,5,0,75,77,2,rsrp=-80|rsrq=-9|snr=2,-80,-9,2
ucc-static-e6dc9af174051f0c,e6dc9af174051f0c,Netflix,Season3-StrangerThings,35,5,0,77,79,2,rsrp=-80|rsrq=-10|snr=5,-80,-10,5
ucc-static-e6dc9af174051f0c,e6dc9af174051f0c,Netflix,Season3-StrangerThings,36,5,0,79,81,2,rsrp=-81|rsrq=-10|snr=2,-81,-10,2
ucc-static-e6dc9af174051f0c,e6dc9af174051f0c,Netflix,Season3-StrangerThings,37,5,0,81,82,1,rsrp=-81|rsrq=-15|snr=0,-81,-15,0
ucc-static-e6dc9af174051f0c,e6dc9af174051f0c,Netflix,Season3-StrangerThings,38,6,1,83,84,1,rsrp=-81|rsrq=-15|snr=0,-81,-15,0
ucc-static-e6dc9af174051f0c,e6dc9af174051f0c,Netflix,Season3-StrangerThings,39,6,0,84,86,2,rsrp=-81|rsrq=-13|snr=-1,-81,-13,-1
ucc-static-e6dc9af174051f0c,e6dc9af174051f0c,Netflix,Season3-StrangerThings,40,6,0,86,88,2,rsrp=-81|rsrq=-10|snr=6,-81,-10,6
ucc-static-e6dc9af174051f0c,e6dc9af174051f0c,Netflix,Season3-StrangerThings,41,6,0,88,90,2,rsrp=-81|rsrq=-10|snr=4,-81,-10,4
ucc-static-e6dc9af174051f0c,e6dc9af174051f0c,Netflix,Season3-StrangerThings,42,6,0,90,92,2,rsrp=-81|rsrq=-11|snr=2,-81,-11,2
ucc-static-e6dc9af174051f0c,e6dc9af174051f0c,Netflix,Season3-StrangerThings,43,6,0,92,94,2,rsrp=-81|rsrq=-10|snr=3,-81,-10,3
ucc-static-e6dc9af174051f0c,e6dc9af174051f0c,Netflix,Season3-StrangerThings,44,6,0,94,96,2,rsrp=-83|rsrq=-11|snr=3,-83,-11,3
ucc-static-e6dc9af174051f0c,e6dc9af174051f0c,Netflix,Season3-StrangerThings,45,7,1,97,99,2,rsrp=-80|rsrq=-11|snr=1,-80,-11,1
ucc-static-e6dc9af174051f0c,e6dc9af174051f0c,Netflix,Season3-StrangerThings,46,7,0,99,101,2,rsrp=-82|rsrq=-10|snr=2,-82,-10,2
ucc-static-e6dc9af174051f0c,e6dc9af174051f0c,Netflix,Season3-StrangerThings,47,7,0,101,103,2,rsrp=-81|rsrq=-12|snr=3,-81,-12,3
ucc-static-e6dc9af174051f0c,e6dc9af174051f0c,Netflix,Season3-StrangerThings,48,7,0,103,105,2,rsrp=-81|rsrq=-14|snr=1,-81,-14,1
ucc-static-e6dc9af174051f0c,e6dc9af174051f0c,Netflix,Season3-StrangerThings,49,7,0,105,107,2,rsrp=-81|rsrq=-12|snr=1,-81,-12,1
ucc-static-e6dc9af174051f0c,e6dc9af174051f0c,Netflix,Season3-StrangerThings,50,7,0,107,109,2,rsrp=-81|rsrq=-11|snr=4,-81,-11,4
ucc-static-e6dc9af174051f0c,e6dc9af174051f0c,Netflix,Season3-StrangerThings,51,7,0,109,110,1,rsrp=-81|rsrq=-10|snr=4,-81,-10,4
ucc-static-e6dc9af174051f0c,e6dc9af174051f0c,Netflix,Season3-StrangerThings,52,8,1,111,112,1,rsrp=-81|rsrq=-10|snr=4,-81,-10,4
ucc-static-e6dc9af174051f0c,e6dc9af174051f0c,Netflix,Season3-StrangerThings,53,8,0,112,114,2,rsrp=-81|rsrq=-10|snr=3,-81,-10,3
ucc-static-e6dc9af174051f0c,e6dc9af174051f0c,Netflix,Season3-StrangerThings,54,8,0,114,116,2,rsrp=-81|rsrq=-9|snr=4,-81,-9,4
ucc-static-e6dc9af174051f0c,e6dc9af174051f0c,Netflix,Season3-StrangerThings,55,8,0,116,120,4,rsrp=-81|rsrq=-10|snr=4,-81,-10,4
ucc-static-e6dc9af174051f0c,e6dc9af174051f0c,Netflix,Season3-StrangerThings,56,8,0,120,122,2,rsrp=-81|rsrq=-9|snr=4,-81,-9,4
ucc-static-e6dc9af174051f0c,e6dc9af174051f0c,Netflix,Season3-StrangerThings,57,8,0,122,124,2,rsrp=-81|rsrq=-10|snr=3,-81,-10,3
ucc-static-e6dc9af174051f0c,e6dc9af174051f0c,Netflix,Season3-StrangerThings,58,9,1,125,127,2,rsrp=-80|rsrq=-9|snr=5,-80,-9,5
ucc-static-e6dc9af174051f0c,e6dc9af174051f0c,Netflix,Season3-StrangerThings,59,9,0,127,129,2,rsrp=-80|rsrq=-9|snr=2,-80,-9,2
ucc-static-e6dc9af174051f0c,e6dc9af174051f0c,Netflix,Season3-StrangerThings,60,9,0,129,131,2,rsrp=-81|rsrq=-10|snr=-1,-81,-10,-1
ucc-static-e6dc9af174051f0c,e6dc9af174051f0c,Netflix,Season3-StrangerThings,61,9,0,131,133,2,rsrp=-81|rsrq=-9|snr=1,-81,-9,1
ucc-static-e6dc9af174051f0c,e6dc9af174051f0c,Netflix,Season3-StrangerThings,62,9,0,133,135,2,rsrp=-80|rsrq=-10|snr=3,-80,-10,3
ucc-static-e6dc9af174051f0c,e6dc9af174051f0c,Netflix,Season3-StrangerThings,63,9,0,135,137,2,rsrp=-80|rsrq=-9|snr=1,-80,-9,1
ucc-static-e6dc9af174051f0c,e6dc9af174051f0c,Netflix,Season3-StrangerThings,64,9,0,137,138,1,rsrp=-81|rsrq=-10|snr=-2,-81,-10,-2
ucc-static-e6dc9af174051f0c,e6dc9af174051f0c,Netflix,Season3-StrangerThings,65,10,1,139,140,1,rsrp=-81|rsrq=-10|snr=-2,-81,-10,-2
ucc-static-e6dc9af174051f0c,e6dc9af174051f0c,Netflix,Season3-StrangerThings,66,10,0,140,142,2,rsrp=-80|rsrq=-10|snr=0,-80,-10,0
ucc-static-e6dc9af174051f0c,e6dc9af174051f0c,Netflix,Season3-StrangerThings,67,10,0,142,144,2,rsrp=-80|rsrq=-11|snr=1,-80,-11,1
ucc-static-e6dc9af174051f0c,e6dc9af174051f0c,Netflix,Season3-StrangerThings,68,10,0,144,148,4,rsrp=-81|rsrq=-10|snr=1,-81,-10,1
ucc-static-e6dc9af174051f0c,e6dc9af174051f0c,Netflix,Season3-StrangerThings,69,10,0,148,150,2,rsrp=-81|rsrq=-11|snr=-1,-81,-11,-1
ucc-static-e6dc9af174051f0c,e6dc9af174051f0c,Netflix,Season3-StrangerThings,70,10,0,150,152,2,rsrp=-81|rsrq=-10|snr=3,-81,-10,3
ucc-static-e6dc9af174051f0c,e6dc9af174051f0c,Netflix,Season3-StrangerThings,71,11,1,153,155,2,rsrp=-80|rsrq=-10|snr=3,-80,-10,3
ucc-static-e6dc9af174051f0c,e6dc9af174051f0c,Netflix,Season3-StrangerThings,72,11,0,155,157,2,rsrp=-80|rsrq=-10|snr=2,-80,-10,2
ucc-static-e6dc9af174051f0c,e6dc9af174051f0c,Netflix,Season3-StrangerThings,73,11,0,157,159,2,rsrp=-81|rsrq=-9|snr=2,-81,-9,2
ucc-static-e6dc9af174051f0c,e6dc9af174051f0c,Netflix,Season3-StrangerThings,74,11,0,159,161,2,rsrp=-81|rsrq=-10|snr=2,-81,-10,2
ucc-static-e6dc9af174051f0c,e6dc9af174051f0c,Netflix,Season3-StrangerThings,75,11,0,161,163,2,rsrp=-80|rsrq=-10|snr=1,-80,-10,1
ucc-static-e6dc9af174051f0c,e6dc9af174051f0c,Netflix,Season3-StrangerThings,76,11,0,163,165,2,rsrp=-81|rsrq=-11|snr=2,-81,-11,2
ucc-static-e6dc9af174051f0c,e6dc9af174051f0c,Netflix,Season3-StrangerThings,77,12,1,166,168,2,rsrp=-81|rsrq=-10|snr=3,-81,-10,3
ucc-static-e6dc9af174051f0c,e6dc9af174051f0c,Netflix,Season3-StrangerThings,78,12,0,168,170,2,rsrp=-80|rsrq=-10|snr=2,-80,-10,2
ucc-static-e6dc9af174051f0c,e6dc9af174051f0c,Netflix,Season3-StrangerThings,79,12,0,170,172,2,rsrp=-81|rsrq=-11|snr=0,-81,-11,0
ucc-static-e6dc9af174051f0c,e6dc9af174051f0c,Netflix,Season3-StrangerThings,80,12,0,172,174,2,rsrp=-80|rsrq=-10|snr=-1,-80,-10,-1
ucc-static-e6dc9af174051f0c,e6dc9af174051f0c,Netflix,Season3-StrangerThings,81,12,0,174,176,2,rsrp=-81|rsrq=-12|snr=6,-81,-12,6
ucc-static-e6dc9af174051f0c,e6dc9af174051f0c,Netflix,Season3-StrangerThings,82,12,0,176,178,2,rsrp=-81|rsrq=-11|snr=3,-81,-11,3
ucc-static-e6dc9af174051f0c,e6dc9af174051f0c,Netflix,Season3-StrangerThings,83,12,0,178,180,2,rsrp=-81|rsrq=-11|snr=1,-81,-11,1
ucc-static-ea48334e3dc57ed4,ea48334e3dc57ed4,Amazon_Prime,Season3-TheExpanse,0,0,0,0,2,2,rsrp=-101|rsrq=-10|snr=1,-101,-10,1
ucc-static-ea48334e3dc57ed4,ea48334e3dc57ed4,Amazon_Prime,Season3-TheExpanse,1,0,0,2,4,2,rsrp=-100|rsrq=-11|snr=3,-100,-11,3
ucc-static-ea48334e3dc57ed4,ea48334e3dc57ed4,Amazon_Prime,Season3-TheExpanse,2,0,0,4,6,2,rsrp=-100|rsrq=-10|snr=3,-100,-10,3
ucc-static-ea48334e3dc57ed4,ea48334e3dc57ed4,Amazon_Prime,Season3-TheExpanse,3,0,0,6,8,2,rsrp=-101|rsrq=-11|snr=2,-101,-11,2
ucc-static-ea48334e3dc57ed4,ea48334e3dc57ed4,Amazon_Prime,Season3-TheExpanse,4,0,0,8,10,2,rsrp=-100|rsrq=-12|snr=2,-100,-12,2
ucc-static-ea48334e3dc57ed4,ea48334e3dc57ed4,Amazon_Prime,Season3-TheExpanse,5,0,0,10,12,2,rsrp=-100|rsrq=-13|snr=11,-100,-13,11
ucc-static-ea48334e3dc57ed4,ea48334e3dc57ed4,Amazon_Prime,Season3-TheExpanse,6,1,1,13,15,2,rsrp=-100|rsrq=-11|snr=7,-100,-11,7
ucc-static-ea48334e3dc57ed4,ea48334e3dc57ed4,Amazon_Prime,Season3-TheExpanse,7,1,0,15,17,2,rsrp=-100|rsrq=-10|snr=0,-100,-10,0
ucc-static-ea48334e3dc57ed4,ea48334e3dc57ed4,Amazon_Prime,Season3-TheExpanse,8,1,0,17,19,2,rsrp=-100|rsrq=-13|snr=3,-100,-13,3
ucc-static-ea48334e3dc57ed4,ea48334e3dc57ed4,Amazon_Prime,Season3-TheExpanse,9,1,0,19,21,2,rsrp=-100|rsrq=-11|snr=-3,-100,-11,-3
ucc-static-ea48334e3dc57ed4,ea48334e3dc57ed4,Amazon_Prime,Season3-TheExpanse,10,1,0,21,23,2,rsrp=-100|rsrq=-15|snr=-2,-100,-15,-2
ucc-static-ea48334e3dc57ed4,ea48334e3dc57ed4,Amazon_Prime,Season3-TheExpanse,11,1,0,23,25,2,rsrp=-100|rsrq=-13|snr=1,-100,-13,1
ucc-static-ea48334e3dc57ed4,ea48334e3dc57ed4,Amazon_Prime,Season3-TheExpanse,12,2,1,26,28,2,rsrp=-100|rsrq=-14|snr=0,-100,-14,0
ucc-static-ea48334e3dc57ed4,ea48334e3dc57ed4,Amazon_Prime,Season3-TheExpanse,13,2,0,28,30,2,rsrp=-101|rsrq=-14|snr=-2,-101,-14,-2
ucc-static-ea48334e3dc57ed4,ea48334e3dc57ed4,Amazon_Prime,Season3-TheExpanse,14,2,0,30,32,2,rsrp=-100|rsrq=-11|snr=6,-100,-11,6
ucc-static-ea48334e3dc57ed4,ea48334e3dc57ed4,Amazon_Prime,Season3-TheExpanse,15,2,0,32,34,2,rsrp=-100|rsrq=-10|snr=3,-100,-10,3
ucc-static-ea48334e3dc57ed4,ea48334e3dc57ed4,Amazon_Prime,Season3-TheExpanse,16,2,0,34,36,2,rsrp=-100|rsrq=-13|snr=4,-100,-13,4
ucc-static-ea48334e3dc57ed4,ea48334e3dc57ed4,Amazon_Prime,Season3-TheExpanse,17,2,0,36,38,2,rsrp=-100|rsrq=-11|snr=4,-100,-11,4
ucc-static-ea48334e3dc57ed4,ea48334e3dc57ed4,Amazon_Prime,Season3-TheExpanse,18,2,0,38,39,1,rsrp=-100|rsrq=-13|snr=2,-100,-13,2
ucc-static-ea48334e3dc57ed4,ea48334e3dc57ed4,Amazon_Prime,Season3-TheExpanse,19,3,1,40,41,1,rsrp=-100|rsrq=-13|snr=2,-100,-13,2
ucc-static-ea48334e3dc57ed4,ea48334e3dc57ed4,Amazon_Prime,Season3-TheExpanse,20,3,0,41,43,2,rsrp=-100|rsrq=-12|snr=0,-100,-12,0
ucc-static-ea48334e3dc57ed4,ea48334e3dc57ed4,Amazon_Prime,Season3-TheExpanse,21,3,0,43,45,2,rsrp=-101|rsrq=-14|snr=0,-101,-14,0
ucc-static-ea48334e3dc57ed4,ea48334e3dc57ed4,Amazon_Prime,Season3-TheExpanse,22,3,0,45,47,2,rsrp=-100|rsrq=-11|snr=-9,-100,-11,-9
ucc-static-ea48334e3dc57ed4,ea48334e3dc57ed4,Amazon_Prime,Season3-TheExpanse,23,3,0,47,49,2,rsrp=-101|rsrq=-11|snr=5,-101,-11,5
ucc-static-ea48334e3dc57ed4,ea48334e3dc57ed4,Amazon_Prime,Season3-TheExpanse,24,3,0,49,51,2,rsrp=-101|rsrq=-15|snr=8,-101,-15,8
ucc-static-ea48334e3dc57ed4,ea48334e3dc57ed4,Amazon_Prime,Season3-TheExpanse,25,3,0,51,52,1,rsrp=-100|rsrq=-13|snr=2,-100,-13,2
ucc-static-ea48334e3dc57ed4,ea48334e3dc57ed4,Amazon_Prime,Season3-TheExpanse,26,4,1,53,54,1,rsrp=-100|rsrq=-13|snr=2,-100,-13,2
ucc-static-ea48334e3dc57ed4,ea48334e3dc57ed4,Amazon_Prime,Season3-TheExpanse,27,4,0,54,58,4,rsrp=-100|rsrq=-17|snr=1,-100,-17,1
ucc-static-ea48334e3dc57ed4,ea48334e3dc57ed4,Amazon_Prime,Season3-TheExpanse,28,4,0,58,60,2,rsrp=-101|rsrq=-16|snr=-1,-101,-16,-1
ucc-static-ea48334e3dc57ed4,ea48334e3dc57ed4,Amazon_Prime,Season3-TheExpanse,29,4,0,60,62,2,rsrp=-101|rsrq=-16|snr=1,-101,-16,1
ucc-static-ea48334e3dc57ed4,ea48334e3dc57ed4,Amazon_Prime,Season3-TheExpanse,30,4,0,62,64,2,rsrp=-101|rsrq=-12|snr=1,-101,-12,1
ucc-static-ea48334e3dc57ed4,ea48334e3dc57ed4,Amazon_Prime,Season3-TheExpanse,31,4,0,64,66,2,rsrp=-101|rsrq=-16|snr=2,-101,-16,2
ucc-static-ea48334e3dc57ed4,ea48334e3dc57ed4,Amazon_Prime,Season3-TheExpanse,32,4,0,66,67,1,rsrp=-101|rsrq=-15|snr=0,-101,-15,0
ucc-static-ea48334e3dc57ed4,ea48334e3dc57ed4,Amazon_Prime,Season3-TheExpanse,33,5,1,68,69,1,rsrp=-101|rsrq=-15|snr=0,-101,-15,0
ucc-static-ea48334e3dc57ed4,ea48334e3dc57ed4,Amazon_Prime,Season3-TheExpanse,34,5,0,69,71,2,rsrp=-101|rsrq=-15|snr=-2,-101,-15,-2
ucc-static-ea48334e3dc57ed4,ea48334e3dc57ed4,Amazon_Prime,Season3-TheExpanse,35,5,0,71,73,2,rsrp=-101|rsrq=-15|snr=1,-101,-15,1
ucc-static-ea48334e3dc57ed4,ea48334e3dc57ed4,Amazon_Prime,Season3-TheExpanse,36,5,0,73,75,2,rsrp=-100|rsrq=-15|snr=2,-100,-15,2
ucc-static-ea48334e3dc57ed4,ea48334e3dc57ed4,Amazon_Prime,Season3-TheExpanse,37,5,0,75,77,2,rsrp=-100|rsrq=-13|snr=3,-100,-13,3
ucc-static-ea48334e3dc57ed4,ea48334e3dc57ed4,Amazon_Prime,Season3-TheExpanse,38,5,0,77,79,2,rsrp=-101|rsrq=-13|snr=-1,-101,-13,-1
ucc-static-ea48334e3dc57ed4,ea48334e3dc57ed4,Amazon_Prime,Season3-TheExpanse,39,5,0,79,81,2,rsrp=-101|rsrq=-12|snr=6,-101,-12,6
ucc-static-ea48334e3dc57ed4,ea48334e3dc57ed4,Amazon_Prime,Season3-TheExpanse,40,6,1,82,84,2,rsrp=-100|rsrq=-13|snr=4,-100,-13,4
ucc-static-ea48334e3dc57ed4,ea48334e3dc57ed4,Amazon_Prime,Season3-TheExpanse,41,6,0,84,86,2,rsrp=-101|rsrq=-13|snr=3,-101,-13,3
ucc-static-ea48334e3dc57ed4,ea48334e3dc57ed4,Amazon_Prime,Season3-TheExpanse,42,6,0,86,88,2,rsrp=-101|rsrq=-14|snr=1,-101,-14,1
ucc-static-ea48334e3dc57ed4,ea48334e3dc57ed4,Amazon_Prime,Season3-TheExpanse,43,6,0,88,90,2,rsrp=-101|rsrq=-15|snr=0,-101,-15,0
ucc-static-ea48334e3dc57ed4,ea48334e3dc57ed4,Amazon_Prime,Season3-TheExpanse,44,6,0,90,92,2,rsrp=-100|rsrq=-14|snr=4,-100,-14,4
ucc-static-ea48334e3dc57ed4,ea48334e3dc57ed4,Amazon_Prime,Season3-TheExpanse,45,6,0,92,94,2,rsrp=-101|rsrq=-15|snr=1,-101,-15,1
ucc-static-ea48334e3dc57ed4,ea48334e3dc57ed4,Amazon_Prime,Season3-TheExpanse,46,6,0,94,95,1,rsrp=-100|rsrq=-15|snr=5,-100,-15,5
ucc-static-ea48334e3dc57ed4,ea48334e3dc57ed4,Amazon_Prime,Season3-TheExpanse,47,7,1,96,97,1,rsrp=-100|rsrq=-15|snr=5,-100,-15,5
ucc-static-ea48334e3dc57ed4,ea48334e3dc57ed4,Amazon_Prime,Season3-TheExpanse,48,7,0,97,99,2,rsrp=-101|rsrq=-16|snr=-1,-101,-16,-1
ucc-static-ea48334e3dc57ed4,ea48334e3dc57ed4,Amazon_Prime,Season3-TheExpanse,49,7,0,99,101,2,rsrp=-101|rsrq=-14|snr=8,-101,-14,8
ucc-static-ea48334e3dc57ed4,ea48334e3dc57ed4,Amazon_Prime,Season3-TheExpanse,50,7,0,101,103,2,rsrp=-101|rsrq=-12|snr=1,-101,-12,1
ucc-static-ea48334e3dc57ed4,ea48334e3dc57ed4,Amazon_Prime,Season3-TheExpanse,51,7,0,103,105,2,rsrp=-101|rsrq=-13|snr=2,-101,-13,2
ucc-static-ea48334e3dc57ed4,ea48334e3dc57ed4,Amazon_Prime,Season3-TheExpanse,52,7,0,105,107,2,rsrp=-100|rsrq=-14|snr=-3,-100,-14,-3
ucc-static-ea48334e3dc57ed4,ea48334e3dc57ed4,Amazon_Prime,Season3-TheExpanse,53,7,0,107,109,2,rsrp=-101|rsrq=-14|snr=0,-101,-14,0
ucc-static-ea48334e3dc57ed4,ea48334e3dc57ed4,Amazon_Prime,Season3-TheExpanse,54,8,1,110,112,2,rsrp=-101|rsrq=-11|snr=5,-101,-11,5
ucc-static-ea48334e3dc57ed4,ea48334e3dc57ed4,Amazon_Prime,Season3-TheExpanse,55,8,0,112,114,2,rsrp=-101|rsrq=-10|snr=6,-101,-10,6
ucc-static-ea48334e3dc57ed4,ea48334e3dc57ed4,Amazon_Prime,Season3-TheExpanse,56,8,0,114,116,2,rsrp=-101|rsrq=-11|snr=2,-101,-11,2
ucc-static-ea48334e3dc57ed4,ea48334e3dc57ed4,Amazon_Prime,Season3-TheExpanse,57,8,0,116,118,2,rsrp=-101|rsrq=-14|snr=-2,-101,-14,-2
ucc-static-ea48334e3dc57ed4,ea48334e3dc57ed4,Amazon_Prime,Season3-TheExpanse,58,8,0,118,120,2,rsrp=-101|rsrq=-12|snr=-3,-101,-12,-3
ucc-static-ea48334e3dc57ed4,ea48334e3dc57ed4,Amazon_Prime,Season3-TheExpanse,59,8,0,120,122,2,rsrp=-101|rsrq=-15|snr=5,-101,-15,5
ucc-static-ea48334e3dc57ed4,ea48334e3dc57ed4,Amazon_Prime,Season3-TheExpanse,60,8,0,122,124,2,rsrp=-101|rsrq=-16|snr=1,-101,-16,1
ucc-static-ea48334e3dc57ed4,ea48334e3dc57ed4,Amazon_Prime,Season3-TheExpanse,61,9,1,125,127,2,rsrp=-101|rsrq=-13|snr=1,-101,-13,1
ucc-static-ea48334e3dc57ed4,ea48334e3dc57ed4,Amazon_Prime,Season3-TheExpanse,62,9,0,127,129,2,rsrp=-101|rsrq=-13|snr=7,-101,-13,7
ucc-static-ea48334e3dc57ed4,ea48334e3dc57ed4,Amazon_Prime,Season3-TheExpanse,63,9,0,129,131,2,rsrp=-101|rsrq=-15|snr=-4,-101,-15,-4
ucc-static-ea48334e3dc57ed4,ea48334e3dc57ed4,Amazon_Prime,Season3-TheExpanse,64,9,0,131,133,2,rsrp=-101|rsrq=-13|snr=6,-101,-13,6
ucc-static-ea48334e3dc57ed4,ea48334e3dc57ed4,Amazon_Prime,Season3-TheExpanse,65,9,0,133,135,2,rsrp=-101|rsrq=-13|snr=-2,-101,-13,-2
ucc-static-ea48334e3dc57ed4,ea48334e3dc57ed4,Amazon_Prime,Season3-TheExpanse,66,9,0,135,137,2,rsrp=-101|rsrq=-14|snr=-2,-101,-14,-2
ucc-static-ea48334e3dc57ed4,ea48334e3dc57ed4,Amazon_Prime,Season3-TheExpanse,67,9,0,137,138,1,rsrp=-101|rsrq=-14|snr=0,-101,-14,0
ucc-static-ea48334e3dc57ed4,ea48334e3dc57ed4,Amazon_Prime,Season3-TheExpanse,68,10,1,139,140,1,rsrp=-101|rsrq=-14|snr=0,-101,-14,0
ucc-static-ea48334e3dc57ed4,ea48334e3dc57ed4,Amazon_Prime,Season3-TheExpanse,69,10,0,140,142,2,rsrp=-99|rsrq=-14|snr=-1,-99,-14,-1
ucc-static-ea48334e3dc57ed4,ea48334e3dc57ed4,Amazon_Prime,Season3-TheExpanse,70,10,0,142,144,2,rsrp=-100|rsrq=-12|snr=-2,-100,-12,-2
ucc-static-ea48334e3dc57ed4,ea48334e3dc57ed4,Amazon_Prime,Season3-TheExpanse,71,10,0,144,146,2,rsrp=-99|rsrq=-10|snr=2,-99,-10,2
ucc-static-ea48334e3dc57ed4,ea48334e3dc57ed4,Amazon_Prime,Season3-TheExpanse,72,10,0,146,148,2,rsrp=-100|rsrq=-12|snr=2,-100,-12,2
ucc-static-ea48334e3dc57ed4,ea48334e3dc57ed4,Amazon_Prime,Season3-TheExpanse,73,10,0,148,150,2,rsrp=-101|rsrq=-11|snr=10,-101,-11,10
ucc-static-ea48334e3dc57ed4,ea48334e3dc57ed4,Amazon_Prime,Season3-TheExpanse,74,10,0,150,152,2,rsrp=-101|rsrq=-11|snr=6,-101,-11,6
ucc-static-ea48334e3dc57ed4,ea48334e3dc57ed4,Amazon_Prime,Season3-TheExpanse,75,11,1,153,155,2,rsrp=-101|rsrq=-14|snr=-2,-101,-14,-2
ucc-static-ea48334e3dc57ed4,ea48334e3dc57ed4,Amazon_Prime,Season3-TheExpanse,76,11,0,155,157,2,rsrp=-101|rsrq=-11|snr=-4,-101,-11,-4
ucc-static-ea48334e3dc57ed4,ea48334e3dc57ed4,Amazon_Prime,Season3-TheExpanse,77,11,0,157,159,2,rsrp=-101|rsrq=-15|snr=9,-101,-15,9
ucc-static-ea48334e3dc57ed4,ea48334e3dc57ed4,Amazon_Prime,Season3-TheExpanse,78,11,0,159,161,2,rsrp=-101|rsrq=-15|snr=-3,-101,-15,-3
ucc-static-ea48334e3dc57ed4,ea48334e3dc57ed4,Amazon_Prime,Season3-TheExpanse,79,11,0,161,163,2,rsrp=-101|rsrq=-12|snr=3,-101,-12,3
ucc-static-ea48334e3dc57ed4,ea48334e3dc57ed4,Amazon_Prime,Season3-TheExpanse,80,11,0,163,165,2,rsrp=-101|rsrq=-14|snr=-2,-101,-14,-2
ucc-static-ea48334e3dc57ed4,ea48334e3dc57ed4,Amazon_Prime,Season3-TheExpanse,81,11,0,165,166,1,rsrp=-101|rsrq=-15|snr=3,-101,-15,3
ucc-static-ea48334e3dc57ed4,ea48334e3dc57ed4,Amazon_Prime,Season3-TheExpanse,82,12,1,167,168,1,rsrp=-101|rsrq=-15|snr=3,-101,-15,3
ucc-static-ea48334e3dc57ed4,ea48334e3dc57ed4,Amazon_Prime,Season3-TheExpanse,83,12,0,168,170,2,rsrp=-100|rsrq=-15|snr=-1,-100,-15,-1
ucc-static-ea48334e3dc57ed4,ea48334e3dc57ed4,Amazon_Prime,Season3-TheExpanse,84,12,0,170,172,2,rsrp=-101|rsrq=-15|snr=3,-101,-15,3
ucc-static-ea48334e3dc57ed4,ea48334e3dc57ed4,Amazon_Prime,Season3-TheExpanse,85,12,0,172,174,2,rsrp=-101|rsrq=-12|snr=5,-101,-12,5
ucc-static-ea48334e3dc57ed4,ea48334e3dc57ed4,Amazon_Prime,Season3-TheExpanse,86,12,0,174,176,2,rsrp=-100|rsrq=-16|snr=1,-100,-16,1
ucc-static-ea48334e3dc57ed4,ea48334e3dc57ed4,Amazon_Prime,Season3-TheExpanse,87,12,0,176,178,2,rsrp=-100|rsrq=-17|snr=2,-100,-17,2
ucc-static-ea48334e3dc57ed4,ea48334e3dc57ed4,Amazon_Prime,Season3-TheExpanse,88,12,0,178,180,2,rsrp=-101|rsrq=-15|snr=3,-101,-15,3
ucc-static-ed4f832c1ef9f131,ed4f832c1ef9f131,Netflix,Season3-StrangerThings,0,0,0,0,2,2,rsrp=-105|rsrq=-12|snr=-4,-105,-12,-4
ucc-static-ed4f832c1ef9f131,ed4f832c1ef9f131,Netflix,Season3-StrangerThings,1,0,0,2,4,2,rsrp=-104|rsrq=-12|snr=-2,-104,-12,-2
ucc-static-ed4f832c1ef9f131,ed4f832c1ef9f131,Netflix,Season3-StrangerThings,2,0,0,4,6,2,rsrp=-105|rsrq=-14|snr=-4,-105,-14,-4
ucc-static-ed4f832c1ef9f131,ed4f832c1ef9f131,Netflix,Season3-StrangerThings,3,0,0,6,8,2,rsrp=-102|rsrq=-14|snr=0,-102,-14,0
ucc-static-ed4f832c1ef9f131,ed4f832c1ef9f131,Netflix,Season3-StrangerThings,4,0,0,8,9,1,rsrp=-102|rsrq=-16|snr=1,-102,-16,1
ucc-static-ed4f832c1ef9f131,ed4f832c1ef9f131,Netflix,Season3-StrangerThings,5,1,1,10,11,1,rsrp=-102|rsrq=-16|snr=1,-102,-16,1
ucc-static-ed4f832c1ef9f131,ed4f832c1ef9f131,Netflix,Season3-StrangerThings,6,1,0,11,13,2,rsrp=-104|rsrq=-14|snr=-2,-104,-14,-2
ucc-static-ed4f832c1ef9f131,ed4f832c1ef9f131,Netflix,Season3-StrangerThings,7,1,0,13,15,2,rsrp=-101|rsrq=-15|snr=9,-101,-15,9
ucc-static-ed4f832c1ef9f131,ed4f832c1ef9f131,Netflix,Season3-StrangerThings,8,1,0,15,17,2,rsrp=-103|rsrq=-12|snr=-2,-103,-12,-2
ucc-static-ed4f832c1ef9f131,ed4f832c1ef9f131,Netflix,Season3-StrangerThings,9,1,0,17,19,2,rsrp=-101|rsrq=-12|snr=3,-101,-12,3
ucc-static-ed4f832c1ef9f131,ed4f832c1ef9f131,Netflix,Season3-StrangerThings,10,1,0,19,21,2,rsrp=-101|rsrq=-11|snr=4,-101,-11,4
ucc-static-ed4f832c1ef9f131,ed4f832c1ef9f131,Netflix,Season3-StrangerThings,11,2,1,22,24,2,rsrp=-100|rsrq=-10|snr=3,-100,-10,3
ucc-static-ed4f832c1ef9f131,ed4f832c1ef9f131,Netflix,Season3-StrangerThings,12,2,0,24,26,2,rsrp=-103|rsrq=-9|snr=-2,-103,-9,-2
ucc-static-ed4f832c1ef9f131,ed4f832c1ef9f131,Netflix,Season3-StrangerThings,13,2,0,26,28,2,rsrp=-103|rsrq=-12|snr=8,-103,-12,8
ucc-static-ed4f832c1ef9f131,ed4f832c1ef9f131,Netflix,Season3-StrangerThings,14,2,0,28,30,2,rsrp=-103|rsrq=-12|snr=2,-103,-12,2
ucc-static-ed4f832c1ef9f131,ed4f832c1ef9f131,Netflix,Season3-StrangerThings,15,2,0,30,32,2,rsrp=-103|rsrq=-12|snr=-3,-103,-12,-3
ucc-static-ed4f832c1ef9f131,ed4f832c1ef9f131,Netflix,Season3-StrangerThings,16,2,0,32,34,2,rsrp=-102|rsrq=-17|snr=-1,-102,-17,-1
ucc-static-ed4f832c1ef9f131,ed4f832c1ef9f131,Netflix,Season3-StrangerThings,17,3,1,35,37,2,rsrp=-103|rsrq=-13|snr=-2,-103,-13,-2
ucc-static-ed4f832c1ef9f131,ed4f832c1ef9f131,Netflix,Season3-StrangerThings,18,3,0,37,39,2,rsrp=-102|rsrq=-12|snr=-1,-102,-12,-1
ucc-static-ed4f832c1ef9f131,ed4f832c1ef9f131,Netflix,Season3-StrangerThings,19,3,0,39,41,2,rsrp=-102|rsrq=-15|snr=-3,-102,-15,-3
ucc-static-ed4f832c1ef9f131,ed4f832c1ef9f131,Netflix,Season3-StrangerThings,20,3,0,41,43,2,rsrp=-101|rsrq=-17|snr=2,-101,-17,2
ucc-static-ed4f832c1ef9f131,ed4f832c1ef9f131,Netflix,Season3-StrangerThings,21,3,0,43,45,2,rsrp=-102|rsrq=-18|snr=-3,-102,-18,-3
ucc-static-ed4f832c1ef9f131,ed4f832c1ef9f131,Netflix,Season3-StrangerThings,22,3,0,45,47,2,rsrp=-102|rsrq=-15|snr=-2,-102,-15,-2
ucc-static-ed4f832c1ef9f131,ed4f832c1ef9f131,Netflix,Season3-StrangerThings,23,4,1,48,50,2,rsrp=-101|rsrq=-14|snr=2,-101,-14,2
ucc-static-ed4f832c1ef9f131,ed4f832c1ef9f131,Netflix,Season3-StrangerThings,24,4,0,50,52,2,rsrp=-102|rsrq=-17|snr=-2,-102,-17,-2
ucc-static-ed4f832c1ef9f131,ed4f832c1ef9f131,Netflix,Season3-StrangerThings,25,4,0,52,54,2,rsrp=-99|rsrq=-13|snr=2,-99,-13,2
ucc-static-ed4f832c1ef9f131,ed4f832c1ef9f131,Netflix,Season3-StrangerThings,26,4,0,54,56,2,rsrp=-104|rsrq=-15|snr=11,-104,-15,11
ucc-static-ed4f832c1ef9f131,ed4f832c1ef9f131,Netflix,Season3-StrangerThings,27,4,0,56,58,2,rsrp=-105|rsrq=-11|snr=10,-105,-11,10
ucc-static-ed4f832c1ef9f131,ed4f832c1ef9f131,Netflix,Season3-StrangerThings,28,4,0,58,60,2,rsrp=-104|rsrq=-12|snr=5,-104,-12,5
ucc-static-ed4f832c1ef9f131,ed4f832c1ef9f131,Netflix,Season3-StrangerThings,29,5,1,61,63,2,rsrp=-103|rsrq=-11|snr=11,-103,-11,11
ucc-static-ed4f832c1ef9f131,ed4f832c1ef9f131,Netflix,Season3-StrangerThings,30,5,0,63,65,2,rsrp=-105|rsrq=-18|snr=1,-105,-18,1
ucc-static-ed4f832c1ef9f131,ed4f832c1ef9f131,Netflix,Season3-StrangerThings,31,5,0,65,67,2,rsrp=-104|rsrq=-12|snr=-2,-104,-12,-2
ucc-static-ed4f832c1ef9f131,ed4f832c1ef9f131,Netflix,Season3-StrangerThings,32,5,0,67,69,2,rsrp=-99|rsrq=-10|snr=13,-99,-10,13
ucc-static-ed4f832c1ef9f131,ed4f832c1ef9f131,Netflix,Season3-StrangerThings,33,5,0,69,71,2,rsrp=-101|rsrq=-11|snr=3,-101,-11,3
ucc-static-ed4f832c1ef9f131,ed4f832c1ef9f131,Netflix,Season3-StrangerThings,34,5,0,71,73,2,rsrp=-97|rsrq=-9|snr=8,-97,-9,8
ucc-static-ed4f832c1ef9f131,ed4f832c1ef9f131,Netflix,Season3-StrangerThings,35,6,1,74,76,2,rsrp=-98|rsrq=-12|snr=13,-98,-12,13
ucc-static-ed4f832c1ef9f131,ed4f832c1ef9f131,Netflix,Season3-StrangerThings,36,6,0,76,78,2,rsrp=-97|rsrq=-10|snr=13,-97,-10,13
ucc-static-ed4f832c1ef9f131,ed4f832c1ef9f131,Netflix,Season3-StrangerThings,37,6,0,78,80,2,rsrp=-98|rsrq=-13|snr=1,-98,-13,1
ucc-static-ed4f832c1ef9f131,ed4f832c1ef9f131,Netflix,Season3-StrangerThings,38,6,0,80,82,2,rsrp=-100|rsrq=-10|snr=8,-100,-10,8
ucc-static-ed4f832c1ef9f131,ed4f832c1ef9f131,Netflix,Season3-StrangerThings,39,6,0,82,84,2,rsrp=-99|rsrq=-11|snr=1,-99,-11,1
ucc-static-ed4f832c1ef9f131,ed4f832c1ef9f131,Netflix,Season3-StrangerThings,40,6,0,84,86,2,rsrp=-102|rsrq=-17|snr=6,-102,-17,6
ucc-static-ed4f832c1ef9f131,ed4f832c1ef9f131,Netflix,Season3-StrangerThings,41,6,0,86,88,2,rsrp=-100|rsrq=-11|snr=7,-100,-11,7
ucc-static-ed4f832c1ef9f131,ed4f832c1ef9f131,Netflix,Season3-StrangerThings,42,7,1,89,91,2,rsrp=-100|rsrq=-19|snr=-1,-100,-19,-1
ucc-static-ed4f832c1ef9f131,ed4f832c1ef9f131,Netflix,Season3-StrangerThings,43,7,0,91,93,2,rsrp=-105|rsrq=-16|snr=-2,-105,-16,-2
ucc-static-ed4f832c1ef9f131,ed4f832c1ef9f131,Netflix,Season3-StrangerThings,44,7,0,93,95,2,rsrp=-99|rsrq=-13|snr=0,-99,-13,0
ucc-static-ed4f832c1ef9f131,ed4f832c1ef9f131,Netflix,Season3-StrangerThings,45,7,0,95,97,2,rsrp=-99|rsrq=-16|snr=-1,-99,-16,-1
ucc-static-ed4f832c1ef9f131,ed4f832c1ef9f131,Netflix,Season3-StrangerThings,46,7,0,97,99,2,rsrp=-101|rsrq=-11|snr=6,-101,-11,6
ucc-static-ed4f832c1ef9f131,ed4f832c1ef9f131,Netflix,Season3-StrangerThings,47,7,0,99,101,2,rsrp=-100|rsrq=-13|snr=-1,-100,-13,-1
ucc-static-ed4f832c1ef9f131,ed4f832c1ef9f131,Netflix,Season3-StrangerThings,48,7,0,101,102,1,rsrp=-100|rsrq=-13|snr=10,-100,-13,10
ucc-static-ed4f832c1ef9f131,ed4f832c1ef9f131,Netflix,Season3-StrangerThings,49,8,1,103,104,1,rsrp=-100|rsrq=-13|snr=10,-100,-13,10
ucc-static-ed4f832c1ef9f131,ed4f832c1ef9f131,Netflix,Season3-StrangerThings,50,8,0,104,106,2,rsrp=-99|rsrq=-14|snr=8,-99,-14,8
ucc-static-ed4f832c1ef9f131,ed4f832c1ef9f131,Netflix,Season3-StrangerThings,51,8,0,106,108,2,rsrp=-100|rsrq=-13|snr=6,-100,-13,6
ucc-static-ed4f832c1ef9f131,ed4f832c1ef9f131,Netflix,Season3-StrangerThings,52,8,0,108,110,2,rsrp=-99|rsrq=-15|snr=3,-99,-15,3
ucc-static-ed4f832c1ef9f131,ed4f832c1ef9f131,Netflix,Season3-StrangerThings,53,8,0,110,112,2,rsrp=-99|rsrq=-16|snr=7,-99,-16,7
ucc-static-ed4f832c1ef9f131,ed4f832c1ef9f131,Netflix,Season3-StrangerThings,54,8,0,112,114,2,rsrp=-100|rsrq=-14|snr=8,-100,-14,8
ucc-static-ed4f832c1ef9f131,ed4f832c1ef9f131,Netflix,Season3-StrangerThings,55,8,0,114,115,1,rsrp=-98|rsrq=-14|snr=7,-98,-14,7
ucc-static-ed4f832c1ef9f131,ed4f832c1ef9f131,Netflix,Season3-StrangerThings,56,9,1,116,117,1,rsrp=-98|rsrq=-14|snr=7,-98,-14,7
ucc-static-ed4f832c1ef9f131,ed4f832c1ef9f131,Netflix,Season3-StrangerThings,57,9,0,117,119,2,rsrp=-98|rsrq=-16|snr=9,-98,-16,9
ucc-static-ed4f832c1ef9f131,ed4f832c1ef9f131,Netflix,Season3-StrangerThings,58,9,0,119,121,2,rsrp=-98|rsrq=-16|snr=6,-98,-16,6
ucc-static-ed4f832c1ef9f131,ed4f832c1ef9f131,Netflix,Season3-StrangerThings,59,9,0,121,123,2,rsrp=-99|rsrq=-15|snr=-1,-99,-15,-1
ucc-static-ed4f832c1ef9f131,ed4f832c1ef9f131,Netflix,Season3-StrangerThings,60,9,0,123,125,2,rsrp=-98|rsrq=-10|snr=9,-98,-10,9
ucc-static-ed4f832c1ef9f131,ed4f832c1ef9f131,Netflix,Season3-StrangerThings,61,9,0,125,127,2,rsrp=-98|rsrq=-16|snr=6,-98,-16,6
ucc-static-ed4f832c1ef9f131,ed4f832c1ef9f131,Netflix,Season3-StrangerThings,62,10,1,128,130,2,rsrp=-98|rsrq=-15|snr=9,-98,-15,9
ucc-static-ed4f832c1ef9f131,ed4f832c1ef9f131,Netflix,Season3-StrangerThings,63,10,0,130,132,2,rsrp=-98|rsrq=-16|snr=8,-98,-16,8
ucc-static-ed4f832c1ef9f131,ed4f832c1ef9f131,Netflix,Season3-StrangerThings,64,10,0,132,134,2,rsrp=-97|rsrq=-16|snr=5,-97,-16,5
ucc-static-ed4f832c1ef9f131,ed4f832c1ef9f131,Netflix,Season3-StrangerThings,65,10,0,134,136,2,rsrp=-97|rsrq=-17|snr=3,-97,-17,3
ucc-static-ed4f832c1ef9f131,ed4f832c1ef9f131,Netflix,Season3-StrangerThings,66,10,0,136,138,2,rsrp=-97|rsrq=-16|snr=5,-97,-16,5
ucc-static-ed4f832c1ef9f131,ed4f832c1ef9f131,Netflix,Season3-StrangerThings,67,10,0,138,140,2,rsrp=-97|rsrq=-14|snr=6,-97,-14,6
ucc-static-ed4f832c1ef9f131,ed4f832c1ef9f131,Netflix,Season3-StrangerThings,68,11,1,141,143,2,rsrp=-98|rsrq=-14|snr=3,-98,-14,3
ucc-static-ed4f832c1ef9f131,ed4f832c1ef9f131,Netflix,Season3-StrangerThings,69,11,0,143,145,2,rsrp=-98|rsrq=-15|snr=1,-98,-15,1
ucc-static-ed4f832c1ef9f131,ed4f832c1ef9f131,Netflix,Season3-StrangerThings,70,11,0,145,147,2,rsrp=-98|rsrq=-17|snr=-1,-98,-17,-1
ucc-static-ed4f832c1ef9f131,ed4f832c1ef9f131,Netflix,Season3-StrangerThings,71,11,0,147,149,2,rsrp=-99|rsrq=-16|snr=-3,-99,-16,-3
ucc-static-ed4f832c1ef9f131,ed4f832c1ef9f131,Netflix,Season3-StrangerThings,72,11,0,149,151,2,rsrp=-99|rsrq=-13|snr=1,-99,-13,1
ucc-static-ed4f832c1ef9f131,ed4f832c1ef9f131,Netflix,Season3-StrangerThings,73,11,0,151,153,2,rsrp=-100|rsrq=-16|snr=0,-100,-16,0
ucc-static-ed4f832c1ef9f131,ed4f832c1ef9f131,Netflix,Season3-StrangerThings,74,11,0,153,154,1,rsrp=-100|rsrq=-13|snr=-4,-100,-13,-4
ucc-static-ed4f832c1ef9f131,ed4f832c1ef9f131,Netflix,Season3-StrangerThings,75,12,1,155,156,1,rsrp=-100|rsrq=-13|snr=-4,-100,-13,-4
ucc-static-ed4f832c1ef9f131,ed4f832c1ef9f131,Netflix,Season3-StrangerThings,76,12,0,156,158,2,rsrp=-99|rsrq=-15|snr=2,-99,-15,2
ucc-static-ed4f832c1ef9f131,ed4f832c1ef9f131,Netflix,Season3-StrangerThings,77,12,0,158,160,2,rsrp=-99|rsrq=-17|snr=4,-99,-17,4
ucc-static-ed4f832c1ef9f131,ed4f832c1ef9f131,Netflix,Season3-StrangerThings,78,12,0,160,162,2,rsrp=-100|rsrq=-19|snr=-3,-100,-19,-3
ucc-static-ed4f832c1ef9f131,ed4f832c1ef9f131,Netflix,Season3-StrangerThings,79,12,0,162,164,2,rsrp=-101|rsrq=-18|snr=0,-101,-18,0
ucc-static-ed4f832c1ef9f131,ed4f832c1ef9f131,Netflix,Season3-StrangerThings,80,12,0,164,166,2,rsrp=-99|rsrq=-13|snr=3,-99,-13,3
ucc-static-ed4f832c1ef9f131,ed4f832c1ef9f131,Netflix,Season3-StrangerThings,81,13,1,167,169,2,rsrp=-99|rsrq=-18|snr=-3,-99,-18,-3
ucc-static-ed4f832c1ef9f131,ed4f832c1ef9f131,Netflix,Season3-StrangerThings,82,13,0,169,171,2,rsrp=-99|rsrq=-11|snr=2,-99,-11,2
ucc-static-ed4f832c1ef9f131,ed4f832c1ef9f131,Netflix,Season3-StrangerThings,83,13,0,171,173,2,rsrp=-99|rsrq=-13|snr=-2,-99,-13,-2
ucc-static-ed4f832c1ef9f131,ed4f832c1ef9f131,Netflix,Season3-StrangerThings,84,13,0,173,175,2,rsrp=-101|rsrq=-15|snr=4,-101,-15,4
ucc-static-ed4f832c1ef9f131,ed4f832c1ef9f131,Netflix,Season3-StrangerThings,85,13,0,175,177,2,rsrp=-100|rsrq=-17|snr=7,-100,-17,7
ucc-static-ed4f832c1ef9f131,ed4f832c1ef9f131,Netflix,Season3-StrangerThings,86,13,0,177,179,2,rsrp=-99|rsrq=-17|snr=2,-99,-17,2
ucc-static-ed4f832c1ef9f131,ed4f832c1ef9f131,Netflix,Season3-StrangerThings,87,13,0,179,180,1,rsrp=-100|rsrq=-13|snr=1,-100,-13,1
ucc-static-f609ac4f39a5c67b,f609ac4f39a5c67b,Netflix,animated-RickandMorty,0,0,0,0,2,2,rsrp=-91|rsrq=-13|snr=6,-91,-13,6
ucc-static-f609ac4f39a5c67b,f609ac4f39a5c67b,Netflix,animated-RickandMorty,1,0,0,2,4,2,rsrp=-91|rsrq=-15|snr=6,-91,-15,6
ucc-static-f609ac4f39a5c67b,f609ac4f39a5c67b,Netflix,animated-RickandMorty,2,0,0,4,6,2,rsrp=-91|rsrq=-16|snr=-7,-91,-16,-7
ucc-static-f609ac4f39a5c67b,f609ac4f39a5c67b,Netflix,animated-RickandMorty,3,0,0,6,8,2,rsrp=-93|rsrq=-14|snr=0,-93,-14,0
ucc-static-f609ac4f39a5c67b,f609ac4f39a5c67b,Netflix,animated-RickandMorty,4,0,0,8,10,2,rsrp=-93|rsrq=-12|snr=2,-93,-12,2
ucc-static-f609ac4f39a5c67b,f609ac4f39a5c67b,Netflix,animated-RickandMorty,5,0,0,10,12,2,rsrp=-92|rsrq=-13|snr=2,-92,-13,2
ucc-static-f609ac4f39a5c67b,f609ac4f39a5c67b,Netflix,animated-RickandMorty,6,0,0,12,14,2,rsrp=-92|rsrq=-13|snr=1,-92,-13,1
ucc-static-f609ac4f39a5c67b,f609ac4f39a5c67b,Netflix,animated-RickandMorty,7,0,0,14,15,1,rsrp=-92|rsrq=-15|snr=1,-92,-15,1
ucc-static-f609ac4f39a5c67b,f609ac4f39a5c67b,Netflix,animated-RickandMorty,8,1,1,16,17,1,rsrp=-92|rsrq=-15|snr=1,-92,-15,1
ucc-static-f609ac4f39a5c67b,f609ac4f39a5c67b,Netflix,animated-RickandMorty,9,1,0,17,19,2,rsrp=-91|rsrq=-12|snr=-2,-91,-12,-2
ucc-static-f609ac4f39a5c67b,f609ac4f39a5c67b,Netflix,animated-RickandMorty,10,1,0,19,21,2,rsrp=-93|rsrq=-12|snr=0,-93,-12,0
ucc-static-f609ac4f39a5c67b,f609ac4f39a5c67b,Netflix,animated-RickandMorty,11,1,0,21,23,2,rsrp=-93|rsrq=-13|snr=0,-93,-13,0
ucc-static-f609ac4f39a5c67b,f609ac4f39a5c67b,Netflix,animated-RickandMorty,12,1,0,23,25,2,rsrp=-91|rsrq=-13|snr=0,-91,-13,0
ucc-static-f609ac4f39a5c67b,f609ac4f39a5c67b,Netflix,animated-RickandMorty,13,1,0,25,27,2,rsrp=-92|rsrq=-14|snr=-6,-92,-14,-6
ucc-static-f609ac4f39a5c67b,f609ac4f39a5c67b,Netflix,animated-RickandMorty,14,1,0,27,29,2,rsrp=-92|rsrq=-13|snr=0,-92,-13,0
ucc-static-f609ac4f39a5c67b,f609ac4f39a5c67b,Netflix,animated-RickandMorty,15,1,0,29,30,1,rsrp=-92|rsrq=-14|snr=1,-92,-14,1
ucc-static-f609ac4f39a5c67b,f609ac4f39a5c67b,Netflix,animated-RickandMorty,16,2,1,31,32,1,rsrp=-92|rsrq=-14|snr=1,-92,-14,1
ucc-static-f609ac4f39a5c67b,f609ac4f39a5c67b,Netflix,animated-RickandMorty,17,2,0,32,34,2,rsrp=-93|rsrq=-13|snr=-3,-93,-13,-3
ucc-static-f609ac4f39a5c67b,f609ac4f39a5c67b,Netflix,animated-RickandMorty,18,2,0,34,36,2,rsrp=-93|rsrq=-12|snr=1,-93,-12,1
ucc-static-f609ac4f39a5c67b,f609ac4f39a5c67b,Netflix,animated-RickandMorty,19,2,0,36,38,2,rsrp=-91|rsrq=-13|snr=3,-91,-13,3
ucc-static-f609ac4f39a5c67b,f609ac4f39a5c67b,Netflix,animated-RickandMorty,20,2,0,38,40,2,rsrp=-93|rsrq=-13|snr=2,-93,-13,2
ucc-static-f609ac4f39a5c67b,f609ac4f39a5c67b,Netflix,animated-RickandMorty,21,2,0,40,42,2,rsrp=-91|rsrq=-15|snr=3,-91,-15,3
ucc-static-f609ac4f39a5c67b,f609ac4f39a5c67b,Netflix,animated-RickandMorty,22,2,0,42,44,2,rsrp=-91|rsrq=-16|snr=-12,-91,-16,-12
ucc-static-f609ac4f39a5c67b,f609ac4f39a5c67b,Netflix,animated-RickandMorty,23,3,1,45,47,2,rsrp=-90|rsrq=-19|snr=-7,-90,-19,-7
ucc-static-f609ac4f39a5c67b,f609ac4f39a5c67b,Netflix,animated-RickandMorty,24,3,0,47,49,2,rsrp=-91|rsrq=-18|snr=-12,-91,-18,-12
ucc-static-f609ac4f39a5c67b,f609ac4f39a5c67b,Netflix,animated-RickandMorty,25,3,0,49,51,2,rsrp=-93|rsrq=-14|snr=-1,-93,-14,-1
ucc-static-f609ac4f39a5c67b,f609ac4f39a5c67b,Netflix,animated-RickandMorty,26,3,0,51,53,2,rsrp=-93|rsrq=-13|snr=-9,-93,-13,-9
ucc-static-f609ac4f39a5c67b,f609ac4f39a5c67b,Netflix,animated-RickandMorty,27,3,0,53,55,2,rsrp=-93|rsrq=-13|snr=1,-93,-13,1
ucc-static-f609ac4f39a5c67b,f609ac4f39a5c67b,Netflix,animated-RickandMorty,28,3,0,55,57,2,rsrp=-93|rsrq=-13|snr=2,-93,-13,2
ucc-static-f609ac4f39a5c67b,f609ac4f39a5c67b,Netflix,animated-RickandMorty,29,3,0,57,58,1,rsrp=-93|rsrq=-15|snr=-10,-93,-15,-10
ucc-static-f609ac4f39a5c67b,f609ac4f39a5c67b,Netflix,animated-RickandMorty,30,4,1,59,60,1,rsrp=-93|rsrq=-15|snr=-10,-93,-15,-10
ucc-static-f609ac4f39a5c67b,f609ac4f39a5c67b,Netflix,animated-RickandMorty,31,4,0,60,64,4,rsrp=-93|rsrq=-13|snr=3,-93,-13,3
ucc-static-f609ac4f39a5c67b,f609ac4f39a5c67b,Netflix,animated-RickandMorty,32,4,0,64,66,2,rsrp=-92|rsrq=-14|snr=-2,-92,-14,-2
ucc-static-f609ac4f39a5c67b,f609ac4f39a5c67b,Netflix,animated-RickandMorty,33,4,0,66,68,2,rsrp=-93|rsrq=-13|snr=-2,-93,-13,-2
ucc-static-f609ac4f39a5c67b,f609ac4f39a5c67b,Netflix,animated-RickandMorty,34,4,0,68,70,2,rsrp=-92|rsrq=-12|snr=3,-92,-12,3
ucc-static-f609ac4f39a5c67b,f609ac4f39a5c67b,Netflix,animated-RickandMorty,35,4,0,70,72,2,rsrp=-90|rsrq=-11|snr=3,-90,-11,3
ucc-static-f609ac4f39a5c67b,f609ac4f39a5c67b,Netflix,animated-RickandMorty,36,4,0,72,74,2,rsrp=-92|rsrq=-13|snr=0,-92,-13,0
ucc-static-f609ac4f39a5c67b,f609ac4f39a5c67b,Netflix,animated-RickandMorty,37,5,1,75,77,2,rsrp=-91|rsrq=-13|snr=0,-91,-13,0
ucc-static-f609ac4f39a5c67b,f609ac4f39a5c67b,Netflix,animated-RickandMorty,38,5,0,77,79,2,rsrp=-91|rsrq=-14|snr=-1,-91,-14,-1
ucc-static-f609ac4f39a5c67b,f609ac4f39a5c67b,Netflix,animated-RickandMorty,39,5,0,79,81,2,rsrp=-95|rsrq=-16|snr=-3,-95,-16,-3
ucc-static-f609ac4f39a5c67b,f609ac4f39a5c67b,Netflix,animated-RickandMorty,40,5,0,81,83,2,rsrp=-92|rsrq=-14|snr=-1,-92,-14,-1
ucc-static-f609ac4f39a5c67b,f609ac4f39a5c67b,Netflix,animated-RickandMorty,41,5,0,83,85,2,rsrp=-93|rsrq=-15|snr=0,-93,-15,0
ucc-static-f609ac4f39a5c67b,f609ac4f39a5c67b,Netflix,animated-RickandMorty,42,5,0,85,87,2,rsrp=-92|rsrq=-13|snr=2,-92,-13,2
ucc-static-f609ac4f39a5c67b,f609ac4f39a5c67b,Netflix,animated-RickandMorty,43,5,0,87,88,1,rsrp=-91|rsrq=-15|snr=0,-91,-15,0
ucc-static-f609ac4f39a5c67b,f609ac4f39a5c67b,Netflix,animated-RickandMorty,44,6,1,89,90,1,rsrp=-91|rsrq=-15|snr=0,-91,-15,0
ucc-static-f609ac4f39a5c67b,f609ac4f39a5c67b,Netflix,animated-RickandMorty,45,6,0,90,92,2,rsrp=-91|rsrq=-13|snr=1,-91,-13,1
ucc-static-f609ac4f39a5c67b,f609ac4f39a5c67b,Netflix,animated-RickandMorty,46,6,0,92,94,2,rsrp=-92|rsrq=-15|snr=-2,-92,-15,-2
ucc-static-f609ac4f39a5c67b,f609ac4f39a5c67b,Netflix,animated-RickandMorty,47,6,0,94,96,2,rsrp=-92|rsrq=-12|snr=2,-92,-12,2
ucc-static-f609ac4f39a5c67b,f609ac4f39a5c67b,Netflix,animated-RickandMorty,48,6,0,96,98,2,rsrp=-92|rsrq=-13|snr=4,-92,-13,4
ucc-static-f609ac4f39a5c67b,f609ac4f39a5c67b,Netflix,animated-RickandMorty,49,6,0,98,100,2,rsrp=-91|rsrq=-13|snr=-5,-91,-13,-5
ucc-static-f609ac4f39a5c67b,f609ac4f39a5c67b,Netflix,animated-RickandMorty,50,6,0,100,102,2,rsrp=-93|rsrq=-15|snr=-1,-93,-15,-1
ucc-static-f609ac4f39a5c67b,f609ac4f39a5c67b,Netflix,animated-RickandMorty,51,7,1,103,105,2,rsrp=-93|rsrq=-14|snr=-3,-93,-14,-3
ucc-static-f609ac4f39a5c67b,f609ac4f39a5c67b,Netflix,animated-RickandMorty,52,7,0,105,107,2,rsrp=-92|rsrq=-16|snr=-1,-92,-16,-1
ucc-static-f609ac4f39a5c67b,f609ac4f39a5c67b,Netflix,animated-RickandMorty,53,7,0,107,109,2,rsrp=-93|rsrq=-16|snr=-3,-93,-16,-3
ucc-static-f609ac4f39a5c67b,f609ac4f39a5c67b,Netflix,animated-RickandMorty,54,7,0,109,111,2,rsrp=-93|rsrq=-14|snr=1,-93,-14,1
ucc-static-f609ac4f39a5c67b,f609ac4f39a5c67b,Netflix,animated-RickandMorty,55,7,0,111,113,2,rsrp=-90|rsrq=-12|snr=-1,-90,-12,-1
ucc-static-f609ac4f39a5c67b,f609ac4f39a5c67b,Netflix,animated-RickandMorty,56,7,0,113,115,2,rsrp=-90|rsrq=-15|snr=2,-90,-15,2
ucc-static-f609ac4f39a5c67b,f609ac4f39a5c67b,Netflix,animated-RickandMorty,57,7,0,115,116,1,rsrp=-92|rsrq=-13|snr=-1,-92,-13,-1
ucc-static-f609ac4f39a5c67b,f609ac4f39a5c67b,Netflix,animated-RickandMorty,58,8,1,117,118,1,rsrp=-92|rsrq=-13|snr=-1,-92,-13,-1
ucc-static-f609ac4f39a5c67b,f609ac4f39a5c67b,Netflix,animated-RickandMorty,59,8,0,118,120,2,rsrp=-90|rsrq=-15|snr=4,-90,-15,4
ucc-static-f609ac4f39a5c67b,f609ac4f39a5c67b,Netflix,animated-RickandMorty,60,8,0,120,122,2,rsrp=-91|rsrq=-14|snr=0,-91,-14,0
ucc-static-f609ac4f39a5c67b,f609ac4f39a5c67b,Netflix,animated-RickandMorty,61,8,0,122,124,2,rsrp=-92|rsrq=-16|snr=1,-92,-16,1
ucc-static-f609ac4f39a5c67b,f609ac4f39a5c67b,Netflix,animated-RickandMorty,62,8,0,124,126,2,rsrp=-92|rsrq=-14|snr=0,-92,-14,0
ucc-static-f609ac4f39a5c67b,f609ac4f39a5c67b,Netflix,animated-RickandMorty,63,8,0,126,128,2,rsrp=-91|rsrq=-15|snr=-9,-91,-15,-9
ucc-static-f609ac4f39a5c67b,f609ac4f39a5c67b,Netflix,animated-RickandMorty,64,8,0,128,129,1,rsrp=-92|rsrq=-14|snr=-3,-92,-14,-3
ucc-static-f609ac4f39a5c67b,f609ac4f39a5c67b,Netflix,animated-RickandMorty,65,9,1,130,131,1,rsrp=-92|rsrq=-14|snr=-3,-92,-14,-3
ucc-static-f609ac4f39a5c67b,f609ac4f39a5c67b,Netflix,animated-RickandMorty,66,9,0,131,133,2,rsrp=-93|rsrq=-14|snr=0,-93,-14,0
ucc-static-f609ac4f39a5c67b,f609ac4f39a5c67b,Netflix,animated-RickandMorty,67,9,0,133,135,2,rsrp=-91|rsrq=-16|snr=1,-91,-16,1
ucc-static-f609ac4f39a5c67b,f609ac4f39a5c67b,Netflix,animated-RickandMorty,68,9,0,135,137,2,rsrp=-95|rsrq=-13|snr=1,-95,-13,1
ucc-static-f609ac4f39a5c67b,f609ac4f39a5c67b,Netflix,animated-RickandMorty,69,9,0,137,139,2,rsrp=-91|rsrq=-14|snr=-9,-91,-14,-9
ucc-static-f609ac4f39a5c67b,f609ac4f39a5c67b,Netflix,animated-RickandMorty,70,9,0,139,141,2,rsrp=-93|rsrq=-16|snr=-4,-93,-16,-4
ucc-static-f609ac4f39a5c67b,f609ac4f39a5c67b,Netflix,animated-RickandMorty,71,9,0,141,143,2,rsrp=-92|rsrq=-14|snr=-6,-92,-14,-6
ucc-static-f609ac4f39a5c67b,f609ac4f39a5c67b,Netflix,animated-RickandMorty,72,10,1,144,146,2,rsrp=-92|rsrq=-16|snr=-4,-92,-16,-4
ucc-static-f609ac4f39a5c67b,f609ac4f39a5c67b,Netflix,animated-RickandMorty,73,10,0,146,148,2,rsrp=-92|rsrq=-16|snr=-3,-92,-16,-3
ucc-static-f609ac4f39a5c67b,f609ac4f39a5c67b,Netflix,animated-RickandMorty,74,10,0,148,150,2,rsrp=-91|rsrq=-16|snr=-12,-91,-16,-12
ucc-static-f609ac4f39a5c67b,f609ac4f39a5c67b,Netflix,animated-RickandMorty,75,10,0,150,152,2,rsrp=-90|rsrq=-17|snr=-1,-90,-17,-1
ucc-static-f609ac4f39a5c67b,f609ac4f39a5c67b,Netflix,animated-RickandMorty,76,10,0,152,154,2,rsrp=-92|rsrq=-15|snr=-1,-92,-15,-1
ucc-static-f609ac4f39a5c67b,f609ac4f39a5c67b,Netflix,animated-RickandMorty,77,10,0,154,156,2,rsrp=-92|rsrq=-14|snr=-6,-92,-14,-6
ucc-static-f609ac4f39a5c67b,f609ac4f39a5c67b,Netflix,animated-RickandMorty,78,10,0,156,157,1,rsrp=-91|rsrq=-14|snr=-3,-91,-14,-3
ucc-static-f609ac4f39a5c67b,f609ac4f39a5c67b,Netflix,animated-RickandMorty,79,11,1,158,159,1,rsrp=-91|rsrq=-14|snr=-3,-91,-14,-3
ucc-static-f609ac4f39a5c67b,f609ac4f39a5c67b,Netflix,animated-RickandMorty,80,11,0,159,161,2,rsrp=-94|rsrq=-14|snr=1,-94,-14,1
ucc-static-f609ac4f39a5c67b,f609ac4f39a5c67b,Netflix,animated-RickandMorty,81,11,0,161,163,2,rsrp=-94|rsrq=-13|snr=-3,-94,-13,-3
ucc-static-f609ac4f39a5c67b,f609ac4f39a5c67b,Netflix,animated-RickandMorty,82,11,0,163,165,2,rsrp=-92|rsrq=-15|snr=-4,-92,-15,-4
ucc-static-f609ac4f39a5c67b,f609ac4f39a5c67b,Netflix,animated-RickandMorty,83,11,0,165,167,2,rsrp=-90|rsrq=-13|snr=1,-90,-13,1
ucc-static-f609ac4f39a5c67b,f609ac4f39a5c67b,Netflix,animated-RickandMorty,84,11,0,167,169,2,rsrp=-92|rsrq=-13|snr=2,-92,-13,2
ucc-static-f609ac4f39a5c67b,f609ac4f39a5c67b,Netflix,animated-RickandMorty,85,11,0,169,171,2,rsrp=-92|rsrq=-16|snr=-11,-92,-16,-11
ucc-static-f609ac4f39a5c67b,f609ac4f39a5c67b,Netflix,animated-RickandMorty,86,12,1,172,174,2,rsrp=-92|rsrq=-14|snr=-5,-92,-14,-5
ucc-static-f609ac4f39a5c67b,f609ac4f39a5c67b,Netflix,animated-RickandMorty,87,12,0,174,176,2,rsrp=-93|rsrq=-16|snr=0,-93,-16,0
ucc-static-f609ac4f39a5c67b,f609ac4f39a5c67b,Netflix,animated-RickandMorty,88,12,0,176,178,2,rsrp=-91|rsrq=-16|snr=-10,-91,-16,-10
ucc-static-f609ac4f39a5c67b,f609ac4f39a5c67b,Netflix,animated-RickandMorty,89,12,0,178,180,2,rsrp=-91|rsrq=-17|snr=-13,-91,-17,-13
