from_state_id,to_state_id,transitions,traces,conditional_probability
rsrp=-101|rsrq=-16|snr=5,rsrp=-101|rsrq=-16|snr=5,7,1,0.636363636364
rsrp=-80|rsrq=-10|snr=0,rsrp=-80|rsrq=-10|snr=0,7,1,0.7
rsrp=-97|rsrq=-16|snr=7,rsrp=-97|rsrq=-16|snr=7,7,1,0.636363636364
rsrp=-100|rsrq=-11|snr=4,rsrp=-100|rsrq=-11|snr=4,6,3,0.5
rsrp=-101|rsrq=-11|snr=2,rsrp=-101|rsrq=-11|snr=2,6,4,0.545454545455
rsrp=-101|rsrq=-14|snr=-2,rsrp=-101|rsrq=-14|snr=-2,6,2,0.5
rsrp=-98|rsrq=-16|snr=6,rsrp=-98|rsrq=-16|snr=6,6,3,0.6
rsrp=-99|rsrq=-12|snr=4,rsrp=-99|rsrq=-12|snr=4,6,3,0.6
rsrp=-100|rsrq=-12|snr=4,rsrp=-100|rsrq=-12|snr=4,5,2,0.5
rsrp=-100|rsrq=-13|snr=3,rsrp=-100|rsrq=-13|snr=3,5,4,0.5
rsrp=-101|rsrq=-11|snr=5,rsrp=-101|rsrq=-11|snr=5,5,2,0.5
rsrp=-101|rsrq=-12|snr=2,rsrp=-101|rsrq=-12|snr=2,5,2,0.555555555556
rsrp=-104|rsrq=-16|snr=0,rsrp=-104|rsrq=-16|snr=0,5,1,0.555555555556
rsrp=-81|rsrq=-10|snr=3,rsrp=-81|rsrq=-10|snr=3,5,1,0.625
rsrp=-92|rsrq=-13|snr=2,rsrp=-92|rsrq=-13|snr=2,5,2,0.5
rsrp=-97|rsrq=-16|snr=5,rsrp=-97|rsrq=-16|snr=5,5,3,0.5
rsrp=-98|rsrq=-15|snr=2,rsrp=-98|rsrq=-15|snr=2,5,2,0.625
rsrp=-99|rsrq=-9|snr=8,rsrp=-99|rsrq=-9|snr=8,5,1,0.625
rsrp=-100|rsrq=-10|snr=7,rsrp=-100|rsrq=-10|snr=7,4,2,0.444444444444
rsrp=-100|rsrq=-11|snr=1,rsrp=-100|rsrq=-11|snr=1,4,2,0.571428571429
rsrp=-100|rsrq=-11|snr=3,rsrp=-100|rsrq=-11|snr=3,4,3,0.5
rsrp=-100|rsrq=-11|snr=7,rsrp=-100|rsrq=-11|snr=7,4,4,0.571428571429
rsrp=-100|rsrq=-14|snr=7,rsrp=-100|rsrq=-14|snr=7,4,3,0.571428571429
rsrp=-101|rsrq=-12|snr=-1,rsrp=-101|rsrq=-12|snr=-1,4,3,0.5
rsrp=-101|rsrq=-12|snr=1,rsrp=-101|rsrq=-12|snr=1,4,3,0.571428571429
rsrp=-101|rsrq=-13|snr=-2,rsrp=-101|rsrq=-13|snr=-2,4,3,0.5
rsrp=-103|rsrq=-15|snr=0,rsrp=-103|rsrq=-15|snr=0,4,2,0.571428571429
rsrp=-104|rsrq=-18|snr=0,rsrp=-104|rsrq=-18|snr=0,4,2,0.5
rsrp=-80|rsrq=-10|snr=2,rsrp=-80|rsrq=-10|snr=2,4,1,0.5
rsrp=-81|rsrq=-10|snr=4,rsrp=-81|rsrq=-10|snr=4,4,1,0.571428571429
rsrp=-90|rsrq=-11|snr=3,rsrp=-90|rsrq=-11|snr=3,4,2,0.5
rsrp=-90|rsrq=-12|snr=0,rsrp=-90|rsrq=-12|snr=0,4,2,0.5
rsrp=-90|rsrq=-13|snr=1,rsrp=-90|rsrq=-13|snr=1,4,3,0.571428571429
rsrp=-91|rsrq=-14|snr=-1,rsrp=-91|rsrq=-14|snr=-1,4,3,0.5
rsrp=-96|rsrq=-15|snr=5,rsrp=-96|rsrq=-15|snr=5,4,1,0.666666666667
rsrp=-96|rsrq=-16|snr=5,rsrp=-96|rsrq=-16|snr=5,4,2,0.8
rsrp=-98|rsrq=-12|snr=2,rsrp=-98|rsrq=-12|snr=2,4,2,0.5
rsrp=-98|rsrq=-17|snr=3,rsrp=-98|rsrq=-17|snr=3,4,2,0.666666666667
rsrp=-99|rsrq=-10|snr=3,rsrp=-99|rsrq=-10|snr=3,4,2,0.571428571429
rsrp=-99|rsrq=-11|snr=1,rsrp=-99|rsrq=-11|snr=1,4,3,0.571428571429
rsrp=-99|rsrq=-13|snr=-2,rsrp=-99|rsrq=-13|snr=-2,4,3,0.5
rsrp=-99|rsrq=-15|snr=3,rsrp=-99|rsrq=-15|snr=3,4,3,0.571428571429
rsrp=-99|rsrq=-16|snr=6,rsrp=-99|rsrq=-16|snr=6,4,1,0.666666666667
rsrp=-100|rsrq=-10|snr=0,rsrp=-100|rsrq=-10|snr=0,3,2,0.6
rsrp=-100|rsrq=-10|snr=1,rsrp=-100|rsrq=-10|snr=1,3,2,0.6
rsrp=-100|rsrq=-10|snr=3,rsrp=-100|rsrq=-10|snr=3,3,2,0.428571428571
rsrp=-100|rsrq=-10|snr=4,rsrp=-100|rsrq=-10|snr=4,3,2,0.5
rsrp=-100|rsrq=-12|snr=0,rsrp=-100|rsrq=-12|snr=0,3,3,0.5
rsrp=-100|rsrq=-12|snr=2,rsrp=-100|rsrq=-12|snr=2,3,2,0.5
rsrp=-100|rsrq=-12|snr=5,rsrp=-100|rsrq=-12|snr=5,3,2,0.75
rsrp=-100|rsrq=-13|snr=4,rsrp=-100|rsrq=-13|snr=4,3,2,0.5
rsrp=-100|rsrq=-14|snr=4,rsrp=-100|rsrq=-14|snr=4,3,3,0.6
rsrp=-100|rsrq=-14|snr=6,rsrp=-100|rsrq=-14|snr=6,3,1,0.6
rsrp=-100|rsrq=-15|snr=2,rsrp=-100|rsrq=-15|snr=2,3,3,0.5
rsrp=-100|rsrq=-17|snr=1,rsrp=-100|rsrq=-17|snr=1,3,1,0.75
rsrp=-101|rsrq=-10|snr=6,rsrp=-101|rsrq=-10|snr=6,3,2,0.5
rsrp=-101|rsrq=-11|snr=3,rsrp=-101|rsrq=-11|snr=3,3,3,0.428571428571
rsrp=-101|rsrq=-11|snr=6,rsrp=-101|rsrq=-11|snr=6,3,3,0.6
rsrp=-101|rsrq=-12|snr=3,rsrp=-101|rsrq=-12|snr=3,3,3,0.5
rsrp=-101|rsrq=-13|snr=-3,rsrp=-101|rsrq=-13|snr=-3,3,3,0.5
rsrp=-101|rsrq=-13|snr=1,rsrp=-101|rsrq=-13|snr=1,3,3,0.5
rsrp=-101|rsrq=-14|snr=1,rsrp=-101|rsrq=-14|snr=1,3,3,0.5
rsrp=-101|rsrq=-15|snr=1,rsrp=-101|rsrq=-15|snr=1,3,2,0.5
rsrp=-101|rsrq=-15|snr=5,rsrp=-101|rsrq=-15|snr=5,3,3,0.6
rsrp=-101|rsrq=-16|snr=-1,rsrp=-101|rsrq=-16|snr=-1,3,2,0.6
rsrp=-102|rsrq=-12|snr=7,rsrp=-102|rsrq=-12|snr=7,3,2,0.6
rsrp=-103|rsrq=-13|snr=-1,rsrp=-103|rsrq=-13|snr=-1,3,3,0.5
rsrp=-103|rsrq=-16|snr=4,rsrp=-103|rsrq=-16|snr=4,3,1,1
rsrp=-103|rsrq=-17|snr=0,rsrp=-103|rsrq=-17|snr=0,3,1,0.5
rsrp=-103|rsrq=-17|snr=1,rsrp=-103|rsrq=-17|snr=1,3,2,0.5
rsrp=-104|rsrq=-14|snr=-2,rsrp=-104|rsrq=-14|snr=-2,3,2,0.428571428571
rsrp=-104|rsrq=-14|snr=-4,rsrp=-104|rsrq=-14|snr=-4,3,2,0.6
rsrp=-104|rsrq=-17|snr=1,rsrp=-104|rsrq=-17|snr=1,3,2,0.5
rsrp=-105|rsrq=-18|snr=1,rsrp=-105|rsrq=-18|snr=1,3,2,0.6
rsrp=-80|rsrq=-10|snr=3,rsrp=-80|rsrq=-10|snr=3,3,1,0.5
rsrp=-80|rsrq=-11|snr=0,rsrp=-80|rsrq=-11|snr=0,3,1,0.75
rsrp=-80|rsrq=-11|snr=1,rsrp=-80|rsrq=-11|snr=1,3,1,0.6
rsrp=-81|rsrq=-10|snr=1,rsrp=-81|rsrq=-10|snr=1,3,1,0.75
rsrp=-81|rsrq=-10|snr=2,rsrp=-81|rsrq=-10|snr=2,3,1,0.5
rsrp=-81|rsrq=-11|snr=2,rsrp=-81|rsrq=-11|snr=2,3,1,0.6
rsrp=-89|rsrq=-12|snr=3,rsrp=-89|rsrq=-12|snr=3,3,1,0.75
rsrp=-90|rsrq=-12|snr=-1,rsrp=-90|rsrq=-12|snr=-1,3,3,0.5
rsrp=-90|rsrq=-12|snr=2,rsrp=-90|rsrq=-12|snr=2,3,1,0.6
rsrp=-90|rsrq=-14|snr=-8,rsrp=-90|rsrq=-14|snr=-8,3,3,0.5
rsrp=-90|rsrq=-15|snr=7,rsrp=-90|rsrq=-15|snr=7,3,1,0.75
rsrp=-91|rsrq=-12|snr=1,rsrp=-91|rsrq=-12|snr=1,3,1,0.5
rsrp=-91|rsrq=-13|snr=0,rsrp=-91|rsrq=-13|snr=0,3,2,0.5
rsrp=-91|rsrq=-13|snr=1,rsrp=-91|rsrq=-13|snr=1,3,2,0.5
rsrp=-92|rsrq=-13|snr=1,rsrp=-92|rsrq=-13|snr=1,3,3,0.5
rsrp=-92|rsrq=-14|snr=-6,rsrp=-92|rsrq=-14|snr=-6,3,1,0.6
rsrp=-93|rsrq=-13|snr=3,rsrp=-93|rsrq=-13|snr=3,3,1,0.75
rsrp=-93|rsrq=-14|snr=0,rsrp=-93|rsrq=-14|snr=0,3,2,0.5
rsrp=-93|rsrq=-16|snr=-3,rsrp=-93|rsrq=-16|snr=-3,3,2,0.6
rsrp=-95|rsrq=-15|snr=6,rsrp=-95|rsrq=-15|snr=6,3,1,0.75
rsrp=-96|rsrq=-13|snr=6,rsrp=-96|rsrq=-13|snr=6,3,1,0.75
rsrp=-96|rsrq=-15|snr=4,rsrp=-96|rsrq=-15|snr=4,3,2,0.6
rsrp=-96|rsrq=-17|snr=5,rsrp=-96|rsrq=-17|snr=5,3,1,0.75
rsrp=-97|rsrq=-12|snr=4,rsrp=-97|rsrq=-12|snr=4,3,2,0.6
rsrp=-97|rsrq=-14|snr=-1,rsrp=-97|rsrq=-14|snr=-1,3,2,0.5
rsrp=-97|rsrq=-14|snr=6,rsrp=-97|rsrq=-14|snr=6,3,2,0.75
rsrp=-97|rsrq=-16|snr=4,rsrp=-97|rsrq=-16|snr=4,3,1,0.6
rsrp=-98|rsrq=-10|snr=1,rsrp=-98|rsrq=-10|snr=1,3,1,0.75
rsrp=-98|rsrq=-11|snr=-1,rsrp=-98|rsrq=-11|snr=-1,3,3,0.5
rsrp=-98|rsrq=-11|snr=8,rsrp=-98|rsrq=-11|snr=8,3,2,0.5
rsrp=-98|rsrq=-12|snr=3,rsrp=-98|rsrq=-12|snr=3,3,3,0.5
rsrp=-98|rsrq=-12|snr=5,rsrp=-98|rsrq=-12|snr=5,3,2,0.5
rsrp=-98|rsrq=-12|snr=9,rsrp=-98|rsrq=-12|snr=9,3,3,0.5
rsrp=-98|rsrq=-13|snr=-1,rsrp=-98|rsrq=-13|snr=-1,3,2,0.6
rsrp=-98|rsrq=-14|snr=2,rsrp=-98|rsrq=-14|snr=2,3,1,0.75
rsrp=-98|rsrq=-14|snr=3,rsrp=-98|rsrq=-14|snr=3,3,3,0.6
rsrp=-98|rsrq=-14|snr=4,rsrp=-98|rsrq=-14|snr=4,3,1,0.428571428571
rsrp=-98|rsrq=-15|snr=5,rsrp=-98|rsrq=-15|snr=5,3,2,0.5
rsrp=-98|rsrq=-15|snr=6,rsrp=-98|rsrq=-15|snr=6,3,2,0.75
rsrp=-98|rsrq=-16|snr=2,rsrp=-98|rsrq=-16|snr=2,3,3,0.5
rsrp=-98|rsrq=-17|snr=4,rsrp=-98|rsrq=-17|snr=4,3,2,0.6
rsrp=-99|rsrq=-11|snr=2,rsrp=-99|rsrq=-11|snr=2,3,3,0.5
rsrp=-99|rsrq=-11|snr=3,rsrp=-99|rsrq=-11|snr=3,3,3,0.75
rsrp=-99|rsrq=-11|snr=4,rsrp=-99|rsrq=-11|snr=4,3,3,0.75
rsrp=-99|rsrq=-11|snr=5,rsrp=-99|rsrq=-11|snr=5,3,3,0.5
rsrp=-99|rsrq=-12|snr=3,rsrp=-99|rsrq=-12|snr=3,3,3,0.5
rsrp=-99|rsrq=-13|snr=0,rsrp=-99|rsrq=-13|snr=0,3,3,0.5
rsrp=-99|rsrq=-13|snr=1,rsrp=-99|rsrq=-13|snr=1,3,3,0.5
rsrp=-99|rsrq=-13|snr=2,rsrp=-99|rsrq=-13|snr=2,3,3,0.5
rsrp=-99|rsrq=-13|snr=7,rsrp=-99|rsrq=-13|snr=7,3,2,0.5
rsrp=-99|rsrq=-14|snr=-1,rsrp=-99|rsrq=-14|snr=-1,3,2,0.5
rsrp=-99|rsrq=-15|snr=5,rsrp=-99|rsrq=-15|snr=5,3,3,0.5
rsrp=-100|rsrq=-10|snr=-1,rsrp=-100|rsrq=-10|snr=-1,2,1,0.5
rsrp=-100|rsrq=-10|snr=2,rsrp=-100|rsrq=-10|snr=2,2,2,0.4
rsrp=-100|rsrq=-10|snr=8,rsrp=-100|rsrq=-10|snr=8,2,2,0.5
rsrp=-100|rsrq=-11|snr=-1,rsrp=-100|rsrq=-11|snr=-1,2,2,0.5
rsrp=-100|rsrq=-11|snr=-2,rsrp=-100|rsrq=-11|snr=-2,2,2,0.5
rsrp=-100|rsrq=-11|snr=10,rsrp=-100|rsrq=-11|snr=10,2,2,0.666666666667
rsrp=-100|rsrq=-11|snr=2,rsrp=-100|rsrq=-11|snr=2,2,1,0.5
rsrp=-100|rsrq=-11|snr=3,rsrp=-100|rsrq=-10|snr=3,2,2,0.25
rsrp=-100|rsrq=-11|snr=5,rsrp=-100|rsrq=-11|snr=5,2,2,0.333333333333
rsrp=-100|rsrq=-11|snr=6,rsrp=-100|rsrq=-11|snr=6,2,2,0.5
rsrp=-100|rsrq=-12|snr=-2,rsrp=-100|rsrq=-12|snr=-2,2,2,0.5
rsrp=-100|rsrq=-12|snr=6,rsrp=-100|rsrq=-12|snr=6,2,2,0.5
rsrp=-100|rsrq=-12|snr=7,rsrp=-100|rsrq=-12|snr=7,2,2,0.5
rsrp=-100|rsrq=-13|snr=-1,rsrp=-100|rsrq=-13|snr=-1,2,2,0.5
rsrp=-100|rsrq=-14|snr=-1,rsrp=-100|rsrq=-14|snr=-1,2,2,0.5
rsrp=-100|rsrq=-14|snr=-3,rsrp=-100|rsrq=-14|snr=-3,2,2,0.5
rsrp=-100|rsrq=-14|snr=0,rsrp=-100|rsrq=-14|snr=0,2,2,0.666666666667
rsrp=-100|rsrq=-14|snr=1,rsrp=-100|rsrq=-14|snr=1,2,2,0.5
rsrp=-100|rsrq=-14|snr=3,rsrp=-100|rsrq=-14|snr=3,2,2,0.5
rsrp=-100|rsrq=-14|snr=8,rsrp=-100|rsrq=-14|snr=8,2,2,0.5
rsrp=-100|rsrq=-15|snr=-1,rsrp=-100|rsrq=-15|snr=-1,2,2,0.666666666667
rsrp=-100|rsrq=-15|snr=-2,rsrp=-100|rsrq=-15|snr=-2,2,2,0.5
rsrp=-100|rsrq=-15|snr=1,rsrp=-100|rsrq=-15|snr=1,2,1,0.5
rsrp=-100|rsrq=-15|snr=3,rsrp=-100|rsrq=-15|snr=3,2,1,0.666666666667
rsrp=-100|rsrq=-15|snr=6,rsrp=-100|rsrq=-15|snr=6,2,1,0.5
rsrp=-100|rsrq=-16|snr=0,rsrp=-100|rsrq=-16|snr=0,2,2,0.5
rsrp=-100|rsrq=-16|snr=7,rsrp=-100|rsrq=-16|snr=7,2,1,0.666666666667
rsrp=-100|rsrq=-17|snr=2,rsrp=-100|rsrq=-17|snr=2,2,2,0.5
rsrp=-101|rsrq=-10|snr=4,rsrp=-101|rsrq=-10|snr=4,2,2,0.5
rsrp=-101|rsrq=-11|snr=-1,rsrp=-101|rsrq=-11|snr=-1,2,2,0.5
rsrp=-101|rsrq=-11|snr=0,rsrp=-101|rsrq=-11|snr=0,2,1,0.666666666667
rsrp=-101|rsrq=-11|snr=1,rsrp=-101|rsrq=-11|snr=1,2,2,0.5
rsrp=-101|rsrq=-12|snr=-3,rsrp=-101|rsrq=-12|snr=-3,2,2,0.5
rsrp=-101|rsrq=-12|snr=4,rsrp=-101|rsrq=-12|snr=4,2,1,0.5
rsrp=-101|rsrq=-12|snr=6,rsrp=-101|rsrq=-12|snr=6,2,2,0.666666666667
rsrp=-101|rsrq=-13|snr=-4,rsrp=-101|rsrq=-13|snr=-4,2,1,0.5
rsrp=-101|rsrq=-13|snr=1,rsrp=-101|rsrq=-14|snr=1,2,2,0.333333333333
rsrp=-101|rsrq=-13|snr=2,rsrp=-101|rsrq=-13|snr=2,2,2,0.5
rsrp=-101|rsrq=-13|snr=3,rsrp=-101|rsrq=-13|snr=3,2,2,0.5
rsrp=-101|rsrq=-13|snr=4,rsrp=-101|rsrq=-13|snr=4,2,1,0.666666666667
rsrp=-101|rsrq=-13|snr=6,rsrp=-101|rsrq=-13|snr=6,2,2,0.5
rsrp=-101|rsrq=-13|snr=7,rsrp=-101|rsrq=-13|snr=7,2,2,0.5
rsrp=-101|rsrq=-14|snr=0,rsrp=-101|rsrq=-14|snr=0,2,1,0.4
rsrp=-101|rsrq=-15|snr=-2,rsrp=-101|rsrq=-15|snr=-2,2,2,0.5
rsrp=-101|rsrq=-15|snr=-3,rsrp=-101|rsrq=-15|snr=-3,2,2,0.5
rsrp=-101|rsrq=-15|snr=0,rsrp=-101|rsrq=-15|snr=0,2,2,0.4
rsrp=-101|rsrq=-15|snr=3,rsrp=-101|rsrq=-15|snr=3,2,1,0.5
rsrp=-101|rsrq=-15|snr=9,rsrp=-101|rsrq=-15|snr=9,2,2,0.5
rsrp=-101|rsrq=-16|snr=1,rsrp=-101|rsrq=-16|snr=1,2,1,0.666666666667
rsrp=-101|rsrq=-16|snr=2,rsrp=-101|rsrq=-16|snr=2,2,2,0.5
rsrp=-101|rsrq=-16|snr=6,rsrp=-101|rsrq=-16|snr=6,2,2,0.666666666667
rsrp=-101|rsrq=-17|snr=2,rsrp=-101|rsrq=-17|snr=2,2,2,0.5
rsrp=-101|rsrq=-17|snr=5,rsrp=-101|rsrq=-17|snr=5,2,2,0.5
rsrp=-102|rsrq=-10|snr=8,rsrp=-102|rsrq=-10|snr=8,2,2,0.666666666667
rsrp=-102|rsrq=-11|snr=4,rsrp=-102|rsrq=-11|snr=4,2,2,0.666666666667
rsrp=-102|rsrq=-12|snr=0,rsrp=-102|rsrq=-12|snr=0,2,2,0.5
rsrp=-102|rsrq=-12|snr=5,rsrp=-102|rsrq=-12|snr=5,2,2,0.666666666667
rsrp=-102|rsrq=-12|snr=6,rsrp=-102|rsrq=-12|snr=6,2,2,0.666666666667
rsrp=-102|rsrq=-15|snr=0,rsrp=-102|rsrq=-15|snr=0,2,1,0.5
rsrp=-102|rsrq=-15|snr=2,rsrp=-102|rsrq=-15|snr=2,2,2,0.5
rsrp=-102|rsrq=-17|snr=1,rsrp=-102|rsrq=-17|snr=1,2,1,0.5
rsrp=-103|rsrq=-11|snr=-4,rsrp=-103|rsrq=-11|snr=-4,2,2,0.5
rsrp=-103|rsrq=-11|snr=2,rsrp=-103|rsrq=-11|snr=2,2,2,0.666666666667
rsrp=-103|rsrq=-11|snr=5,rsrp=-103|rsrq=-11|snr=5,2,2,0.5
rsrp=-103|rsrq=-12|snr=-3,rsrp=-103|rsrq=-12|snr=-3,2,2,0.5
rsrp=-103|rsrq=-12|snr=0,rsrp=-103|rsrq=-12|snr=0,2,2,0.666666666667
rsrp=-103|rsrq=-12|snr=2,rsrp=-103|rsrq=-12|snr=2,2,2,0.5
rsrp=-103|rsrq=-13|snr=1,rsrp=-103|rsrq=-13|snr=1,2,2,0.5
rsrp=-103|rsrq=-14|snr=-1,rsrp=-103|rsrq=-14|snr=-1,2,1,0.5
rsrp=-103|rsrq=-15|snr=2,rsrp=-103|rsrq=-15|snr=2,2,2,0.5
rsrp=-103|rsrq=-16|snr=-1,rsrp=-103|rsrq=-16|snr=-1,2,2,0.666666666667
rsrp=-103|rsrq=-16|snr=-5,rsrp=-103|rsrq=-16|snr=-5,2,1,0.666666666667
rsrp=-103|rsrq=-18|snr=2,rsrp=-103|rsrq=-18|snr=2,2,1,0.666666666667
rsrp=-103|rsrq=-9|snr=5,rsrp=-103|rsrq=-9|snr=5,2,1,0.5
rsrp=-104|rsrq=-12|snr=-2,rsrp=-104|rsrq=-12|snr=-2,2,1,0.5
rsrp=-104|rsrq=-12|snr=-3,rsrp=-104|rsrq=-12|snr=-3,2,1,0.666666666667
rsrp=-104|rsrq=-12|snr=1,rsrp=-104|rsrq=-12|snr=1,2,2,0.5
rsrp=-104|rsrq=-12|snr=3,rsrp=-104|rsrq=-12|snr=3,2,2,0.5
rsrp=-104|rsrq=-13|snr=2,rsrp=-104|rsrq=-13|snr=2,2,2,0.5
rsrp=-104|rsrq=-13|snr=4,rsrp=-104|rsrq=-13|snr=4,2,2,0.5
rsrp=-104|rsrq=-17|snr=-3,rsrp=-104|rsrq=-17|snr=-3,2,1,0.5
rsrp=-104|rsrq=-17|snr=0,rsrp=-104|rsrq=-17|snr=0,2,1,0.666666666667
rsrp=-104|rsrq=-18|snr=1,rsrp=-104|rsrq=-18|snr=1,2,1,0.5
rsrp=-104|rsrq=-19|snr=1,rsrp=-104|rsrq=-19|snr=1,2,1,0.666666666667
rsrp=-105|rsrq=-14|snr=0,rsrp=-105|rsrq=-14|snr=0,2,2,0.5
rsrp=-105|rsrq=-16|snr=-2,rsrp=-105|rsrq=-16|snr=-2,2,2,0.5
rsrp=-105|rsrq=-18|snr=0,rsrp=-105|rsrq=-18|snr=0,2,1,0.666666666667
rsrp=-80|rsrq=-10|snr=-1,rsrp=-80|rsrq=-10|snr=-1,2,1,0.5
rsrp=-80|rsrq=-10|snr=1,rsrp=-80|rsrq=-10|snr=1,2,1,0.5
rsrp=-80|rsrq=-10|snr=3,rsrp=-80|rsrq=-10|snr=2,2,1,0.333333333333
rsrp=-80|rsrq=-9|snr=2,rsrp=-80|rsrq=-9|snr=2,2,1,0.5
rsrp=-81|rsrq=-11|snr=1,rsrp=-81|rsrq=-11|snr=1,2,1,0.666666666667
rsrp=-81|rsrq=-11|snr=3,rsrp=-81|rsrq=-11|snr=3,2,1,0.5
rsrp=-81|rsrq=-11|snr=4,rsrp=-81|rsrq=-11|snr=4,2,1,0.5
rsrp=-81|rsrq=-9|snr=4,rsrp=-81|rsrq=-9|snr=4,2,1,0.5
rsrp=-88|rsrq=-11|snr=4,rsrp=-88|rsrq=-11|snr=4,2,1,0.5
rsrp=-88|rsrq=-16|snr=1,rsrp=-88|rsrq=-16|snr=1,2,1,0.5
rsrp=-88|rsrq=-17|snr=0,rsrp=-88|rsrq=-17|snr=0,2,1,0.666666666667
rsrp=-89|rsrq=-11|snr=7,rsrp=-89|rsrq=-11|snr=7,2,2,0.5
rsrp=-89|rsrq=-12|snr=6,rsrp=-89|rsrq=-12|snr=6,2,1,0.666666666667
rsrp=-89|rsrq=-13|snr=-4,rsrp=-89|rsrq=-13|snr=-4,2,2,0.5
rsrp=-89|rsrq=-14|snr=2,rsrp=-89|rsrq=-14|snr=2,2,2,0.666666666667
rsrp=-89|rsrq=-15|snr=-2,rsrp=-89|rsrq=-15|snr=-2,2,1,0.5
rsrp=-89|rsrq=-15|snr=3,rsrp=-89|rsrq=-15|snr=3,2,2,0.5
rsrp=-89|rsrq=-16|snr=-7,rsrp=-89|rsrq=-16|snr=-7,2,2,0.5
rsrp=-89|rsrq=-16|snr=2,rsrp=-89|rsrq=-16|snr=2,2,2,0.5
rsrp=-89|rsrq=-16|snr=4,rsrp=-89|rsrq=-16|snr=4,2,1,0.5
rsrp=-90|rsrq=-12|snr=4,rsrp=-90|rsrq=-12|snr=4,2,2,0.5
rsrp=-90|rsrq=-13|snr=-2,rsrp=-90|rsrq=-13|snr=-2,2,1,0.666666666667
rsrp=-90|rsrq=-13|snr=-4,rsrp=-90|rsrq=-13|snr=-4,2,1,0.5
rsrp=-90|rsrq=-15|snr=-1,rsrp=-90|rsrq=-15|snr=-1,2,2,0.4
rsrp=-90|rsrq=-16|snr=2,rsrp=-90|rsrq=-16|snr=2,2,1,0.5
rsrp=-91|rsrq=-13|snr=-1,rsrp=-91|rsrq=-13|snr=-1,2,1,0.5
rsrp=-91|rsrq=-14|snr=-5,rsrp=-91|rsrq=-14|snr=-5,2,1,0.5
rsrp=-91|rsrq=-16|snr=-12,rsrp=-91|rsrq=-16|snr=-12,2,1,0.666666666667
rsrp=-92|rsrq=-12|snr=1,rsrp=-92|rsrq=-12|snr=1,2,2,0.5
rsrp=-92|rsrq=-12|snr=3,rsrp=-92|rsrq=-12|snr=3,2,2,0.5
rsrp=-92|rsrq=-13|snr=0,rsrp=-92|rsrq=-13|snr=0,2,1,0.666666666667
rsrp=-92|rsrq=-14|snr=-1,rsrp=-92|rsrq=-14|snr=-1,2,2,0.5
rsrp=-92|rsrq=-15|snr=-4,rsrp=-92|rsrq=-15|snr=-4,2,2,0.5
rsrp=-93|rsrq=-13|snr=-3,rsrp=-93|rsrq=-13|snr=-3,2,2,0.5
rsrp=-93|rsrq=-13|snr=-9,rsrp=-93|rsrq=-13|snr=-9,2,2,0.5
rsrp=-93|rsrq=-13|snr=2,rsrp=-93|rsrq=-13|snr=2,2,1,0.5
rsrp=-93|rsrq=-14|snr=-1,rsrp=-93|rsrq=-14|snr=-1,2,2,0.5
rsrp=-93|rsrq=-14|snr=-9,rsrp=-93|rsrq=-14|snr=-9,2,1,0.5
rsrp=-94|rsrq=-13|snr=-3,rsrp=-94|rsrq=-13|snr=-3,2,2,0.5
rsrp=-94|rsrq=-17|snr=4,rsrp=-94|rsrq=-17|snr=4,2,1,0.666666666667
rsrp=-95|rsrq=-11|snr=1,rsrp=-95|rsrq=-11|snr=1,2,1,0.5
rsrp=-95|rsrq=-13|snr=3,rsrp=-95|rsrq=-13|snr=3,2,1,0.5
rsrp=-95|rsrq=-16|snr=-3,rsrp=-95|rsrq=-16|snr=-3,2,2,0.666666666667
rsrp=-95|rsrq=-16|snr=5,rsrp=-95|rsrq=-16|snr=5,2,1,0.5
rsrp=-96|rsrq=-10|snr=6,rsrp=-96|rsrq=-10|snr=6,2,2,0.5
rsrp=-96|rsrq=-13|snr=4,rsrp=-96|rsrq=-13|snr=4,2,2,0.5
rsrp=-96|rsrq=-14|snr=0,rsrp=-96|rsrq=-14|snr=0,2,2,0.5
rsrp=-96|rsrq=-15|snr=6,rsrp=-96|rsrq=-15|snr=6,2,2,0.5
rsrp=-96|rsrq=-16|snr=0,rsrp=-96|rsrq=-16|snr=0,2,2,0.5
rsrp=-96|rsrq=-16|snr=7,rsrp=-97|rsrq=-16|snr=7,2,1,0.666666666667
rsrp=-96|rsrq=-16|snr=8,rsrp=-96|rsrq=-16|snr=8,2,2,0.5
rsrp=-96|rsrq=-17|snr=4,rsrp=-96|rsrq=-17|snr=4,2,2,0.5
rsrp=-96|rsrq=-17|snr=6,rsrp=-96|rsrq=-17|snr=6,2,1,0.5
rsrp=-97|rsrq=-13|snr=-2,rsrp=-97|rsrq=-13|snr=-2,2,1,0.666666666667
rsrp=-97|rsrq=-13|snr=5,rsrp=-97|rsrq=-13|snr=5,2,2,0.5
rsrp=-97|rsrq=-14|snr=1,rsrp=-97|rsrq=-14|snr=1,2,1,0.5
rsrp=-97|rsrq=-14|snr=8,rsrp=-97|rsrq=-14|snr=8,2,2,0.5
rsrp=-97|rsrq=-15|snr=-3,rsrp=-97|rsrq=-15|snr=-3,2,1,0.5
rsrp=-97|rsrq=-15|snr=0,rsrp=-97|rsrq=-15|snr=0,2,1,0.5
rsrp=-97|rsrq=-15|snr=1,rsrp=-97|rsrq=-15|snr=1,2,1,0.5
rsrp=-97|rsrq=-15|snr=4,rsrp=-97|rsrq=-15|snr=4,2,2,0.5
rsrp=-97|rsrq=-15|snr=6,rsrp=-97|rsrq=-15|snr=6,2,2,0.5
rsrp=-97|rsrq=-16|snr=6,rsrp=-97|rsrq=-16|snr=6,2,1,0.666666666667
rsrp=-97|rsrq=-17|snr=3,rsrp=-97|rsrq=-17|snr=3,2,2,0.666666666667
rsrp=-98|rsrq=-10|snr=2,rsrp=-98|rsrq=-10|snr=2,2,2,0.5
rsrp=-98|rsrq=-10|snr=4,rsrp=-98|rsrq=-10|snr=4,2,2,0.5
rsrp=-98|rsrq=-11|snr=0,rsrp=-98|rsrq=-11|snr=0,2,2,0.5
rsrp=-98|rsrq=-11|snr=5,rsrp=-98|rsrq=-13|snr=2,2,2,0.666666666667
rsrp=-98|rsrq=-13|snr=1,rsrp=-98|rsrq=-13|snr=1,2,2,0.5
rsrp=-98|rsrq=-13|snr=2,rsrp=-98|rsrq=-13|snr=2,2,2,0.5
rsrp=-98|rsrq=-13|snr=4,rsrp=-98|rsrq=-13|snr=4,2,1,0.5
rsrp=-98|rsrq=-13|snr=5,rsrp=-98|rsrq=-13|snr=5,2,1,0.5
rsrp=-98|rsrq=-14|snr=7,rsrp=-98|rsrq=-14|snr=7,2,2,0.5
rsrp=-98|rsrq=-15|snr=1,rsrp=-98|rsrq=-15|snr=1,2,2,0.5
rsrp=-98|rsrq=-15|snr=4,rsrp=-98|rsrq=-15|snr=4,2,2,0.5
rsrp=-98|rsrq=-16|snr=1,rsrp=-98|rsrq=-16|snr=1,2,2,0.5
rsrp=-98|rsrq=-16|snr=3,rsrp=-98|rsrq=-16|snr=3,2,2,0.5
rsrp=-98|rsrq=-16|snr=4,rsrp=-98|rsrq=-16|snr=4,2,2,1
rsrp=-98|rsrq=-18|snr=1,rsrp=-98|rsrq=-18|snr=1,2,1,0.666666666667
rsrp=-99|rsrq=-10|snr=0,rsrp=-99|rsrq=-10|snr=0,2,2,0.5
rsrp=-99|rsrq=-10|snr=1,rsrp=-99|rsrq=-10|snr=1,2,2,0.5
rsrp=-99|rsrq=-10|snr=11,rsrp=-99|rsrq=-10|snr=11,2,2,0.5
rsrp=-99|rsrq=-10|snr=2,rsrp=-99|rsrq=-10|snr=2,2,2,0.5
rsrp=-99|rsrq=-10|snr=6,rsrp=-99|rsrq=-10|snr=6,2,2,0.5
rsrp=-99|rsrq=-10|snr=8,rsrp=-99|rsrq=-10|snr=8,2,2,0.4
rsrp=-99|rsrq=-11|snr=-1,rsrp=-99|rsrq=-11|snr=-1,2,2,0.5
rsrp=-99|rsrq=-11|snr=10,rsrp=-99|rsrq=-11|snr=10,2,2,0.5
rsrp=-99|rsrq=-11|snr=6,rsrp=-99|rsrq=-11|snr=6,2,2,0.666666666667
rsrp=-99|rsrq=-11|snr=8,rsrp=-99|rsrq=-11|snr=8,2,2,0.5
rsrp=-99|rsrq=-12|snr=-1,rsrp=-99|rsrq=-12|snr=-1,2,2,0.5
rsrp=-99|rsrq=-12|snr=5,rsrp=-99|rsrq=-12|snr=5,2,2,0.666666666667
rsrp=-99|rsrq=-13|snr=3,rsrp=-99|rsrq=-13|snr=3,2,2,0.666666666667
rsrp=-99|rsrq=-13|snr=4,rsrp=-99|rsrq=-13|snr=4,2,2,0.5
rsrp=-99|rsrq=-13|snr=5,rsrp=-99|rsrq=-13|snr=5,2,1,0.666666666667
rsrp=-99|rsrq=-13|snr=8,rsrp=-99|rsrq=-13|snr=8,2,2,0.5
rsrp=-99|rsrq=-14|snr=-2,rsrp=-99|rsrq=-14|snr=-2,2,2,0.5
rsrp=-99|rsrq=-14|snr=2,rsrp=-99|rsrq=-14|snr=2,2,2,0.5
rsrp=-99|rsrq=-15|snr=-1,rsrp=-99|rsrq=-15|snr=-1,2,2,0.5
rsrp=-99|rsrq=-15|snr=1,rsrp=-99|rsrq=-15|snr=1,2,2,0.5
rsrp=-99|rsrq=-16|snr=3,rsrp=-99|rsrq=-16|snr=3,2,1,0.5
rsrp=-99|rsrq=-16|snr=8,rsrp=-99|rsrq=-16|snr=8,2,1,0.666666666667
rsrp=-100|rsrq=-10|snr=-1,rsrp=-100|rsrq=-11|snr=0,1,1,0.25
rsrp=-100|rsrq=-10|snr=-1,rsrp=-100|rsrq=-11|snr=5,1,1,0.25
rsrp=-100|rsrq=-10|snr=-4,rsrp=-100|rsrq=-10|snr=-4,1,1,1
rsrp=-100|rsrq=-10|snr=-5,rsrp=-100|rsrq=-10|snr=-5,1,1,0.5
rsrp=-100|rsrq=-10|snr=-5,rsrp=-99|rsrq=-10|snr=1,1,1,0.5
rsrp=-100|rsrq=-10|snr=-6,rsrp=-100|rsrq=-10|snr=-6,1,1,0.5
rsrp=-100|rsrq=-10|snr=-6,rsrp=-99|rsrq=-10|snr=3,1,1,0.5
rsrp=-100|rsrq=-10|snr=-7,rsrp=-100|rsrq=-10|snr=-7,1,1,0.5
rsrp=-100|rsrq=-10|snr=-7,rsrp=-100|rsrq=-11|snr=4,1,1,0.5
rsrp=-100|rsrq=-10|snr=0,rsrp=-100|rsrq=-13|snr=3,1,1,0.2
rsrp=-100|rsrq=-10|snr=0,rsrp=-99|rsrq=-10|snr=6,1,1,0.2
rsrp=-100|rsrq=-10|snr=1,rsrp=-100|rsrq=-10|snr=-4,1,1,0.2
rsrp=-100|rsrq=-10|snr=1,rsrp=-100|rsrq=-10|snr=8,1,1,0.2
rsrp=-100|rsrq=-10|snr=10,rsrp=-100|rsrq=-10|snr=10,1,1,0.5
rsrp=-100|rsrq=-10|snr=10,rsrp=-102|rsrq=-11|snr=-2,1,1,0.5
rsrp=-100|rsrq=-10|snr=11,rsrp=-100|rsrq=-10|snr=11,1,1,0.5
rsrp=-100|rsrq=-10|snr=11,rsrp=-100|rsrq=-15|snr=0,1,1,0.5
rsrp=-100|rsrq=-10|snr=2,rsrp=-100|rsrq=-10|snr=-1,1,1,0.2
rsrp=-100|rsrq=-10|snr=2,rsrp=-100|rsrq=-12|snr=-2,1,1,0.2
rsrp=-100|rsrq=-10|snr=2,rsrp=-99|rsrq=-11|snr=5,1,1,0.2
rsrp=-100|rsrq=-10|snr=3,rsrp=-100|rsrq=-13|snr=4,1,1,0.142857142857
rsrp=-100|rsrq=-10|snr=3,rsrp=-100|rsrq=-18|snr=2,1,1,0.142857142857
rsrp=-100|rsrq=-10|snr=3,rsrp=-101|rsrq=-11|snr=2,1,1,0.142857142857
rsrp=-100|rsrq=-10|snr=3,rsrp=-103|rsrq=-9|snr=-2,1,1,0.142857142857
rsrp=-100|rsrq=-10|snr=4,rsrp=-100|rsrq=-11|snr=5,1,1,0.166666666667
rsrp=-100|rsrq=-10|snr=4,rsrp=-100|rsrq=-14|snr=3,1,1,0.166666666667
rsrp=-100|rsrq=-10|snr=4,rsrp=-99|rsrq=-11|snr=0,1,1,0.166666666667
rsrp=-100|rsrq=-10|snr=7,rsrp=-100|rsrq=-10|snr=4,1,1,0.111111111111
rsrp=-100|rsrq=-10|snr=7,rsrp=-100|rsrq=-11|snr=4,1,1,0.111111111111
rsrp=-100|rsrq=-10|snr=7,rsrp=-100|rsrq=-12|snr=6,1,1,0.111111111111
rsrp=-100|rsrq=-10|snr=7,rsrp=-105|rsrq=-12|snr=-5,1,1,0.111111111111
rsrp=-100|rsrq=-10|snr=7,rsrp=-99|rsrq=-9|snr=7,1,1,0.111111111111
rsrp=-100|rsrq=-10|snr=8,rsrp=-101|rsrq=-11|snr=3,1,1,0.25
rsrp=-100|rsrq=-10|snr=8,rsrp=-99|rsrq=-11|snr=1,1,1,0.25
rsrp=-100|rsrq=-10|snr=9,rsrp=-100|rsrq=-10|snr=4,1,1,0.5
rsrp=-100|rsrq=-10|snr=9,rsrp=-100|rsrq=-10|snr=9,1,1,0.5
rsrp=-100|rsrq=-11|snr=-1,rsrp=-100|rsrq=-11|snr=2,1,1,0.25
rsrp=-100|rsrq=-11|snr=-1,rsrp=-99|rsrq=-9|snr=11,1,1,0.25
rsrp=-100|rsrq=-11|snr=-2,rsrp=-100|rsrq=-10|snr=-5,1,1,0.25
rsrp=-100|rsrq=-11|snr=-2,rsrp=-100|rsrq=-14|snr=11,1,1,0.25
rsrp=-100|rsrq=-11|snr=-3,rsrp=-100|rsrq=-11|snr=-3,1,1,0.5
rsrp=-100|rsrq=-11|snr=-3,rsrp=-100|rsrq=-15|snr=-2,1,1,0.5
rsrp=-100|rsrq=-11|snr=-4,rsrp=-100|rsrq=-10|snr=1,1,1,0.5
rsrp=-100|rsrq=-11|snr=-4,rsrp=-100|rsrq=-11|snr=-4,1,1,0.5
rsrp=-100|rsrq=-11|snr=-9,rsrp=-100|rsrq=-11|snr=-9,1,1,0.5
rsrp=-100|rsrq=-11|snr=-9,rsrp=-101|rsrq=-11|snr=5,1,1,0.5
rsrp=-100|rsrq=-11|snr=0,rsrp=-100|rsrq=-11|snr=0,1,1,0.5
rsrp=-100|rsrq=-11|snr=0,rsrp=-99|rsrq=-11|snr=2,1,1,0.5
rsrp=-100|rsrq=-11|snr=1,rsrp=-100|rsrq=-12|snr=-4,1,1,0.142857142857
rsrp=-100|rsrq=-11|snr=1,rsrp=-101|rsrq=-11|snr=2,1,1,0.142857142857
rsrp=-100|rsrq=-11|snr=1,rsrp=-101|rsrq=-12|snr=4,1,1,0.142857142857
rsrp=-100|rsrq=-11|snr=10,rsrp=-99|rsrq=-12|snr=9,1,1,0.333333333333
rsrp=-100|rsrq=-11|snr=11,rsrp=-100|rsrq=-11|snr=11,1,1,0.5
rsrp=-100|rsrq=-11|snr=11,rsrp=-100|rsrq=-11|snr=5,1,1,0.5
rsrp=-100|rsrq=-11|snr=12,rsrp=-99|rsrq=-10|snr=-8,1,1,1
rsrp=-100|rsrq=-11|snr=2,rsrp=-99|rsrq=-13|snr=0,1,1,0.25
rsrp=-100|rsrq=-11|snr=2,rsrp=-99|rsrq=-14|snr=0,1,1,0.25
rsrp=-100|rsrq=-11|snr=3,rsrp=-100|rsrq=-12|snr=0,1,1,0.125
rsrp=-100|rsrq=-11|snr=3,rsrp=-100|rsrq=-9|snr=0,1,1,0.125
rsrp=-100|rsrq=-11|snr=4,rsrp=-100|rsrq=-10|snr=1,1,1,0.0833333333333
rsrp=-100|rsrq=-11|snr=4,rsrp=-100|rsrq=-12|snr=4,1,1,0.0833333333333
rsrp=-100|rsrq=-11|snr=4,rsrp=-100|rsrq=-13|snr=2,1,1,0.0833333333333
rsrp=-100|rsrq=-11|snr=4,rsrp=-102|rsrq=-16|snr=6,1,1,0.0833333333333
rsrp=-100|rsrq=-11|snr=4,rsrp=-99|rsrq=-10|snr=2,1,1,0.0833333333333
rsrp=-100|rsrq=-11|snr=4,rsrp=-99|rsrq=-13|snr=-2,1,1,0.0833333333333
rsrp=-100|rsrq=-11|snr=5,rsrp=-100|rsrq=-11|snr=3,1,1,0.166666666667
rsrp=-100|rsrq=-11|snr=5,rsrp=-100|rsrq=-11|snr=7,1,1,0.166666666667
rsrp=-100|rsrq=-11|snr=5,rsrp=-100|rsrq=-12|snr=6,1,1,0.166666666667
rsrp=-100|rsrq=-11|snr=5,rsrp=-100|rsrq=-14|snr=7,1,1,0.166666666667
rsrp=-100|rsrq=-11|snr=6,rsrp=-100|rsrq=-10|snr=3,1,1,0.25
rsrp=-100|rsrq=-11|snr=6,rsrp=-99|rsrq=-15|snr=-1,1,1,0.25
rsrp=-100|rsrq=-11|snr=7,rsrp=-100|rsrq=-10|snr=0,1,1,0.142857142857
rsrp=-100|rsrq=-11|snr=7,rsrp=-99|rsrq=-11|snr=12,1,1,0.142857142857
rsrp=-100|rsrq=-11|snr=7,rsrp=-99|rsrq=-13|snr=1,1,1,0.142857142857
rsrp=-100|rsrq=-11|snr=8,rsrp=-100|rsrq=-11|snr=8,1,1,0.5
rsrp=-100|rsrq=-11|snr=8,rsrp=-99|rsrq=-14|snr=6,1,1,0.5
rsrp=-100|rsrq=-12|snr=-1,rsrp=-100|rsrq=-12|snr=-1,1,1,0.5
rsrp=-100|rsrq=-12|snr=-1,rsrp=-98|rsrq=-12|snr=3,1,1,0.5
rsrp=-100|rsrq=-12|snr=-2,rsrp=-101|rsrq=-13|snr=1,1,1,0.25
rsrp=-100|rsrq=-12|snr=-2,rsrp=-99|rsrq=-10|snr=2,1,1,0.25
rsrp=-100|rsrq=-12|snr=-4,rsrp=-100|rsrq=-12|snr=-4,1,1,0.5
rsrp=-100|rsrq=-12|snr=-4,rsrp=-100|rsrq=-17|snr=10,1,1,0.5
rsrp=-100|rsrq=-12|snr=-5,rsrp=-100|rsrq=-12|snr=-5,1,1,0.5
rsrp=-100|rsrq=-12|snr=-5,rsrp=-98|rsrq=-13|snr=-3,1,1,0.5
rsrp=-100|rsrq=-12|snr=0,rsrp=-100|rsrq=-14|snr=4,1,1,0.166666666667
rsrp=-100|rsrq=-12|snr=0,rsrp=-101|rsrq=-11|snr=0,1,1,0.166666666667
rsrp=-100|rsrq=-12|snr=0,rsrp=-101|rsrq=-14|snr=0,1,1,0.166666666667
rsrp=-100|rsrq=-12|snr=1,rsrp=-100|rsrq=-11|snr=3,1,1,0.5
rsrp=-100|rsrq=-12|snr=1,rsrp=-100|rsrq=-12|snr=1,1,1,0.5
rsrp=-100|rsrq=-12|snr=2,rsrp=-100|rsrq=-11|snr=3,1,1,0.166666666667
rsrp=-100|rsrq=-12|snr=2,rsrp=-100|rsrq=-13|snr=11,1,1,0.166666666667
rsrp=-100|rsrq=-12|snr=2,rsrp=-101|rsrq=-11|snr=10,1,1,0.166666666667
rsrp=-100|rsrq=-12|snr=3,rsrp=-100|rsrq=-10|snr=4,1,1,0.5
rsrp=-100|rsrq=-12|snr=3,rsrp=-100|rsrq=-12|snr=3,1,1,0.5
rsrp=-100|rsrq=-12|snr=4,rsrp=-100|rsrq=-11|snr=5,1,1,0.1
rsrp=-100|rsrq=-12|snr=4,rsrp=-100|rsrq=-12|snr=0,1,1,0.1
rsrp=-100|rsrq=-12|snr=4,rsrp=-101|rsrq=-10|snr=2,1,1,0.1
rsrp=-100|rsrq=-12|snr=4,rsrp=-101|rsrq=-11|snr=1,1,1,0.1
rsrp=-100|rsrq=-12|snr=4,rsrp=-99|rsrq=-11|snr=8,1,1,0.1
rsrp=-100|rsrq=-12|snr=5,rsrp=-101|rsrq=-10|snr=-1,1,1,0.25
rsrp=-100|rsrq=-12|snr=6,rsrp=-100|rsrq=-11|snr=6,1,1,0.25
rsrp=-100|rsrq=-12|snr=6,rsrp=-99|rsrq=-10|snr=8,1,1,0.25
rsrp=-100|rsrq=-12|snr=7,rsrp=-100|rsrq=-14|snr=7,1,1,0.25
rsrp=-100|rsrq=-12|snr=7,rsrp=-100|rsrq=-15|snr=1,1,1,0.25
rsrp=-100|rsrq=-12|snr=8,rsrp=-100|rsrq=-12|snr=8,1,1,0.5
rsrp=-100|rsrq=-12|snr=8,rsrp=-99|rsrq=-12|snr=4,1,1,0.5
rsrp=-100|rsrq=-13|snr=-1,rsrp=-100|rsrq=-13|snr=10,1,1,0.25
rsrp=-100|rsrq=-13|snr=-1,rsrp=-98|rsrq=-12|snr=-2,1,1,0.25
rsrp=-100|rsrq=-13|snr=-2,rsrp=-100|rsrq=-13|snr=-2,1,1,0.5
rsrp=-100|rsrq=-13|snr=-2,rsrp=-100|rsrq=-13|snr=3,1,1,0.5
rsrp=-100|rsrq=-13|snr=-4,rsrp=-99|rsrq=-15|snr=2,1,1,1
rsrp=-100|rsrq=-13|snr=-7,rsrp=-100|rsrq=-10|snr=7,1,1,0.5
rsrp=-100|rsrq=-13|snr=-7,rsrp=-100|rsrq=-13|snr=-7,1,1,0.5
rsrp=-100|rsrq=-13|snr=0,rsrp=-100|rsrq=-13|snr=0,1,1,0.5
rsrp=-100|rsrq=-13|snr=0,rsrp=-100|rsrq=-14|snr=-1,1,1,0.5
rsrp=-100|rsrq=-13|snr=1,rsrp=-100|rsrq=-13|snr=1,1,1,1
rsrp=-100|rsrq=-13|snr=10,rsrp=-99|rsrq=-14|snr=8,1,1,1
rsrp=-100|rsrq=-13|snr=11,rsrp=-100|rsrq=-13|snr=11,1,1,1
rsrp=-100|rsrq=-13|snr=2,rsrp=-100|rsrq=-12|snr=0,1,1,0.5
rsrp=-100|rsrq=-13|snr=2,rsrp=-100|rsrq=-17|snr=1,1,1,0.5
rsrp=-100|rsrq=-13|snr=3,rsrp=-100|rsrq=-10|snr=7,1,1,0.1
rsrp=-100|rsrq=-13|snr=3,rsrp=-100|rsrq=-11|snr=-3,1,1,0.1
rsrp=-100|rsrq=-13|snr=3,rsrp=-100|rsrq=-14|snr=7,1,1,0.1
rsrp=-100|rsrq=-13|snr=3,rsrp=-101|rsrq=-13|snr=-1,1,1,0.1
rsrp=-100|rsrq=-13|snr=3,rsrp=-101|rsrq=-14|snr=-4,1,1,0.1
rsrp=-100|rsrq=-13|snr=4,rsrp=-100|rsrq=-11|snr=4,1,1,0.166666666667
rsrp=-100|rsrq=-13|snr=4,rsrp=-101|rsrq=-13|snr=3,1,1,0.166666666667
rsrp=-100|rsrq=-13|snr=4,rsrp=-99|rsrq=-12|snr=5,1,1,0.166666666667
rsrp=-100|rsrq=-13|snr=5,rsrp=-100|rsrq=-13|snr=5,1,1,0.5
rsrp=-100|rsrq=-13|snr=5,rsrp=-100|rsrq=-14|snr=1,1,1,0.5
rsrp=-100|rsrq=-13|snr=6,rsrp=-100|rsrq=-13|snr=6,1,1,0.5
rsrp=-100|rsrq=-13|snr=6,rsrp=-99|rsrq=-15|snr=3,1,1,0.5
rsrp=-100|rsrq=-13|snr=7,rsrp=-100|rsrq=-13|snr=7,1,1,1
rsrp=-100|rsrq=-14|snr=-1,rsrp=-100|rsrq=-14|snr=1,1,1,0.25
rsrp=-100|rsrq=-14|snr=-1,rsrp=-100|rsrq=-15|snr=-2,1,1,0.25
rsrp=-100|rsrq=-14|snr=-2,rsrp=-101|rsrq=-12|snr=2,1,1,1
rsrp=-100|rsrq=-14|snr=-3,rsrp=-100|rsrq=-13|snr=-2,1,1,0.25
rsrp=-100|rsrq=-14|snr=-3,rsrp=-101|rsrq=-14|snr=0,1,1,0.25
rsrp=-100|rsrq=-14|snr=0,rsrp=-101|rsrq=-14|snr=-2,1,1,0.333333333333
rsrp=-100|rsrq=-14|snr=1,rsrp=-100|rsrq=-14|snr=0,1,1,0.25
rsrp=-100|rsrq=-14|snr=1,rsrp=-100|rsrq=-17|snr=2,1,1,0.25
rsrp=-100|rsrq=-14|snr=11,rsrp=-100|rsrq=-14|snr=11,1,1,0.5
rsrp=-100|rsrq=-14|snr=11,rsrp=-100|rsrq=-9|snr=12,1,1,0.5
rsrp=-100|rsrq=-14|snr=3,rsrp=-100|rsrq=-14|snr=6,1,1,0.25
rsrp=-100|rsrq=-14|snr=3,rsrp=-100|rsrq=-15|snr=2,1,1,0.25
rsrp=-100|rsrq=-14|snr=4,rsrp=-100|rsrq=-15|snr=2,1,1,0.2
rsrp=-100|rsrq=-14|snr=4,rsrp=-101|rsrq=-15|snr=1,1,1,0.2
rsrp=-100|rsrq=-14|snr=6,rsrp=-100|rsrq=-12|snr=5,1,1,0.2
rsrp=-100|rsrq=-14|snr=6,rsrp=-101|rsrq=-11|snr=1,1,1,0.2
rsrp=-100|rsrq=-14|snr=7,rsrp=-100|rsrq=-10|snr=9,1,1,0.142857142857
rsrp=-100|rsrq=-14|snr=7,rsrp=-100|rsrq=-13|snr=7,1,1,0.142857142857
rsrp=-100|rsrq=-14|snr=7,rsrp=-100|rsrq=-14|snr=6,1,1,0.142857142857
rsrp=-100|rsrq=-14|snr=8,rsrp=-100|rsrq=-16|snr=6,1,1,0.25
rsrp=-100|rsrq=-14|snr=8,rsrp=-98|rsrq=-14|snr=7,1,1,0.25
rsrp=-100|rsrq=-15|snr=-1,rsrp=-101|rsrq=-15|snr=3,1,1,0.333333333333
rsrp=-100|rsrq=-15|snr=-2,rsrp=-100|rsrq=-13|snr=1,1,1,0.25
rsrp=-100|rsrq=-15|snr=-2,rsrp=-97|rsrq=-12|snr=1,1,1,0.25
rsrp=-100|rsrq=-15|snr=-3,rsrp=-100|rsrq=-15|snr=-3,1,1,0.5
rsrp=-100|rsrq=-15|snr=-3,rsrp=-100|rsrq=-15|snr=3,1,1,0.5
rsrp=-100|rsrq=-15|snr=0,rsrp=-100|rsrq=-15|snr=0,1,1,0.5
rsrp=-100|rsrq=-15|snr=0,rsrp=-102|rsrq=-10|snr=-3,1,1,0.5
rsrp=-100|rsrq=-15|snr=1,rsrp=-100|rsrq=-10|snr=2,1,1,0.25
rsrp=-100|rsrq=-15|snr=1,rsrp=-100|rsrq=-13|snr=-7,1,1,0.25
rsrp=-100|rsrq=-15|snr=12,rsrp=-100|rsrq=-15|snr=12,1,1,1
rsrp=-100|rsrq=-15|snr=2,rsrp=-100|rsrq=-10|snr=1,1,1,0.166666666667
rsrp=-100|rsrq=-15|snr=2,rsrp=-100|rsrq=-13|snr=3,1,1,0.166666666667
rsrp=-100|rsrq=-15|snr=2,rsrp=-100|rsrq=-13|snr=5,1,1,0.166666666667
rsrp=-100|rsrq=-15|snr=3,rsrp=-100|rsrq=-15|snr=-3,1,1,0.333333333333
rsrp=-100|rsrq=-15|snr=5,rsrp=-101|rsrq=-16|snr=-1,1,1,1
rsrp=-100|rsrq=-15|snr=6,rsrp=-101|rsrq=-16|snr=5,1,1,0.25
rsrp=-100|rsrq=-15|snr=6,rsrp=-99|rsrq=-13|snr=5,1,1,0.25
rsrp=-100|rsrq=-15|snr=7,rsrp=-100|rsrq=-15|snr=7,1,1,0.5
rsrp=-100|rsrq=-15|snr=7,rsrp=-100|rsrq=-16|snr=5,1,1,0.5
rsrp=-100|rsrq=-16|snr=0,rsrp=-100|rsrq=-13|snr=-4,1,1,0.25
rsrp=-100|rsrq=-16|snr=0,rsrp=-100|rsrq=-15|snr=1,1,1,0.25
rsrp=-100|rsrq=-16|snr=1,rsrp=-100|rsrq=-16|snr=1,1,1,0.5
rsrp=-100|rsrq=-16|snr=1,rsrp=-100|rsrq=-17|snr=2,1,1,0.5
rsrp=-100|rsrq=-16|snr=3,rsrp=-100|rsrq=-11|snr=1,1,1,0.5
rsrp=-100|rsrq=-16|snr=3,rsrp=-100|rsrq=-16|snr=3,1,1,0.5
rsrp=-100|rsrq=-16|snr=5,rsrp=-100|rsrq=-16|snr=5,1,1,0.333333333333
rsrp=-100|rsrq=-16|snr=5,rsrp=-101|rsrq=-11|snr=6,1,1,0.333333333333
rsrp=-100|rsrq=-16|snr=5,rsrp=-99|rsrq=-16|snr=13,1,1,0.333333333333
rsrp=-100|rsrq=-16|snr=6,rsrp=-100|rsrq=-16|snr=6,1,1,0.5
rsrp=-100|rsrq=-16|snr=6,rsrp=-101|rsrq=-16|snr=5,1,1,0.5
rsrp=-100|rsrq=-16|snr=7,rsrp=-101|rsrq=-13|snr=8,1,1,0.333333333333
rsrp=-100|rsrq=-17|snr=1,rsrp=-101|rsrq=-16|snr=-1,1,1,0.25
rsrp=-100|rsrq=-17|snr=10,rsrp=-100|rsrq=-13|snr=4,1,1,0.5
rsrp=-100|rsrq=-17|snr=10,rsrp=-100|rsrq=-17|snr=10,1,1,0.5
rsrp=-100|rsrq=-17|snr=2,rsrp=-100|rsrq=-13|snr=3,1,1,0.25
rsrp=-100|rsrq=-17|snr=2,rsrp=-101|rsrq=-15|snr=3,1,1,0.25
rsrp=-100|rsrq=-17|snr=7,rsrp=-100|rsrq=-17|snr=7,1,1,0.5
rsrp=-100|rsrq=-17|snr=7,rsrp=-99|rsrq=-17|snr=2,1,1,0.5
rsrp=-100|rsrq=-18|snr=2,rsrp=-100|rsrq=-10|snr=7,1,1,0.5
rsrp=-100|rsrq=-18|snr=2,rsrp=-100|rsrq=-18|snr=2,1,1,0.5
rsrp=-100|rsrq=-18|snr=9,rsrp=-100|rsrq=-15|snr=12,1,1,0.5
rsrp=-100|rsrq=-18|snr=9,rsrp=-100|rsrq=-18|snr=9,1,1,0.5
rsrp=-100|rsrq=-19|snr=-1,rsrp=-100|rsrq=-19|snr=-1,1,1,0.5
rsrp=-100|rsrq=-19|snr=-1,rsrp=-105|rsrq=-16|snr=-2,1,1,0.5
rsrp=-100|rsrq=-19|snr=-3,rsrp=-100|rsrq=-19|snr=-3,1,1,0.5
rsrp=-100|rsrq=-19|snr=-3,rsrp=-101|rsrq=-18|snr=0,1,1,0.5
rsrp=-100|rsrq=-9|snr=0,rsrp=-100|rsrq=-9|snr=0,1,1,0.5
rsrp=-100|rsrq=-9|snr=0,rsrp=-98|rsrq=-10|snr=4,1,1,0.5
rsrp=-100|rsrq=-9|snr=12,rsrp=-100|rsrq=-9|snr=12,1,1,1
rsrp=-100|rsrq=-9|snr=5,rsrp=-100|rsrq=-9|snr=5,1,1,0.5
rsrp=-100|rsrq=-9|snr=5,rsrp=-99|rsrq=-13|snr=4,1,1,0.5
rsrp=-101|rsrq=-10|snr=-1,rsrp=-101|rsrq=-10|snr=-1,1,1,0.5
rsrp=-101|rsrq=-10|snr=-1,rsrp=-101|rsrq=-10|snr=5,1,1,0.5
rsrp=-101|rsrq=-10|snr=1,rsrp=-100|rsrq=-11|snr=3,1,1,0.5
rsrp=-101|rsrq=-10|snr=1,rsrp=-101|rsrq=-10|snr=1,1,1,0.5
rsrp=-101|rsrq=-10|snr=2,rsrp=-101|rsrq=-10|snr=2,1,1,0.5
rsrp=-101|rsrq=-10|snr=2,rsrp=-101|rsrq=-12|snr=-1,1,1,0.5
rsrp=-101|rsrq=-10|snr=4,rsrp=-101|rsrq=-13|snr=1,1,1,0.25
rsrp=-101|rsrq=-10|snr=4,rsrp=-103|rsrq=-11|snr=-4,1,1,0.25
rsrp=-101|rsrq=-10|snr=5,rsrp=-101|rsrq=-10|snr=4,1,1,0.5
rsrp=-101|rsrq=-10|snr=5,rsrp=-101|rsrq=-10|snr=5,1,1,0.5
rsrp=-101|rsrq=-10|snr=6,rsrp=-101|rsrq=-11|snr=2,1,1,0.166666666667
rsrp=-101|rsrq=-10|snr=6,rsrp=-101|rsrq=-15|snr=5,1,1,0.166666666667
rsrp=-101|rsrq=-10|snr=6,rsrp=-99|rsrq=-16|snr=6,1,1,0.166666666667
rsrp=-101|rsrq=-10|snr=7,rsrp=-101|rsrq=-10|snr=7,1,1,0.5
rsrp=-101|rsrq=-10|snr=7,rsrp=-99|rsrq=-10|snr=7,1,1,0.5
rsrp=-101|rsrq=-11|snr=-1,rsrp=-101|rsrq=-13|snr=4,1,1,0.25
rsrp=-101|rsrq=-11|snr=-1,rsrp=-102|rsrq=-12|snr=6,1,1,0.25
rsrp=-101|rsrq=-11|snr=-3,rsrp=-101|rsrq=-11|snr=-1,1,1,0.5
rsrp=-101|rsrq=-11|snr=-3,rsrp=-101|rsrq=-11|snr=-3,1,1,0.5
rsrp=-101|rsrq=-11|snr=-4,rsrp=-101|rsrq=-11|snr=-4,1,1,0.5
rsrp=-101|rsrq=-11|snr=-4,rsrp=-101|rsrq=-15|snr=9,1,1,0.5
rsrp=-101|rsrq=-11|snr=0,rsrp=-100|rsrq=-11|snr=1,1,1,0.333333333333
rsrp=-101|rsrq=-11|snr=1,rsrp=-101|rsrq=-10|snr=6,1,1,0.25
rsrp=-101|rsrq=-11|snr=1,rsrp=-101|rsrq=-12|snr=2,1,1,0.25
rsrp=-101|rsrq=-11|snr=10,rsrp=-101|rsrq=-11|snr=10,1,1,0.5
rsrp=-101|rsrq=-11|snr=10,rsrp=-101|rsrq=-11|snr=6,1,1,0.5
rsrp=-101|rsrq=-11|snr=11,rsrp=-101|rsrq=-11|snr=11,1,1,0.5
rsrp=-101|rsrq=-11|snr=11,rsrp=-103|rsrq=-11|snr=9,1,1,0.5
rsrp=-101|rsrq=-11|snr=2,rsrp=-100|rsrq=-12|snr=2,1,1,0.0909090909091
rsrp=-101|rsrq=-11|snr=2,rsrp=-101|rsrq=-14|snr=-2,1,1,0.0909090909091
rsrp=-101|rsrq=-11|snr=2,rsrp=-101|rsrq=-15|snr=0,1,1,0.0909090909091
rsrp=-101|rsrq=-11|snr=2,rsrp=-102|rsrq=-10|snr=8,1,1,0.0909090909091
rsrp=-101|rsrq=-11|snr=2,rsrp=-102|rsrq=-12|snr=7,1,1,0.0909090909091
rsrp=-101|rsrq=-11|snr=3,rsrp=-101|rsrq=-13|snr=4,1,1,0.142857142857
rsrp=-101|rsrq=-11|snr=3,rsrp=-102|rsrq=-11|snr=0,1,1,0.142857142857
rsrp=-101|rsrq=-11|snr=3,rsrp=-97|rsrq=-9|snr=8,1,1,0.142857142857
rsrp=-101|rsrq=-11|snr=3,rsrp=-99|rsrq=-11|snr=1,1,1,0.142857142857
rsrp=-101|rsrq=-11|snr=4,rsrp=-101|rsrq=-11|snr=4,1,1,1
rsrp=-101|rsrq=-11|snr=5,rsrp=-100|rsrq=-10|snr=7,1,1,0.1
rsrp=-101|rsrq=-11|snr=5,rsrp=-100|rsrq=-12|snr=4,1,1,0.1
rsrp=-101|rsrq=-11|snr=5,rsrp=-101|rsrq=-10|snr=6,1,1,0.1
rsrp=-101|rsrq=-11|snr=5,rsrp=-101|rsrq=-13|snr=-2,1,1,0.1
rsrp=-101|rsrq=-11|snr=5,rsrp=-101|rsrq=-15|snr=8,1,1,0.1
rsrp=-101|rsrq=-11|snr=6,rsrp=-100|rsrq=-13|snr=-1,1,1,0.2
rsrp=-101|rsrq=-11|snr=6,rsrp=-101|rsrq=-10|snr=6,1,1,0.2
rsrp=-101|rsrq=-11|snr=7,rsrp=-101|rsrq=-11|snr=7,1,1,1
rsrp=-101|rsrq=-11|snr=8,rsrp=-100|rsrq=-14|snr=3,1,1,0.5
rsrp=-101|rsrq=-11|snr=8,rsrp=-101|rsrq=-11|snr=8,1,1,0.5
rsrp=-101|rsrq=-12|snr=-1,rsrp=-100|rsrq=-14|snr=4,1,1,0.125
rsrp=-101|rsrq=-12|snr=-1,rsrp=-101|rsrq=-11|snr=0,1,1,0.125
rsrp=-101|rsrq=-12|snr=-1,rsrp=-101|rsrq=-13|snr=6,1,1,0.125
rsrp=-101|rsrq=-12|snr=-1,rsrp=-99|rsrq=-12|snr=-4,1,1,0.125
rsrp=-101|rsrq=-12|snr=-2,rsrp=-101|rsrq=-12|snr=-2,1,1,0.5
rsrp=-101|rsrq=-12|snr=-2,rsrp=-101|rsrq=-15|snr=-2,1,1,0.5
rsrp=-101|rsrq=-12|snr=-3,rsrp=-101|rsrq=-14|snr=-2,1,1,0.25
rsrp=-101|rsrq=-12|snr=-3,rsrp=-101|rsrq=-15|snr=5,1,1,0.25
rsrp=-101|rsrq=-12|snr=0,rsrp=-101|rsrq=-12|snr=0,1,1,0.5
rsrp=-101|rsrq=-12|snr=0,rsrp=-101|rsrq=-17|snr=5,1,1,0.5
rsrp=-101|rsrq=-12|snr=1,rsrp=-101|rsrq=-13|snr=2,1,1,0.142857142857
rsrp=-101|rsrq=-12|snr=1,rsrp=-101|rsrq=-16|snr=2,1,1,0.142857142857
rsrp=-101|rsrq=-12|snr=1,rsrp=-101|rsrq=-16|snr=5,1,1,0.142857142857
rsrp=-101|rsrq=-12|snr=2,rsrp=-100|rsrq=-11|snr=1,1,1,0.111111111111
rsrp=-101|rsrq=-12|snr=2,rsrp=-100|rsrq=-14|snr=-2,1,1,0.111111111111
rsrp=-101|rsrq=-12|snr=2,rsrp=-101|rsrq=-11|snr=5,1,1,0.111111111111
rsrp=-101|rsrq=-12|snr=2,rsrp=-101|rsrq=-14|snr=5,1,1,0.111111111111
rsrp=-101|rsrq=-12|snr=3,rsrp=-101|rsrq=-11|snr=4,1,1,0.166666666667
rsrp=-101|rsrq=-12|snr=3,rsrp=-101|rsrq=-12|snr=7,1,1,0.166666666667
rsrp=-101|rsrq=-12|snr=3,rsrp=-101|rsrq=-14|snr=-2,1,1,0.166666666667
rsrp=-101|rsrq=-12|snr=4,rsrp=-101|rsrq=-11|snr=5,1,1,0.25
rsrp=-101|rsrq=-12|snr=4,rsrp=-101|rsrq=-14|snr=3,1,1,0.25
rsrp=-101|rsrq=-12|snr=5,rsrp=-100|rsrq=-16|snr=1,1,1,0.5
rsrp=-101|rsrq=-12|snr=5,rsrp=-101|rsrq=-12|snr=5,1,1,0.5
rsrp=-101|rsrq=-12|snr=6,rsrp=-101|rsrq=-11|snr=2,1,1,0.333333333333
rsrp=-101|rsrq=-12|snr=7,rsrp=-101|rsrq=-12|snr=7,1,1,0.5
rsrp=-101|rsrq=-12|snr=7,rsrp=-101|rsrq=-13|snr=7,1,1,0.5
rsrp=-101|rsrq=-12|snr=8,rsrp=-101|rsrq=-12|snr=-2,1,1,0.5
rsrp=-101|rsrq=-12|snr=8,rsrp=-101|rsrq=-12|snr=8,1,1,0.5
rsrp=-101|rsrq=-13|snr=-1,rsrp=-101|rsrq=-12|snr=6,1,1,0.5
rsrp=-101|rsrq=-13|snr=-1,rsrp=-101|rsrq=-13|snr=-1,1,1,0.5
rsrp=-101|rsrq=-13|snr=-2,rsrp=-101|rsrq=-14|snr=-2,1,1,0.125
rsrp=-101|rsrq=-13|snr=-2,rsrp=-101|rsrq=-15|snr=-1,1,1,0.125
rsrp=-101|rsrq=-13|snr=-2,rsrp=-102|rsrq=-12|snr=5,1,1,0.125
rsrp=-101|rsrq=-13|snr=-2,rsrp=-102|rsrq=-14|snr=8,1,1,0.125
rsrp=-101|rsrq=-13|snr=-3,rsrp=-101|rsrq=-13|snr=-4,1,1,0.166666666667
rsrp=-101|rsrq=-13|snr=-3,rsrp=-102|rsrq=-10|snr=2,1,1,0.166666666667
rsrp=-101|rsrq=-13|snr=-3,rsrp=-102|rsrq=-10|snr=7,1,1,0.166666666667
rsrp=-101|rsrq=-13|snr=-4,rsrp=-101|rsrq=-12|snr=2,1,1,0.25
rsrp=-101|rsrq=-13|snr=-4,rsrp=-101|rsrq=-15|snr=2,1,1,0.25
rsrp=-101|rsrq=-13|snr=0,rsrp=-101|rsrq=-12|snr=2,1,1,0.5
rsrp=-101|rsrq=-13|snr=0,rsrp=-101|rsrq=-13|snr=0,1,1,0.5
rsrp=-101|rsrq=-13|snr=1,rsrp=-101|rsrq=-13|snr=7,1,1,0.166666666667
rsrp=-101|rsrq=-13|snr=2,rsrp=-100|rsrq=-14|snr=-3,1,1,0.25
rsrp=-101|rsrq=-13|snr=2,rsrp=-101|rsrq=-11|snr=-1,1,1,0.25
rsrp=-101|rsrq=-13|snr=3,rsrp=-101|rsrq=-12|snr=3,1,1,0.25
rsrp=-101|rsrq=-13|snr=3,rsrp=-101|rsrq=-14|snr=1,1,1,0.25
rsrp=-101|rsrq=-13|snr=4,rsrp=-102|rsrq=-13|snr=6,1,1,0.333333333333
rsrp=-101|rsrq=-13|snr=6,rsrp=-101|rsrq=-11|snr=7,1,1,0.25
rsrp=-101|rsrq=-13|snr=6,rsrp=-101|rsrq=-13|snr=-2,1,1,0.25
rsrp=-101|rsrq=-13|snr=7,rsrp=-101|rsrq=-14|snr=2,1,1,0.25
rsrp=-101|rsrq=-13|snr=7,rsrp=-101|rsrq=-15|snr=-4,1,1,0.25
rsrp=-101|rsrq=-13|snr=8,rsrp=-100|rsrq=-11|snr=8,1,1,0.5
rsrp=-101|rsrq=-13|snr=8,rsrp=-101|rsrq=-13|snr=8,1,1,0.5
rsrp=-101|rsrq=-14|snr=-1,rsrp=-101|rsrq=-13|snr=-4,1,1,0.5
rsrp=-101|rsrq=-14|snr=-1,rsrp=-101|rsrq=-14|snr=-1,1,1,0.5
rsrp=-101|rsrq=-14|snr=-2,rsrp=-100|rsrq=-11|snr=6,1,1,0.0833333333333
rsrp=-101|rsrq=-14|snr=-2,rsrp=-101|rsrq=-11|snr=-4,1,1,0.0833333333333
rsrp=-101|rsrq=-14|snr=-2,rsrp=-101|rsrq=-12|snr=-1,1,1,0.0833333333333
rsrp=-101|rsrq=-14|snr=-2,rsrp=-101|rsrq=-12|snr=-3,1,1,0.0833333333333
rsrp=-101|rsrq=-14|snr=-2,rsrp=-101|rsrq=-14|snr=0,1,1,0.0833333333333
rsrp=-101|rsrq=-14|snr=-2,rsrp=-101|rsrq=-15|snr=3,1,1,0.0833333333333
rsrp=-101|rsrq=-14|snr=-4,rsrp=-101|rsrq=-14|snr=-4,1,1,0.333333333333
rsrp=-101|rsrq=-14|snr=-4,rsrp=-101|rsrq=-15|snr=1,1,1,0.333333333333
rsrp=-101|rsrq=-14|snr=-4,rsrp=-103|rsrq=-20|snr=-3,1,1,0.333333333333
rsrp=-101|rsrq=-14|snr=0,rsrp=-100|rsrq=-11|snr=-9,1,1,0.2
rsrp=-101|rsrq=-14|snr=0,rsrp=-101|rsrq=-12|snr=0,1,1,0.2
rsrp=-101|rsrq=-14|snr=0,rsrp=-99|rsrq=-14|snr=-1,1,1,0.2
rsrp=-101|rsrq=-14|snr=1,rsrp=-101|rsrq=-12|snr=6,1,1,0.166666666667
rsrp=-101|rsrq=-14|snr=1,rsrp=-101|rsrq=-15|snr=-3,1,1,0.166666666667
rsrp=-101|rsrq=-14|snr=1,rsrp=-101|rsrq=-15|snr=0,1,1,0.166666666667
rsrp=-101|rsrq=-14|snr=2,rsrp=-100|rsrq=-16|snr=3,1,1,0.333333333333
rsrp=-101|rsrq=-14|snr=2,rsrp=-101|rsrq=-14|snr=2,1,1,0.333333333333
rsrp=-101|rsrq=-14|snr=2,rsrp=-102|rsrq=-17|snr=-2,1,1,0.333333333333
rsrp=-101|rsrq=-14|snr=3,rsrp=-101|rsrq=-14|snr=3,1,1,1
rsrp=-101|rsrq=-14|snr=5,rsrp=-100|rsrq=-12|snr=4,1,1,0.5
rsrp=-101|rsrq=-14|snr=5,rsrp=-101|rsrq=-14|snr=5,1,1,0.5
rsrp=-101|rsrq=-14|snr=8,rsrp=-101|rsrq=-12|snr=1,1,1,0.5
rsrp=-101|rsrq=-14|snr=8,rsrp=-101|rsrq=-14|snr=8,1,1,0.5
rsrp=-101|rsrq=-15|snr=-1,rsrp=-101|rsrq=-14|snr=-1,1,1,1
rsrp=-101|rsrq=-15|snr=-2,rsrp=-101|rsrq=-12|snr=-1,1,1,0.25
rsrp=-101|rsrq=-15|snr=-2,rsrp=-101|rsrq=-15|snr=1,1,1,0.25
rsrp=-101|rsrq=-15|snr=-3,rsrp=-101|rsrq=-12|snr=3,1,1,0.25
rsrp=-101|rsrq=-15|snr=-3,rsrp=-101|rsrq=-16|snr=-1,1,1,0.25
rsrp=-101|rsrq=-15|snr=-4,rsrp=-101|rsrq=-13|snr=6,1,1,0.5
rsrp=-101|rsrq=-15|snr=-4,rsrp=-101|rsrq=-15|snr=-4,1,1,0.5
rsrp=-101|rsrq=-15|snr=0,rsrp=-100|rsrq=-14|snr=4,1,1,0.2
rsrp=-101|rsrq=-15|snr=0,rsrp=-101|rsrq=-11|snr=5,1,1,0.2
rsrp=-101|rsrq=-15|snr=0,rsrp=-101|rsrq=-15|snr=-2,1,1,0.2
rsrp=-101|rsrq=-15|snr=1,rsrp=-100|rsrq=-15|snr=2,1,1,0.166666666667
rsrp=-101|rsrq=-15|snr=1,rsrp=-100|rsrq=-15|snr=5,1,1,0.166666666667
rsrp=-101|rsrq=-15|snr=1,rsrp=-101|rsrq=-13|snr=-3,1,1,0.166666666667
rsrp=-101|rsrq=-15|snr=2,rsrp=-101|rsrq=-13|snr=-2,1,1,0.5
rsrp=-101|rsrq=-15|snr=2,rsrp=-101|rsrq=-15|snr=2,1,1,0.5
rsrp=-101|rsrq=-15|snr=3,rsrp=-100|rsrq=-15|snr=-1,1,1,0.25
rsrp=-101|rsrq=-15|snr=3,rsrp=-101|rsrq=-12|snr=5,1,1,0.25
rsrp=-101|rsrq=-15|snr=4,rsrp=-100|rsrq=-17|snr=7,1,1,0.5
rsrp=-101|rsrq=-15|snr=4,rsrp=-101|rsrq=-15|snr=4,1,1,0.5
rsrp=-101|rsrq=-15|snr=5,rsrp=-101|rsrq=-14|snr=0,1,1,0.2
rsrp=-101|rsrq=-15|snr=5,rsrp=-101|rsrq=-16|snr=1,1,1,0.2
rsrp=-101|rsrq=-15|snr=8,rsrp=-100|rsrq=-13|snr=2,1,1,0.5
rsrp=-101|rsrq=-15|snr=8,rsrp=-101|rsrq=-15|snr=8,1,1,0.5
rsrp=-101|rsrq=-15|snr=9,rsrp=-101|rsrq=-15|snr=-3,1,1,0.25
rsrp=-101|rsrq=-15|snr=9,rsrp=-103|rsrq=-12|snr=-2,1,1,0.25
rsrp=-101|rsrq=-16|snr=-1,rsrp=-101|rsrq=-14|snr=8,1,1,0.2
rsrp=-101|rsrq=-16|snr=-1,rsrp=-101|rsrq=-16|snr=1,1,1,0.2
rsrp=-101|rsrq=-16|snr=-2,rsrp=-100|rsrq=-11|snr=-4,1,1,0.5
rsrp=-101|rsrq=-16|snr=-2,rsrp=-101|rsrq=-16|snr=-2,1,1,0.5
rsrp=-101|rsrq=-16|snr=1,rsrp=-101|rsrq=-12|snr=1,1,1,0.333333333333
rsrp=-101|rsrq=-16|snr=2,rsrp=-101|rsrq=-15|snr=0,1,1,0.25
rsrp=-101|rsrq=-16|snr=2,rsrp=-101|rsrq=-15|snr=5,1,1,0.25
rsrp=-101|rsrq=-16|snr=4,rsrp=-99|rsrq=-15|snr=4,1,1,1
rsrp=-101|rsrq=-16|snr=5,rsrp=-100|rsrq=-16|snr=7,1,1,0.0909090909091
rsrp=-101|rsrq=-16|snr=5,rsrp=-101|rsrq=-16|snr=6,1,1,0.0909090909091
rsrp=-101|rsrq=-16|snr=5,rsrp=-101|rsrq=-17|snr=5,1,1,0.0909090909091
rsrp=-101|rsrq=-16|snr=5,rsrp=-102|rsrq=-15|snr=2,1,1,0.0909090909091
rsrp=-101|rsrq=-16|snr=6,rsrp=-101|rsrq=-17|snr=2,1,1,0.333333333333
rsrp=-101|rsrq=-17|snr=-1,rsrp=-104|rsrq=-16|snr=0,1,1,1
rsrp=-101|rsrq=-17|snr=10,rsrp=-100|rsrq=-18|snr=9,1,1,0.5
rsrp=-101|rsrq=-17|snr=10,rsrp=-101|rsrq=-17|snr=10,1,1,0.5
rsrp=-101|rsrq=-17|snr=2,rsrp=-101|rsrq=-17|snr=10,1,1,0.25
rsrp=-101|rsrq=-17|snr=2,rsrp=-102|rsrq=-18|snr=-3,1,1,0.25
rsrp=-101|rsrq=-17|snr=5,rsrp=-100|rsrq=-14|snr=-3,1,1,0.25
rsrp=-101|rsrq=-17|snr=5,rsrp=-102|rsrq=-17|snr=2,1,1,0.25
rsrp=-101|rsrq=-18|snr=-2,rsrp=-100|rsrq=-14|snr=3,1,1,0.5
rsrp=-101|rsrq=-18|snr=-2,rsrp=-101|rsrq=-18|snr=-2,1,1,0.5
rsrp=-101|rsrq=-18|snr=0,rsrp=-101|rsrq=-18|snr=0,1,1,0.5
rsrp=-101|rsrq=-18|snr=0,rsrp=-99|rsrq=-13|snr=3,1,1,0.5
rsrp=-101|rsrq=-9|snr=-5,rsrp=-101|rsrq=-9|snr=-5,1,1,0.5
rsrp=-101|rsrq=-9|snr=-5,rsrp=-103|rsrq=-9|snr=5,1,1,0.5
rsrp=-102|rsrq=-10|snr=-3,rsrp=-102|rsrq=-10|snr=-3,1,1,0.5
rsrp=-102|rsrq=-10|snr=-3,rsrp=-102|rsrq=-15|snr=4,1,1,0.5
rsrp=-102|rsrq=-10|snr=11,rsrp=-102|rsrq=-10|snr=11,1,1,0.5
rsrp=-102|rsrq=-10|snr=11,rsrp=-103|rsrq=-9|snr=6,1,1,0.5
rsrp=-102|rsrq=-10|snr=12,rsrp=-102|rsrq=-10|snr=12,1,1,0.5
rsrp=-102|rsrq=-10|snr=12,rsrp=-102|rsrq=-12|snr=7,1,1,0.5
rsrp=-102|rsrq=-10|snr=2,rsrp=-102|rsrq=-10|snr=2,1,1,0.5
rsrp=-102|rsrq=-10|snr=2,rsrp=-103|rsrq=-12|snr=1,1,1,0.5
rsrp=-102|rsrq=-10|snr=4,rsrp=-102|rsrq=-10|snr=4,1,1,0.5
rsrp=-102|rsrq=-10|snr=4,rsrp=-102|rsrq=-11|snr=6,1,1,0.5
rsrp=-102|rsrq=-10|snr=6,rsrp=-102|rsrq=-10|snr=6,1,1,0.5
rsrp=-102|rsrq=-10|snr=6,rsrp=-103|rsrq=-13|snr=-1,1,1,0.5
rsrp=-102|rsrq=-10|snr=7,rsrp=-102|rsrq=-12|snr=0,1,1,1
rsrp=-102|rsrq=-10|snr=8,rsrp=-102|rsrq=-11|snr=4,1,1,0.333333333333
rsrp=-102|rsrq=-11|snr=-2,rsrp=-101|rsrq=-11|snr=2,1,1,0.5
rsrp=-102|rsrq=-11|snr=-2,rsrp=-102|rsrq=-11|snr=-2,1,1,0.5
rsrp=-102|rsrq=-11|snr=-4,rsrp=-101|rsrq=-11|snr=3,1,1,0.5
rsrp=-102|rsrq=-11|snr=-4,rsrp=-102|rsrq=-11|snr=-4,1,1,0.5
rsrp=-102|rsrq=-11|snr=0,rsrp=-102|rsrq=-11|snr=0,1,1,0.5
rsrp=-102|rsrq=-11|snr=0,rsrp=-99|rsrq=-11|snr=-5,1,1,0.5
rsrp=-102|rsrq=-11|snr=4,rsrp=-101|rsrq=-12|snr=-1,1,1,0.333333333333
rsrp=-102|rsrq=-11|snr=6,rsrp=-101|rsrq=-13|snr=-2,1,1,0.333333333333
rsrp=-102|rsrq=-11|snr=6,rsrp=-102|rsrq=-11|snr=6,1,1,0.333333333333
rsrp=-102|rsrq=-11|snr=6,rsrp=-103|rsrq=-11|snr=5,1,1,0.333333333333
rsrp=-102|rsrq=-11|snr=8,rsrp=-102|rsrq=-11|snr=8,1,1,0.5
rsrp=-102|rsrq=-11|snr=8,rsrp=-103|rsrq=-16|snr=-1,1,1,0.5
rsrp=-102|rsrq=-12|snr=-1,rsrp=-102|rsrq=-12|snr=-1,1,1,0.5
rsrp=-102|rsrq=-12|snr=-1,rsrp=-102|rsrq=-15|snr=-3,1,1,0.5
rsrp=-102|rsrq=-12|snr=0,rsrp=-102|rsrq=-11|snr=-4,1,1,0.25
rsrp=-102|rsrq=-12|snr=0,rsrp=-102|rsrq=-12|snr=2,1,1,0.25
rsrp=-102|rsrq=-12|snr=2,rsrp=-101|rsrq=-13|snr=3,1,1,0.5
rsrp=-102|rsrq=-12|snr=2,rsrp=-102|rsrq=-12|snr=2,1,1,0.5
rsrp=-102|rsrq=-12|snr=5,rsrp=-101|rsrq=-11|snr=3,1,1,0.333333333333
rsrp=-102|rsrq=-12|snr=6,rsrp=-102|rsrq=-10|snr=4,1,1,0.333333333333
rsrp=-102|rsrq=-12|snr=7,rsrp=-101|rsrq=-13|snr=-3,1,1,0.2
rsrp=-102|rsrq=-12|snr=7,rsrp=-102|rsrq=-10|snr=8,1,1,0.2
rsrp=-102|rsrq=-13|snr=-2,rsrp=-102|rsrq=-13|snr=-2,1,1,1
rsrp=-102|rsrq=-13|snr=-6,rsrp=-102|rsrq=-13|snr=-6,1,1,0.5
rsrp=-102|rsrq=-13|snr=-6,rsrp=-104|rsrq=-12|snr=-4,1,1,0.5
rsrp=-102|rsrq=-13|snr=6,rsrp=-101|rsrq=-16|snr=2,1,1,0.5
rsrp=-102|rsrq=-13|snr=6,rsrp=-102|rsrq=-13|snr=6,1,1,0.5
rsrp=-102|rsrq=-13|snr=8,rsrp=-101|rsrq=-11|snr=11,1,1,0.5
rsrp=-102|rsrq=-13|snr=8,rsrp=-102|rsrq=-13|snr=8,1,1,0.5
rsrp=-102|rsrq=-14|snr=0,rsrp=-102|rsrq=-14|snr=0,1,1,0.333333333333
rsrp=-102|rsrq=-14|snr=0,rsrp=-102|rsrq=-16|snr=1,1,1,0.333333333333
rsrp=-102|rsrq=-14|snr=0,rsrp=-99|rsrq=-12|snr=2,1,1,0.333333333333
rsrp=-102|rsrq=-14|snr=8,rsrp=-102|rsrq=-13|snr=8,1,1,0.5
rsrp=-102|rsrq=-14|snr=8,rsrp=-102|rsrq=-14|snr=8,1,1,0.5
rsrp=-102|rsrq=-15|snr=-2,rsrp=-102|rsrq=-15|snr=-2,1,1,1
rsrp=-102|rsrq=-15|snr=-3,rsrp=-101|rsrq=-17|snr=2,1,1,0.5
rsrp=-102|rsrq=-15|snr=-3,rsrp=-102|rsrq=-15|snr=-3,1,1,0.5
rsrp=-102|rsrq=-15|snr=0,rsrp=-103|rsrq=-15|snr=0,1,1,0.25
rsrp=-102|rsrq=-15|snr=0,rsrp=-103|rsrq=-16|snr=-5,1,1,0.25
rsrp=-102|rsrq=-15|snr=2,rsrp=-100|rsrq=-15|snr=6,1,1,0.25
rsrp=-102|rsrq=-15|snr=2,rsrp=-102|rsrq=-12|snr=6,1,1,0.25
rsrp=-102|rsrq=-15|snr=4,rsrp=-102|rsrq=-15|snr=4,1,1,1
rsrp=-102|rsrq=-16|snr=-4,rsrp=-102|rsrq=-13|snr=-6,1,1,0.5
rsrp=-102|rsrq=-16|snr=-4,rsrp=-102|rsrq=-16|snr=-4,1,1,0.5
rsrp=-102|rsrq=-16|snr=1,rsrp=-102|rsrq=-16|snr=1,1,1,0.333333333333
rsrp=-102|rsrq=-16|snr=1,rsrp=-103|rsrq=-12|snr=2,1,1,0.333333333333
rsrp=-102|rsrq=-16|snr=1,rsrp=-104|rsrq=-14|snr=-2,1,1,0.333333333333
rsrp=-102|rsrq=-16|snr=4,rsrp=-102|rsrq=-16|snr=4,1,1,0.5
rsrp=-102|rsrq=-16|snr=4,rsrp=-102|rsrq=-17|snr=0,1,1,0.5
rsrp=-102|rsrq=-16|snr=6,rsrp=-101|rsrq=-11|snr=2,1,1,0.5
rsrp=-102|rsrq=-16|snr=6,rsrp=-102|rsrq=-16|snr=6,1,1,0.5
rsrp=-102|rsrq=-16|snr=7,rsrp=-102|rsrq=-16|snr=7,1,1,0.5
rsrp=-102|rsrq=-16|snr=7,rsrp=-103|rsrq=-11|snr=5,1,1,0.5
rsrp=-102|rsrq=-17|snr=-1,rsrp=-102|rsrq=-17|snr=-1,1,1,1
rsrp=-102|rsrq=-17|snr=-2,rsrp=-102|rsrq=-17|snr=-2,1,1,0.5
rsrp=-102|rsrq=-17|snr=-2,rsrp=-99|rsrq=-13|snr=2,1,1,0.5
rsrp=-102|rsrq=-17|snr=0,rsrp=-102|rsrq=-17|snr=0,1,1,1
rsrp=-102|rsrq=-17|snr=1,rsrp=-103|rsrq=-14|snr=-1,1,1,0.25
rsrp=-102|rsrq=-17|snr=1,rsrp=-103|rsrq=-17|snr=1,1,1,0.25
rsrp=-102|rsrq=-17|snr=2,rsrp=-101|rsrq=-16|snr=4,1,1,0.5
rsrp=-102|rsrq=-17|snr=2,rsrp=-102|rsrq=-17|snr=2,1,1,0.5
rsrp=-102|rsrq=-17|snr=4,rsrp=-102|rsrq=-17|snr=4,1,1,0.5
rsrp=-102|rsrq=-17|snr=4,rsrp=-103|rsrq=-16|snr=4,1,1,0.5
rsrp=-102|rsrq=-17|snr=5,rsrp=-102|rsrq=-16|snr=4,1,1,0.5
rsrp=-102|rsrq=-17|snr=5,rsrp=-102|rsrq=-17|snr=5,1,1,0.5
rsrp=-102|rsrq=-17|snr=6,rsrp=-100|rsrq=-11|snr=7,1,1,0.5
rsrp=-102|rsrq=-17|snr=6,rsrp=-102|rsrq=-17|snr=6,1,1,0.5
rsrp=-102|rsrq=-18|snr=-1,rsrp=-102|rsrq=-18|snr=-1,1,1,0.5
rsrp=-102|rsrq=-18|snr=-1,rsrp=-104|rsrq=-18|snr=0,1,1,0.5
rsrp=-102|rsrq=-18|snr=-3,rsrp=-102|rsrq=-15|snr=-2,1,1,0.5
rsrp=-102|rsrq=-18|snr=-3,rsrp=-102|rsrq=-18|snr=-3,1,1,0.5
rsrp=-102|rsrq=-18|snr=-4,rsrp=-101|rsrq=-16|snr=6,1,1,0.5
rsrp=-102|rsrq=-18|snr=-4,rsrp=-102|rsrq=-18|snr=-4,1,1,0.5
rsrp=-102|rsrq=-18|snr=2,rsrp=-102|rsrq=-18|snr=2,1,1,1
rsrp=-102|rsrq=-18|snr=3,rsrp=-102|rsrq=-16|snr=1,1,1,0.5
rsrp=-102|rsrq=-18|snr=3,rsrp=-102|rsrq=-18|snr=3,1,1,0.5
rsrp=-103|rsrq=-10|snr=5,rsrp=-103|rsrq=-10|snr=5,1,1,1
rsrp=-103|rsrq=-10|snr=6,rsrp=-103|rsrq=-10|snr=6,1,1,0.5
rsrp=-103|rsrq=-10|snr=6,rsrp=-103|rsrq=-11|snr=2,1,1,0.5
rsrp=-103|rsrq=-11|snr=-4,rsrp=-103|rsrq=-10|snr=6,1,1,0.25
rsrp=-103|rsrq=-11|snr=-4,rsrp=-104|rsrq=-11|snr=5,1,1,0.25
rsrp=-103|rsrq=-11|snr=11,rsrp=-103|rsrq=-11|snr=11,1,1,0.5
rsrp=-103|rsrq=-11|snr=11,rsrp=-105|rsrq=-18|snr=1,1,1,0.5
rsrp=-103|rsrq=-11|snr=2,rsrp=-103|rsrq=-11|snr=6,1,1,0.333333333333
rsrp=-103|rsrq=-11|snr=4,rsrp=-103|rsrq=-11|snr=4,1,1,0.5
rsrp=-103|rsrq=-11|snr=4,rsrp=-103|rsrq=-15|snr=1,1,1,0.5
rsrp=-103|rsrq=-11|snr=5,rsrp=-102|rsrq=-12|snr=7,1,1,0.25
rsrp=-103|rsrq=-11|snr=5,rsrp=-103|rsrq=-9|snr=5,1,1,0.25
rsrp=-103|rsrq=-11|snr=6,rsrp=-103|rsrq=-10|snr=5,1,1,0.5
rsrp=-103|rsrq=-11|snr=6,rsrp=-103|rsrq=-11|snr=6,1,1,0.5
rsrp=-103|rsrq=-11|snr=9,rsrp=-103|rsrq=-11|snr=9,1,1,1
rsrp=-103|rsrq=-12|snr=-2,rsrp=-101|rsrq=-12|snr=3,1,1,0.5
rsrp=-103|rsrq=-12|snr=-2,rsrp=-103|rsrq=-12|snr=-2,1,1,0.5
rsrp=-103|rsrq=-12|snr=-3,rsrp=-102|rsrq=-17|snr=-1,1,1,0.25
rsrp=-103|rsrq=-12|snr=-3,rsrp=-103|rsrq=-12|snr=0,1,1,0.25
rsrp=-103|rsrq=-12|snr=-5,rsrp=-103|rsrq=-12|snr=-5,1,1,0.5
rsrp=-103|rsrq=-12|snr=-5,rsrp=-104|rsrq=-14|snr=-5,1,1,0.5
rsrp=-103|rsrq=-12|snr=0,rsrp=-104|rsrq=-17|snr=1,1,1,0.333333333333
rsrp=-103|rsrq=-12|snr=1,rsrp=-102|rsrq=-15|snr=0,1,1,0.333333333333
rsrp=-103|rsrq=-12|snr=1,rsrp=-103|rsrq=-12|snr=1,1,1,0.333333333333
rsrp=-103|rsrq=-12|snr=1,rsrp=-103|rsrq=-12|snr=4,1,1,0.333333333333
rsrp=-103|rsrq=-12|snr=2,rsrp=-102|rsrq=-12|snr=5,1,1,0.25
rsrp=-103|rsrq=-12|snr=2,rsrp=-103|rsrq=-12|snr=-3,1,1,0.25
rsrp=-103|rsrq=-12|snr=4,rsrp=-103|rsrq=-17|snr=0,1,1,1
rsrp=-103|rsrq=-12|snr=5,rsrp=-103|rsrq=-12|snr=5,1,1,1
rsrp=-103|rsrq=-12|snr=8,rsrp=-103|rsrq=-12|snr=2,1,1,0.5
rsrp=-103|rsrq=-12|snr=8,rsrp=-103|rsrq=-12|snr=8,1,1,0.5
rsrp=-103|rsrq=-13|snr=-1,rsrp=-102|rsrq=-11|snr=8,1,1,0.166666666667
rsrp=-103|rsrq=-13|snr=-1,rsrp=-103|rsrq=-14|snr=-7,1,1,0.166666666667
rsrp=-103|rsrq=-13|snr=-1,rsrp=-103|rsrq=-16|snr=1,1,1,0.166666666667
rsrp=-103|rsrq=-13|snr=-2,rsrp=-102|rsrq=-12|snr=-1,1,1,0.5
rsrp=-103|rsrq=-13|snr=-2,rsrp=-103|rsrq=-13|snr=-2,1,1,0.5
rsrp=-103|rsrq=-13|snr=-3,rsrp=-103|rsrq=-12|snr=5,1,1,0.5
rsrp=-103|rsrq=-13|snr=-3,rsrp=-103|rsrq=-13|snr=-3,1,1,0.5
rsrp=-103|rsrq=-13|snr=-4,rsrp=-102|rsrq=-14|snr=0,1,1,0.5
rsrp=-103|rsrq=-13|snr=-4,rsrp=-103|rsrq=-13|snr=-4,1,1,0.5
rsrp=-103|rsrq=-13|snr=1,rsrp=-103|rsrq=-12|snr=1,1,1,0.25
rsrp=-103|rsrq=-13|snr=1,rsrp=-104|rsrq=-14|snr=-4,1,1,0.25
rsrp=-103|rsrq=-13|snr=10,rsrp=-103|rsrq=-13|snr=10,1,1,0.5
rsrp=-103|rsrq=-13|snr=10,rsrp=-104|rsrq=-14|snr=6,1,1,0.5
rsrp=-103|rsrq=-13|snr=3,rsrp=-103|rsrq=-13|snr=3,1,1,0.333333333333
rsrp=-103|rsrq=-13|snr=3,rsrp=-103|rsrq=-14|snr=1,1,1,0.333333333333
rsrp=-103|rsrq=-13|snr=3,rsrp=-103|rsrq=-17|snr=1,1,1,0.333333333333
rsrp=-103|rsrq=-14|snr=-1,rsrp=-103|rsrq=-14|snr=7,1,1,0.25
rsrp=-103|rsrq=-14|snr=-1,rsrp=-103|rsrq=-16|snr=-3,1,1,0.25
rsrp=-103|rsrq=-14|snr=-3,rsrp=-103|rsrq=-13|snr=-1,1,1,1
rsrp=-103|rsrq=-14|snr=-4,rsrp=-104|rsrq=-17|snr=-1,1,1,1
rsrp=-103|rsrq=-14|snr=-7,rsrp=-103|rsrq=-14|snr=-7,1,1,0.5
rsrp=-103|rsrq=-14|snr=-7,rsrp=-104|rsrq=-12|snr=-3,1,1,0.5
rsrp=-103|rsrq=-14|snr=0,rsrp=-103|rsrq=-14|snr=0,1,1,1
rsrp=-103|rsrq=-14|snr=1,rsrp=-104|rsrq=-16|snr=1,1,1,1
rsrp=-103|rsrq=-14|snr=4,rsrp=-103|rsrq=-14|snr=4,1,1,0.5
rsrp=-103|rsrq=-14|snr=4,rsrp=-103|rsrq=-17|snr=2,1,1,0.5
rsrp=-103|rsrq=-14|snr=7,rsrp=-103|rsrq=-14|snr=7,1,1,0.5
rsrp=-103|rsrq=-14|snr=7,rsrp=-104|rsrq=-17|snr=-2,1,1,0.5
rsrp=-103|rsrq=-15|snr=-1,rsrp=-103|rsrq=-15|snr=-1,1,1,0.5
rsrp=-103|rsrq=-15|snr=-1,rsrp=-103|rsrq=-16|snr=-1,1,1,0.5
rsrp=-103|rsrq=-15|snr=0,rsrp=-102|rsrq=-16|snr=-4,1,1,0.142857142857
rsrp=-103|rsrq=-15|snr=0,rsrp=-103|rsrq=-11|snr=2,1,1,0.142857142857
rsrp=-103|rsrq=-15|snr=0,rsrp=-104|rsrq=-17|snr=0,1,1,0.142857142857
rsrp=-103|rsrq=-15|snr=1,rsrp=-102|rsrq=-18|snr=2,1,1,0.5
rsrp=-103|rsrq=-15|snr=1,rsrp=-103|rsrq=-15|snr=1,1,1,0.5
rsrp=-103|rsrq=-15|snr=2,rsrp=-102|rsrq=-16|snr=7,1,1,0.25
rsrp=-103|rsrq=-15|snr=2,rsrp=-104|rsrq=-18|snr=0,1,1,0.25
rsrp=-103|rsrq=-16|snr=-1,rsrp=-103|rsrq=-13|snr=-4,1,1,0.333333333333
rsrp=-103|rsrq=-16|snr=-3,rsrp=-101|rsrq=-13|snr=-3,1,1,1
rsrp=-103|rsrq=-16|snr=-5,rsrp=-102|rsrq=-13|snr=-2,1,1,0.333333333333
rsrp=-103|rsrq=-16|snr=0,rsrp=-103|rsrq=-17|snr=1,1,1,1
rsrp=-103|rsrq=-16|snr=1,rsrp=-103|rsrq=-16|snr=1,1,1,1
rsrp=-103|rsrq=-16|snr=3,rsrp=-103|rsrq=-16|snr=3,1,1,0.5
rsrp=-103|rsrq=-16|snr=3,rsrp=-104|rsrq=-14|snr=5,1,1,0.5
rsrp=-103|rsrq=-17|snr=-3,rsrp=-103|rsrq=-13|snr=3,1,1,0.5
rsrp=-103|rsrq=-17|snr=-3,rsrp=-103|rsrq=-17|snr=-3,1,1,0.5
rsrp=-103|rsrq=-17|snr=0,rsrp=-103|rsrq=-14|snr=-1,1,1,0.166666666667
rsrp=-103|rsrq=-17|snr=0,rsrp=-103|rsrq=-15|snr=2,1,1,0.166666666667
rsrp=-103|rsrq=-17|snr=0,rsrp=-104|rsrq=-13|snr=0,1,1,0.166666666667
rsrp=-103|rsrq=-17|snr=1,rsrp=-102|rsrq=-18|snr=-1,1,1,0.166666666667
rsrp=-103|rsrq=-17|snr=1,rsrp=-103|rsrq=-18|snr=3,1,1,0.166666666667
rsrp=-103|rsrq=-17|snr=1,rsrp=-104|rsrq=-15|snr=-2,1,1,0.166666666667
rsrp=-103|rsrq=-17|snr=2,rsrp=-103|rsrq=-13|snr=10,1,1,1
rsrp=-103|rsrq=-17|snr=4,rsrp=-103|rsrq=-17|snr=4,1,1,1
rsrp=-103|rsrq=-18|snr=-1,rsrp=-103|rsrq=-18|snr=-1,1,1,0.5
rsrp=-103|rsrq=-18|snr=-1,rsrp=-103|rsrq=-18|snr=2,1,1,0.5
rsrp=-103|rsrq=-18|snr=-4,rsrp=-103|rsrq=-16|snr=1,1,1,0.5
rsrp=-103|rsrq=-18|snr=-4,rsrp=-103|rsrq=-18|snr=-4,1,1,0.5
rsrp=-103|rsrq=-18|snr=0,rsrp=-103|rsrq=-18|snr=0,1,1,0.5
rsrp=-103|rsrq=-18|snr=0,rsrp=-103|rsrq=-19|snr=0,1,1,0.5
rsrp=-103|rsrq=-18|snr=2,rsrp=-103|rsrq=-17|snr=4,1,1,0.333333333333
rsrp=-103|rsrq=-18|snr=3,rsrp=-103|rsrq=-18|snr=3,1,1,0.5
rsrp=-103|rsrq=-18|snr=3,rsrp=-104|rsrq=-18|snr=3,1,1,0.5
rsrp=-103|rsrq=-18|snr=7,rsrp=-103|rsrq=-18|snr=7,1,1,0.5
rsrp=-103|rsrq=-18|snr=7,rsrp=-105|rsrq=-17|snr=2,1,1,0.5
rsrp=-103|rsrq=-19|snr=-2,rsrp=-104|rsrq=-17|snr=-5,1,1,1
rsrp=-103|rsrq=-19|snr=-3,rsrp=-101|rsrq=-17|snr=-1,1,1,0.5
rsrp=-103|rsrq=-19|snr=-3,rsrp=-103|rsrq=-19|snr=-3,1,1,0.5
rsrp=-103|rsrq=-19|snr=0,rsrp=-104|rsrq=-16|snr=0,1,1,1
rsrp=-103|rsrq=-20|snr=-3,rsrp=-102|rsrq=-15|snr=0,1,1,0.5
rsrp=-103|rsrq=-20|snr=-3,rsrp=-103|rsrq=-20|snr=-3,1,1,0.5
rsrp=-103|rsrq=-9|snr=-2,rsrp=-103|rsrq=-12|snr=8,1,1,0.5
rsrp=-103|rsrq=-9|snr=-2,rsrp=-103|rsrq=-9|snr=-2,1,1,0.5
rsrp=-103|rsrq=-9|snr=5,rsrp=-101|rsrq=-9|snr=-5,1,1,0.25
rsrp=-103|rsrq=-9|snr=5,rsrp=-102|rsrq=-10|snr=11,1,1,0.25
rsrp=-103|rsrq=-9|snr=6,rsrp=-103|rsrq=-9|snr=6,1,1,1
rsrp=-104|rsrq=-11|snr=-2,rsrp=-103|rsrq=-12|snr=-3,1,1,0.5
rsrp=-104|rsrq=-11|snr=-2,rsrp=-104|rsrq=-11|snr=-2,1,1,0.5
rsrp=-104|rsrq=-11|snr=-5,rsrp=-103|rsrq=-11|snr=-4,1,1,0.5
rsrp=-104|rsrq=-11|snr=-5,rsrp=-104|rsrq=-11|snr=-5,1,1,0.5
rsrp=-104|rsrq=-11|snr=1,rsrp=-104|rsrq=-11|snr=1,1,1,0.5
rsrp=-104|rsrq=-11|snr=1,rsrp=-104|rsrq=-14|snr=2,1,1,0.5
rsrp=-104|rsrq=-11|snr=2,rsrp=-103|rsrq=-17|snr=0,1,1,0.5
rsrp=-104|rsrq=-11|snr=2,rsrp=-104|rsrq=-11|snr=2,1,1,0.5
rsrp=-104|rsrq=-11|snr=4,rsrp=-104|rsrq=-12|snr=1,1,1,1
rsrp=-104|rsrq=-11|snr=5,rsrp=-104|rsrq=-11|snr=2,1,1,1
rsrp=-104|rsrq=-11|snr=7,rsrp=-104|rsrq=-11|snr=7,1,1,0.5
rsrp=-104|rsrq=-11|snr=7,rsrp=-104|rsrq=-17|snr=2,1,1,0.5
rsrp=-104|rsrq=-12|snr=-1,rsrp=-104|rsrq=-12|snr=-1,1,1,1
rsrp=-104|rsrq=-12|snr=-2,rsrp=-105|rsrq=-14|snr=-4,1,1,0.25
rsrp=-104|rsrq=-12|snr=-2,rsrp=-99|rsrq=-10|snr=13,1,1,0.25
rsrp=-104|rsrq=-12|snr=-3,rsrp=-104|rsrq=-11|snr=-2,1,1,0.333333333333
rsrp=-104|rsrq=-12|snr=-4,rsrp=-104|rsrq=-11|snr=-5,1,1,1
rsrp=-104|rsrq=-12|snr=1,rsrp=-100|rsrq=-12|snr=4,1,1,0.25
rsrp=-104|rsrq=-12|snr=1,rsrp=-104|rsrq=-15|snr=0,1,1,0.25
rsrp=-104|rsrq=-12|snr=3,rsrp=-104|rsrq=-11|snr=1,1,1,0.25
rsrp=-104|rsrq=-12|snr=3,rsrp=-104|rsrq=-19|snr=1,1,1,0.25
rsrp=-104|rsrq=-12|snr=5,rsrp=-104|rsrq=-12|snr=5,1,1,1
rsrp=-104|rsrq=-13|snr=-4,rsrp=-103|rsrq=-14|snr=3,1,1,0.5
rsrp=-104|rsrq=-13|snr=-4,rsrp=-104|rsrq=-13|snr=-4,1,1,0.5
rsrp=-104|rsrq=-13|snr=0,rsrp=-104|rsrq=-13|snr=0,1,1,1
rsrp=-104|rsrq=-13|snr=2,rsrp=-104|rsrq=-11|snr=4,1,1,0.25
rsrp=-104|rsrq=-13|snr=2,rsrp=-104|rsrq=-14|snr=-2,1,1,0.25
rsrp=-104|rsrq=-13|snr=4,rsrp=-104|rsrq=-12|snr=3,1,1,0.25
rsrp=-104|rsrq=-13|snr=4,rsrp=-105|rsrq=-14|snr=2,1,1,0.25
rsrp=-104|rsrq=-14|snr=-1,rsrp=-104|rsrq=-16|snr=-1,1,1,1
rsrp=-104|rsrq=-14|snr=-2,rsrp=-101|rsrq=-15|snr=9,1,1,0.142857142857
rsrp=-104|rsrq=-14|snr=-2,rsrp=-104|rsrq=-12|snr=-1,1,1,0.142857142857
rsrp=-104|rsrq=-14|snr=-2,rsrp=-105|rsrq=-14|snr=1,1,1,0.142857142857
rsrp=-104|rsrq=-14|snr=-2,rsrp=-105|rsrq=-16|snr=4,1,1,0.142857142857
rsrp=-104|rsrq=-14|snr=-4,rsrp=-104|rsrq=-14|snr=-2,1,1,0.2
rsrp=-104|rsrq=-14|snr=-4,rsrp=-104|rsrq=-17|snr=-3,1,1,0.2
rsrp=-104|rsrq=-14|snr=-5,rsrp=-103|rsrq=-15|snr=0,1,1,0.5
rsrp=-104|rsrq=-14|snr=-5,rsrp=-104|rsrq=-14|snr=-5,1,1,0.5
rsrp=-104|rsrq=-14|snr=2,rsrp=-104|rsrq=-13|snr=2,1,1,0.5
rsrp=-104|rsrq=-14|snr=2,rsrp=-104|rsrq=-14|snr=2,1,1,0.5
rsrp=-104|rsrq=-14|snr=5,rsrp=-103|rsrq=-17|snr=-3,1,1,0.5
rsrp=-104|rsrq=-14|snr=5,rsrp=-104|rsrq=-14|snr=5,1,1,0.5
rsrp=-104|rsrq=-14|snr=6,rsrp=-103|rsrq=-15|snr=2,1,1,0.5
rsrp=-104|rsrq=-14|snr=6,rsrp=-104|rsrq=-14|snr=6,1,1,0.5
rsrp=-104|rsrq=-15|snr=-2,rsrp=-104|rsrq=-15|snr=-2,1,1,1
rsrp=-104|rsrq=-15|snr=0,rsrp=-104|rsrq=-15|snr=0,1,1,0.5
rsrp=-104|rsrq=-15|snr=0,rsrp=-104|rsrq=-16|snr=0,1,1,0.5
rsrp=-104|rsrq=-15|snr=1,rsrp=-104|rsrq=-15|snr=1,1,1,0.5
rsrp=-104|rsrq=-15|snr=1,rsrp=-105|rsrq=-16|snr=-2,1,1,0.5
rsrp=-104|rsrq=-15|snr=11,rsrp=-104|rsrq=-15|snr=11,1,1,0.5
rsrp=-104|rsrq=-15|snr=11,rsrp=-105|rsrq=-11|snr=10,1,1,0.5
rsrp=-104|rsrq=-15|snr=3,rsrp=-104|rsrq=-15|snr=3,1,1,0.5
rsrp=-104|rsrq=-15|snr=3,rsrp=-105|rsrq=-14|snr=0,1,1,0.5
rsrp=-104|rsrq=-16|snr=-1,rsrp=-103|rsrq=-15|snr=-1,1,1,0.5
rsrp=-104|rsrq=-16|snr=-1,rsrp=-104|rsrq=-16|snr=-1,1,1,0.5
rsrp=-104|rsrq=-16|snr=0,rsrp=-104|rsrq=-14|snr=-2,1,1,0.111111111111
rsrp=-104|rsrq=-16|snr=0,rsrp=-104|rsrq=-15|snr=1,1,1,0.111111111111
rsrp=-104|rsrq=-16|snr=0,rsrp=-104|rsrq=-16|snr=2,1,1,0.111111111111
rsrp=-104|rsrq=-16|snr=0,rsrp=-104|rsrq=-18|snr=1,1,1,0.111111111111
rsrp=-104|rsrq=-16|snr=1,rsrp=-103|rsrq=-18|snr=0,1,1,0.5
rsrp=-104|rsrq=-16|snr=1,rsrp=-104|rsrq=-16|snr=1,1,1,0.5
rsrp=-104|rsrq=-16|snr=2,rsrp=-104|rsrq=-16|snr=2,1,1,1
rsrp=-104|rsrq=-17|snr=-1,rsrp=-104|rsrq=-17|snr=-1,1,1,0.5
rsrp=-104|rsrq=-17|snr=-1,rsrp=-104|rsrq=-17|snr=1,1,1,0.5
rsrp=-104|rsrq=-17|snr=-2,rsrp=-104|rsrq=-14|snr=-1,1,1,0.5
rsrp=-104|rsrq=-17|snr=-2,rsrp=-104|rsrq=-17|snr=-2,1,1,0.5
rsrp=-104|rsrq=-17|snr=-3,rsrp=-104|rsrq=-13|snr=-4,1,1,0.25
rsrp=-104|rsrq=-17|snr=-3,rsrp=-104|rsrq=-18|snr=-3,1,1,0.25
rsrp=-104|rsrq=-17|snr=-5,rsrp=-103|rsrq=-17|snr=0,1,1,0.5
rsrp=-104|rsrq=-17|snr=-5,rsrp=-104|rsrq=-17|snr=-5,1,1,0.5
rsrp=-104|rsrq=-17|snr=0,rsrp=-105|rsrq=-18|snr=0,1,1,0.333333333333
rsrp=-104|rsrq=-17|snr=1,rsrp=-103|rsrq=-18|snr=-4,1,1,0.166666666667
rsrp=-104|rsrq=-17|snr=1,rsrp=-103|rsrq=-19|snr=-3,1,1,0.166666666667
rsrp=-104|rsrq=-17|snr=1,rsrp=-104|rsrq=-13|snr=2,1,1,0.166666666667
rsrp=-104|rsrq=-17|snr=2,rsrp=-104|rsrq=-17|snr=2,1,1,0.5
rsrp=-104|rsrq=-17|snr=2,rsrp=-105|rsrq=-18|snr=1,1,1,0.5
rsrp=-104|rsrq=-17|snr=5,rsrp=-104|rsrq=-16|snr=0,1,1,0.5
rsrp=-104|rsrq=-17|snr=5,rsrp=-104|rsrq=-17|snr=5,1,1,0.5
rsrp=-104|rsrq=-18|snr=-1,rsrp=-103|rsrq=-19|snr=-2,1,1,0.5
rsrp=-104|rsrq=-18|snr=-1,rsrp=-104|rsrq=-18|snr=-1,1,1,0.5
rsrp=-104|rsrq=-18|snr=-3,rsrp=-104|rsrq=-18|snr=-1,1,1,0.5
rsrp=-104|rsrq=-18|snr=-3,rsrp=-104|rsrq=-18|snr=-3,1,1,0.5
rsrp=-104|rsrq=-18|snr=0,rsrp=-102|rsrq=-17|snr=1,1,1,0.125
rsrp=-104|rsrq=-18|snr=0,rsrp=-103|rsrq=-13|snr=1,1,1,0.125
rsrp=-104|rsrq=-18|snr=0,rsrp=-103|rsrq=-14|snr=-3,1,1,0.125
rsrp=-104|rsrq=-18|snr=0,rsrp=-103|rsrq=-16|snr=0,1,1,0.125
rsrp=-104|rsrq=-18|snr=1,rsrp=-102|rsrq=-17|snr=1,1,1,0.25
rsrp=-104|rsrq=-18|snr=1,rsrp=-104|rsrq=-18|snr=0,1,1,0.25
rsrp=-104|rsrq=-18|snr=2,rsrp=-103|rsrq=-13|snr=-3,1,1,0.5
rsrp=-104|rsrq=-18|snr=2,rsrp=-104|rsrq=-18|snr=2,1,1,0.5
rsrp=-104|rsrq=-18|snr=3,rsrp=-104|rsrq=-18|snr=3,1,1,1
rsrp=-104|rsrq=-19|snr=-2,rsrp=-104|rsrq=-17|snr=1,1,1,0.5
rsrp=-104|rsrq=-19|snr=-2,rsrp=-104|rsrq=-19|snr=-2,1,1,0.5
rsrp=-104|rsrq=-19|snr=0,rsrp=-105|rsrq=-18|snr=1,1,1,1
rsrp=-104|rsrq=-19|snr=1,rsrp=-104|rsrq=-18|snr=1,1,1,0.333333333333
rsrp=-104|rsrq=-19|snr=3,rsrp=-104|rsrq=-13|snr=4,1,1,0.5
rsrp=-104|rsrq=-19|snr=3,rsrp=-104|rsrq=-19|snr=3,1,1,0.5
rsrp=-105|rsrq=-11|snr=10,rsrp=-104|rsrq=-12|snr=5,1,1,0.5
rsrp=-105|rsrq=-11|snr=10,rsrp=-105|rsrq=-11|snr=10,1,1,0.5
rsrp=-105|rsrq=-11|snr=6,rsrp=-105|rsrq=-11|snr=6,1,1,1
rsrp=-105|rsrq=-12|snr=-4,rsrp=-104|rsrq=-12|snr=-2,1,1,0.5
rsrp=-105|rsrq=-12|snr=-4,rsrp=-105|rsrq=-12|snr=-4,1,1,0.5
rsrp=-105|rsrq=-12|snr=-5,rsrp=-104|rsrq=-12|snr=3,1,1,0.5
rsrp=-105|rsrq=-12|snr=-5,rsrp=-105|rsrq=-12|snr=-5,1,1,0.5
rsrp=-105|rsrq=-14|snr=-4,rsrp=-102|rsrq=-14|snr=0,1,1,0.5
rsrp=-105|rsrq=-14|snr=-4,rsrp=-105|rsrq=-14|snr=-4,1,1,0.5
rsrp=-105|rsrq=-14|snr=0,rsrp=-103|rsrq=-13|snr=3,1,1,0.25
rsrp=-105|rsrq=-14|snr=0,rsrp=-104|rsrq=-13|snr=4,1,1,0.25
rsrp=-105|rsrq=-14|snr=1,rsrp=-105|rsrq=-11|snr=6,1,1,0.5
rsrp=-105|rsrq=-14|snr=1,rsrp=-105|rsrq=-14|snr=1,1,1,0.5
rsrp=-105|rsrq=-14|snr=2,rsrp=-105|rsrq=-14|snr=2,1,1,1
rsrp=-105|rsrq=-16|snr=-2,rsrp=-104|rsrq=-17|snr=0,1,1,0.25
rsrp=-105|rsrq=-16|snr=-2,rsrp=-99|rsrq=-13|snr=0,1,1,0.25
rsrp=-105|rsrq=-16|snr=4,rsrp=-104|rsrq=-19|snr=0,1,1,0.5
rsrp=-105|rsrq=-16|snr=4,rsrp=-105|rsrq=-16|snr=4,1,1,0.5
rsrp=-105|rsrq=-17|snr=2,rsrp=-103|rsrq=-14|snr=0,1,1,0.5
rsrp=-105|rsrq=-17|snr=2,rsrp=-105|rsrq=-17|snr=2,1,1,0.5
rsrp=-105|rsrq=-18|snr=0,rsrp=-104|rsrq=-17|snr=5,1,1,0.333333333333
rsrp=-105|rsrq=-18|snr=1,rsrp=-103|rsrq=-18|snr=-1,1,1,0.2
rsrp=-105|rsrq=-18|snr=1,rsrp=-104|rsrq=-12|snr=-2,1,1,0.2
rsrp=-106|rsrq=-13|snr=1,rsrp=-103|rsrq=-14|snr=4,1,1,0.5
rsrp=-106|rsrq=-13|snr=1,rsrp=-106|rsrq=-13|snr=1,1,1,0.5
rsrp=-106|rsrq=-13|snr=6,rsrp=-107|rsrq=-14|snr=4,1,1,1
rsrp=-107|rsrq=-14|snr=4,rsrp=-106|rsrq=-13|snr=1,1,1,0.5
rsrp=-107|rsrq=-14|snr=4,rsrp=-107|rsrq=-14|snr=4,1,1,0.5
rsrp=-79|rsrq=-10|snr=2,rsrp=-79|rsrq=-10|snr=2,1,1,0.5
rsrp=-79|rsrq=-10|snr=2,rsrp=-79|rsrq=-11|snr=-5,1,1,0.5
rsrp=-79|rsrq=-11|snr=-5,rsrp=-79|rsrq=-11|snr=-5,1,1,0.5
rsrp=-79|rsrq=-11|snr=-5,rsrp=-81|rsrq=-10|snr=-3,1,1,0.5
rsrp=-79|rsrq=-11|snr=-6,rsrp=-79|rsrq=-11|snr=-6,1,1,0.5
rsrp=-79|rsrq=-11|snr=-6,rsrp=-80|rsrq=-13|snr=-1,1,1,0.5
rsrp=-80|rsrq=-10|snr=-1,rsrp=-80|rsrq=-10|snr=2,1,1,0.25
rsrp=-80|rsrq=-10|snr=-1,rsrp=-81|rsrq=-12|snr=6,1,1,0.25
rsrp=-80|rsrq=-10|snr=-4,rsrp=-80|rsrq=-10|snr=-4,1,1,0.5
rsrp=-80|rsrq=-10|snr=-4,rsrp=-80|rsrq=-14|snr=-1,1,1,0.5
rsrp=-80|rsrq=-10|snr=0,rsrp=-80|rsrq=-11|snr=0,1,1,0.1
rsrp=-80|rsrq=-10|snr=0,rsrp=-80|rsrq=-11|snr=1,1,1,0.1
rsrp=-80|rsrq=-10|snr=0,rsrp=-81|rsrq=-11|snr=4,1,1,0.1
rsrp=-80|rsrq=-10|snr=1,rsrp=-80|rsrq=-16|snr=1,1,1,0.25
rsrp=-80|rsrq=-10|snr=1,rsrp=-81|rsrq=-11|snr=2,1,1,0.25
rsrp=-80|rsrq=-10|snr=2,rsrp=-80|rsrq=-11|snr=-4,1,1,0.125
rsrp=-80|rsrq=-10|snr=2,rsrp=-80|rsrq=-13|snr=2,1,1,0.125
rsrp=-80|rsrq=-10|snr=2,rsrp=-81|rsrq=-11|snr=0,1,1,0.125
rsrp=-80|rsrq=-10|snr=2,rsrp=-81|rsrq=-9|snr=2,1,1,0.125
rsrp=-80|rsrq=-10|snr=3,rsrp=-80|rsrq=-9|snr=1,1,1,0.166666666667
rsrp=-80|rsrq=-10|snr=4,rsrp=-80|rsrq=-10|snr=4,1,1,0.5
rsrp=-80|rsrq=-10|snr=4,rsrp=-80|rsrq=-16|snr=3,1,1,0.5
rsrp=-80|rsrq=-10|snr=5,rsrp=-80|rsrq=-10|snr=5,1,1,0.5
rsrp=-80|rsrq=-10|snr=5,rsrp=-81|rsrq=-10|snr=2,1,1,0.5
rsrp=-80|rsrq=-11|snr=-3,rsrp=-80|rsrq=-10|snr=1,1,1,0.5
rsrp=-80|rsrq=-11|snr=-3,rsrp=-80|rsrq=-11|snr=-3,1,1,0.5
rsrp=-80|rsrq=-11|snr=-4,rsrp=-80|rsrq=-11|snr=-4,1,1,0.5
rsrp=-80|rsrq=-11|snr=-4,rsrp=-80|rsrq=-11|snr=1,1,1,0.5
rsrp=-80|rsrq=-11|snr=0,rsrp=-80|rsrq=-10|snr=3,1,1,0.25
rsrp=-80|rsrq=-11|snr=1,rsrp=-81|rsrq=-10|snr=1,1,1,0.2
rsrp=-80|rsrq=-11|snr=1,rsrp=-82|rsrq=-10|snr=2,1,1,0.2
rsrp=-80|rsrq=-13|snr=-1,rsrp=-80|rsrq=-10|snr=0,1,1,0.5
rsrp=-80|rsrq=-13|snr=-1,rsrp=-80|rsrq=-13|snr=-1,1,1,0.5
rsrp=-80|rsrq=-13|snr=2,rsrp=-80|rsrq=-11|snr=-3,1,1,0.5
rsrp=-80|rsrq=-13|snr=2,rsrp=-80|rsrq=-13|snr=2,1,1,0.5
rsrp=-80|rsrq=-14|snr=-1,rsrp=-80|rsrq=-14|snr=-1,1,1,0.5
rsrp=-80|rsrq=-14|snr=-1,rsrp=-81|rsrq=-11|snr=1,1,1,0.5
rsrp=-80|rsrq=-16|snr=1,rsrp=-80|rsrq=-16|snr=1,1,1,1
rsrp=-80|rsrq=-16|snr=3,rsrp=-80|rsrq=-16|snr=3,1,1,0.5
rsrp=-80|rsrq=-16|snr=3,rsrp=-81|rsrq=-13|snr=2,1,1,0.5
rsrp=-80|rsrq=-9|snr=1,rsrp=-80|rsrq=-9|snr=1,1,1,0.5
rsrp=-80|rsrq=-9|snr=1,rsrp=-81|rsrq=-10|snr=-2,1,1,0.5
rsrp=-80|rsrq=-9|snr=2,rsrp=-80|rsrq=-10|snr=5,1,1,0.25
rsrp=-80|rsrq=-9|snr=2,rsrp=-81|rsrq=-10|snr=-1,1,1,0.25
rsrp=-80|rsrq=-9|snr=5,rsrp=-80|rsrq=-9|snr=2,1,1,0.5
rsrp=-80|rsrq=-9|snr=5,rsrp=-80|rsrq=-9|snr=5,1,1,0.5
rsrp=-81|rsrq=-10|snr=-1,rsrp=-81|rsrq=-10|snr=-1,1,1,0.5
rsrp=-81|rsrq=-10|snr=-1,rsrp=-81|rsrq=-9|snr=1,1,1,0.5
rsrp=-81|rsrq=-10|snr=-2,rsrp=-80|rsrq=-10|snr=0,1,1,1
rsrp=-81|rsrq=-10|snr=-3,rsrp=-80|rsrq=-10|snr=-4,1,1,0.5
rsrp=-81|rsrq=-10|snr=-3,rsrp=-81|rsrq=-10|snr=-3,1,1,0.5
rsrp=-81|rsrq=-10|snr=0,rsrp=-81|rsrq=-10|snr=0,1,1,0.5
rsrp=-81|rsrq=-10|snr=0,rsrp=-81|rsrq=-10|snr=2,1,1,0.5
rsrp=-81|rsrq=-10|snr=1,rsrp=-81|rsrq=-11|snr=-1,1,1,0.25
rsrp=-81|rsrq=-10|snr=2,rsrp=-80|rsrq=-10|snr=1,1,1,0.166666666667
rsrp=-81|rsrq=-10|snr=2,rsrp=-80|rsrq=-10|snr=4,1,1,0.166666666667
rsrp=-81|rsrq=-10|snr=2,rsrp=-81|rsrq=-15|snr=0,1,1,0.166666666667
rsrp=-81|rsrq=-10|snr=3,rsrp=-80|rsrq=-10|snr=2,1,1,0.125
rsrp=-81|rsrq=-10|snr=3,rsrp=-81|rsrq=-9|snr=4,1,1,0.125
rsrp=-81|rsrq=-10|snr=3,rsrp=-83|rsrq=-11|snr=3,1,1,0.125
rsrp=-81|rsrq=-10|snr=4,rsrp=-81|rsrq=-10|snr=3,1,1,0.142857142857
rsrp=-81|rsrq=-10|snr=4,rsrp=-81|rsrq=-11|snr=2,1,1,0.142857142857
rsrp=-81|rsrq=-10|snr=4,rsrp=-81|rsrq=-9|snr=4,1,1,0.142857142857
rsrp=-81|rsrq=-10|snr=6,rsrp=-81|rsrq=-10|snr=4,1,1,0.5
rsrp=-81|rsrq=-10|snr=6,rsrp=-81|rsrq=-10|snr=6,1,1,0.5
rsrp=-81|rsrq=-11|snr=-1,rsrp=-81|rsrq=-10|snr=3,1,1,0.5
rsrp=-81|rsrq=-11|snr=-1,rsrp=-81|rsrq=-11|snr=-1,1,1,0.5
rsrp=-81|rsrq=-11|snr=0,rsrp=-80|rsrq=-10|snr=-1,1,1,0.5
rsrp=-81|rsrq=-11|snr=0,rsrp=-81|rsrq=-11|snr=0,1,1,0.5
rsrp=-81|rsrq=-11|snr=1,rsrp=-80|rsrq=-11|snr=0,1,1,0.333333333333
rsrp=-81|rsrq=-11|snr=2,rsrp=-80|rsrq=-9|snr=2,1,1,0.2
rsrp=-81|rsrq=-11|snr=2,rsrp=-81|rsrq=-10|snr=3,1,1,0.2
rsrp=-81|rsrq=-11|snr=3,rsrp=-81|rsrq=-10|snr=0,1,1,0.25
rsrp=-81|rsrq=-11|snr=3,rsrp=-81|rsrq=-11|snr=1,1,1,0.25
rsrp=-81|rsrq=-11|snr=4,rsrp=-80|rsrq=-11|snr=0,1,1,0.25
rsrp=-81|rsrq=-11|snr=4,rsrp=-81|rsrq=-10|snr=4,1,1,0.25
rsrp=-81|rsrq=-12|snr=1,rsrp=-81|rsrq=-11|snr=4,1,1,0.5
rsrp=-81|rsrq=-12|snr=1,rsrp=-81|rsrq=-12|snr=1,1,1,0.5
rsrp=-81|rsrq=-12|snr=3,rsrp=-81|rsrq=-12|snr=3,1,1,0.333333333333
rsrp=-81|rsrq=-12|snr=3,rsrp=-81|rsrq=-14|snr=1,1,1,0.333333333333
rsrp=-81|rsrq=-12|snr=3,rsrp=-84|rsrq=-11|snr=2,1,1,0.333333333333
rsrp=-81|rsrq=-12|snr=6,rsrp=-81|rsrq=-11|snr=3,1,1,0.5
rsrp=-81|rsrq=-12|snr=6,rsrp=-81|rsrq=-12|snr=6,1,1,0.5
rsrp=-81|rsrq=-13|snr=-1,rsrp=-81|rsrq=-10|snr=6,1,1,0.5
rsrp=-81|rsrq=-13|snr=-1,rsrp=-81|rsrq=-13|snr=-1,1,1,0.5
rsrp=-81|rsrq=-13|snr=2,rsrp=-81|rsrq=-12|snr=3,1,1,0.5
rsrp=-81|rsrq=-13|snr=2,rsrp=-81|rsrq=-13|snr=2,1,1,0.5
rsrp=-81|rsrq=-14|snr=1,rsrp=-81|rsrq=-12|snr=1,1,1,0.5
rsrp=-81|rsrq=-14|snr=1,rsrp=-81|rsrq=-14|snr=1,1,1,0.5
rsrp=-81|rsrq=-15|snr=0,rsrp=-81|rsrq=-13|snr=-1,1,1,1
rsrp=-81|rsrq=-9|snr=1,rsrp=-80|rsrq=-10|snr=3,1,1,0.5
rsrp=-81|rsrq=-9|snr=1,rsrp=-81|rsrq=-9|snr=1,1,1,0.5
rsrp=-81|rsrq=-9|snr=2,rsrp=-81|rsrq=-10|snr=2,1,1,0.5
rsrp=-81|rsrq=-9|snr=2,rsrp=-81|rsrq=-9|snr=2,1,1,0.5
rsrp=-81|rsrq=-9|snr=4,rsrp=-81|rsrq=-10|snr=3,1,1,0.25
rsrp=-81|rsrq=-9|snr=4,rsrp=-81|rsrq=-10|snr=4,1,1,0.25
rsrp=-82|rsrq=-10|snr=2,rsrp=-81|rsrq=-12|snr=3,1,1,0.5
rsrp=-82|rsrq=-10|snr=2,rsrp=-82|rsrq=-10|snr=2,1,1,0.5
rsrp=-83|rsrq=-11|snr=3,rsrp=-83|rsrq=-11|snr=3,1,1,1
rsrp=-84|rsrq=-11|snr=2,rsrp=-81|rsrq=-11|snr=2,1,1,0.5
rsrp=-84|rsrq=-11|snr=2,rsrp=-84|rsrq=-11|snr=2,1,1,0.5
rsrp=-87|rsrq=-11|snr=2,rsrp=-87|rsrq=-11|snr=2,1,1,0.5
rsrp=-87|rsrq=-11|snr=2,rsrp=-87|rsrq=-11|snr=4,1,1,0.5
rsrp=-87|rsrq=-11|snr=4,rsrp=-87|rsrq=-11|snr=4,1,1,0.5
rsrp=-87|rsrq=-11|snr=4,rsrp=-88|rsrq=-11|snr=-5,1,1,0.5
rsrp=-87|rsrq=-13|snr=-4,rsrp=-87|rsrq=-13|snr=-4,1,1,0.5
rsrp=-87|rsrq=-13|snr=-4,rsrp=-88|rsrq=-15|snr=8,1,1,0.5
rsrp=-87|rsrq=-14|snr=5,rsrp=-87|rsrq=-14|snr=5,1,1,1
rsrp=-87|rsrq=-16|snr=-8,rsrp=-86|rsrq=-16|snr=2,1,1,0.5
rsrp=-87|rsrq=-16|snr=-8,rsrp=-87|rsrq=-16|snr=-8,1,1,0.5
rsrp=-87|rsrq=-17|snr=-6,rsrp=-87|rsrq=-17|snr=-6,1,1,0.5
rsrp=-87|rsrq=-17|snr=-6,rsrp=-88|rsrq=-11|snr=4,1,1,0.5
rsrp=-88|rsrq=-11|snr=-5,rsrp=-88|rsrq=-11|snr=-5,1,1,0.5
rsrp=-88|rsrq=-11|snr=-5,rsrp=-90|rsrq=-13|snr=1,1,1,0.5
rsrp=-88|rsrq=-11|snr=4,rsrp=-87|rsrq=-14|snr=5,1,1,0.25
rsrp=-88|rsrq=-11|snr=4,rsrp=-88|rsrq=-12|snr=7,1,1,0.25
rsrp=-88|rsrq=-12|snr=1,rsrp=-88|rsrq=-11|snr=4,1,1,0.5
rsrp=-88|rsrq=-12|snr=1,rsrp=-88|rsrq=-12|snr=1,1,1,0.5
rsrp=-88|rsrq=-12|snr=4,rsrp=-89|rsrq=-15|snr=7,1,1,1
rsrp=-88|rsrq=-12|snr=7,rsrp=-88|rsrq=-12|snr=7,1,1,0.5
rsrp=-88|rsrq=-12|snr=7,rsrp=-89|rsrq=-11|snr=1,1,1,0.5
rsrp=-88|rsrq=-14|snr=2,rsrp=-88|rsrq=-14|snr=2,1,1,0.5
rsrp=-88|rsrq=-14|snr=2,rsrp=-88|rsrq=-15|snr=-1,1,1,0.5
rsrp=-88|rsrq=-15|snr=-1,rsrp=-87|rsrq=-17|snr=-6,1,1,0.5
rsrp=-88|rsrq=-15|snr=-1,rsrp=-88|rsrq=-15|snr=-1,1,1,0.5
rsrp=-88|rsrq=-15|snr=-3,rsrp=-91|rsrq=-14|snr=1,1,1,1
rsrp=-88|rsrq=-15|snr=0,rsrp=-88|rsrq=-15|snr=0,1,1,0.5
rsrp=-88|rsrq=-15|snr=0,rsrp=-88|rsrq=-16|snr=1,1,1,0.5
rsrp=-88|rsrq=-15|snr=4,rsrp=-88|rsrq=-15|snr=4,1,1,0.5
rsrp=-88|rsrq=-15|snr=4,rsrp=-89|rsrq=-15|snr=0,1,1,0.5
rsrp=-88|rsrq=-15|snr=8,rsrp=-88|rsrq=-14|snr=2,1,1,0.5
rsrp=-88|rsrq=-15|snr=8,rsrp=-88|rsrq=-15|snr=8,1,1,0.5
rsrp=-88|rsrq=-16|snr=-4,rsrp=-88|rsrq=-16|snr=-4,1,1,0.5
rsrp=-88|rsrq=-16|snr=-4,rsrp=-90|rsrq=-16|snr=-4,1,1,0.5
rsrp=-88|rsrq=-16|snr=-5,rsrp=-88|rsrq=-16|snr=-5,1,1,0.5
rsrp=-88|rsrq=-16|snr=-5,rsrp=-89|rsrq=-16|snr=-7,1,1,0.5
rsrp=-88|rsrq=-16|snr=1,rsrp=-88|rsrq=-12|snr=4,1,1,0.25
rsrp=-88|rsrq=-16|snr=1,rsrp=-89|rsrq=-12|snr=2,1,1,0.25
rsrp=-88|rsrq=-17|snr=-7,rsrp=-88|rsrq=-17|snr=-7,1,1,0.5
rsrp=-88|rsrq=-17|snr=-7,rsrp=-89|rsrq=-15|snr=-2,1,1,0.5
rsrp=-88|rsrq=-17|snr=0,rsrp=-89|rsrq=-13|snr=0,1,1,0.333333333333
rsrp=-88|rsrq=-18|snr=-8,rsrp=-88|rsrq=-18|snr=-8,1,1,0.5
rsrp=-88|rsrq=-18|snr=-8,rsrp=-89|rsrq=-16|snr=4,1,1,0.5
rsrp=-89|rsrq=-10|snr=6,rsrp=-89|rsrq=-10|snr=6,1,1,0.5
rsrp=-89|rsrq=-10|snr=6,rsrp=-89|rsrq=-11|snr=4,1,1,0.5
rsrp=-89|rsrq=-10|snr=7,rsrp=-89|rsrq=-10|snr=7,1,1,0.5
rsrp=-89|rsrq=-10|snr=7,rsrp=-89|rsrq=-13|snr=-4,1,1,0.5
rsrp=-89|rsrq=-11|snr=-7,rsrp=-88|rsrq=-15|snr=4,1,1,0.5
rsrp=-89|rsrq=-11|snr=-7,rsrp=-89|rsrq=-11|snr=-7,1,1,0.5
rsrp=-89|rsrq=-11|snr=0,rsrp=-89|rsrq=-11|snr=0,1,1,0.5
rsrp=-89|rsrq=-11|snr=0,rsrp=-91|rsrq=-12|snr=0,1,1,0.5
rsrp=-89|rsrq=-11|snr=1,rsrp=-88|rsrq=-12|snr=1,1,1,0.25
rsrp=-89|rsrq=-11|snr=1,rsrp=-88|rsrq=-18|snr=-8,1,1,0.25
rsrp=-89|rsrq=-11|snr=1,rsrp=-89|rsrq=-11|snr=1,1,1,0.25
rsrp=-89|rsrq=-11|snr=1,rsrp=-89|rsrq=-11|snr=3,1,1,0.25
rsrp=-89|rsrq=-11|snr=3,rsrp=-89|rsrq=-11|snr=3,1,1,0.5
rsrp=-89|rsrq=-11|snr=3,rsrp=-89|rsrq=-12|snr=-7,1,1,0.5
rsrp=-89|rsrq=-11|snr=4,rsrp=-89|rsrq=-11|snr=4,1,1,0.5
rsrp=-89|rsrq=-11|snr=4,rsrp=-90|rsrq=-16|snr=2,1,1,0.5
rsrp=-89|rsrq=-11|snr=6,rsrp=-91|rsrq=-14|snr=-1,1,1,1
rsrp=-89|rsrq=-11|snr=7,rsrp=-89|rsrq=-16|snr=-8,1,1,0.25
rsrp=-89|rsrq=-11|snr=7,rsrp=-90|rsrq=-11|snr=6,1,1,0.25
rsrp=-89|rsrq=-12|snr=-1,rsrp=-89|rsrq=-12|snr=-1,1,1,0.5
rsrp=-89|rsrq=-12|snr=-1,rsrp=-89|rsrq=-14|snr=2,1,1,0.5
rsrp=-89|rsrq=-12|snr=-7,rsrp=-89|rsrq=-11|snr=-7,1,1,0.333333333333
rsrp=-89|rsrq=-12|snr=-7,rsrp=-89|rsrq=-12|snr=-7,1,1,0.333333333333
rsrp=-89|rsrq=-12|snr=-7,rsrp=-89|rsrq=-15|snr=3,1,1,0.333333333333
rsrp=-89|rsrq=-12|snr=1,rsrp=-89|rsrq=-11|snr=7,1,1,0.333333333333
rsrp=-89|rsrq=-12|snr=1,rsrp=-89|rsrq=-12|snr=1,1,1,0.333333333333
rsrp=-89|rsrq=-12|snr=1,rsrp=-93|rsrq=-12|snr=-4,1,1,0.333333333333
rsrp=-89|rsrq=-12|snr=2,rsrp=-89|rsrq=-12|snr=2,1,1,0.5
rsrp=-89|rsrq=-12|snr=2,rsrp=-89|rsrq=-16|snr=4,1,1,0.5
rsrp=-89|rsrq=-12|snr=3,rsrp=-89|rsrq=-10|snr=7,1,1,0.25
rsrp=-89|rsrq=-12|snr=5,rsrp=-89|rsrq=-12|snr=5,1,1,0.5
rsrp=-89|rsrq=-12|snr=5,rsrp=-89|rsrq=-13|snr=8,1,1,0.5
rsrp=-89|rsrq=-12|snr=6,rsrp=-90|rsrq=-11|snr=4,1,1,0.333333333333
rsrp=-89|rsrq=-13|snr=-4,rsrp=-89|rsrq=-15|snr=-2,1,1,0.25
rsrp=-89|rsrq=-13|snr=-4,rsrp=-89|rsrq=-15|snr=-4,1,1,0.25
rsrp=-89|rsrq=-13|snr=0,rsrp=-89|rsrq=-13|snr=0,1,1,1
rsrp=-89|rsrq=-13|snr=2,rsrp=-89|rsrq=-12|snr=-1,1,1,0.5
rsrp=-89|rsrq=-13|snr=2,rsrp=-89|rsrq=-13|snr=2,1,1,0.5
rsrp=-89|rsrq=-13|snr=3,rsrp=-89|rsrq=-14|snr=-3,1,1,1
rsrp=-89|rsrq=-13|snr=8,rsrp=-89|rsrq=-13|snr=8,1,1,1
rsrp=-89|rsrq=-14|snr=-2,rsrp=-89|rsrq=-14|snr=-2,1,1,1
rsrp=-89|rsrq=-14|snr=-3,rsrp=-89|rsrq=-14|snr=-3,1,1,0.5
rsrp=-89|rsrq=-14|snr=-3,rsrp=-90|rsrq=-12|snr=2,1,1,0.5
rsrp=-89|rsrq=-14|snr=-6,rsrp=-87|rsrq=-16|snr=-8,1,1,0.5
rsrp=-89|rsrq=-14|snr=-6,rsrp=-89|rsrq=-14|snr=-6,1,1,0.5
rsrp=-89|rsrq=-14|snr=-7,rsrp=-89|rsrq=-14|snr=-7,1,1,0.5
rsrp=-89|rsrq=-14|snr=-7,rsrp=-90|rsrq=-13|snr=2,1,1,0.5
rsrp=-89|rsrq=-14|snr=2,rsrp=-89|rsrq=-15|snr=-6,1,1,0.333333333333
rsrp=-89|rsrq=-14|snr=3,rsrp=-89|rsrq=-14|snr=3,1,1,0.333333333333
rsrp=-89|rsrq=-14|snr=3,rsrp=-89|rsrq=-15|snr=-7,1,1,0.333333333333
rsrp=-89|rsrq=-14|snr=3,rsrp=-89|rsrq=-15|snr=2,1,1,0.333333333333
rsrp=-89|rsrq=-15|snr=-2,rsrp=-88|rsrq=-17|snr=-7,1,1,0.25
rsrp=-89|rsrq=-15|snr=-2,rsrp=-90|rsrq=-16|snr=0,1,1,0.25
rsrp=-89|rsrq=-15|snr=-4,rsrp=-89|rsrq=-14|snr=-2,1,1,0.5
rsrp=-89|rsrq=-15|snr=-4,rsrp=-89|rsrq=-15|snr=-4,1,1,0.5
rsrp=-89|rsrq=-15|snr=-6,rsrp=-89|rsrq=-15|snr=-6,1,1,0.5
rsrp=-89|rsrq=-15|snr=-6,rsrp=-90|rsrq=-15|snr=0,1,1,0.5
rsrp=-89|rsrq=-15|snr=-7,rsrp=-89|rsrq=-15|snr=-7,1,1,0.5
rsrp=-89|rsrq=-15|snr=-7,rsrp=-89|rsrq=-15|snr=-8,1,1,0.5
rsrp=-89|rsrq=-15|snr=-8,rsrp=-89|rsrq=-15|snr=-8,1,1,0.5
rsrp=-89|rsrq=-15|snr=-8,rsrp=-90|rsrq=-15|snr=-1,1,1,0.5
rsrp=-89|rsrq=-15|snr=0,rsrp=-89|rsrq=-14|snr=-6,1,1,0.5
rsrp=-89|rsrq=-15|snr=0,rsrp=-89|rsrq=-15|snr=0,1,1,0.5
rsrp=-89|rsrq=-15|snr=1,rsrp=-89|rsrq=-14|snr=3,1,1,0.5
rsrp=-89|rsrq=-15|snr=1,rsrp=-89|rsrq=-15|snr=1,1,1,0.5
rsrp=-89|rsrq=-15|snr=2,rsrp=-89|rsrq=-13|snr=-4,1,1,1
rsrp=-89|rsrq=-15|snr=3,rsrp=-90|rsrq=-13|snr=-2,1,1,0.25
rsrp=-89|rsrq=-15|snr=3,rsrp=-90|rsrq=-15|snr=-1,1,1,0.25
rsrp=-89|rsrq=-15|snr=7,rsrp=-89|rsrq=-10|snr=6,1,1,0.5
rsrp=-89|rsrq=-15|snr=7,rsrp=-89|rsrq=-15|snr=7,1,1,0.5
rsrp=-89|rsrq=-16|snr=-5,rsrp=-89|rsrq=-16|snr=-5,1,1,0.5
rsrp=-89|rsrq=-16|snr=-5,rsrp=-92|rsrq=-13|snr=1,1,1,0.5
rsrp=-89|rsrq=-16|snr=-7,rsrp=-90|rsrq=-14|snr=-8,1,1,0.25
rsrp=-89|rsrq=-16|snr=-7,rsrp=-91|rsrq=-13|snr=-1,1,1,0.25
rsrp=-89|rsrq=-16|snr=-8,rsrp=-89|rsrq=-16|snr=-8,1,1,0.5
rsrp=-89|rsrq=-16|snr=-8,rsrp=-90|rsrq=-12|snr=2,1,1,0.5
rsrp=-89|rsrq=-16|snr=2,rsrp=-88|rsrq=-16|snr=1,1,1,0.25
rsrp=-89|rsrq=-16|snr=2,rsrp=-90|rsrq=-12|snr=3,1,1,0.25
rsrp=-89|rsrq=-16|snr=4,rsrp=-89|rsrq=-16|snr=2,1,1,0.25
rsrp=-89|rsrq=-16|snr=4,rsrp=-90|rsrq=-16|snr=2,1,1,0.25
rsrp=-89|rsrq=-16|snr=5,rsrp=-89|rsrq=-12|snr=6,1,1,0.5
rsrp=-89|rsrq=-16|snr=5,rsrp=-89|rsrq=-16|snr=5,1,1,0.5
rsrp=-89|rsrq=-16|snr=6,rsrp=-89|rsrq=-16|snr=6,1,1,0.5
rsrp=-89|rsrq=-16|snr=6,rsrp=-90|rsrq=-16|snr=6,1,1,0.5
rsrp=-89|rsrq=-16|snr=7,rsrp=-89|rsrq=-11|snr=1,1,1,0.5
rsrp=-89|rsrq=-16|snr=7,rsrp=-89|rsrq=-16|snr=7,1,1,0.5
rsrp=-89|rsrq=-17|snr=-4,rsrp=-89|rsrq=-17|snr=-4,1,1,0.5
rsrp=-89|rsrq=-17|snr=-4,rsrp=-90|rsrq=-15|snr=7,1,1,0.5
rsrp=-89|rsrq=-17|snr=-5,rsrp=-88|rsrq=-15|snr=-3,1,1,0.5
rsrp=-89|rsrq=-17|snr=-5,rsrp=-89|rsrq=-17|snr=-5,1,1,0.5
rsrp=-90|rsrq=-10|snr=-1,rsrp=-90|rsrq=-10|snr=-1,1,1,0.5
rsrp=-90|rsrq=-10|snr=-1,rsrp=-90|rsrq=-10|snr=2,1,1,0.5
rsrp=-90|rsrq=-10|snr=2,rsrp=-89|rsrq=-13|snr=3,1,1,0.5
rsrp=-90|rsrq=-10|snr=2,rsrp=-90|rsrq=-10|snr=2,1,1,0.5
rsrp=-90|rsrq=-11|snr=-7,rsrp=-90|rsrq=-11|snr=-7,1,1,0.5
rsrp=-90|rsrq=-11|snr=-7,rsrp=-91|rsrq=-14|snr=5,1,1,0.5
rsrp=-90|rsrq=-11|snr=3,rsrp=-89|rsrq=-14|snr=-7,1,1,0.125
rsrp=-90|rsrq=-11|snr=3,rsrp=-90|rsrq=-10|snr=-1,1,1,0.125
rsrp=-90|rsrq=-11|snr=3,rsrp=-90|rsrq=-12|snr=0,1,1,0.125
rsrp=-90|rsrq=-11|snr=3,rsrp=-92|rsrq=-13|snr=0,1,1,0.125
rsrp=-90|rsrq=-11|snr=4,rsrp=-90|rsrq=-11|snr=4,1,1,1
rsrp=-90|rsrq=-11|snr=6,rsrp=-89|rsrq=-12|snr=5,1,1,0.5
rsrp=-90|rsrq=-11|snr=6,rsrp=-90|rsrq=-11|snr=6,1,1,0.5
rsrp=-90|rsrq=-12|snr=-1,rsrp=-90|rsrq=-13|snr=-3,1,1,0.166666666667
rsrp=-90|rsrq=-12|snr=-1,rsrp=-90|rsrq=-15|snr=2,1,1,0.166666666667
rsrp=-90|rsrq=-12|snr=-1,rsrp=-93|rsrq=-14|snr=-1,1,1,0.166666666667
rsrp=-90|rsrq=-12|snr=0,rsrp=-89|rsrq=-15|snr=3,1,1,0.125
rsrp=-90|rsrq=-12|snr=0,rsrp=-90|rsrq=-11|snr=3,1,1,0.125
rsrp=-90|rsrq=-12|snr=0,rsrp=-90|rsrq=-13|snr=-1,1,1,0.125
rsrp=-90|rsrq=-12|snr=0,rsrp=-90|rsrq=-15|snr=-2,1,1,0.125
rsrp=-90|rsrq=-12|snr=1,rsrp=-90|rsrq=-12|snr=1,1,1,0.5
rsrp=-90|rsrq=-12|snr=1,rsrp=-90|rsrq=-12|snr=4,1,1,0.5
rsrp=-90|rsrq=-12|snr=2,rsrp=-89|rsrq=-12|snr=1,1,1,0.2
rsrp=-90|rsrq=-12|snr=2,rsrp=-89|rsrq=-16|snr=-7,1,1,0.2
rsrp=-90|rsrq=-12|snr=3,rsrp=-90|rsrq=-12|snr=3,1,1,0.5
rsrp=-90|rsrq=-12|snr=3,rsrp=-90|rsrq=-13|snr=1,1,1,0.5
rsrp=-90|rsrq=-12|snr=4,rsrp=-90|rsrq=-11|snr=3,1,1,0.25
rsrp=-90|rsrq=-12|snr=4,rsrp=-90|rsrq=-12|snr=-1,1,1,0.25
rsrp=-90|rsrq=-13|snr=-1,rsrp=-90|rsrq=-12|snr=-1,1,1,0.333333333333
rsrp=-90|rsrq=-13|snr=-1,rsrp=-90|rsrq=-13|snr=-1,1,1,0.333333333333
rsrp=-90|rsrq=-13|snr=-1,rsrp=-90|rsrq=-14|snr=-8,1,1,0.333333333333
rsrp=-90|rsrq=-13|snr=-2,rsrp=-91|rsrq=-12|snr=1,1,1,0.333333333333
rsrp=-90|rsrq=-13|snr=-3,rsrp=-90|rsrq=-13|snr=-3,1,1,0.5
rsrp=-90|rsrq=-13|snr=-3,rsrp=-90|rsrq=-13|snr=-4,1,1,0.5
rsrp=-90|rsrq=-13|snr=-4,rsrp=-89|rsrq=-14|snr=2,1,1,0.25
rsrp=-90|rsrq=-13|snr=-4,rsrp=-90|rsrq=-16|snr=-6,1,1,0.25
rsrp=-90|rsrq=-13|snr=1,rsrp=-88|rsrq=-16|snr=-5,1,1,0.142857142857
rsrp=-90|rsrq=-13|snr=1,rsrp=-89|rsrq=-16|snr=1,1,1,0.142857142857
rsrp=-90|rsrq=-13|snr=1,rsrp=-92|rsrq=-13|snr=2,1,1,0.142857142857
rsrp=-90|rsrq=-13|snr=2,rsrp=-89|rsrq=-14|snr=3,1,1,0.5
rsrp=-90|rsrq=-13|snr=2,rsrp=-90|rsrq=-13|snr=2,1,1,0.5
rsrp=-90|rsrq=-13|snr=4,rsrp=-88|rsrq=-17|snr=0,1,1,0.5
rsrp=-90|rsrq=-13|snr=4,rsrp=-90|rsrq=-13|snr=4,1,1,0.5
rsrp=-90|rsrq=-13|snr=5,rsrp=-90|rsrq=-12|snr=4,1,1,0.5
rsrp=-90|rsrq=-13|snr=5,rsrp=-90|rsrq=-13|snr=5,1,1,0.5
rsrp=-90|rsrq=-14|snr=-1,rsrp=-95|rsrq=-15|snr=-6,1,1,1
rsrp=-90|rsrq=-14|snr=-8,rsrp=-89|rsrq=-12|snr=-7,1,1,0.166666666667
rsrp=-90|rsrq=-14|snr=-8,rsrp=-89|rsrq=-12|snr=1,1,1,0.166666666667
rsrp=-90|rsrq=-14|snr=-8,rsrp=-90|rsrq=-14|snr=3,1,1,0.166666666667
rsrp=-90|rsrq=-14|snr=3,rsrp=-90|rsrq=-14|snr=3,1,1,0.5
rsrp=-90|rsrq=-14|snr=3,rsrp=-91|rsrq=-14|snr=-1,1,1,0.5
rsrp=-90|rsrq=-15|snr=-1,rsrp=-89|rsrq=-16|snr=5,1,1,0.2
rsrp=-90|rsrq=-15|snr=-1,rsrp=-90|rsrq=-12|snr=2,1,1,0.2
rsrp=-90|rsrq=-15|snr=-1,rsrp=-91|rsrq=-13|snr=1,1,1,0.2
rsrp=-90|rsrq=-15|snr=-2,rsrp=-89|rsrq=-11|snr=7,1,1,0.5
rsrp=-90|rsrq=-15|snr=-2,rsrp=-90|rsrq=-15|snr=-2,1,1,0.5
rsrp=-90|rsrq=-15|snr=-3,rsrp=-90|rsrq=-15|snr=-3,1,1,0.5
rsrp=-90|rsrq=-15|snr=-3,rsrp=-93|rsrq=-17|snr=3,1,1,0.5
rsrp=-90|rsrq=-15|snr=0,rsrp=-90|rsrq=-13|snr=1,1,1,0.5
rsrp=-90|rsrq=-15|snr=0,rsrp=-90|rsrq=-15|snr=0,1,1,0.5
rsrp=-90|rsrq=-15|snr=2,rsrp=-90|rsrq=-15|snr=2,1,1,0.5
rsrp=-90|rsrq=-15|snr=2,rsrp=-92|rsrq=-13|snr=-1,1,1,0.5
rsrp=-90|rsrq=-15|snr=4,rsrp=-90|rsrq=-15|snr=4,1,1,0.5
rsrp=-90|rsrq=-15|snr=4,rsrp=-91|rsrq=-14|snr=0,1,1,0.5
rsrp=-90|rsrq=-15|snr=7,rsrp=-89|rsrq=-16|snr=6,1,1,0.25
rsrp=-90|rsrq=-16|snr=-4,rsrp=-89|rsrq=-11|snr=0,1,1,0.5
rsrp=-90|rsrq=-16|snr=-4,rsrp=-90|rsrq=-16|snr=-4,1,1,0.5
rsrp=-90|rsrq=-16|snr=-5,rsrp=-90|rsrq=-16|snr=-5,1,1,0.5
rsrp=-90|rsrq=-16|snr=-5,rsrp=-91|rsrq=-14|snr=-6,1,1,0.5
rsrp=-90|rsrq=-16|snr=-6,rsrp=-89|rsrq=-17|snr=-4,1,1,0.5
rsrp=-90|rsrq=-16|snr=-6,rsrp=-90|rsrq=-16|snr=-6,1,1,0.5
rsrp=-90|rsrq=-16|snr=0,rsrp=-88|rsrq=-17|snr=0,1,1,0.5
rsrp=-90|rsrq=-16|snr=0,rsrp=-90|rsrq=-16|snr=0,1,1,0.5
rsrp=-90|rsrq=-16|snr=2,rsrp=-89|rsrq=-12|snr=6,1,1,0.25
rsrp=-90|rsrq=-16|snr=2,rsrp=-89|rsrq=-15|snr=1,1,1,0.25
rsrp=-90|rsrq=-16|snr=6,rsrp=-89|rsrq=-16|snr=7,1,1,1
rsrp=-90|rsrq=-17|snr=-1,rsrp=-90|rsrq=-17|snr=-1,1,1,0.5
rsrp=-90|rsrq=-17|snr=-1,rsrp=-92|rsrq=-15|snr=-1,1,1,0.5
rsrp=-90|rsrq=-19|snr=-7,rsrp=-90|rsrq=-19|snr=-7,1,1,0.5
rsrp=-90|rsrq=-19|snr=-7,rsrp=-91|rsrq=-18|snr=-12,1,1,0.5
rsrp=-91|rsrq=-10|snr=-1,rsrp=-92|rsrq=-14|snr=-1,1,1,1
rsrp=-91|rsrq=-10|snr=0,rsrp=-90|rsrq=-12|snr=1,1,1,0.5
rsrp=-91|rsrq=-10|snr=0,rsrp=-91|rsrq=-10|snr=0,1,1,0.5
rsrp=-91|rsrq=-10|snr=2,rsrp=-91|rsrq=-10|snr=0,1,1,1
rsrp=-91|rsrq=-11|snr=-1,rsrp=-92|rsrq=-11|snr=2,1,1,1
rsrp=-91|rsrq=-11|snr=0,rsrp=-91|rsrq=-11|snr=0,1,1,1
rsrp=-91|rsrq=-11|snr=4,rsrp=-91|rsrq=-11|snr=4,1,1,0.5
rsrp=-91|rsrq=-11|snr=4,rsrp=-91|rsrq=-12|snr=2,1,1,0.5
rsrp=-91|rsrq=-11|snr=5,rsrp=-91|rsrq=-11|snr=5,1,1,0.5
rsrp=-91|rsrq=-11|snr=5,rsrp=-94|rsrq=-12|snr=-2,1,1,0.5
rsrp=-91|rsrq=-12|snr=-2,rsrp=-91|rsrq=-12|snr=-2,1,1,0.5
rsrp=-91|rsrq=-12|snr=-2,rsrp=-93|rsrq=-12|snr=0,1,1,0.5
rsrp=-91|rsrq=-12|snr=0,rsrp=-90|rsrq=-13|snr=4,1,1,0.5
rsrp=-91|rsrq=-12|snr=0,rsrp=-91|rsrq=-12|snr=0,1,1,0.5
rsrp=-91|rsrq=-12|snr=1,rsrp=-90|rsrq=-15|snr=-1,1,1,0.166666666667
rsrp=-91|rsrq=-12|snr=1,rsrp=-91|rsrq=-13|snr=-4,1,1,0.166666666667
rsrp=-91|rsrq=-12|snr=1,rsrp=-92|rsrq=-12|snr=1,1,1,0.166666666667
rsrp=-91|rsrq=-12|snr=2,rsrp=-91|rsrq=-11|snr=0,1,1,0.5
rsrp=-91|rsrq=-12|snr=2,rsrp=-91|rsrq=-12|snr=2,1,1,0.5
rsrp=-91|rsrq=-12|snr=4,rsrp=-91|rsrq=-12|snr=4,1,1,0.5
rsrp=-91|rsrq=-12|snr=4,rsrp=-95|rsrq=-12|snr=-12,1,1,0.5
rsrp=-91|rsrq=-12|snr=6,rsrp=-91|rsrq=-12|snr=6,1,1,0.5
rsrp=-91|rsrq=-12|snr=6,rsrp=-93|rsrq=-17|snr=-10,1,1,0.5
rsrp=-91|rsrq=-13|snr=-1,rsrp=-90|rsrq=-11|snr=3,1,1,0.25
rsrp=-91|rsrq=-13|snr=-1,rsrp=-90|rsrq=-13|snr=-1,1,1,0.25
rsrp=-91|rsrq=-13|snr=-10,rsrp=-91|rsrq=-13|snr=-10,1,1,0.5
rsrp=-91|rsrq=-13|snr=-10,rsrp=-92|rsrq=-13|snr=2,1,1,0.5
rsrp=-91|rsrq=-13|snr=-4,rsrp=-91|rsrq=-13|snr=-4,1,1,0.5
rsrp=-91|rsrq=-13|snr=-4,rsrp=-92|rsrq=-12|snr=-4,1,1,0.5
rsrp=-91|rsrq=-13|snr=-5,rsrp=-91|rsrq=-13|snr=-5,1,1,0.5
rsrp=-91|rsrq=-13|snr=-5,rsrp=-93|rsrq=-15|snr=-1,1,1,0.5
rsrp=-91|rsrq=-13|snr=0,rsrp=-91|rsrq=-14|snr=-1,1,1,0.166666666667
rsrp=-91|rsrq=-13|snr=0,rsrp=-92|rsrq=-14|snr=-6,1,1,0.166666666667
rsrp=-91|rsrq=-13|snr=0,rsrp=-92|rsrq=-16|snr=-5,1,1,0.166666666667
rsrp=-91|rsrq=-13|snr=1,rsrp=-91|rsrq=-12|snr=1,1,1,0.166666666667
rsrp=-91|rsrq=-13|snr=1,rsrp=-91|rsrq=-14|snr=-5,1,1,0.166666666667
rsrp=-91|rsrq=-13|snr=1,rsrp=-92|rsrq=-15|snr=-2,1,1,0.166666666667
rsrp=-91|rsrq=-13|snr=3,rsrp=-91|rsrq=-13|snr=3,1,1,0.5
rsrp=-91|rsrq=-13|snr=3,rsrp=-93|rsrq=-13|snr=2,1,1,0.5
rsrp=-91|rsrq=-13|snr=6,rsrp=-91|rsrq=-13|snr=6,1,1,0.5
rsrp=-91|rsrq=-13|snr=6,rsrp=-91|rsrq=-15|snr=6,1,1,0.5
rsrp=-91|rsrq=-14|snr=-1,rsrp=-89|rsrq=-16|snr=-5,1,1,0.125
rsrp=-91|rsrq=-14|snr=-1,rsrp=-92|rsrq=-15|snr=2,1,1,0.125
rsrp=-91|rsrq=-14|snr=-1,rsrp=-93|rsrq=-16|snr=-3,1,1,0.125
rsrp=-91|rsrq=-14|snr=-1,rsrp=-95|rsrq=-16|snr=-3,1,1,0.125
rsrp=-91|rsrq=-14|snr=-3,rsrp=-94|rsrq=-14|snr=1,1,1,1
rsrp=-91|rsrq=-14|snr=-5,rsrp=-90|rsrq=-12|snr=0,1,1,0.25
rsrp=-91|rsrq=-14|snr=-5,rsrp=-92|rsrq=-11|snr=0,1,1,0.25
rsrp=-91|rsrq=-14|snr=-6,rsrp=-89|rsrq=-16|snr=2,1,1,0.5
rsrp=-91|rsrq=-14|snr=-6,rsrp=-91|rsrq=-14|snr=-6,1,1,0.5
rsrp=-91|rsrq=-14|snr=-9,rsrp=-91|rsrq=-14|snr=-9,1,1,0.5
rsrp=-91|rsrq=-14|snr=-9,rsrp=-93|rsrq=-16|snr=-4,1,1,0.5
rsrp=-91|rsrq=-14|snr=0,rsrp=-91|rsrq=-14|snr=0,1,1,0.5
rsrp=-91|rsrq=-14|snr=0,rsrp=-92|rsrq=-16|snr=1,1,1,0.5
rsrp=-91|rsrq=-14|snr=1,rsrp=-90|rsrq=-16|snr=-5,1,1,0.5
rsrp=-91|rsrq=-14|snr=1,rsrp=-91|rsrq=-14|snr=1,1,1,0.5
rsrp=-91|rsrq=-14|snr=5,rsrp=-91|rsrq=-10|snr=2,1,1,0.5
rsrp=-91|rsrq=-14|snr=5,rsrp=-91|rsrq=-14|snr=5,1,1,0.5
rsrp=-91|rsrq=-15|snr=-9,rsrp=-91|rsrq=-15|snr=-9,1,1,0.5
rsrp=-91|rsrq=-15|snr=-9,rsrp=-92|rsrq=-14|snr=-3,1,1,0.5
rsrp=-91|rsrq=-15|snr=0,rsrp=-91|rsrq=-13|snr=1,1,1,1
rsrp=-91|rsrq=-15|snr=3,rsrp=-91|rsrq=-15|snr=3,1,1,0.5
rsrp=-91|rsrq=-15|snr=3,rsrp=-91|rsrq=-16|snr=-12,1,1,0.5
rsrp=-91|rsrq=-15|snr=5,rsrp=-91|rsrq=-15|snr=5,1,1,0.5
rsrp=-91|rsrq=-15|snr=5,rsrp=-91|rsrq=-16|snr=0,1,1,0.5
rsrp=-91|rsrq=-15|snr=6,rsrp=-91|rsrq=-15|snr=6,1,1,0.5
rsrp=-91|rsrq=-15|snr=6,rsrp=-91|rsrq=-16|snr=-7,1,1,0.5
rsrp=-91|rsrq=-16|snr=-10,rsrp=-91|rsrq=-16|snr=-10,1,1,0.5
rsrp=-91|rsrq=-16|snr=-10,rsrp=-91|rsrq=-17|snr=-13,1,1,0.5
rsrp=-91|rsrq=-16|snr=-12,rsrp=-90|rsrq=-17|snr=-1,1,1,0.333333333333
rsrp=-91|rsrq=-16|snr=-7,rsrp=-91|rsrq=-16|snr=-7,1,1,0.5
rsrp=-91|rsrq=-16|snr=-7,rsrp=-93|rsrq=-14|snr=0,1,1,0.5
rsrp=-91|rsrq=-16|snr=0,rsrp=-91|rsrq=-16|snr=0,1,1,0.5
rsrp=-91|rsrq=-16|snr=0,rsrp=-92|rsrq=-12|snr=-11,1,1,0.5
rsrp=-91|rsrq=-16|snr=1,rsrp=-91|rsrq=-16|snr=1,1,1,0.5
rsrp=-91|rsrq=-16|snr=1,rsrp=-95|rsrq=-13|snr=1,1,1,0.5
rsrp=-91|rsrq=-17|snr=-13,rsrp=-91|rsrq=-17|snr=-13,1,1,1
rsrp=-91|rsrq=-18|snr=-12,rsrp=-91|rsrq=-18|snr=-12,1,1,0.5
rsrp=-91|rsrq=-18|snr=-12,rsrp=-93|rsrq=-14|snr=-1,1,1,0.5
rsrp=-92|rsrq=-11|snr=0,rsrp=-92|rsrq=-11|snr=0,1,1,1
rsrp=-92|rsrq=-11|snr=2,rsrp=-92|rsrq=-11|snr=2,1,1,0.5
rsrp=-92|rsrq=-11|snr=2,rsrp=-93|rsrq=-11|snr=2,1,1,0.5
rsrp=-92|rsrq=-11|snr=4,rsrp=-92|rsrq=-11|snr=4,1,1,0.5
rsrp=-92|rsrq=-11|snr=4,rsrp=-94|rsrq=-13|snr=1,1,1,0.5
rsrp=-92|rsrq=-12|snr=-1,rsrp=-92|rsrq=-12|snr=-1,1,1,0.5
rsrp=-92|rsrq=-12|snr=-1,rsrp=-93|rsrq=-12|snr=-10,1,1,0.5
rsrp=-92|rsrq=-12|snr=-11,rsrp=-91|rsrq=-10|snr=-1,1,1,0.5
rsrp=-92|rsrq=-12|snr=-11,rsrp=-92|rsrq=-12|snr=-11,1,1,0.5
rsrp=-92|rsrq=-12|snr=-2,rsrp=-90|rsrq=-11|snr=-7,1,1,0.5
rsrp=-92|rsrq=-12|snr=-2,rsrp=-92|rsrq=-12|snr=-2,1,1,0.5
rsrp=-92|rsrq=-12|snr=-4,rsrp=-91|rsrq=-13|snr=0,1,1,0.5
rsrp=-92|rsrq=-12|snr=-4,rsrp=-92|rsrq=-12|snr=-4,1,1,0.5
rsrp=-92|rsrq=-12|snr=-9,rsrp=-89|rsrq=-11|snr=6,1,1,0.5
rsrp=-92|rsrq=-12|snr=-9,rsrp=-92|rsrq=-12|snr=-9,1,1,0.5
rsrp=-92|rsrq=-12|snr=0,rsrp=-90|rsrq=-15|snr=-3,1,1,0.5
rsrp=-92|rsrq=-12|snr=0,rsrp=-92|rsrq=-12|snr=0,1,1,0.5
rsrp=-92|rsrq=-12|snr=1,rsrp=-92|rsrq=-12|snr=-2,1,1,0.25
rsrp=-92|rsrq=-12|snr=1,rsrp=-93|rsrq=-15|snr=1,1,1,0.25
rsrp=-92|rsrq=-12|snr=2,rsrp=-92|rsrq=-12|snr=2,1,1,0.5
rsrp=-92|rsrq=-12|snr=2,rsrp=-92|rsrq=-13|snr=4,1,1,0.5
rsrp=-92|rsrq=-12|snr=3,rsrp=-90|rsrq=-11|snr=3,1,1,0.25
rsrp=-92|rsrq=-12|snr=3,rsrp=-93|rsrq=-14|snr=0,1,1,0.25
rsrp=-92|rsrq=-13|snr=-1,rsrp=-90|rsrq=-15|snr=4,1,1,1
rsrp=-92|rsrq=-13|snr=-2,rsrp=-92|rsrq=-13|snr=-2,1,1,0.5
rsrp=-92|rsrq=-13|snr=-2,rsrp=-94|rsrq=-13|snr=-3,1,1,0.5
rsrp=-92|rsrq=-13|snr=-5,rsrp=-92|rsrq=-13|snr=-5,1,1,0.5
rsrp=-92|rsrq=-13|snr=-5,rsrp=-92|rsrq=-18|snr=4,1,1,0.5
rsrp=-92|rsrq=-13|snr=0,rsrp=-92|rsrq=-14|snr=1,1,1,0.333333333333
rsrp=-92|rsrq=-13|snr=1,rsrp=-90|rsrq=-13|snr=-2,1,1,0.166666666667
rsrp=-92|rsrq=-13|snr=1,rsrp=-91|rsrq=-13|snr=-10,1,1,0.166666666667
rsrp=-92|rsrq=-13|snr=1,rsrp=-92|rsrq=-15|snr=1,1,1,0.166666666667
rsrp=-92|rsrq=-13|snr=2,rsrp=-91|rsrq=-12|snr=6,1,1,0.1
rsrp=-92|rsrq=-13|snr=2,rsrp=-91|rsrq=-15|snr=0,1,1,0.1
rsrp=-92|rsrq=-13|snr=2,rsrp=-92|rsrq=-13|snr=1,1,1,0.1
rsrp=-92|rsrq=-13|snr=2,rsrp=-92|rsrq=-13|snr=3,1,1,0.1
rsrp=-92|rsrq=-13|snr=2,rsrp=-92|rsrq=-16|snr=-11,1,1,0.1
rsrp=-92|rsrq=-13|snr=3,rsrp=-92|rsrq=-13|snr=-2,1,1,1
rsrp=-92|rsrq=-13|snr=4,rsrp=-91|rsrq=-13|snr=-5,1,1,0.5
rsrp=-92|rsrq=-13|snr=4,rsrp=-92|rsrq=-13|snr=4,1,1,0.5
rsrp=-92|rsrq=-14|snr=-1,rsrp=-92|rsrq=-15|snr=-11,1,1,0.25
rsrp=-92|rsrq=-14|snr=-1,rsrp=-93|rsrq=-15|snr=0,1,1,0.25
rsrp=-92|rsrq=-14|snr=-2,rsrp=-92|rsrq=-14|snr=-2,1,1,0.5
rsrp=-92|rsrq=-14|snr=-2,rsrp=-93|rsrq=-13|snr=-2,1,1,0.5
rsrp=-92|rsrq=-14|snr=-3,rsrp=-93|rsrq=-14|snr=0,1,1,1
rsrp=-92|rsrq=-14|snr=-5,rsrp=-92|rsrq=-14|snr=-5,1,1,0.5
rsrp=-92|rsrq=-14|snr=-5,rsrp=-93|rsrq=-16|snr=0,1,1,0.5
rsrp=-92|rsrq=-14|snr=-6,rsrp=-91|rsrq=-14|snr=-3,1,1,0.2
rsrp=-92|rsrq=-14|snr=-6,rsrp=-92|rsrq=-13|snr=0,1,1,0.2
rsrp=-92|rsrq=-14|snr=0,rsrp=-91|rsrq=-15|snr=-9,1,1,0.5
rsrp=-92|rsrq=-14|snr=0,rsrp=-92|rsrq=-14|snr=0,1,1,0.5
rsrp=-92|rsrq=-14|snr=1,rsrp=-93|rsrq=-13|snr=-3,1,1,1
rsrp=-92|rsrq=-14|snr=3,rsrp=-92|rsrq=-14|snr=3,1,1,0.5
rsrp=-92|rsrq=-14|snr=3,rsrp=-93|rsrq=-15|snr=-9,1,1,0.5
rsrp=-92|rsrq=-15|snr=-1,rsrp=-92|rsrq=-14|snr=-6,1,1,0.5
rsrp=-92|rsrq=-15|snr=-1,rsrp=-92|rsrq=-15|snr=-1,1,1,0.5
rsrp=-92|rsrq=-15|snr=-11,rsrp=-92|rsrq=-13|snr=2,1,1,0.5
rsrp=-92|rsrq=-15|snr=-11,rsrp=-92|rsrq=-15|snr=-11,1,1,0.5
rsrp=-92|rsrq=-15|snr=-2,rsrp=-92|rsrq=-12|snr=2,1,1,0.5
rsrp=-92|rsrq=-15|snr=-2,rsrp=-92|rsrq=-15|snr=-2,1,1,0.5
rsrp=-92|rsrq=-15|snr=-4,rsrp=-90|rsrq=-13|snr=1,1,1,0.25
rsrp=-92|rsrq=-15|snr=-4,rsrp=-90|rsrq=-14|snr=-8,1,1,0.25
rsrp=-92|rsrq=-15|snr=1,rsrp=-91|rsrq=-12|snr=-2,1,1,1
rsrp=-92|rsrq=-15|snr=2,rsrp=-91|rsrq=-14|snr=-1,1,1,0.5
rsrp=-92|rsrq=-15|snr=2,rsrp=-92|rsrq=-15|snr=2,1,1,0.5
rsrp=-92|rsrq=-16|snr=-1,rsrp=-92|rsrq=-16|snr=-1,1,1,0.5
rsrp=-92|rsrq=-16|snr=-1,rsrp=-93|rsrq=-16|snr=-3,1,1,0.5
rsrp=-92|rsrq=-16|snr=-11,rsrp=-92|rsrq=-16|snr=-11,1,1,1
rsrp=-92|rsrq=-16|snr=-3,rsrp=-91|rsrq=-16|snr=-12,1,1,0.5
rsrp=-92|rsrq=-16|snr=-3,rsrp=-92|rsrq=-16|snr=-3,1,1,0.5
rsrp=-92|rsrq=-16|snr=-4,rsrp=-92|rsrq=-16|snr=-3,1,1,0.5
rsrp=-92|rsrq=-16|snr=-4,rsrp=-92|rsrq=-16|snr=-4,1,1,0.5
rsrp=-92|rsrq=-16|snr=-5,rsrp=-91|rsrq=-14|snr=-5,1,1,0.5
rsrp=-92|rsrq=-16|snr=-5,rsrp=-92|rsrq=-16|snr=-5,1,1,0.5
rsrp=-92|rsrq=-16|snr=-7,rsrp=-91|rsrq=-12|snr=4,1,1,0.5
rsrp=-92|rsrq=-16|snr=-7,rsrp=-92|rsrq=-16|snr=-7,1,1,0.5
rsrp=-92|rsrq=-16|snr=1,rsrp=-92|rsrq=-14|snr=0,1,1,0.5
rsrp=-92|rsrq=-16|snr=1,rsrp=-92|rsrq=-16|snr=1,1,1,0.5
rsrp=-92|rsrq=-17|snr=-10,rsrp=-90|rsrq=-12|snr=0,1,1,0.5
rsrp=-92|rsrq=-17|snr=-10,rsrp=-92|rsrq=-17|snr=-10,1,1,0.5
rsrp=-92|rsrq=-18|snr=-1,rsrp=-91|rsrq=-15|snr=5,1,1,0.5
rsrp=-92|rsrq=-18|snr=-1,rsrp=-92|rsrq=-18|snr=-1,1,1,0.5
rsrp=-92|rsrq=-18|snr=4,rsrp=-92|rsrq=-18|snr=4,1,1,0.5
rsrp=-92|rsrq=-18|snr=4,rsrp=-94|rsrq=-16|snr=-8,1,1,0.5
rsrp=-93|rsrq=-11|snr=2,rsrp=-93|rsrq=-11|snr=2,1,1,0.5
rsrp=-93|rsrq=-11|snr=2,rsrp=-93|rsrq=-16|snr=-3,1,1,0.5
rsrp=-93|rsrq=-12|snr=-1,rsrp=-92|rsrq=-12|snr=1,1,1,0.5
rsrp=-93|rsrq=-12|snr=-1,rsrp=-93|rsrq=-12|snr=-1,1,1,0.5
rsrp=-93|rsrq=-12|snr=-10,rsrp=-93|rsrq=-12|snr=-10,1,1,0.5
rsrp=-93|rsrq=-12|snr=-10,rsrp=-94|rsrq=-13|snr=-7,1,1,0.5
rsrp=-93|rsrq=-12|snr=-2,rsrp=-93|rsrq=-12|snr=-2,1,1,0.5
rsrp=-93|rsrq=-12|snr=-2,rsrp=-93|rsrq=-12|snr=5,1,1,0.5
rsrp=-93|rsrq=-12|snr=-4,rsrp=-92|rsrq=-12|snr=3,1,1,0.5
rsrp=-93|rsrq=-12|snr=-4,rsrp=-93|rsrq=-12|snr=-4,1,1,0.5
rsrp=-93|rsrq=-12|snr=0,rsrp=-93|rsrq=-12|snr=0,1,1,0.5
rsrp=-93|rsrq=-12|snr=0,rsrp=-93|rsrq=-13|snr=0,1,1,0.5
rsrp=-93|rsrq=-12|snr=1,rsrp=-91|rsrq=-13|snr=3,1,1,0.333333333333
rsrp=-93|rsrq=-12|snr=1,rsrp=-92|rsrq=-14|snr=3,1,1,0.333333333333
rsrp=-93|rsrq=-12|snr=1,rsrp=-93|rsrq=-12|snr=1,1,1,0.333333333333
rsrp=-93|rsrq=-12|snr=2,rsrp=-92|rsrq=-13|snr=2,1,1,0.5
rsrp=-93|rsrq=-12|snr=2,rsrp=-93|rsrq=-12|snr=2,1,1,0.5
rsrp=-93|rsrq=-12|snr=5,rsrp=-93|rsrq=-12|snr=5,1,1,1
rsrp=-93|rsrq=-13|snr=-1,rsrp=-93|rsrq=-13|snr=-1,1,1,1
rsrp=-93|rsrq=-13|snr=-2,rsrp=-92|rsrq=-12|snr=3,1,1,0.5
rsrp=-93|rsrq=-13|snr=-2,rsrp=-93|rsrq=-13|snr=-2,1,1,0.5
rsrp=-93|rsrq=-13|snr=-3,rsrp=-93|rsrq=-12|snr=-2,1,1,0.25
rsrp=-93|rsrq=-13|snr=-3,rsrp=-93|rsrq=-12|snr=1,1,1,0.25
rsrp=-93|rsrq=-13|snr=-9,rsrp=-93|rsrq=-13|snr=1,1,1,0.25
rsrp=-93|rsrq=-13|snr=-9,rsrp=-93|rsrq=-14|snr=-9,1,1,0.25
rsrp=-93|rsrq=-13|snr=0,rsrp=-91|rsrq=-13|snr=0,1,1,0.5
rsrp=-93|rsrq=-13|snr=0,rsrp=-93|rsrq=-13|snr=0,1,1,0.5
rsrp=-93|rsrq=-13|snr=1,rsrp=-93|rsrq=-13|snr=1,1,1,0.5
rsrp=-93|rsrq=-13|snr=1,rsrp=-93|rsrq=-13|snr=2,1,1,0.5
rsrp=-93|rsrq=-13|snr=2,rsrp=-91|rsrq=-15|snr=3,1,1,0.25
rsrp=-93|rsrq=-13|snr=2,rsrp=-93|rsrq=-15|snr=-10,1,1,0.25
rsrp=-93|rsrq=-13|snr=3,rsrp=-92|rsrq=-14|snr=-2,1,1,0.25
rsrp=-93|rsrq=-14|snr=-1,rsrp=-93|rsrq=-13|snr=-9,1,1,0.25
rsrp=-93|rsrq=-14|snr=-1,rsrp=-94|rsrq=-13|snr=-2,1,1,0.25
rsrp=-93|rsrq=-14|snr=-3,rsrp=-92|rsrq=-16|snr=-1,1,1,0.5
rsrp=-93|rsrq=-14|snr=-3,rsrp=-93|rsrq=-14|snr=-3,1,1,0.5
rsrp=-93|rsrq=-14|snr=-4,rsrp=-93|rsrq=-14|snr=-4,1,1,0.5
rsrp=-93|rsrq=-14|snr=-4,rsrp=-94|rsrq=-14|snr=-3,1,1,0.5
rsrp=-93|rsrq=-14|snr=-9,rsrp=-91|rsrq=-11|snr=5,1,1,0.25
rsrp=-93|rsrq=-14|snr=-9,rsrp=-94|rsrq=-13|snr=2,1,1,0.25
rsrp=-93|rsrq=-14|snr=0,rsrp=-91|rsrq=-11|snr=4,1,1,0.166666666667
rsrp=-93|rsrq=-14|snr=0,rsrp=-91|rsrq=-16|snr=1,1,1,0.166666666667
rsrp=-93|rsrq=-14|snr=0,rsrp=-93|rsrq=-12|snr=2,1,1,0.166666666667
rsrp=-93|rsrq=-14|snr=1,rsrp=-90|rsrq=-12|snr=-1,1,1,0.5
rsrp=-93|rsrq=-14|snr=1,rsrp=-93|rsrq=-14|snr=1,1,1,0.5
rsrp=-93|rsrq=-15|snr=-1,rsrp=-93|rsrq=-15|snr=-1,1,1,1
rsrp=-93|rsrq=-15|snr=-10,rsrp=-93|rsrq=-13|snr=3,1,1,1
rsrp=-93|rsrq=-15|snr=-8,rsrp=-93|rsrq=-13|snr=-1,1,1,0.5
rsrp=-93|rsrq=-15|snr=-8,rsrp=-93|rsrq=-15|snr=-8,1,1,0.5
rsrp=-93|rsrq=-15|snr=-9,rsrp=-92|rsrq=-13|snr=-5,1,1,0.5
rsrp=-93|rsrq=-15|snr=-9,rsrp=-93|rsrq=-15|snr=-9,1,1,0.5
rsrp=-93|rsrq=-15|snr=0,rsrp=-92|rsrq=-13|snr=2,1,1,0.5
rsrp=-93|rsrq=-15|snr=0,rsrp=-93|rsrq=-15|snr=0,1,1,0.5
rsrp=-93|rsrq=-15|snr=1,rsrp=-92|rsrq=-13|snr=1,1,1,0.5
rsrp=-93|rsrq=-15|snr=1,rsrp=-93|rsrq=-15|snr=1,1,1,0.5
rsrp=-93|rsrq=-15|snr=3,rsrp=-93|rsrq=-15|snr=3,1,1,0.5
rsrp=-93|rsrq=-15|snr=3,rsrp=-93|rsrq=-16|snr=-5,1,1,0.5
rsrp=-93|rsrq=-16|snr=-1,rsrp=-93|rsrq=-16|snr=-1,1,1,0.5
rsrp=-93|rsrq=-16|snr=-1,rsrp=-95|rsrq=-15|snr=-2,1,1,0.5
rsrp=-93|rsrq=-16|snr=-2,rsrp=-91|rsrq=-11|snr=-1,1,1,0.5
rsrp=-93|rsrq=-16|snr=-2,rsrp=-93|rsrq=-16|snr=-2,1,1,0.5
rsrp=-93|rsrq=-16|snr=-3,rsrp=-93|rsrq=-14|snr=1,1,1,0.2
rsrp=-93|rsrq=-16|snr=-3,rsrp=-93|rsrq=-15|snr=3,1,1,0.2
rsrp=-93|rsrq=-16|snr=-4,rsrp=-92|rsrq=-14|snr=-6,1,1,0.5
rsrp=-93|rsrq=-16|snr=-4,rsrp=-93|rsrq=-16|snr=-4,1,1,0.5
rsrp=-93|rsrq=-16|snr=-5,rsrp=-92|rsrq=-12|snr=-9,1,1,0.5
rsrp=-93|rsrq=-16|snr=-5,rsrp=-93|rsrq=-16|snr=-5,1,1,0.5
rsrp=-93|rsrq=-16|snr=0,rsrp=-91|rsrq=-16|snr=-10,1,1,0.5
rsrp=-93|rsrq=-16|snr=0,rsrp=-93|rsrq=-16|snr=0,1,1,0.5
rsrp=-93|rsrq=-16|snr=1,rsrp=-93|rsrq=-16|snr=1,1,1,0.5
rsrp=-93|rsrq=-16|snr=1,rsrp=-95|rsrq=-15|snr=-5,1,1,0.5
rsrp=-93|rsrq=-17|snr=-1,rsrp=-92|rsrq=-15|snr=-4,1,1,0.5
rsrp=-93|rsrq=-17|snr=-1,rsrp=-93|rsrq=-17|snr=-1,1,1,0.5
rsrp=-93|rsrq=-17|snr=-10,rsrp=-93|rsrq=-16|snr=-2,1,1,0.5
rsrp=-93|rsrq=-17|snr=-10,rsrp=-93|rsrq=-17|snr=-10,1,1,0.5
rsrp=-93|rsrq=-17|snr=3,rsrp=-93|rsrq=-17|snr=3,1,1,0.5
rsrp=-93|rsrq=-17|snr=3,rsrp=-94|rsrq=-19|snr=-10,1,1,0.5
rsrp=-94|rsrq=-10|snr=10,rsrp=-94|rsrq=-10|snr=10,1,1,0.5
rsrp=-94|rsrq=-10|snr=10,rsrp=-94|rsrq=-9|snr=6,1,1,0.5
rsrp=-94|rsrq=-11|snr=-1,rsrp=-93|rsrq=-15|snr=-8,1,1,0.5
rsrp=-94|rsrq=-11|snr=-1,rsrp=-94|rsrq=-11|snr=-1,1,1,0.5
rsrp=-94|rsrq=-11|snr=7,rsrp=-94|rsrq=-11|snr=7,1,1,0.5
rsrp=-94|rsrq=-11|snr=7,rsrp=-94|rsrq=-16|snr=1,1,1,0.5
rsrp=-94|rsrq=-12|snr=-2,rsrp=-94|rsrq=-11|snr=-1,1,1,0.5
rsrp=-94|rsrq=-12|snr=-2,rsrp=-94|rsrq=-12|snr=-2,1,1,0.5
rsrp=-94|rsrq=-12|snr=1,rsrp=-93|rsrq=-12|snr=1,1,1,0.5
rsrp=-94|rsrq=-12|snr=1,rsrp=-94|rsrq=-12|snr=1,1,1,0.5
rsrp=-94|rsrq=-13|snr=-2,rsrp=-94|rsrq=-15|snr=-2,1,1,1
rsrp=-94|rsrq=-13|snr=-3,rsrp=-92|rsrq=-15|snr=-4,1,1,0.25
rsrp=-94|rsrq=-13|snr=-3,rsrp=-94|rsrq=-14|snr=-1,1,1,0.25
rsrp=-94|rsrq=-13|snr=-7,rsrp=-93|rsrq=-16|snr=1,1,1,0.5
rsrp=-94|rsrq=-13|snr=-7,rsrp=-94|rsrq=-13|snr=-7,1,1,0.5
rsrp=-94|rsrq=-13|snr=1,rsrp=-92|rsrq=-18|snr=-1,1,1,0.5
rsrp=-94|rsrq=-13|snr=1,rsrp=-94|rsrq=-13|snr=1,1,1,0.5
rsrp=-94|rsrq=-13|snr=2,rsrp=-92|rsrq=-12|snr=-1,1,1,0.5
rsrp=-94|rsrq=-13|snr=2,rsrp=-94|rsrq=-13|snr=2,1,1,0.5
rsrp=-94|rsrq=-14|snr=-1,rsrp=-93|rsrq=-13|snr=-3,1,1,0.5
rsrp=-94|rsrq=-14|snr=-1,rsrp=-94|rsrq=-14|snr=-1,1,1,0.5
rsrp=-94|rsrq=-14|snr=-3,rsrp=-94|rsrq=-14|snr=-3,1,1,0.5
rsrp=-94|rsrq=-14|snr=-3,rsrp=-94|rsrq=-17|snr=0,1,1,0.5
rsrp=-94|rsrq=-14|snr=1,rsrp=-94|rsrq=-13|snr=-3,1,1,0.5
rsrp=-94|rsrq=-14|snr=1,rsrp=-94|rsrq=-14|snr=1,1,1,0.5
rsrp=-94|rsrq=-15|snr=-2,rsrp=-92|rsrq=-17|snr=-10,1,1,0.5
rsrp=-94|rsrq=-15|snr=-2,rsrp=-94|rsrq=-15|snr=-2,1,1,0.5
rsrp=-94|rsrq=-15|snr=1,rsrp=-89|rsrq=-17|snr=-5,1,1,0.5
rsrp=-94|rsrq=-15|snr=1,rsrp=-94|rsrq=-15|snr=1,1,1,0.5
rsrp=-94|rsrq=-15|snr=3,rsrp=-94|rsrq=-15|snr=3,1,1,0.5
rsrp=-94|rsrq=-15|snr=3,rsrp=-95|rsrq=-16|snr=9,1,1,0.5
rsrp=-94|rsrq=-15|snr=5,rsrp=-94|rsrq=-15|snr=5,1,1,1
rsrp=-94|rsrq=-16|snr=-2,rsrp=-93|rsrq=-16|snr=-1,1,1,0.5
rsrp=-94|rsrq=-16|snr=-2,rsrp=-94|rsrq=-16|snr=-2,1,1,0.5
rsrp=-94|rsrq=-16|snr=-8,rsrp=-94|rsrq=-16|snr=-8,1,1,0.5
rsrp=-94|rsrq=-16|snr=-8,rsrp=-95|rsrq=-16|snr=-3,1,1,0.5
rsrp=-94|rsrq=-16|snr=1,rsrp=-94|rsrq=-16|snr=1,1,1,0.5
rsrp=-94|rsrq=-16|snr=1,rsrp=-94|rsrq=-17|snr=3,1,1,0.5
rsrp=-94|rsrq=-16|snr=3,rsrp=-94|rsrq=-16|snr=3,1,1,0.5
rsrp=-94|rsrq=-16|snr=3,rsrp=-94|rsrq=-16|snr=4,1,1,0.5
rsrp=-94|rsrq=-16|snr=4,rsrp=-94|rsrq=-16|snr=4,1,1,0.5
rsrp=-94|rsrq=-16|snr=4,rsrp=-98|rsrq=-16|snr=4,1,1,0.5
rsrp=-94|rsrq=-16|snr=6,rsrp=-94|rsrq=-16|snr=6,1,1,1
rsrp=-94|rsrq=-17|snr=0,rsrp=-94|rsrq=-17|snr=0,1,1,1
rsrp=-94|rsrq=-17|snr=3,rsrp=-94|rsrq=-16|snr=3,1,1,0.5
rsrp=-94|rsrq=-17|snr=3,rsrp=-94|rsrq=-17|snr=3,1,1,0.5
rsrp=-94|rsrq=-17|snr=4,rsrp=-95|rsrq=-14|snr=3,1,1,0.333333333333
rsrp=-94|rsrq=-19|snr=-10,rsrp=-94|rsrq=-19|snr=-10,1,1,0.5
rsrp=-94|rsrq=-19|snr=-10,rsrp=-95|rsrq=-14|snr=-3,1,1,0.5
rsrp=-94|rsrq=-9|snr=6,rsrp=-94|rsrq=-9|snr=6,1,1,1
rsrp=-95|rsrq=-11|snr=1,rsrp=-96|rsrq=-14|snr=4,1,1,0.25
rsrp=-95|rsrq=-11|snr=1,rsrp=-97|rsrq=-14|snr=-1,1,1,0.25
rsrp=-95|rsrq=-11|snr=2,rsrp=-95|rsrq=-11|snr=2,1,1,1
rsrp=-95|rsrq=-12|snr=-12,rsrp=-93|rsrq=-14|snr=-4,1,1,0.5
rsrp=-95|rsrq=-12|snr=-12,rsrp=-95|rsrq=-12|snr=-12,1,1,0.5
rsrp=-95|rsrq=-12|snr=8,rsrp=-95|rsrq=-12|snr=8,1,1,1
rsrp=-95|rsrq=-13|snr=1,rsrp=-91|rsrq=-14|snr=-9,1,1,0.5
rsrp=-95|rsrq=-13|snr=1,rsrp=-95|rsrq=-13|snr=1,1,1,0.5
rsrp=-95|rsrq=-13|snr=3,rsrp=-95|rsrq=-13|snr=1,1,1,0.25
rsrp=-95|rsrq=-13|snr=3,rsrp=-96|rsrq=-12|snr=4,1,1,0.25
rsrp=-95|rsrq=-14|snr=-3,rsrp=-94|rsrq=-12|snr=1,1,1,0.5
rsrp=-95|rsrq=-14|snr=-3,rsrp=-95|rsrq=-14|snr=-3,1,1,0.5
rsrp=-95|rsrq=-14|snr=0,rsrp=-95|rsrq=-14|snr=0,1,1,1
rsrp=-95|rsrq=-14|snr=2,rsrp=-95|rsrq=-14|snr=2,1,1,0.5
rsrp=-95|rsrq=-14|snr=2,rsrp=-96|rsrq=-15|snr=4,1,1,0.5
rsrp=-95|rsrq=-14|snr=3,rsrp=-94|rsrq=-16|snr=3,1,1,0.5
rsrp=-95|rsrq=-14|snr=3,rsrp=-95|rsrq=-14|snr=3,1,1,0.5
rsrp=-95|rsrq=-15|snr=-2,rsrp=-93|rsrq=-17|snr=-1,1,1,0.5
rsrp=-95|rsrq=-15|snr=-2,rsrp=-95|rsrq=-15|snr=-2,1,1,0.5
rsrp=-95|rsrq=-15|snr=-5,rsrp=-92|rsrq=-16|snr=-7,1,1,1
rsrp=-95|rsrq=-15|snr=-6,rsrp=-94|rsrq=-15|snr=1,1,1,0.5
rsrp=-95|rsrq=-15|snr=-6,rsrp=-95|rsrq=-15|snr=-6,1,1,0.5
rsrp=-95|rsrq=-15|snr=11,rsrp=-96|rsrq=-15|snr=6,1,1,1
rsrp=-95|rsrq=-15|snr=6,rsrp=-96|rsrq=-15|snr=5,1,1,0.25
rsrp=-95|rsrq=-16|snr=-3,rsrp=-92|rsrq=-14|snr=-1,1,1,0.333333333333
rsrp=-95|rsrq=-16|snr=2,rsrp=-95|rsrq=-11|snr=1,1,1,1
rsrp=-95|rsrq=-16|snr=3,rsrp=-94|rsrq=-10|snr=10,1,1,1
rsrp=-95|rsrq=-16|snr=5,rsrp=-94|rsrq=-15|snr=5,1,1,0.25
rsrp=-95|rsrq=-16|snr=5,rsrp=-95|rsrq=-15|snr=11,1,1,0.25
rsrp=-95|rsrq=-16|snr=9,rsrp=-95|rsrq=-16|snr=5,1,1,0.5
rsrp=-95|rsrq=-16|snr=9,rsrp=-95|rsrq=-16|snr=9,1,1,0.5
rsrp=-96|rsrq=-10|snr=2,rsrp=-95|rsrq=-11|snr=2,1,1,0.5
rsrp=-96|rsrq=-10|snr=2,rsrp=-96|rsrq=-10|snr=2,1,1,0.5
rsrp=-96|rsrq=-10|snr=6,rsrp=-96|rsrq=-13|snr=-3,1,1,0.25
rsrp=-96|rsrq=-10|snr=6,rsrp=-96|rsrq=-15|snr=5,1,1,0.25
rsrp=-96|rsrq=-11|snr=0,rsrp=-96|rsrq=-11|snr=0,1,1,0.5
rsrp=-96|rsrq=-11|snr=0,rsrp=-96|rsrq=-14|snr=2,1,1,0.5
rsrp=-96|rsrq=-11|snr=2,rsrp=-96|rsrq=-11|snr=2,1,1,1
rsrp=-96|rsrq=-11|snr=5,rsrp=-96|rsrq=-11|snr=5,1,1,0.5
rsrp=-96|rsrq=-11|snr=5,rsrp=-96|rsrq=-15|snr=1,1,1,0.5
rsrp=-96|rsrq=-11|snr=7,rsrp=-96|rsrq=-11|snr=7,1,1,0.5
rsrp=-96|rsrq=-11|snr=7,rsrp=-97|rsrq=-13|snr=4,1,1,0.5
rsrp=-96|rsrq=-12|snr=1,rsrp=-95|rsrq=-13|snr=3,1,1,0.5
rsrp=-96|rsrq=-12|snr=1,rsrp=-96|rsrq=-12|snr=1,1,1,0.5
rsrp=-96|rsrq=-12|snr=2,rsrp=-96|rsrq=-12|snr=2,1,1,1
rsrp=-96|rsrq=-12|snr=4,rsrp=-96|rsrq=-12|snr=4,1,1,0.5
rsrp=-96|rsrq=-12|snr=4,rsrp=-96|rsrq=-12|snr=9,1,1,0.5
rsrp=-96|rsrq=-12|snr=9,rsrp=-96|rsrq=-11|snr=5,1,1,1
rsrp=-96|rsrq=-13|snr=-3,rsrp=-96|rsrq=-13|snr=-3,1,1,0.5
rsrp=-96|rsrq=-13|snr=-3,rsrp=-96|rsrq=-13|snr=-4,1,1,0.5
rsrp=-96|rsrq=-13|snr=4,rsrp=-96|rsrq=-12|snr=1,1,1,0.25
rsrp=-96|rsrq=-13|snr=4,rsrp=-96|rsrq=-16|snr=0,1,1,0.25
rsrp=-96|rsrq=-13|snr=6,rsrp=-95|rsrq=-16|snr=5,1,1,0.25
rsrp=-96|rsrq=-14|snr=-3,rsrp=-96|rsrq=-14|snr=-3,1,1,0.5
rsrp=-96|rsrq=-14|snr=-3,rsrp=-96|rsrq=-16|snr=0,1,1,0.5
rsrp=-96|rsrq=-14|snr=0,rsrp=-95|rsrq=-14|snr=0,1,1,0.25
rsrp=-96|rsrq=-14|snr=0,rsrp=-97|rsrq=-12|snr=6,1,1,0.25
rsrp=-96|rsrq=-14|snr=12,rsrp=-96|rsrq=-14|snr=12,1,1,0.5
rsrp=-96|rsrq=-14|snr=12,rsrp=-96|rsrq=-16|snr=8,1,1,0.5
rsrp=-96|rsrq=-14|snr=2,rsrp=-96|rsrq=-14|snr=2,1,1,0.5
rsrp=-96|rsrq=-14|snr=2,rsrp=-96|rsrq=-15|snr=4,1,1,0.5
rsrp=-96|rsrq=-14|snr=4,rsrp=-96|rsrq=-14|snr=4,1,1,1
rsrp=-96|rsrq=-14|snr=5,rsrp=-96|rsrq=-14|snr=5,1,1,0.5
rsrp=-96|rsrq=-14|snr=5,rsrp=-97|rsrq=-15|snr=3,1,1,0.5
rsrp=-96|rsrq=-15|snr=-3,rsrp=-96|rsrq=-14|snr=5,1,1,0.5
rsrp=-96|rsrq=-15|snr=-3,rsrp=-96|rsrq=-15|snr=-3,1,1,0.5
rsrp=-96|rsrq=-15|snr=1,rsrp=-95|rsrq=-14|snr=2,1,1,0.333333333333
rsrp=-96|rsrq=-15|snr=1,rsrp=-96|rsrq=-15|snr=1,1,1,0.333333333333
rsrp=-96|rsrq=-15|snr=1,rsrp=-96|rsrq=-17|snr=2,1,1,0.333333333333
rsrp=-96|rsrq=-15|snr=4,rsrp=-95|rsrq=-16|snr=2,1,1,0.2
rsrp=-96|rsrq=-15|snr=4,rsrp=-97|rsrq=-16|snr=4,1,1,0.2
rsrp=-96|rsrq=-15|snr=5,rsrp=-94|rsrq=-15|snr=3,1,1,0.166666666667
rsrp=-96|rsrq=-15|snr=5,rsrp=-96|rsrq=-16|snr=4,1,1,0.166666666667
rsrp=-96|rsrq=-15|snr=6,rsrp=-96|rsrq=-17|snr=4,1,1,0.25
rsrp=-96|rsrq=-15|snr=6,rsrp=-97|rsrq=-14|snr=6,1,1,0.25
rsrp=-96|rsrq=-15|snr=8,rsrp=-96|rsrq=-15|snr=8,1,1,0.5
rsrp=-96|rsrq=-15|snr=8,rsrp=-98|rsrq=-15|snr=8,1,1,0.5
rsrp=-96|rsrq=-16|snr=0,rsrp=-96|rsrq=-16|snr=2,1,1,0.25
rsrp=-96|rsrq=-16|snr=0,rsrp=-98|rsrq=-17|snr=2,1,1,0.25
rsrp=-96|rsrq=-16|snr=2,rsrp=-96|rsrq=-16|snr=2,1,1,0.5
rsrp=-96|rsrq=-16|snr=2,rsrp=-97|rsrq=-13|snr=-2,1,1,0.5
rsrp=-96|rsrq=-16|snr=3,rsrp=-96|rsrq=-16|snr=3,1,1,0.5
rsrp=-96|rsrq=-16|snr=3,rsrp=-97|rsrq=-15|snr=7,1,1,0.5
rsrp=-96|rsrq=-16|snr=4,rsrp=-96|rsrq=-16|snr=4,1,1,0.5
rsrp=-96|rsrq=-16|snr=4,rsrp=-96|rsrq=-16|snr=5,1,1,0.5
rsrp=-96|rsrq=-16|snr=5,rsrp=-96|rsrq=-16|snr=7,1,1,0.2
rsrp=-96|rsrq=-16|snr=7,rsrp=-96|rsrq=-16|snr=7,1,1,0.333333333333
rsrp=-96|rsrq=-16|snr=8,rsrp=-96|rsrq=-16|snr=7,1,1,0.25
rsrp=-96|rsrq=-16|snr=8,rsrp=-97|rsrq=-11|snr=2,1,1,0.25
rsrp=-96|rsrq=-17|snr=2,rsrp=-95|rsrq=-15|snr=6,1,1,0.5
rsrp=-96|rsrq=-17|snr=2,rsrp=-96|rsrq=-17|snr=2,1,1,0.5
rsrp=-96|rsrq=-17|snr=4,rsrp=-96|rsrq=-9|snr=5,1,1,0.25
rsrp=-96|rsrq=-17|snr=4,rsrp=-97|rsrq=-17|snr=3,1,1,0.25
rsrp=-96|rsrq=-17|snr=5,rsrp=-96|rsrq=-17|snr=6,1,1,0.25
rsrp=-96|rsrq=-17|snr=6,rsrp=-95|rsrq=-12|snr=8,1,1,0.25
rsrp=-96|rsrq=-17|snr=6,rsrp=-96|rsrq=-13|snr=6,1,1,0.25
rsrp=-96|rsrq=-17|snr=8,rsrp=-96|rsrq=-17|snr=8,1,1,0.5
rsrp=-96|rsrq=-17|snr=8,rsrp=-97|rsrq=-16|snr=7,1,1,0.5
rsrp=-96|rsrq=-18|snr=0,rsrp=-96|rsrq=-11|snr=0,1,1,1
rsrp=-96|rsrq=-9|snr=5,rsrp=-96|rsrq=-15|snr=1,1,1,0.5
rsrp=-96|rsrq=-9|snr=5,rsrp=-96|rsrq=-9|snr=5,1,1,0.5
rsrp=-96|rsrq=-9|snr=7,rsrp=-96|rsrq=-9|snr=7,1,1,0.5
rsrp=-96|rsrq=-9|snr=7,rsrp=-98|rsrq=-13|snr=3,1,1,0.5
rsrp=-97|rsrq=-10|snr=13,rsrp=-97|rsrq=-10|snr=13,1,1,0.5
rsrp=-97|rsrq=-10|snr=13,rsrp=-98|rsrq=-13|snr=1,1,1,0.5
rsrp=-97|rsrq=-10|snr=5,rsrp=-97|rsrq=-10|snr=5,1,1,0.5
rsrp=-97|rsrq=-10|snr=5,rsrp=-97|rsrq=-9|snr=9,1,1,0.5
rsrp=-97|rsrq=-11|snr=0,rsrp=-97|rsrq=-11|snr=0,1,1,0.5
rsrp=-97|rsrq=-11|snr=0,rsrp=-97|rsrq=-12|snr=4,1,1,0.5
rsrp=-97|rsrq=-11|snr=11,rsrp=-97|rsrq=-11|snr=11,1,1,1
rsrp=-97|rsrq=-11|snr=2,rsrp=-96|rsrq=-11|snr=2,1,1,0.5
rsrp=-97|rsrq=-11|snr=2,rsrp=-97|rsrq=-11|snr=2,1,1,0.5
rsrp=-97|rsrq=-11|snr=3,rsrp=-97|rsrq=-11|snr=3,1,1,0.5
rsrp=-97|rsrq=-11|snr=3,rsrp=-97|rsrq=-16|snr=7,1,1,0.5
rsrp=-97|rsrq=-11|snr=6,rsrp=-96|rsrq=-10|snr=2,1,1,0.333333333333
rsrp=-97|rsrq=-11|snr=6,rsrp=-97|rsrq=-11|snr=6,1,1,0.333333333333
rsrp=-97|rsrq=-11|snr=6,rsrp=-97|rsrq=-12|snr=12,1,1,0.333333333333
rsrp=-97|rsrq=-11|snr=7,rsrp=-97|rsrq=-11|snr=7,1,1,1
rsrp=-97|rsrq=-11|snr=8,rsrp=-97|rsrq=-11|snr=8,1,1,0.5
rsrp=-97|rsrq=-11|snr=8,rsrp=-98|rsrq=-12|snr=11,1,1,0.5
rsrp=-97|rsrq=-12|snr=0,rsrp=-97|rsrq=-12|snr=0,1,1,0.5
rsrp=-97|rsrq=-12|snr=0,rsrp=-97|rsrq=-13|snr=-4,1,1,0.5
rsrp=-97|rsrq=-12|snr=1,rsrp=-100|rsrq=-11|snr=1,1,1,0.333333333333
rsrp=-97|rsrq=-12|snr=1,rsrp=-97|rsrq=-12|snr=1,1,1,0.333333333333
rsrp=-97|rsrq=-12|snr=1,rsrp=-97|rsrq=-12|snr=4,1,1,0.333333333333
rsrp=-97|rsrq=-12|snr=11,rsrp=-97|rsrq=-12|snr=11,1,1,0.333333333333
rsrp=-97|rsrq=-12|snr=11,rsrp=-97|rsrq=-13|snr=8,1,1,0.333333333333
rsrp=-97|rsrq=-12|snr=11,rsrp=-97|rsrq=-9|snr=4,1,1,0.333333333333
rsrp=-97|rsrq=-12|snr=12,rsrp=-97|rsrq=-11|snr=0,1,1,0.5
rsrp=-97|rsrq=-12|snr=12,rsrp=-97|rsrq=-12|snr=12,1,1,0.5
rsrp=-97|rsrq=-12|snr=4,rsrp=-96|rsrq=-14|snr=-3,1,1,0.2
rsrp=-97|rsrq=-12|snr=4,rsrp=-97|rsrq=-14|snr=8,1,1,0.2
rsrp=-97|rsrq=-12|snr=6,rsrp=-96|rsrq=-15|snr=-3,1,1,0.5
rsrp=-97|rsrq=-12|snr=6,rsrp=-97|rsrq=-12|snr=6,1,1,0.5
rsrp=-97|rsrq=-12|snr=7,rsrp=-96|rsrq=-11|snr=7,1,1,0.5
rsrp=-97|rsrq=-12|snr=7,rsrp=-97|rsrq=-12|snr=7,1,1,0.5
rsrp=-97|rsrq=-13|snr=-1,rsrp=-97|rsrq=-13|snr=-1,1,1,0.5
rsrp=-97|rsrq=-13|snr=-1,rsrp=-97|rsrq=-14|snr=-1,1,1,0.5
rsrp=-97|rsrq=-13|snr=-2,rsrp=-97|rsrq=-11|snr=6,1,1,0.333333333333
rsrp=-97|rsrq=-13|snr=-4,rsrp=-97|rsrq=-13|snr=-4,1,1,0.5
rsrp=-97|rsrq=-13|snr=-4,rsrp=-97|rsrq=-15|snr=1,1,1,0.5
rsrp=-97|rsrq=-13|snr=0,rsrp=-97|rsrq=-13|snr=0,1,1,1
rsrp=-97|rsrq=-13|snr=3,rsrp=-97|rsrq=-13|snr=3,1,1,0.5
rsrp=-97|rsrq=-13|snr=3,rsrp=-98|rsrq=-14|snr=4,1,1,0.5
rsrp=-97|rsrq=-13|snr=4,rsrp=-97|rsrq=-13|snr=4,1,1,1
rsrp=-97|rsrq=-13|snr=5,rsrp=-98|rsrq=-15|snr=1,1,1,0.25
rsrp=-97|rsrq=-13|snr=5,rsrp=-99|rsrq=-13|snr=2,1,1,0.25
rsrp=-97|rsrq=-13|snr=8,rsrp=-97|rsrq=-11|snr=11,1,1,0.5
rsrp=-97|rsrq=-13|snr=8,rsrp=-97|rsrq=-13|snr=8,1,1,0.5
rsrp=-97|rsrq=-14|snr=-1,rsrp=-96|rsrq=-14|snr=0,1,1,0.166666666667
rsrp=-97|rsrq=-14|snr=-1,rsrp=-97|rsrq=-15|snr=-1,1,1,0.166666666667
rsrp=-97|rsrq=-14|snr=-1,rsrp=-97|rsrq=-16|snr=-3,1,1,0.166666666667
rsrp=-97|rsrq=-14|snr=0,rsrp=-96|rsrq=-16|snr=8,1,1,0.5
rsrp=-97|rsrq=-14|snr=0,rsrp=-97|rsrq=-14|snr=0,1,1,0.5
rsrp=-97|rsrq=-14|snr=1,rsrp=-97|rsrq=-15|snr=-3,1,1,0.25
rsrp=-97|rsrq=-14|snr=1,rsrp=-98|rsrq=-15|snr=2,1,1,0.25
rsrp=-97|rsrq=-14|snr=3,rsrp=-97|rsrq=-14|snr=3,1,1,0.5
rsrp=-97|rsrq=-14|snr=3,rsrp=-98|rsrq=-12|snr=2,1,1,0.5
rsrp=-97|rsrq=-14|snr=6,rsrp=-97|rsrq=-12|snr=11,1,1,0.25
rsrp=-97|rsrq=-14|snr=8,rsrp=-97|rsrq=-16|snr=7,1,1,0.25
rsrp=-97|rsrq=-14|snr=8,rsrp=-99|rsrq=-15|snr=7,1,1,0.25
rsrp=-97|rsrq=-14|snr=9,rsrp=-97|rsrq=-12|snr=1,1,1,1
rsrp=-97|rsrq=-15|snr=-1,rsrp=-97|rsrq=-13|snr=3,1,1,0.333333333333
rsrp=-97|rsrq=-15|snr=-1,rsrp=-97|rsrq=-15|snr=-1,1,1,0.333333333333
rsrp=-97|rsrq=-15|snr=-1,rsrp=-98|rsrq=-15|snr=-2,1,1,0.333333333333
rsrp=-97|rsrq=-15|snr=-3,rsrp=-96|rsrq=-10|snr=6,1,1,0.25
rsrp=-97|rsrq=-15|snr=-3,rsrp=-97|rsrq=-15|snr=-5,1,1,0.25
rsrp=-97|rsrq=-15|snr=-5,rsrp=-97|rsrq=-14|snr=-1,1,1,0.5
rsrp=-97|rsrq=-15|snr=-5,rsrp=-97|rsrq=-15|snr=-5,1,1,0.5
rsrp=-97|rsrq=-15|snr=0,rsrp=-96|rsrq=-12|snr=2,1,1,0.25
rsrp=-97|rsrq=-15|snr=0,rsrp=-97|rsrq=-16|snr=5,1,1,0.25
rsrp=-97|rsrq=-15|snr=1,rsrp=-97|rsrq=-11|snr=7,1,1,0.25
rsrp=-97|rsrq=-15|snr=1,rsrp=-98|rsrq=-16|snr=2,1,1,0.25
rsrp=-97|rsrq=-15|snr=3,rsrp=-97|rsrq=-13|snr=0,1,1,0.5
rsrp=-97|rsrq=-15|snr=3,rsrp=-97|rsrq=-15|snr=3,1,1,0.5
rsrp=-97|rsrq=-15|snr=4,rsrp=-97|rsrq=-16|snr=1,1,1,0.25
rsrp=-97|rsrq=-15|snr=4,rsrp=-98|rsrq=-15|snr=5,1,1,0.25
rsrp=-97|rsrq=-15|snr=6,rsrp=-97|rsrq=-15|snr=0,1,1,0.25
rsrp=-97|rsrq=-15|snr=6,rsrp=-98|rsrq=-14|snr=7,1,1,0.25
rsrp=-97|rsrq=-15|snr=7,rsrp=-96|rsrq=-15|snr=5,1,1,0.333333333333
rsrp=-97|rsrq=-15|snr=7,rsrp=-96|rsrq=-17|snr=8,1,1,0.333333333333
rsrp=-97|rsrq=-15|snr=7,rsrp=-97|rsrq=-15|snr=7,1,1,0.333333333333
rsrp=-97|rsrq=-16|snr=-3,rsrp=-97|rsrq=-15|snr=-3,1,1,0.5
rsrp=-97|rsrq=-16|snr=-3,rsrp=-97|rsrq=-16|snr=-3,1,1,0.5
rsrp=-97|rsrq=-16|snr=0,rsrp=-97|rsrq=-15|snr=1,1,1,0.5
rsrp=-97|rsrq=-16|snr=0,rsrp=-97|rsrq=-16|snr=0,1,1,0.5
rsrp=-97|rsrq=-16|snr=1,rsrp=-97|rsrq=-15|snr=6,1,1,0.5
rsrp=-97|rsrq=-16|snr=1,rsrp=-97|rsrq=-16|snr=1,1,1,0.5
rsrp=-97|rsrq=-16|snr=10,rsrp=-97|rsrq=-14|snr=9,1,1,0.5
rsrp=-97|rsrq=-16|snr=10,rsrp=-97|rsrq=-16|snr=10,1,1,0.5
rsrp=-97|rsrq=-16|snr=4,rsrp=-97|rsrq=-11|snr=6,1,1,0.2
rsrp=-97|rsrq=-16|snr=4,rsrp=-98|rsrq=-14|snr=3,1,1,0.2
rsrp=-97|rsrq=-16|snr=5,rsrp=-96|rsrq=-14|snr=12,1,1,0.1
rsrp=-97|rsrq=-16|snr=5,rsrp=-96|rsrq=-15|snr=4,1,1,0.1
rsrp=-97|rsrq=-16|snr=5,rsrp=-97|rsrq=-14|snr=1,1,1,0.1
rsrp=-97|rsrq=-16|snr=5,rsrp=-97|rsrq=-14|snr=6,1,1,0.1
rsrp=-97|rsrq=-16|snr=5,rsrp=-97|rsrq=-17|snr=3,1,1,0.1
rsrp=-97|rsrq=-16|snr=6,rsrp=-96|rsrq=-16|snr=5,1,1,0.333333333333
rsrp=-97|rsrq=-16|snr=7,rsrp=-97|rsrq=-16|snr=6,1,1,0.0909090909091
rsrp=-97|rsrq=-16|snr=7,rsrp=-97|rsrq=-17|snr=5,1,1,0.0909090909091
rsrp=-97|rsrq=-16|snr=7,rsrp=-98|rsrq=-15|snr=6,1,1,0.0909090909091
rsrp=-97|rsrq=-16|snr=7,rsrp=-98|rsrq=-17|snr=5,1,1,0.0909090909091
rsrp=-97|rsrq=-16|snr=9,rsrp=-97|rsrq=-16|snr=9,1,1,0.5
rsrp=-97|rsrq=-16|snr=9,rsrp=-99|rsrq=-16|snr=3,1,1,0.5
rsrp=-97|rsrq=-17|snr=3,rsrp=-97|rsrq=-16|snr=5,1,1,0.333333333333
rsrp=-97|rsrq=-17|snr=5,rsrp=-98|rsrq=-16|snr=2,1,1,1
rsrp=-97|rsrq=-9|snr=1,rsrp=-97|rsrq=-9|snr=1,1,1,0.5
rsrp=-97|rsrq=-9|snr=1,rsrp=-99|rsrq=-11|snr=6,1,1,0.5
rsrp=-97|rsrq=-9|snr=8,rsrp=-97|rsrq=-9|snr=8,1,1,1
rsrp=-97|rsrq=-9|snr=9,rsrp=-97|rsrq=-9|snr=9,1,1,1
rsrp=-98|rsrq=-10|snr=1,rsrp=-98|rsrq=-13|snr=-1,1,1,0.25
rsrp=-98|rsrq=-10|snr=2,rsrp=-98|rsrq=-14|snr=12,1,1,0.25
rsrp=-98|rsrq=-10|snr=2,rsrp=-99|rsrq=-12|snr=-2,1,1,0.25
rsrp=-98|rsrq=-10|snr=4,rsrp=-98|rsrq=-10|snr=8,1,1,0.25
rsrp=-98|rsrq=-10|snr=4,rsrp=-98|rsrq=-12|snr=5,1,1,0.25
rsrp=-98|rsrq=-10|snr=5,rsrp=-98|rsrq=-10|snr=5,1,1,0.5
rsrp=-98|rsrq=-10|snr=5,rsrp=-99|rsrq=-11|snr=-1,1,1,0.5
rsrp=-98|rsrq=-10|snr=8,rsrp=-98|rsrq=-10|snr=8,1,1,0.5
rsrp=-98|rsrq=-10|snr=8,rsrp=-99|rsrq=-11|snr=4,1,1,0.5
rsrp=-98|rsrq=-10|snr=9,rsrp=-98|rsrq=-10|snr=9,1,1,0.5
rsrp=-98|rsrq=-10|snr=9,rsrp=-98|rsrq=-16|snr=6,1,1,0.5
rsrp=-98|rsrq=-11|snr=-1,rsrp=-98|rsrq=-12|snr=1,1,1,0.166666666667
rsrp=-98|rsrq=-11|snr=-1,rsrp=-99|rsrq=-11|snr=0,1,1,0.166666666667
rsrp=-98|rsrq=-11|snr=-1,rsrp=-99|rsrq=-13|snr=7,1,1,0.166666666667
rsrp=-98|rsrq=-11|snr=0,rsrp=-100|rsrq=-10|snr=-6,1,1,0.25
rsrp=-98|rsrq=-11|snr=0,rsrp=-98|rsrq=-10|snr=2,1,1,0.25
rsrp=-98|rsrq=-11|snr=1,rsrp=-98|rsrq=-11|snr=-1,1,1,0.5
rsrp=-98|rsrq=-11|snr=1,rsrp=-98|rsrq=-11|snr=1,1,1,0.5
rsrp=-98|rsrq=-11|snr=11,rsrp=-98|rsrq=-11|snr=11,1,1,0.5
rsrp=-98|rsrq=-11|snr=11,rsrp=-98|rsrq=-13|snr=12,1,1,0.5
rsrp=-98|rsrq=-11|snr=12,rsrp=-98|rsrq=-11|snr=12,1,1,0.5
rsrp=-98|rsrq=-11|snr=12,rsrp=-99|rsrq=-9|snr=9,1,1,0.5
rsrp=-98|rsrq=-11|snr=4,rsrp=-97|rsrq=-14|snr=6,1,1,0.5
rsrp=-98|rsrq=-11|snr=4,rsrp=-98|rsrq=-11|snr=4,1,1,0.5
rsrp=-98|rsrq=-11|snr=5,rsrp=-98|rsrq=-11|snr=5,1,1,0.333333333333
rsrp=-98|rsrq=-11|snr=6,rsrp=-98|rsrq=-11|snr=0,1,1,1
rsrp=-98|rsrq=-11|snr=8,rsrp=-98|rsrq=-10|snr=5,1,1,0.166666666667
rsrp=-98|rsrq=-11|snr=8,rsrp=-98|rsrq=-12|snr=9,1,1,0.166666666667
rsrp=-98|rsrq=-11|snr=8,rsrp=-98|rsrq=-14|snr=7,1,1,0.166666666667
rsrp=-98|rsrq=-12|snr=-1,rsrp=-98|rsrq=-12|snr=-1,1,1,0.5
rsrp=-98|rsrq=-12|snr=-1,rsrp=-98|rsrq=-13|snr=0,1,1,0.5
rsrp=-98|rsrq=-12|snr=-2,rsrp=-98|rsrq=-16|snr=-2,1,1,1
rsrp=-98|rsrq=-12|snr=1,rsrp=-98|rsrq=-12|snr=1,1,1,0.5
rsrp=-98|rsrq=-12|snr=1,rsrp=-98|rsrq=-12|snr=3,1,1,0.5
rsrp=-98|rsrq=-12|snr=11,rsrp=-98|rsrq=-12|snr=11,1,1,0.5
rsrp=-98|rsrq=-12|snr=11,rsrp=-99|rsrq=-14|snr=9,1,1,0.5
rsrp=-98|rsrq=-12|snr=12,rsrp=-98|rsrq=-12|snr=12,1,1,0.5
rsrp=-98|rsrq=-12|snr=12,rsrp=-99|rsrq=-12|snr=12,1,1,0.5
rsrp=-98|rsrq=-12|snr=13,rsrp=-97|rsrq=-10|snr=13,1,1,0.5
rsrp=-98|rsrq=-12|snr=13,rsrp=-98|rsrq=-12|snr=13,1,1,0.5
rsrp=-98|rsrq=-12|snr=2,rsrp=-101|rsrq=-12|snr=1,1,1,0.125
rsrp=-98|rsrq=-12|snr=2,rsrp=-97|rsrq=-11|snr=8,1,1,0.125
rsrp=-98|rsrq=-12|snr=2,rsrp=-98|rsrq=-13|snr=5,1,1,0.125
rsrp=-98|rsrq=-12|snr=2,rsrp=-98|rsrq=-14|snr=0,1,1,0.125
rsrp=-98|rsrq=-12|snr=3,rsrp=-98|rsrq=-11|snr=2,1,1,0.166666666667
rsrp=-98|rsrq=-12|snr=3,rsrp=-98|rsrq=-11|snr=8,1,1,0.166666666667
rsrp=-98|rsrq=-12|snr=3,rsrp=-99|rsrq=-12|snr=-6,1,1,0.166666666667
rsrp=-98|rsrq=-12|snr=5,rsrp=-97|rsrq=-13|snr=5,1,1,0.166666666667
rsrp=-98|rsrq=-12|snr=5,rsrp=-97|rsrq=-9|snr=1,1,1,0.166666666667
rsrp=-98|rsrq=-12|snr=5,rsrp=-99|rsrq=-12|snr=5,1,1,0.166666666667
rsrp=-98|rsrq=-12|snr=7,rsrp=-98|rsrq=-11|snr=0,1,1,1
rsrp=-98|rsrq=-12|snr=9,rsrp=-97|rsrq=-10|snr=5,1,1,0.166666666667
rsrp=-98|rsrq=-12|snr=9,rsrp=-98|rsrq=-12|snr=5,1,1,0.166666666667
rsrp=-98|rsrq=-12|snr=9,rsrp=-99|rsrq=-12|snr=-1,1,1,0.166666666667
rsrp=-98|rsrq=-13|snr=-1,rsrp=-98|rsrq=-12|snr=-1,1,1,0.2
rsrp=-98|rsrq=-13|snr=-1,rsrp=-98|rsrq=-13|snr=1,1,1,0.2
rsrp=-98|rsrq=-13|snr=-3,rsrp=-97|rsrq=-13|snr=-1,1,1,1
rsrp=-98|rsrq=-13|snr=0,rsrp=-98|rsrq=-13|snr=0,1,1,0.5
rsrp=-98|rsrq=-13|snr=0,rsrp=-99|rsrq=-12|snr=0,1,1,0.5
rsrp=-98|rsrq=-13|snr=1,rsrp=-100|rsrq=-10|snr=8,1,1,0.25
rsrp=-98|rsrq=-13|snr=1,rsrp=-98|rsrq=-14|snr=1,1,1,0.25
rsrp=-98|rsrq=-13|snr=12,rsrp=-98|rsrq=-11|snr=8,1,1,1
rsrp=-98|rsrq=-13|snr=13,rsrp=-98|rsrq=-11|snr=6,1,1,0.5
rsrp=-98|rsrq=-13|snr=13,rsrp=-98|rsrq=-13|snr=13,1,1,0.5
rsrp=-98|rsrq=-13|snr=2,rsrp=-98|rsrq=-14|snr=9,1,1,0.25
rsrp=-98|rsrq=-13|snr=2,rsrp=-99|rsrq=-11|snr=5,1,1,0.25
rsrp=-98|rsrq=-13|snr=3,rsrp=-97|rsrq=-16|snr=4,1,1,0.5
rsrp=-98|rsrq=-13|snr=3,rsrp=-98|rsrq=-13|snr=3,1,1,0.5
rsrp=-98|rsrq=-13|snr=4,rsrp=-98|rsrq=-11|snr=5,1,1,0.25
rsrp=-98|rsrq=-13|snr=4,rsrp=-98|rsrq=-14|snr=4,1,1,0.25
rsrp=-98|rsrq=-13|snr=5,rsrp=-99|rsrq=-13|snr=6,1,1,0.25
rsrp=-98|rsrq=-13|snr=5,rsrp=-99|rsrq=-14|snr=7,1,1,0.25
rsrp=-98|rsrq=-13|snr=8,rsrp=-98|rsrq=-13|snr=8,1,1,0.5
rsrp=-98|rsrq=-13|snr=8,rsrp=-99|rsrq=-13|snr=0,1,1,0.5
rsrp=-98|rsrq=-13|snr=9,rsrp=-97|rsrq=-14|snr=1,1,1,0.333333333333
rsrp=-98|rsrq=-13|snr=9,rsrp=-98|rsrq=-13|snr=9,1,1,0.333333333333
rsrp=-98|rsrq=-13|snr=9,rsrp=-98|rsrq=-16|snr=9,1,1,0.333333333333
rsrp=-98|rsrq=-14|snr=0,rsrp=-98|rsrq=-14|snr=0,1,1,0.5
rsrp=-98|rsrq=-14|snr=0,rsrp=-99|rsrq=-12|snr=3,1,1,0.5
rsrp=-98|rsrq=-14|snr=1,rsrp=-97|rsrq=-15|snr=4,1,1,0.333333333333
rsrp=-98|rsrq=-14|snr=1,rsrp=-98|rsrq=-13|snr=8,1,1,0.333333333333
rsrp=-98|rsrq=-14|snr=1,rsrp=-98|rsrq=-14|snr=1,1,1,0.333333333333
rsrp=-98|rsrq=-14|snr=12,rsrp=-98|rsrq=-14|snr=12,1,1,1
rsrp=-98|rsrq=-14|snr=2,rsrp=-97|rsrq=-14|snr=3,1,1,0.25
rsrp=-98|rsrq=-14|snr=3,rsrp=-96|rsrq=-15|snr=6,1,1,0.2
rsrp=-98|rsrq=-14|snr=3,rsrp=-98|rsrq=-15|snr=1,1,1,0.2
rsrp=-98|rsrq=-14|snr=4,rsrp=-98|rsrq=-12|snr=2,1,1,0.142857142857
rsrp=-98|rsrq=-14|snr=4,rsrp=-98|rsrq=-16|snr=1,1,1,0.142857142857
rsrp=-98|rsrq=-14|snr=4,rsrp=-98|rsrq=-17|snr=0,1,1,0.142857142857
rsrp=-98|rsrq=-14|snr=4,rsrp=-99|rsrq=-14|snr=3,1,1,0.142857142857
rsrp=-98|rsrq=-14|snr=7,rsrp=-98|rsrq=-14|snr=4,1,1,0.25
rsrp=-98|rsrq=-14|snr=7,rsrp=-98|rsrq=-16|snr=9,1,1,0.25
rsrp=-98|rsrq=-14|snr=9,rsrp=-98|rsrq=-10|snr=2,1,1,0.5
rsrp=-98|rsrq=-14|snr=9,rsrp=-98|rsrq=-14|snr=9,1,1,0.5
rsrp=-98|rsrq=-15|snr=-2,rsrp=-98|rsrq=-15|snr=-2,1,1,0.5
rsrp=-98|rsrq=-15|snr=-2,rsrp=-98|rsrq=-17|snr=4,1,1,0.5
rsrp=-98|rsrq=-15|snr=1,rsrp=-98|rsrq=-16|snr=-1,1,1,0.25
rsrp=-98|rsrq=-15|snr=1,rsrp=-98|rsrq=-17|snr=-1,1,1,0.25
rsrp=-98|rsrq=-15|snr=11,rsrp=-98|rsrq=-15|snr=11,1,1,0.5
rsrp=-98|rsrq=-15|snr=11,rsrp=-99|rsrq=-10|snr=8,1,1,0.5
rsrp=-98|rsrq=-15|snr=2,rsrp=-97|rsrq=-16|snr=0,1,1,0.125
rsrp=-98|rsrq=-15|snr=2,rsrp=-97|rsrq=-16|snr=10,1,1,0.125
rsrp=-98|rsrq=-15|snr=2,rsrp=-99|rsrq=-16|snr=2,1,1,0.125
rsrp=-98|rsrq=-15|snr=3,rsrp=-98|rsrq=-15|snr=3,1,1,0.5
rsrp=-98|rsrq=-15|snr=3,rsrp=-98|rsrq=-17|snr=4,1,1,0.5
rsrp=-98|rsrq=-15|snr=4,rsrp=-98|rsrq=-16|snr=6,1,1,0.25
rsrp=-98|rsrq=-15|snr=4,rsrp=-99|rsrq=-14|snr=2,1,1,0.25
rsrp=-98|rsrq=-15|snr=5,rsrp=-97|rsrq=-16|snr=9,1,1,0.166666666667
rsrp=-98|rsrq=-15|snr=5,rsrp=-98|rsrq=-15|snr=2,1,1,0.166666666667
rsrp=-98|rsrq=-15|snr=5,rsrp=-98|rsrq=-16|snr=6,1,1,0.166666666667
rsrp=-98|rsrq=-15|snr=6,rsrp=-97|rsrq=-11|snr=3,1,1,0.25
rsrp=-98|rsrq=-15|snr=8,rsrp=-97|rsrq=-15|snr=7,1,1,0.5
rsrp=-98|rsrq=-15|snr=8,rsrp=-98|rsrq=-15|snr=8,1,1,0.5
rsrp=-98|rsrq=-15|snr=9,rsrp=-98|rsrq=-15|snr=9,1,1,0.5
rsrp=-98|rsrq=-15|snr=9,rsrp=-98|rsrq=-16|snr=8,1,1,0.5
rsrp=-98|rsrq=-16|snr=-1,rsrp=-98|rsrq=-13|snr=9,1,1,0.5
rsrp=-98|rsrq=-16|snr=-1,rsrp=-98|rsrq=-16|snr=-1,1,1,0.5
rsrp=-98|rsrq=-16|snr=-2,rsrp=-98|rsrq=-16|snr=-2,1,1,0.5
rsrp=-98|rsrq=-16|snr=-2,rsrp=-99|rsrq=-13|snr=2,1,1,0.5
rsrp=-98|rsrq=-16|snr=1,rsrp=-97|rsrq=-15|snr=4,1,1,0.25
rsrp=-98|rsrq=-16|snr=1,rsrp=-98|rsrq=-17|snr=3,1,1,0.25
rsrp=-98|rsrq=-16|snr=2,rsrp=-97|rsrq=-15|snr=-1,1,1,0.166666666667
rsrp=-98|rsrq=-16|snr=2,rsrp=-98|rsrq=-16|snr=6,1,1,0.166666666667
rsrp=-98|rsrq=-16|snr=2,rsrp=-99|rsrq=-17|snr=3,1,1,0.166666666667
rsrp=-98|rsrq=-16|snr=3,rsrp=-96|rsrq=-17|snr=4,1,1,0.25
rsrp=-98|rsrq=-16|snr=3,rsrp=-98|rsrq=-18|snr=1,1,1,0.25
rsrp=-98|rsrq=-16|snr=5,rsrp=-98|rsrq=-15|snr=4,1,1,0.5
rsrp=-98|rsrq=-16|snr=5,rsrp=-98|rsrq=-16|snr=5,1,1,0.5
rsrp=-98|rsrq=-16|snr=6,rsrp=-101|rsrq=-12|snr=1,1,1,0.1
rsrp=-98|rsrq=-16|snr=6,rsrp=-98|rsrq=-15|snr=2,1,1,0.1
rsrp=-98|rsrq=-16|snr=6,rsrp=-99|rsrq=-15|snr=-1,1,1,0.1
rsrp=-98|rsrq=-16|snr=6,rsrp=-99|rsrq=-16|snr=8,1,1,0.1
rsrp=-98|rsrq=-16|snr=7,rsrp=-98|rsrq=-16|snr=7,1,1,1
rsrp=-98|rsrq=-16|snr=8,rsrp=-97|rsrq=-16|snr=5,1,1,0.5
rsrp=-98|rsrq=-16|snr=8,rsrp=-98|rsrq=-16|snr=8,1,1,0.5
rsrp=-98|rsrq=-16|snr=9,rsrp=-98|rsrq=-16|snr=2,1,1,0.333333333333
rsrp=-98|rsrq=-16|snr=9,rsrp=-98|rsrq=-16|snr=6,1,1,0.333333333333
rsrp=-98|rsrq=-16|snr=9,rsrp=-98|rsrq=-16|snr=9,1,1,0.333333333333
rsrp=-98|rsrq=-17|snr=-1,rsrp=-98|rsrq=-17|snr=-1,1,1,0.5
rsrp=-98|rsrq=-17|snr=-1,rsrp=-99|rsrq=-16|snr=-3,1,1,0.5
rsrp=-98|rsrq=-17|snr=-2,rsrp=-98|rsrq=-14|snr=2,1,1,0.5
rsrp=-98|rsrq=-17|snr=-2,rsrp=-98|rsrq=-17|snr=-2,1,1,0.5
rsrp=-98|rsrq=-17|snr=0,rsrp=-98|rsrq=-17|snr=0,1,1,0.5
rsrp=-98|rsrq=-17|snr=0,rsrp=-98|rsrq=-17|snr=6,1,1,0.5
rsrp=-98|rsrq=-17|snr=2,rsrp=-98|rsrq=-17|snr=2,1,1,1
rsrp=-98|rsrq=-17|snr=3,rsrp=-98|rsrq=-15|snr=6,1,1,0.166666666667
rsrp=-98|rsrq=-17|snr=3,rsrp=-99|rsrq=-15|snr=3,1,1,0.166666666667
rsrp=-98|rsrq=-17|snr=4,rsrp=-97|rsrq=-13|snr=5,1,1,0.2
rsrp=-98|rsrq=-17|snr=4,rsrp=-98|rsrq=-12|snr=12,1,1,0.2
rsrp=-98|rsrq=-17|snr=5,rsrp=-96|rsrq=-15|snr=8,1,1,1
rsrp=-98|rsrq=-17|snr=6,rsrp=-98|rsrq=-17|snr=6,1,1,0.5
rsrp=-98|rsrq=-17|snr=6,rsrp=-98|rsrq=-18|snr=1,1,1,0.5
rsrp=-98|rsrq=-18|snr=1,rsrp=-98|rsrq=-13|snr=4,1,1,0.333333333333
rsrp=-98|rsrq=-18|snr=2,rsrp=-98|rsrq=-17|snr=-2,1,1,0.5
rsrp=-98|rsrq=-18|snr=2,rsrp=-98|rsrq=-18|snr=2,1,1,0.5
rsrp=-98|rsrq=-9|snr=10,rsrp=-98|rsrq=-9|snr=10,1,1,0.5
rsrp=-98|rsrq=-9|snr=10,rsrp=-99|rsrq=-15|snr=9,1,1,0.5
rsrp=-98|rsrq=-9|snr=13,rsrp=-99|rsrq=-10|snr=3,1,1,1
rsrp=-99|rsrq=-10|snr=-4,rsrp=-99|rsrq=-10|snr=-4,1,1,0.5
rsrp=-99|rsrq=-10|snr=-4,rsrp=-99|rsrq=-11|snr=10,1,1,0.5
rsrp=-99|rsrq=-10|snr=-8,rsrp=-99|rsrq=-10|snr=-8,1,1,0.5
rsrp=-99|rsrq=-10|snr=-8,rsrp=-99|rsrq=-12|snr=4,1,1,0.5
rsrp=-99|rsrq=-10|snr=0,rsrp=-100|rsrq=-11|snr=4,1,1,0.25
rsrp=-99|rsrq=-10|snr=0,rsrp=-99|rsrq=-11|snr=4,1,1,0.25
rsrp=-99|rsrq=-10|snr=1,rsrp=-100|rsrq=-10|snr=10,1,1,0.25
rsrp=-99|rsrq=-10|snr=1,rsrp=-101|rsrq=-16|snr=-2,1,1,0.25
rsrp=-99|rsrq=-10|snr=10,rsrp=-99|rsrq=-10|snr=10,1,1,0.5
rsrp=-99|rsrq=-10|snr=10,rsrp=-99|rsrq=-10|snr=4,1,1,0.5
rsrp=-99|rsrq=-10|snr=11,rsrp=-100|rsrq=-10|snr=0,1,1,0.25
rsrp=-99|rsrq=-10|snr=11,rsrp=-99|rsrq=-10|snr=6,1,1,0.25
rsrp=-99|rsrq=-10|snr=13,rsrp=-101|rsrq=-11|snr=3,1,1,0.5
rsrp=-99|rsrq=-10|snr=13,rsrp=-99|rsrq=-10|snr=13,1,1,0.5
rsrp=-99|rsrq=-10|snr=2,rsrp=-100|rsrq=-12|snr=2,1,1,0.25
rsrp=-99|rsrq=-10|snr=2,rsrp=-98|rsrq=-13|snr=13,1,1,0.25
rsrp=-99|rsrq=-10|snr=3,rsrp=-100|rsrq=-11|snr=3,1,1,0.142857142857
rsrp=-99|rsrq=-10|snr=3,rsrp=-99|rsrq=-10|snr=8,1,1,0.142857142857
rsrp=-99|rsrq=-10|snr=3,rsrp=-99|rsrq=-9|snr=8,1,1,0.142857142857
rsrp=-99|rsrq=-10|snr=4,rsrp=-99|rsrq=-10|snr=4,1,1,0.5
rsrp=-99|rsrq=-10|snr=4,rsrp=-99|rsrq=-11|snr=1,1,1,0.5
rsrp=-99|rsrq=-10|snr=5,rsrp=-99|rsrq=-10|snr=5,1,1,0.5
rsrp=-99|rsrq=-10|snr=5,rsrp=-99|rsrq=-11|snr=9,1,1,0.5
rsrp=-99|rsrq=-10|snr=6,rsrp=-99|rsrq=-11|snr=2,1,1,0.25
rsrp=-99|rsrq=-10|snr=6,rsrp=-99|rsrq=-11|snr=3,1,1,0.25
rsrp=-99|rsrq=-10|snr=7,rsrp=-98|rsrq=-12|snr=3,1,1,0.5
rsrp=-99|rsrq=-10|snr=7,rsrp=-99|rsrq=-10|snr=7,1,1,0.5
rsrp=-99|rsrq=-10|snr=8,rsrp=-100|rsrq=-10|snr=11,1,1,0.2
rsrp=-99|rsrq=-10|snr=8,rsrp=-100|rsrq=-9|snr=5,1,1,0.2
rsrp=-99|rsrq=-10|snr=8,rsrp=-99|rsrq=-12|snr=7,1,1,0.2
rsrp=-99|rsrq=-10|snr=9,rsrp=-100|rsrq=-10|snr=-7,1,1,0.5
rsrp=-99|rsrq=-10|snr=9,rsrp=-99|rsrq=-10|snr=9,1,1,0.5
rsrp=-99|rsrq=-11|snr=-1,rsrp=-99|rsrq=-10|snr=0,1,1,0.25
rsrp=-99|rsrq=-11|snr=-1,rsrp=-99|rsrq=-9|snr=2,1,1,0.25
rsrp=-99|rsrq=-11|snr=-3,rsrp=-99|rsrq=-11|snr=-3,1,1,0.5
rsrp=-99|rsrq=-11|snr=-3,rsrp=-99|rsrq=-9|snr=4,1,1,0.5
rsrp=-99|rsrq=-11|snr=-5,rsrp=-99|rsrq=-11|snr=-3,1,1,0.5
rsrp=-99|rsrq=-11|snr=-5,rsrp=-99|rsrq=-11|snr=-5,1,1,0.5
rsrp=-99|rsrq=-11|snr=0,rsrp=-100|rsrq=-11|snr=4,1,1,0.5
rsrp=-99|rsrq=-11|snr=0,rsrp=-99|rsrq=-11|snr=0,1,1,0.5
rsrp=-99|rsrq=-11|snr=1,rsrp=-102|rsrq=-17|snr=6,1,1,0.142857142857
rsrp=-99|rsrq=-11|snr=1,rsrp=-99|rsrq=-10|snr=11,1,1,0.142857142857
rsrp=-99|rsrq=-11|snr=1,rsrp=-99|rsrq=-9|snr=8,1,1,0.142857142857
rsrp=-99|rsrq=-11|snr=10,rsrp=-101|rsrq=-12|snr=2,1,1,0.25
rsrp=-99|rsrq=-11|snr=10,rsrp=-99|rsrq=-11|snr=3,1,1,0.25
rsrp=-99|rsrq=-11|snr=12,rsrp=-99|rsrq=-11|snr=12,1,1,1
rsrp=-99|rsrq=-11|snr=2,rsrp=-100|rsrq=-12|snr=1,1,1,0.166666666667
rsrp=-99|rsrq=-11|snr=2,rsrp=-100|rsrq=-12|snr=3,1,1,0.166666666667
rsrp=-99|rsrq=-11|snr=2,rsrp=-99|rsrq=-13|snr=-2,1,1,0.166666666667
rsrp=-99|rsrq=-11|snr=3,rsrp=-99|rsrq=-14|snr=-1,1,1,0.25
rsrp=-99|rsrq=-11|snr=4,rsrp=-99|rsrq=-11|snr=3,1,1,0.25
rsrp=-99|rsrq=-11|snr=5,rsrp=-100|rsrq=-11|snr=-1,1,1,0.166666666667
rsrp=-99|rsrq=-11|snr=5,rsrp=-102|rsrq=-11|snr=4,1,1,0.166666666667
rsrp=-99|rsrq=-11|snr=5,rsrp=-99|rsrq=-11|snr=1,1,1,0.166666666667
rsrp=-99|rsrq=-11|snr=6,rsrp=-100|rsrq=-12|snr=-1,1,1,0.333333333333
rsrp=-99|rsrq=-11|snr=8,rsrp=-100|rsrq=-11|snr=10,1,1,0.25
rsrp=-99|rsrq=-11|snr=8,rsrp=-99|rsrq=-13|snr=7,1,1,0.25
rsrp=-99|rsrq=-11|snr=9,rsrp=-100|rsrq=-12|snr=4,1,1,0.5
rsrp=-99|rsrq=-11|snr=9,rsrp=-99|rsrq=-11|snr=9,1,1,0.5
rsrp=-99|rsrq=-12|snr=-1,rsrp=-98|rsrq=-10|snr=1,1,1,0.25
rsrp=-99|rsrq=-12|snr=-1,rsrp=-98|rsrq=-12|snr=2,1,1,0.25
rsrp=-99|rsrq=-12|snr=-2,rsrp=-99|rsrq=-12|snr=-2,1,1,0.5
rsrp=-99|rsrq=-12|snr=-2,rsrp=-99|rsrq=-14|snr=-2,1,1,0.5
rsrp=-99|rsrq=-12|snr=-4,rsrp=-99|rsrq=-12|snr=-4,1,1,0.5
rsrp=-99|rsrq=-12|snr=-4,rsrp=-99|rsrq=-13|snr=-2,1,1,0.5
rsrp=-99|rsrq=-12|snr=-6,rsrp=-99|rsrq=-10|snr=2,1,1,0.5
rsrp=-99|rsrq=-12|snr=-6,rsrp=-99|rsrq=-12|snr=-6,1,1,0.5
rsrp=-99|rsrq=-12|snr=0,rsrp=-99|rsrq=-12|snr=-1,1,1,0.5
rsrp=-99|rsrq=-12|snr=0,rsrp=-99|rsrq=-12|snr=0,1,1,0.5
rsrp=-99|rsrq=-12|snr=12,rsrp=-99|rsrq=-12|snr=12,1,1,0.5
rsrp=-99|rsrq=-12|snr=12,rsrp=-99|rsrq=-15|snr=3,1,1,0.5
rsrp=-99|rsrq=-12|snr=2,rsrp=-101|rsrq=-11|snr=-3,1,1,0.5
rsrp=-99|rsrq=-12|snr=2,rsrp=-99|rsrq=-12|snr=2,1,1,0.5
rsrp=-99|rsrq=-12|snr=3,rsrp=-100|rsrq=-11|snr=2,1,1,0.166666666667
rsrp=-99|rsrq=-12|snr=3,rsrp=-100|rsrq=-13|snr=-1,1,1,0.166666666667
rsrp=-99|rsrq=-12|snr=3,rsrp=-99|rsrq=-13|snr=8,1,1,0.166666666667
rsrp=-99|rsrq=-12|snr=4,rsrp=-100|rsrq=-12|snr=5,1,1,0.1
rsrp=-99|rsrq=-12|snr=4,rsrp=-98|rsrq=-13|snr=5,1,1,0.1
rsrp=-99|rsrq=-12|snr=4,rsrp=-99|rsrq=-10|snr=3,1,1,0.1
rsrp=-99|rsrq=-12|snr=4,rsrp=-99|rsrq=-13|snr=8,1,1,0.1
rsrp=-99|rsrq=-12|snr=5,rsrp=-100|rsrq=-12|snr=-5,1,1,0.333333333333
rsrp=-99|rsrq=-12|snr=7,rsrp=-100|rsrq=-12|snr=7,1,1,0.5
rsrp=-99|rsrq=-12|snr=7,rsrp=-99|rsrq=-12|snr=7,1,1,0.5
rsrp=-99|rsrq=-12|snr=9,rsrp=-99|rsrq=-12|snr=9,1,1,1
rsrp=-99|rsrq=-13|snr=-2,rsrp=-100|rsrq=-15|snr=3,1,1,0.125
rsrp=-99|rsrq=-13|snr=-2,rsrp=-101|rsrq=-15|snr=4,1,1,0.125
rsrp=-99|rsrq=-13|snr=-2,rsrp=-99|rsrq=-10|snr=5,1,1,0.125
rsrp=-99|rsrq=-13|snr=-2,rsrp=-99|rsrq=-13|snr=1,1,1,0.125
rsrp=-99|rsrq=-13|snr=0,rsrp=-100|rsrq=-14|snr=-1,1,1,0.166666666667
rsrp=-99|rsrq=-13|snr=0,rsrp=-99|rsrq=-15|snr=-4,1,1,0.166666666667
rsrp=-99|rsrq=-13|snr=0,rsrp=-99|rsrq=-16|snr=-1,1,1,0.166666666667
rsrp=-99|rsrq=-13|snr=1,rsrp=-100|rsrq=-16|snr=0,1,1,0.166666666667
rsrp=-99|rsrq=-13|snr=1,rsrp=-98|rsrq=-12|snr=2,1,1,0.166666666667
rsrp=-99|rsrq=-13|snr=1,rsrp=-99|rsrq=-9|snr=8,1,1,0.166666666667
rsrp=-99|rsrq=-13|snr=2,rsrp=-104|rsrq=-15|snr=11,1,1,0.166666666667
rsrp=-99|rsrq=-13|snr=2,rsrp=-98|rsrq=-11|snr=11,1,1,0.166666666667
rsrp=-99|rsrq=-13|snr=2,rsrp=-99|rsrq=-14|snr=-2,1,1,0.166666666667
rsrp=-99|rsrq=-13|snr=3,rsrp=-99|rsrq=-13|snr=-2,1,1,0.333333333333
rsrp=-99|rsrq=-13|snr=4,rsrp=-100|rsrq=-10|snr=7,1,1,0.25
rsrp=-99|rsrq=-13|snr=4,rsrp=-100|rsrq=-15|snr=-1,1,1,0.25
rsrp=-99|rsrq=-13|snr=5,rsrp=-98|rsrq=-16|snr=4,1,1,0.333333333333
rsrp=-99|rsrq=-13|snr=6,rsrp=-99|rsrq=-12|snr=4,1,1,0.5
rsrp=-99|rsrq=-13|snr=6,rsrp=-99|rsrq=-13|snr=6,1,1,0.5
rsrp=-99|rsrq=-13|snr=7,rsrp=-99|rsrq=-10|snr=11,1,1,0.166666666667
rsrp=-99|rsrq=-13|snr=7,rsrp=-99|rsrq=-13|snr=5,1,1,0.166666666667
rsrp=-99|rsrq=-13|snr=7,rsrp=-99|rsrq=-15|snr=1,1,1,0.166666666667
rsrp=-99|rsrq=-13|snr=8,rsrp=-100|rsrq=-15|snr=7,1,1,0.25
rsrp=-99|rsrq=-13|snr=8,rsrp=-99|rsrq=-11|snr=10,1,1,0.25
rsrp=-99|rsrq=-13|snr=9,rsrp=-98|rsrq=-13|snr=4,1,1,1
rsrp=-99|rsrq=-14|snr=-1,rsrp=-100|rsrq=-12|snr=-2,1,1,0.166666666667
rsrp=-99|rsrq=-14|snr=-1,rsrp=-100|rsrq=-12|snr=2,1,1,0.166666666667
rsrp=-99|rsrq=-14|snr=-1,rsrp=-99|rsrq=-13|snr=3,1,1,0.166666666667
rsrp=-99|rsrq=-14|snr=-2,rsrp=-98|rsrq=-11|snr=1,1,1,0.25
rsrp=-99|rsrq=-14|snr=-2,rsrp=-98|rsrq=-13|snr=-1,1,1,0.25
rsrp=-99|rsrq=-14|snr=0,rsrp=-98|rsrq=-11|snr=-1,1,1,0.5
rsrp=-99|rsrq=-14|snr=0,rsrp=-99|rsrq=-14|snr=0,1,1,0.5
rsrp=-99|rsrq=-14|snr=11,rsrp=-100|rsrq=-11|snr=-2,1,1,0.5
rsrp=-99|rsrq=-14|snr=11,rsrp=-99|rsrq=-14|snr=11,1,1,0.5
rsrp=-99|rsrq=-14|snr=2,rsrp=-100|rsrq=-13|snr=0,1,1,0.25
rsrp=-99|rsrq=-14|snr=2,rsrp=-98|rsrq=-14|snr=3,1,1,0.25
rsrp=-99|rsrq=-14|snr=3,rsrp=-101|rsrq=-18|snr=-2,1,1,0.5
rsrp=-99|rsrq=-14|snr=3,rsrp=-99|rsrq=-14|snr=3,1,1,0.5
rsrp=-99|rsrq=-14|snr=6,rsrp=-99|rsrq=-14|snr=6,1,1,1
rsrp=-99|rsrq=-14|snr=7,rsrp=-99|rsrq=-13|snr=9,1,1,0.5
rsrp=-99|rsrq=-14|snr=7,rsrp=-99|rsrq=-14|snr=7,1,1,0.5
rsrp=-99|rsrq=-14|snr=8,rsrp=-100|rsrq=-13|snr=6,1,1,0.5
rsrp=-99|rsrq=-14|snr=8,rsrp=-99|rsrq=-14|snr=8,1,1,0.5
rsrp=-99|rsrq=-14|snr=9,rsrp=-98|rsrq=-13|snr=9,1,1,0.5
rsrp=-99|rsrq=-14|snr=9,rsrp=-99|rsrq=-14|snr=9,1,1,0.5
rsrp=-99|rsrq=-15|snr=-1,rsrp=-98|rsrq=-10|snr=9,1,1,0.25
rsrp=-99|rsrq=-15|snr=-1,rsrp=-99|rsrq=-12|snr=3,1,1,0.25
rsrp=-99|rsrq=-15|snr=-4,rsrp=-99|rsrq=-13|snr=4,1,1,0.5
rsrp=-99|rsrq=-15|snr=-4,rsrp=-99|rsrq=-15|snr=-4,1,1,0.5
rsrp=-99|rsrq=-15|snr=1,rsrp=-99|rsrq=-14|snr=2,1,1,0.25
rsrp=-99|rsrq=-15|snr=1,rsrp=-99|rsrq=-15|snr=8,1,1,0.25
rsrp=-99|rsrq=-15|snr=2,rsrp=-99|rsrq=-15|snr=2,1,1,0.5
rsrp=-99|rsrq=-15|snr=2,rsrp=-99|rsrq=-17|snr=4,1,1,0.5
rsrp=-99|rsrq=-15|snr=3,rsrp=-99|rsrq=-11|snr=4,1,1,0.142857142857
rsrp=-99|rsrq=-15|snr=3,rsrp=-99|rsrq=-16|snr=7,1,1,0.142857142857
rsrp=-99|rsrq=-15|snr=3,rsrp=-99|rsrq=-17|snr=1,1,1,0.142857142857
rsrp=-99|rsrq=-15|snr=4,rsrp=-98|rsrq=-11|snr=12,1,1,0.5
rsrp=-99|rsrq=-15|snr=4,rsrp=-99|rsrq=-15|snr=4,1,1,0.5
rsrp=-99|rsrq=-15|snr=5,rsrp=-98|rsrq=-12|snr=5,1,1,0.166666666667
rsrp=-99|rsrq=-15|snr=5,rsrp=-99|rsrq=-13|snr=7,1,1,0.166666666667
rsrp=-99|rsrq=-15|snr=5,rsrp=-99|rsrq=-16|snr=6,1,1,0.166666666667
rsrp=-99|rsrq=-15|snr=7,rsrp=-99|rsrq=-15|snr=3,1,1,0.5
rsrp=-99|rsrq=-15|snr=7,rsrp=-99|rsrq=-15|snr=7,1,1,0.5
rsrp=-99|rsrq=-15|snr=8,rsrp=-98|rsrq=-15|snr=4,1,1,0.5
rsrp=-99|rsrq=-15|snr=8,rsrp=-99|rsrq=-15|snr=8,1,1,0.5
rsrp=-99|rsrq=-15|snr=9,rsrp=-98|rsrq=-16|snr=7,1,1,0.5
rsrp=-99|rsrq=-15|snr=9,rsrp=-99|rsrq=-15|snr=9,1,1,0.5
rsrp=-99|rsrq=-16|snr=-1,rsrp=-101|rsrq=-11|snr=6,1,1,0.5
rsrp=-99|rsrq=-16|snr=-1,rsrp=-99|rsrq=-16|snr=-1,1,1,0.5
rsrp=-99|rsrq=-16|snr=-3,rsrp=-99|rsrq=-13|snr=1,1,1,0.5
rsrp=-99|rsrq=-16|snr=-3,rsrp=-99|rsrq=-16|snr=-3,1,1,0.5
rsrp=-99|rsrq=-16|snr=1,rsrp=-98|rsrq=-15|snr=3,1,1,0.5
rsrp=-99|rsrq=-16|snr=1,rsrp=-99|rsrq=-16|snr=1,1,1,0.5
rsrp=-99|rsrq=-16|snr=13,rsrp=-99|rsrq=-16|snr=13,1,1,0.5
rsrp=-99|rsrq=-16|snr=13,rsrp=-99|rsrq=-16|snr=5,1,1,0.5
rsrp=-99|rsrq=-16|snr=2,rsrp=-99|rsrq=-16|snr=2,1,1,0.5
rsrp=-99|rsrq=-16|snr=2,rsrp=-99|rsrq=-16|snr=3,1,1,0.5
rsrp=-99|rsrq=-16|snr=3,rsrp=-98|rsrq=-16|snr=1,1,1,0.25
rsrp=-99|rsrq=-16|snr=3,rsrp=-98|rsrq=-17|snr=3,1,1,0.25
rsrp=-99|rsrq=-16|snr=5,rsrp=-100|rsrq=-16|snr=7,1,1,0.5
rsrp=-99|rsrq=-16|snr=5,rsrp=-99|rsrq=-16|snr=5,1,1,0.5
rsrp=-99|rsrq=-16|snr=6,rsrp=-99|rsrq=-13|snr=7,1,1,0.166666666667
rsrp=-99|rsrq=-16|snr=6,rsrp=-99|rsrq=-15|snr=5,1,1,0.166666666667
rsrp=-99|rsrq=-16|snr=7,rsrp=-100|rsrq=-14|snr=8,1,1,0.5
rsrp=-99|rsrq=-16|snr=7,rsrp=-99|rsrq=-16|snr=7,1,1,0.5
rsrp=-99|rsrq=-16|snr=8,rsrp=-98|rsrq=-9|snr=10,1,1,0.333333333333
rsrp=-99|rsrq=-16|snr=9,rsrp=-98|rsrq=-14|snr=1,1,1,0.5
rsrp=-99|rsrq=-16|snr=9,rsrp=-99|rsrq=-16|snr=9,1,1,0.5
rsrp=-99|rsrq=-17|snr=1,rsrp=-99|rsrq=-17|snr=1,1,1,0.5
rsrp=-99|rsrq=-17|snr=1,rsrp=-99|rsrq=-17|snr=2,1,1,0.5
rsrp=-99|rsrq=-17|snr=2,rsrp=-100|rsrq=-13|snr=1,1,1,0.333333333333
rsrp=-99|rsrq=-17|snr=2,rsrp=-99|rsrq=-16|snr=1,1,1,0.333333333333
rsrp=-99|rsrq=-17|snr=2,rsrp=-99|rsrq=-17|snr=2,1,1,0.333333333333
rsrp=-99|rsrq=-17|snr=3,rsrp=-98|rsrq=-17|snr=3,1,1,0.5
rsrp=-99|rsrq=-17|snr=3,rsrp=-99|rsrq=-17|snr=3,1,1,0.5
rsrp=-99|rsrq=-17|snr=4,rsrp=-100|rsrq=-19|snr=-3,1,1,0.5
rsrp=-99|rsrq=-17|snr=4,rsrp=-99|rsrq=-17|snr=4,1,1,0.5
rsrp=-99|rsrq=-17|snr=6,rsrp=-100|rsrq=-11|snr=7,1,1,0.5
rsrp=-99|rsrq=-17|snr=6,rsrp=-99|rsrq=-17|snr=6,1,1,0.5
rsrp=-99|rsrq=-18|snr=-3,rsrp=-99|rsrq=-11|snr=2,1,1,0.5
rsrp=-99|rsrq=-18|snr=-3,rsrp=-99|rsrq=-18|snr=-3,1,1,0.5
rsrp=-99|rsrq=-9|snr=-5,rsrp=-100|rsrq=-12|snr=5,1,1,1
rsrp=-99|rsrq=-9|snr=1,rsrp=-100|rsrq=-11|snr=4,1,1,0.5
rsrp=-99|rsrq=-9|snr=1,rsrp=-99|rsrq=-9|snr=1,1,1,0.5
rsrp=-99|rsrq=-9|snr=11,rsrp=-99|rsrq=-14|snr=11,1,1,0.5
rsrp=-99|rsrq=-9|snr=11,rsrp=-99|rsrq=-9|snr=11,1,1,0.5
rsrp=-99|rsrq=-9|snr=4,rsrp=-99|rsrq=-9|snr=-5,1,1,0.5
rsrp=-99|rsrq=-9|snr=4,rsrp=-99|rsrq=-9|snr=4,1,1,0.5
rsrp=-99|rsrq=-9|snr=7,rsrp=-100|rsrq=-11|snr=10,1,1,0.5
rsrp=-99|rsrq=-9|snr=7,rsrp=-99|rsrq=-9|snr=7,1,1,0.5
rsrp=-99|rsrq=-9|snr=8,rsrp=-100|rsrq=-10|snr=0,1,1,0.125
rsrp=-99|rsrq=-9|snr=8,rsrp=-98|rsrq=-9|snr=13,1,1,0.125
rsrp=-99|rsrq=-9|snr=8,rsrp=-99|rsrq=-9|snr=1,1,1,0.125
rsrp=-99|rsrq=-9|snr=9,rsrp=-99|rsrq=-11|snr=8,1,1,1
