scenario_id,observation_index,trace_id,app,content,real_rf_state_id,primary_rf_state_id,target_rsrp_dbm,target_rsrq_db,target_snr_db,primary_control_state_id,primary_ploss,primary_noise_power_dB,primary_supported,candidate_control_state_id,candidate_ploss,candidate_noise_power_dB,candidate_supported,both_supported,primary_only,candidate_only,union_supported
ucc-static-03c60d20f6ba6fb3,0,03c60d20f6ba6fb3,Netflix,Season3-StrangerThings,rsrp=-89|rsrq=-11|snr=1,rsrp=-89|rsrq=-11,-89,-11,1,ploss=0|noise_power_dB=-5,0,-5,False,ploss=0|noise_power_dB=-5,0,-5,False,False,False,False,False
ucc-static-03c60d20f6ba6fb3,1,03c60d20f6ba6fb3,Netflix,Season3-StrangerThings,rsrp=-88|rsrq=-18|snr=-8,rsrp=-88|rsrq=-18,-88,-18,-8,ploss=0|noise_power_dB=-5,0,-5,False,ploss=0|noise_power_dB=-5,0,-5,False,False,False,False,False
ucc-static-03c60d20f6ba6fb3,2,03c60d20f6ba6fb3,Netflix,Season3-StrangerThings,rsrp=-88|rsrq=-18|snr=-8,rsrp=-88|rsrq=-18,-88,-18,-8,ploss=0|noise_power_dB=-5,0,-5,False,ploss=0|noise_power_dB=-5,0,-5,False,False,False,False,False
ucc-static-03c60d20f6ba6fb3,3,03c60d20f6ba6fb3,Netflix,Season3-StrangerThings,rsrp=-89|rsrq=-16|snr=4,rsrp=-89|rsrq=-16,-89,-16,4,ploss=0|noise_power_dB=-5,0,-5,False,ploss=0|noise_power_dB=-5,0,-5,False,False,False,False,False
ucc-static-03c60d20f6ba6fb3,4,03c60d20f6ba6fb3,Netflix,Season3-StrangerThings,rsrp=-89|rsrq=-16|snr=4,rsrp=-89|rsrq=-16,-89,-16,4,ploss=0|noise_power_dB=-5,0,-5,False,ploss=0|noise_power_dB=-5,0,-5,False,False,False,False,False
ucc-static-03c60d20f6ba6fb3,5,03c60d20f6ba6fb3,Netflix,Season3-StrangerThings,rsrp=-90|rsrq=-16|snr=2,rsrp=-90|rsrq=-16,-90,-16,2,ploss=0|noise_power_dB=-5,0,-5,False,ploss=0|noise_power_dB=-5,0,-5,False,False,False,False,False
ucc-static-03c60d20f6ba6fb3,6,03c60d20f6ba6fb3,Netflix,Season3-StrangerThings,rsrp=-90|rsrq=-16|snr=2,rsrp=-90|rsrq=-16,-90,-16,2,ploss=0|noise_power_dB=-5,0,-5,False,ploss=0|noise_power_dB=-5,0,-5,False,False,False,False,False
ucc-static-03c60d20f6ba6fb3,7,03c60d20f6ba6fb3,Netflix,Season3-StrangerThings,rsrp=-89|rsrq=-15|snr=1,rsrp=-89|rsrq=-15,-89,-15,1,ploss=0|noise_power_dB=-5,0,-5,False,ploss=0|noise_power_dB=-5,0,-5,False,False,False,False,False
ucc-static-03c60d20f6ba6fb3,8,03c60d20f6ba6fb3,Netflix,Season3-StrangerThings,rsrp=-89|rsrq=-15|snr=1,rsrp=-89|rsrq=-15,-89,-15,1,ploss=0|noise_power_dB=-5,0,-5,False,ploss=0|noise_power_dB=-5,0,-5,False,False,False,False,False
ucc-static-03c60d20f6ba6fb3,9,03c60d20f6ba6fb3,Netflix,Season3-StrangerThings,rsrp=-89|rsrq=-14|snr=3,rsrp=-89|rsrq=-14,-89,-14,3,ploss=0|noise_power_dB=-5,0,-5,False,ploss=0|noise_power_dB=-5,0,-5,False,False,False,False,False
ucc-static-03c60d20f6ba6fb3,10,03c60d20f6ba6fb3,Netflix,Season3-StrangerThings,rsrp=-89|rsrq=-14|snr=3,rsrp=-89|rsrq=-14,-89,-14,3,ploss=0|noise_power_dB=-5,0,-5,False,ploss=0|noise_power_dB=-5,0,-5,False,False,False,False,False
ucc-static-03c60d20f6ba6fb3,11,03c60d20f6ba6fb3,Netflix,Season3-StrangerThings,rsrp=-89|rsrq=-15|snr=2,rsrp=-89|rsrq=-15,-89,-15,2,ploss=0|noise_power_dB=-5,0,-5,False,ploss=0|noise_power_dB=-5,0,-5,False,False,False,False,False
ucc-static-03c60d20f6ba6fb3,12,03c60d20f6ba6fb3,Netflix,Season3-StrangerThings,rsrp=-89|rsrq=-15|snr=2,rsrp=-89|rsrq=-15,-89,-15,2,ploss=0|noise_power_dB=-5,0,-5,False,ploss=0|noise_power_dB=-5,0,-5,False,False,False,False,False
ucc-static-03c60d20f6ba6fb3,13,03c60d20f6ba6fb3,Netflix,Season3-StrangerThings,rsrp=-89|rsrq=-13|snr=-4,rsrp=-89|rsrq=-13,-89,-13,-4,ploss=0|noise_power_dB=-5,0,-5,False,ploss=0|noise_power_dB=-5,0,-5,False,False,False,False,False
ucc-static-03c60d20f6ba6fb3,14,03c60d20f6ba6fb3,Netflix,Season3-StrangerThings,rsrp=-89|rsrq=-13|snr=-4,rsrp=-89|rsrq=-13,-89,-13,-4,ploss=0|noise_power_dB=-5,0,-5,False,ploss=0|noise_power_dB=-5,0,-5,False,False,False,False,False
ucc-static-03c60d20f6ba6fb3,15,03c60d20f6ba6fb3,Netflix,Season3-StrangerThings,rsrp=-89|rsrq=-15|snr=-2,rsrp=-89|rsrq=-15,-89,-15,-2,ploss=0|noise_power_dB=-5,0,-5,False,ploss=0|noise_power_dB=-5,0,-5,False,False,False,False,False
ucc-static-03c60d20f6ba6fb3,16,03c60d20f6ba6fb3,Netflix,Season3-StrangerThings,rsrp=-89|rsrq=-15|snr=-2,rsrp=-89|rsrq=-15,-89,-15,-2,ploss=0|noise_power_dB=-5,0,-5,False,ploss=0|noise_power_dB=-5,0,-5,False,False,False,False,False
ucc-static-03c60d20f6ba6fb3,17,03c60d20f6ba6fb3,Netflix,Season3-StrangerThings,rsrp=-88|rsrq=-17|snr=-7,rsrp=-88|rsrq=-17,-88,-17,-7,ploss=0|noise_power_dB=-5,0,-5,False,ploss=0|noise_power_dB=-5,0,-5,False,False,False,False,False
ucc-static-03c60d20f6ba6fb3,18,03c60d20f6ba6fb3,Netflix,Season3-StrangerThings,rsrp=-88|rsrq=-17|snr=-7,rsrp=-88|rsrq=-17,-88,-17,-7,ploss=0|noise_power_dB=-5,0,-5,False,ploss=0|noise_power_dB=-5,0,-5,False,False,False,False,False
ucc-static-03c60d20f6ba6fb3,19,03c60d20f6ba6fb3,Netflix,Season3-StrangerThings,rsrp=-89|rsrq=-15|snr=-2,rsrp=-89|rsrq=-15,-89,-15,-2,ploss=0|noise_power_dB=-5,0,-5,False,ploss=0|noise_power_dB=-5,0,-5,False,False,False,False,False
ucc-static-03c60d20f6ba6fb3,20,03c60d20f6ba6fb3,Netflix,Season3-StrangerThings,rsrp=-89|rsrq=-15|snr=-2,rsrp=-89|rsrq=-15,-89,-15,-2,ploss=0|noise_power_dB=-5,0,-5,False,ploss=0|noise_power_dB=-5,0,-5,False,False,False,False,False
ucc-static-03c60d20f6ba6fb3,21,03c60d20f6ba6fb3,Netflix,Season3-StrangerThings,rsrp=-90|rsrq=-16|snr=0,rsrp=-90|rsrq=-16,-90,-16,0,ploss=0|noise_power_dB=-5,0,-5,False,ploss=0|noise_power_dB=-5,0,-5,False,False,False,False,False
ucc-static-03c60d20f6ba6fb3,22,03c60d20f6ba6fb3,Netflix,Season3-StrangerThings,rsrp=-90|rsrq=-16|snr=0,rsrp=-90|rsrq=-16,-90,-16,0,ploss=0|noise_power_dB=-5,0,-5,False,ploss=0|noise_power_dB=-5,0,-5,False,False,False,False,False
ucc-static-03c60d20f6ba6fb3,23,03c60d20f6ba6fb3,Netflix,Season3-StrangerThings,rsrp=-88|rsrq=-17|snr=0,rsrp=-88|rsrq=-17,-88,-17,0,ploss=0|noise_power_dB=-5,0,-5,False,ploss=0|noise_power_dB=-5,0,-5,False,False,False,False,False
ucc-static-03c60d20f6ba6fb3,24,03c60d20f6ba6fb3,Netflix,Season3-StrangerThings,rsrp=-88|rsrq=-17|snr=0,rsrp=-88|rsrq=-17,-88,-17,0,ploss=0|noise_power_dB=-5,0,-5,False,ploss=0|noise_power_dB=-5,0,-5,False,False,False,False,False
ucc-static-03c60d20f6ba6fb3,25,03c60d20f6ba6fb3,Netflix,Season3-StrangerThings,rsrp=-88|rsrq=-15|snr=0,rsrp=-88|rsrq=-15,-88,-15,0,ploss=0|noise_power_dB=-5,0,-5,False,ploss=0|noise_power_dB=-5,0,-5,False,False,False,False,False
ucc-static-03c60d20f6ba6fb3,26,03c60d20f6ba6fb3,Netflix,Season3-StrangerThings,rsrp=-88|rsrq=-15|snr=0,rsrp=-88|rsrq=-15,-88,-15,0,ploss=0|noise_power_dB=-5,0,-5,False,ploss=0|noise_power_dB=-5,0,-5,False,False,False,False,False
ucc-static-03c60d20f6ba6fb3,27,03c60d20f6ba6fb3,Netflix,Season3-StrangerThings,rsrp=-88|rsrq=-16|snr=1,rsrp=-88|rsrq=-16,-88,-16,1,ploss=0|noise_power_dB=-5,0,-5,False,ploss=0|noise_power_dB=-5,0,-5,False,False,False,False,False
ucc-static-03c60d20f6ba6fb3,28,03c60d20f6ba6fb3,Netflix,Season3-StrangerThings,rsrp=-88|rsrq=-16|snr=1,rsrp=-88|rsrq=-16,-88,-16,1,ploss=0|noise_power_dB=-5,0,-5,False,ploss=0|noise_power_dB=-5,0,-5,False,False,False,False,False
ucc-static-03c60d20f6ba6fb3,29,03c60d20f6ba6fb3,Netflix,Season3-StrangerThings,rsrp=-89|rsrq=-12|snr=2,rsrp=-89|rsrq=-12,-89,-12,2,ploss=0|noise_power_dB=-5,0,-5,False,ploss=0|noise_power_dB=-5,0,-5,False,False,False,False,False
ucc-static-03c60d20f6ba6fb3,30,03c60d20f6ba6fb3,Netflix,Season3-StrangerThings,rsrp=-89|rsrq=-12|snr=2,rsrp=-89|rsrq=-12,-89,-12,2,ploss=0|noise_power_dB=-5,0,-5,False,ploss=0|noise_power_dB=-5,0,-5,False,False,False,False,False
ucc-static-03c60d20f6ba6fb3,31,03c60d20f6ba6fb3,Netflix,Season3-StrangerThings,rsrp=-89|rsrq=-16|snr=4,rsrp=-89|rsrq=-16,-89,-16,4,ploss=0|noise_power_dB=-5,0,-5,False,ploss=0|noise_power_dB=-5,0,-5,False,False,False,False,False
ucc-static-03c60d20f6ba6fb3,32,03c60d20f6ba6fb3,Netflix,Season3-StrangerThings,rsrp=-89|rsrq=-16|snr=4,rsrp=-89|rsrq=-16,-89,-16,4,ploss=0|noise_power_dB=-5,0,-5,False,ploss=0|noise_power_dB=-5,0,-5,False,False,False,False,False
ucc-static-03c60d20f6ba6fb3,33,03c60d20f6ba6fb3,Netflix,Season3-StrangerThings,rsrp=-89|rsrq=-16|snr=2,rsrp=-89|rsrq=-16,-89,-16,2,ploss=0|noise_power_dB=-5,0,-5,False,ploss=0|noise_power_dB=-5,0,-5,False,False,False,False,False
ucc-static-03c60d20f6ba6fb3,34,03c60d20f6ba6fb3,Netflix,Season3-StrangerThings,rsrp=-89|rsrq=-16|snr=2,rsrp=-89|rsrq=-16,-89,-16,2,ploss=0|noise_power_dB=-5,0,-5,False,ploss=0|noise_power_dB=-5,0,-5,False,False,False,False,False
ucc-static-03c60d20f6ba6fb3,35,03c60d20f6ba6fb3,Netflix,Season3-StrangerThings,rsrp=-88|rsrq=-16|snr=1,rsrp=-88|rsrq=-16,-88,-16,1,ploss=0|noise_power_dB=-5,0,-5,False,ploss=0|noise_power_dB=-5,0,-5,False,False,False,False,False
ucc-static-03c60d20f6ba6fb3,36,03c60d20f6ba6fb3,Netflix,Season3-StrangerThings,rsrp=-88|rsrq=-16|snr=1,rsrp=-88|rsrq=-16,-88,-16,1,ploss=0|noise_power_dB=-5,0,-5,False,ploss=0|noise_power_dB=-5,0,-5,False,False,False,False,False
ucc-static-03c60d20f6ba6fb3,37,03c60d20f6ba6fb3,Netflix,Season3-StrangerThings,rsrp=-88|rsrq=-12|snr=4,rsrp=-88|rsrq=-12,-88,-12,4,ploss=0|noise_power_dB=-5,0,-5,False,ploss=0|noise_power_dB=-5,0,-5,False,False,False,False,False
ucc-static-03c60d20f6ba6fb3,38,03c60d20f6ba6fb3,Netflix,Season3-StrangerThings,rsrp=-88|rsrq=-12|snr=4,rsrp=-88|rsrq=-12,-88,-12,4,ploss=0|noise_power_dB=-5,0,-5,False,ploss=0|noise_power_dB=-5,0,-5,False,False,False,False,False
ucc-static-03c60d20f6ba6fb3,39,03c60d20f6ba6fb3,Netflix,Season3-StrangerThings,rsrp=-89|rsrq=-15|snr=7,rsrp=-89|rsrq=-15,-89,-15,7,ploss=0|noise_power_dB=-5,0,-5,False,ploss=0|noise_power_dB=-5,0,-5,False,False,False,False,False
ucc-static-03c60d20f6ba6fb3,40,03c60d20f6ba6fb3,Netflix,Season3-StrangerThings,rsrp=-89|rsrq=-15|snr=7,rsrp=-89|rsrq=-15,-89,-15,7,ploss=0|noise_power_dB=-5,0,-5,False,ploss=0|noise_power_dB=-5,0,-5,False,False,False,False,False
ucc-static-03c60d20f6ba6fb3,41,03c60d20f6ba6fb3,Netflix,Season3-StrangerThings,rsrp=-89|rsrq=-10|snr=6,rsrp=-89|rsrq=-10,-89,-10,6,ploss=0|noise_power_dB=-5,0,-5,False,ploss=0|noise_power_dB=-5,0,-5,False,False,False,False,False
ucc-static-03c60d20f6ba6fb3,42,03c60d20f6ba6fb3,Netflix,Season3-StrangerThings,rsrp=-89|rsrq=-10|snr=6,rsrp=-89|rsrq=-10,-89,-10,6,ploss=0|noise_power_dB=-5,0,-5,False,ploss=0|noise_power_dB=-5,0,-5,False,False,False,False,False
ucc-static-03c60d20f6ba6fb3,43,03c60d20f6ba6fb3,Netflix,Season3-StrangerThings,rsrp=-89|rsrq=-11|snr=4,rsrp=-89|rsrq=-11,-89,-11,4,ploss=0|noise_power_dB=-5,0,-5,False,ploss=0|noise_power_dB=-5,0,-5,False,False,False,False,False
ucc-static-03c60d20f6ba6fb3,44,03c60d20f6ba6fb3,Netflix,Season3-StrangerThings,rsrp=-89|rsrq=-11|snr=4,rsrp=-89|rsrq=-11,-89,-11,4,ploss=0|noise_power_dB=-5,0,-5,False,ploss=0|noise_power_dB=-5,0,-5,False,False,False,False,False
ucc-static-03c60d20f6ba6fb3,45,03c60d20f6ba6fb3,Netflix,Season3-StrangerThings,rsrp=-90|rsrq=-16|snr=2,rsrp=-90|rsrq=-16,-90,-16,2,ploss=0|noise_power_dB=-5,0,-5,False,ploss=0|noise_power_dB=-5,0,-5,False,False,False,False,False
ucc-static-03c60d20f6ba6fb3,46,03c60d20f6ba6fb3,Netflix,Season3-StrangerThings,rsrp=-90|rsrq=-16|snr=2,rsrp=-90|rsrq=-16,-90,-16,2,ploss=0|noise_power_dB=-5,0,-5,False,ploss=0|noise_power_dB=-5,0,-5,False,False,False,False,False
ucc-static-03c60d20f6ba6fb3,47,03c60d20f6ba6fb3,Netflix,Season3-StrangerThings,rsrp=-89|rsrq=-12|snr=6,rsrp=-89|rsrq=-12,-89,-12,6,ploss=0|noise_power_dB=-5,0,-5,False,ploss=0|noise_power_dB=-5,0,-5,False,False,False,False,False
ucc-static-03c60d20f6ba6fb3,48,03c60d20f6ba6fb3,Netflix,Season3-StrangerThings,rsrp=-89|rsrq=-12|snr=6,rsrp=-89|rsrq=-12,-89,-12,6,ploss=0|noise_power_dB=-5,0,-5,False,ploss=0|noise_power_dB=-5,0,-5,False,False,False,False,False
ucc-static-03c60d20f6ba6fb3,49,03c60d20f6ba6fb3,Netflix,Season3-StrangerThings,rsrp=-90|rsrq=-11|snr=4,rsrp=-90|rsrq=-11,-90,-11,4,ploss=0|noise_power_dB=-5,0,-5,True,ploss=0|noise_power_dB=-5,0,-5,False,False,True,False,True
ucc-static-03c60d20f6ba6fb3,50,03c60d20f6ba6fb3,Netflix,Season3-StrangerThings,rsrp=-90|rsrq=-11|snr=4,rsrp=-90|rsrq=-11,-90,-11,4,ploss=0|noise_power_dB=-5,0,-5,True,ploss=0|noise_power_dB=-5,0,-5,False,False,True,False,True
ucc-static-03c60d20f6ba6fb3,51,03c60d20f6ba6fb3,Netflix,Season3-StrangerThings,rsrp=-90|rsrq=-13|snr=-4,rsrp=-90|rsrq=-13,-90,-13,-4,ploss=0|noise_power_dB=-5,0,-5,False,ploss=0|noise_power_dB=-5,0,-5,False,False,False,False,False
ucc-static-03c60d20f6ba6fb3,52,03c60d20f6ba6fb3,Netflix,Season3-StrangerThings,rsrp=-90|rsrq=-13|snr=-4,rsrp=-90|rsrq=-13,-90,-13,-4,ploss=0|noise_power_dB=-5,0,-5,False,ploss=0|noise_power_dB=-5,0,-5,False,False,False,False,False
ucc-static-03c60d20f6ba6fb3,53,03c60d20f6ba6fb3,Netflix,Season3-StrangerThings,rsrp=-90|rsrq=-16|snr=-6,rsrp=-90|rsrq=-16,-90,-16,-6,ploss=0|noise_power_dB=-5,0,-5,False,ploss=0|noise_power_dB=-5,0,-5,False,False,False,False,False
ucc-static-03c60d20f6ba6fb3,54,03c60d20f6ba6fb3,Netflix,Season3-StrangerThings,rsrp=-90|rsrq=-16|snr=-6,rsrp=-90|rsrq=-16,-90,-16,-6,ploss=0|noise_power_dB=-5,0,-5,False,ploss=0|noise_power_dB=-5,0,-5,False,False,False,False,False
ucc-static-03c60d20f6ba6fb3,55,03c60d20f6ba6fb3,Netflix,Season3-StrangerThings,rsrp=-89|rsrq=-17|snr=-4,rsrp=-89|rsrq=-17,-89,-17,-4,ploss=0|noise_power_dB=-5,0,-5,False,ploss=0|noise_power_dB=-5,0,-5,False,False,False,False,False
ucc-static-03c60d20f6ba6fb3,56,03c60d20f6ba6fb3,Netflix,Season3-StrangerThings,rsrp=-89|rsrq=-17|snr=-4,rsrp=-89|rsrq=-17,-89,-17,-4,ploss=0|noise_power_dB=-5,0,-5,False,ploss=0|noise_power_dB=-5,0,-5,False,False,False,False,False
ucc-static-03c60d20f6ba6fb3,57,03c60d20f6ba6fb3,Netflix,Season3-StrangerThings,rsrp=-90|rsrq=-15|snr=7,rsrp=-90|rsrq=-15,-90,-15,7,ploss=0|noise_power_dB=-5,0,-5,False,ploss=0|noise_power_dB=-5,0,-5,False,False,False,False,False
ucc-static-03c60d20f6ba6fb3,58,03c60d20f6ba6fb3,Netflix,Season3-StrangerThings,rsrp=-90|rsrq=-15|snr=7,rsrp=-90|rsrq=-15,-90,-15,7,ploss=0|noise_power_dB=-5,0,-5,False,ploss=0|noise_power_dB=-5,0,-5,False,False,False,False,False
ucc-static-03c60d20f6ba6fb3,59,03c60d20f6ba6fb3,Netflix,Season3-StrangerThings,rsrp=-90|rsrq=-15|snr=7,rsrp=-90|rsrq=-15,-90,-15,7,ploss=0|noise_power_dB=-5,0,-5,False,ploss=0|noise_power_dB=-5,0,-5,False,False,False,False,False
ucc-static-03c60d20f6ba6fb3,60,03c60d20f6ba6fb3,Netflix,Season3-StrangerThings,rsrp=-90|rsrq=-15|snr=7,rsrp=-90|rsrq=-15,-90,-15,7,ploss=0|noise_power_dB=-5,0,-5,False,ploss=0|noise_power_dB=-5,0,-5,False,False,False,False,False
ucc-static-03c60d20f6ba6fb3,61,03c60d20f6ba6fb3,Netflix,Season3-StrangerThings,rsrp=-89|rsrq=-16|snr=6,rsrp=-89|rsrq=-16,-89,-16,6,ploss=0|noise_power_dB=-5,0,-5,False,ploss=0|noise_power_dB=-5,0,-5,False,False,False,False,False
ucc-static-03c60d20f6ba6fb3,62,03c60d20f6ba6fb3,Netflix,Season3-StrangerThings,rsrp=-89|rsrq=-16|snr=6,rsrp=-89|rsrq=-16,-89,-16,6,ploss=0|noise_power_dB=-5,0,-5,False,ploss=0|noise_power_dB=-5,0,-5,False,False,False,False,False
ucc-static-03c60d20f6ba6fb3,63,03c60d20f6ba6fb3,Netflix,Season3-StrangerThings,rsrp=-90|rsrq=-16|snr=6,rsrp=-90|rsrq=-16,-90,-16,6,ploss=0|noise_power_dB=-5,0,-5,False,ploss=0|noise_power_dB=-5,0,-5,False,False,False,False,False
ucc-static-03c60d20f6ba6fb3,64,03c60d20f6ba6fb3,Netflix,Season3-StrangerThings,rsrp=-90|rsrq=-16|snr=6,rsrp=-90|rsrq=-16,-90,-16,6,ploss=0|noise_power_dB=-5,0,-5,False,ploss=0|noise_power_dB=-5,0,-5,False,False,False,False,False
ucc-static-03c60d20f6ba6fb3,65,03c60d20f6ba6fb3,Netflix,Season3-StrangerThings,rsrp=-89|rsrq=-16|snr=7,rsrp=-89|rsrq=-16,-89,-16,7,ploss=0|noise_power_dB=-5,0,-5,False,ploss=0|noise_power_dB=-5,0,-5,False,False,False,False,False
ucc-static-03c60d20f6ba6fb3,66,03c60d20f6ba6fb3,Netflix,Season3-StrangerThings,rsrp=-89|rsrq=-16|snr=7,rsrp=-89|rsrq=-16,-89,-16,7,ploss=0|noise_power_dB=-5,0,-5,False,ploss=0|noise_power_dB=-5,0,-5,False,False,False,False,False
ucc-static-03c60d20f6ba6fb3,67,03c60d20f6ba6fb3,Netflix,Season3-StrangerThings,rsrp=-89|rsrq=-11|snr=1,rsrp=-89|rsrq=-11,-89,-11,1,ploss=0|noise_power_dB=-5,0,-5,False,ploss=0|noise_power_dB=-5,0,-5,False,False,False,False,False
ucc-static-03c60d20f6ba6fb3,68,03c60d20f6ba6fb3,Netflix,Season3-StrangerThings,rsrp=-89|rsrq=-11|snr=1,rsrp=-89|rsrq=-11,-89,-11,1,ploss=0|noise_power_dB=-5,0,-5,False,ploss=0|noise_power_dB=-5,0,-5,False,False,False,False,False
ucc-static-03c60d20f6ba6fb3,69,03c60d20f6ba6fb3,Netflix,Season3-StrangerThings,rsrp=-88|rsrq=-12|snr=1,rsrp=-88|rsrq=-12,-88,-12,1,ploss=0|noise_power_dB=-5,0,-5,False,ploss=0|noise_power_dB=-5,0,-5,False,False,False,False,False
ucc-static-03c60d20f6ba6fb3,70,03c60d20f6ba6fb3,Netflix,Season3-StrangerThings,rsrp=-88|rsrq=-12|snr=1,rsrp=-88|rsrq=-12,-88,-12,1,ploss=0|noise_power_dB=-5,0,-5,False,ploss=0|noise_power_dB=-5,0,-5,False,False,False,False,False
ucc-static-03c60d20f6ba6fb3,71,03c60d20f6ba6fb3,Netflix,Season3-StrangerThings,rsrp=-88|rsrq=-11|snr=4,rsrp=-88|rsrq=-11,-88,-11,4,ploss=0|noise_power_dB=-5,0,-5,False,ploss=0|noise_power_dB=-5,0,-5,False,False,False,False,False
ucc-static-03c60d20f6ba6fb3,72,03c60d20f6ba6fb3,Netflix,Season3-StrangerThings,rsrp=-88|rsrq=-11|snr=4,rsrp=-88|rsrq=-11,-88,-11,4,ploss=0|noise_power_dB=-5,0,-5,False,ploss=0|noise_power_dB=-5,0,-5,False,False,False,False,False
ucc-static-03c60d20f6ba6fb3,73,03c60d20f6ba6fb3,Netflix,Season3-StrangerThings,rsrp=-88|rsrq=-12|snr=7,rsrp=-88|rsrq=-12,-88,-12,7,ploss=0|noise_power_dB=-5,0,-5,False,ploss=0|noise_power_dB=-5,0,-5,False,False,False,False,False
ucc-static-03c60d20f6ba6fb3,74,03c60d20f6ba6fb3,Netflix,Season3-StrangerThings,rsrp=-88|rsrq=-12|snr=7,rsrp=-88|rsrq=-12,-88,-12,7,ploss=0|noise_power_dB=-5,0,-5,False,ploss=0|noise_power_dB=-5,0,-5,False,False,False,False,False
ucc-static-03c60d20f6ba6fb3,75,03c60d20f6ba6fb3,Netflix,Season3-StrangerThings,rsrp=-89|rsrq=-11|snr=1,rsrp=-89|rsrq=-11,-89,-11,1,ploss=0|noise_power_dB=-5,0,-5,False,ploss=0|noise_power_dB=-5,0,-5,False,False,False,False,False
ucc-static-03c60d20f6ba6fb3,76,03c60d20f6ba6fb3,Netflix,Season3-StrangerThings,rsrp=-89|rsrq=-11|snr=1,rsrp=-89|rsrq=-11,-89,-11,1,ploss=0|noise_power_dB=-5,0,-5,False,ploss=0|noise_power_dB=-5,0,-5,False,False,False,False,False
ucc-static-03c60d20f6ba6fb3,77,03c60d20f6ba6fb3,Netflix,Season3-StrangerThings,rsrp=-89|rsrq=-11|snr=3,rsrp=-89|rsrq=-11,-89,-11,3,ploss=0|noise_power_dB=-5,0,-5,False,ploss=0|noise_power_dB=-5,0,-5,False,False,False,False,False
ucc-static-03c60d20f6ba6fb3,78,03c60d20f6ba6fb3,Netflix,Season3-StrangerThings,rsrp=-89|rsrq=-11|snr=3,rsrp=-89|rsrq=-11,-89,-11,3,ploss=0|noise_power_dB=-5,0,-5,False,ploss=0|noise_power_dB=-5,0,-5,False,False,False,False,False
ucc-static-03c60d20f6ba6fb3,79,03c60d20f6ba6fb3,Netflix,Season3-StrangerThings,rsrp=-89|rsrq=-12|snr=-7,rsrp=-89|rsrq=-12,-89,-12,-7,ploss=0|noise_power_dB=-5,0,-5,False,ploss=0|noise_power_dB=-5,0,-5,False,False,False,False,False
ucc-static-03c60d20f6ba6fb3,80,03c60d20f6ba6fb3,Netflix,Season3-StrangerThings,rsrp=-89|rsrq=-12|snr=-7,rsrp=-89|rsrq=-12,-89,-12,-7,ploss=0|noise_power_dB=-5,0,-5,False,ploss=0|noise_power_dB=-5,0,-5,False,False,False,False,False
ucc-static-03c60d20f6ba6fb3,81,03c60d20f6ba6fb3,Netflix,Season3-StrangerThings,rsrp=-89|rsrq=-15|snr=3,rsrp=-89|rsrq=-15,-89,-15,3,ploss=0|noise_power_dB=-5,0,-5,False,ploss=0|noise_power_dB=-5,0,-5,False,False,False,False,False
ucc-static-03c60d20f6ba6fb3,82,03c60d20f6ba6fb3,Netflix,Season3-StrangerThings,rsrp=-89|rsrq=-15|snr=3,rsrp=-89|rsrq=-15,-89,-15,3,ploss=0|noise_power_dB=-5,0,-5,False,ploss=0|noise_power_dB=-5,0,-5,False,False,False,False,False
ucc-static-03c60d20f6ba6fb3,83,03c60d20f6ba6fb3,Netflix,Season3-StrangerThings,rsrp=-90|rsrq=-15|snr=-1,rsrp=-90|rsrq=-15,-90,-15,-1,ploss=0|noise_power_dB=-5,0,-5,False,ploss=0|noise_power_dB=-5,0,-5,False,False,False,False,False
ucc-static-03c60d20f6ba6fb3,84,03c60d20f6ba6fb3,Netflix,Season3-StrangerThings,rsrp=-90|rsrq=-15|snr=-1,rsrp=-90|rsrq=-15,-90,-15,-1,ploss=0|noise_power_dB=-5,0,-5,False,ploss=0|noise_power_dB=-5,0,-5,False,False,False,False,False
ucc-static-03c60d20f6ba6fb3,85,03c60d20f6ba6fb3,Netflix,Season3-StrangerThings,rsrp=-89|rsrq=-16|snr=5,rsrp=-89|rsrq=-16,-89,-16,5,ploss=0|noise_power_dB=-5,0,-5,False,ploss=0|noise_power_dB=-5,0,-5,False,False,False,False,False
ucc-static-03c60d20f6ba6fb3,86,03c60d20f6ba6fb3,Netflix,Season3-StrangerThings,rsrp=-89|rsrq=-16|snr=5,rsrp=-89|rsrq=-16,-89,-16,5,ploss=0|noise_power_dB=-5,0,-5,False,ploss=0|noise_power_dB=-5,0,-5,False,False,False,False,False
ucc-static-03c60d20f6ba6fb3,87,03c60d20f6ba6fb3,Netflix,Season3-StrangerThings,rsrp=-89|rsrq=-12|snr=6,rsrp=-89|rsrq=-12,-89,-12,6,ploss=0|noise_power_dB=-5,0,-5,False,ploss=0|noise_power_dB=-5,0,-5,False,False,False,False,False
ucc-static-03c60d20f6ba6fb3,88,03c60d20f6ba6fb3,Netflix,Season3-StrangerThings,rsrp=-89|rsrq=-12|snr=6,rsrp=-89|rsrq=-12,-89,-12,6,ploss=0|noise_power_dB=-5,0,-5,False,ploss=0|noise_power_dB=-5,0,-5,False,False,False,False,False
ucc-static-03c60d20f6ba6fb3,89,03c60d20f6ba6fb3,Netflix,Season3-StrangerThings,rsrp=-90|rsrq=-13|snr=5,rsrp=-90|rsrq=-13,-90,-13,5,ploss=0|noise_power_dB=-5,0,-5,False,ploss=0|noise_power_dB=-5,0,-5,False,False,False,False,False
ucc-static-03c60d20f6ba6fb3,90,03c60d20f6ba6fb3,Netflix,Season3-StrangerThings,rsrp=-90|rsrq=-13|snr=5,rsrp=-90|rsrq=-13,-90,-13,5,ploss=0|noise_power_dB=-5,0,-5,False,ploss=0|noise_power_dB=-5,0,-5,False,False,False,False,False
ucc-static-03c60d20f6ba6fb3,91,03c60d20f6ba6fb3,Netflix,Season3-StrangerThings,rsrp=-90|rsrq=-12|snr=4,rsrp=-90|rsrq=-12,-90,-12,4,ploss=0|noise_power_dB=-5,0,-5,True,ploss=0|noise_power_dB=-5,0,-5,False,False,True,False,True
ucc-static-03c60d20f6ba6fb3,92,03c60d20f6ba6fb3,Netflix,Season3-StrangerThings,rsrp=-90|rsrq=-12|snr=4,rsrp=-90|rsrq=-12,-90,-12,4,ploss=0|noise_power_dB=-5,0,-5,True,ploss=0|noise_power_dB=-5,0,-5,False,False,True,False,True
ucc-static-03c60d20f6ba6fb3,93,03c60d20f6ba6fb3,Netflix,Season3-StrangerThings,rsrp=-90|rsrq=-12|snr=-1,rsrp=-90|rsrq=-12,-90,-12,-1,ploss=0|noise_power_dB=-5,0,-5,True,ploss=0|noise_power_dB=-5,0,-5,False,False,True,False,True
ucc-static-03c60d20f6ba6fb3,94,03c60d20f6ba6fb3,Netflix,Season3-StrangerThings,rsrp=-90|rsrq=-12|snr=-1,rsrp=-90|rsrq=-12,-90,-12,-1,ploss=0|noise_power_dB=-5,0,-5,True,ploss=0|noise_power_dB=-5,0,-5,False,False,True,False,True
ucc-static-03c60d20f6ba6fb3,95,03c60d20f6ba6fb3,Netflix,Season3-StrangerThings,rsrp=-90|rsrq=-13|snr=-3,rsrp=-90|rsrq=-13,-90,-13,-3,ploss=0|noise_power_dB=-5,0,-5,False,ploss=0|noise_power_dB=-5,0,-5,False,False,False,False,False
ucc-static-03c60d20f6ba6fb3,96,03c60d20f6ba6fb3,Netflix,Season3-StrangerThings,rsrp=-90|rsrq=-13|snr=-3,rsrp=-90|rsrq=-13,-90,-13,-3,ploss=0|noise_power_dB=-5,0,-5,False,ploss=0|noise_power_dB=-5,0,-5,False,False,False,False,False
ucc-static-03c60d20f6ba6fb3,97,03c60d20f6ba6fb3,Netflix,Season3-StrangerThings,rsrp=-90|rsrq=-13|snr=-4,rsrp=-90|rsrq=-13,-90,-13,-4,ploss=0|noise_power_dB=-5,0,-5,False,ploss=0|noise_power_dB=-5,0,-5,False,False,False,False,False
ucc-static-03c60d20f6ba6fb3,98,03c60d20f6ba6fb3,Netflix,Season3-StrangerThings,rsrp=-90|rsrq=-13|snr=-4,rsrp=-90|rsrq=-13,-90,-13,-4,ploss=0|noise_power_dB=-5,0,-5,False,ploss=0|noise_power_dB=-5,0,-5,False,False,False,False,False
ucc-static-03c60d20f6ba6fb3,99,03c60d20f6ba6fb3,Netflix,Season3-StrangerThings,rsrp=-89|rsrq=-14|snr=2,rsrp=-89|rsrq=-14,-89,-14,2,ploss=0|noise_power_dB=-5,0,-5,False,ploss=0|noise_power_dB=-5,0,-5,False,False,False,False,False
ucc-static-03c60d20f6ba6fb3,100,03c60d20f6ba6fb3,Netflix,Season3-StrangerThings,rsrp=-89|rsrq=-14|snr=2,rsrp=-89|rsrq=-14,-89,-14,2,ploss=0|noise_power_dB=-5,0,-5,False,ploss=0|noise_power_dB=-5,0,-5,False,False,False,False,False
ucc-static-03c60d20f6ba6fb3,101,03c60d20f6ba6fb3,Netflix,Season3-StrangerThings,rsrp=-90|rsrq=-12|snr=0,rsrp=-90|rsrq=-12,-90,-12,0,ploss=0|noise_power_dB=-5,0,-5,True,ploss=0|noise_power_dB=-5,0,-5,False,False,True,False,True
ucc-static-03c60d20f6ba6fb3,102,03c60d20f6ba6fb3,Netflix,Season3-StrangerThings,rsrp=-90|rsrq=-12|snr=0,rsrp=-90|rsrq=-12,-90,-12,0,ploss=0|noise_power_dB=-5,0,-5,True,ploss=0|noise_power_dB=-5,0,-5,False,False,True,False,True
ucc-static-03c60d20f6ba6fb3,103,03c60d20f6ba6fb3,Netflix,Season3-StrangerThings,rsrp=-90|rsrq=-15|snr=-2,rsrp=-90|rsrq=-15,-90,-15,-2,ploss=0|noise_power_dB=-5,0,-5,False,ploss=0|noise_power_dB=-5,0,-5,False,False,False,False,False
ucc-static-03c60d20f6ba6fb3,104,03c60d20f6ba6fb3,Netflix,Season3-StrangerThings,rsrp=-90|rsrq=-15|snr=-2,rsrp=-90|rsrq=-15,-90,-15,-2,ploss=0|noise_power_dB=-5,0,-5,False,ploss=0|noise_power_dB=-5,0,-5,False,False,False,False,False
ucc-static-03c60d20f6ba6fb3,105,03c60d20f6ba6fb3,Netflix,Season3-StrangerThings,rsrp=-89|rsrq=-11|snr=7,rsrp=-89|rsrq=-11,-89,-11,7,ploss=0|noise_power_dB=-5,0,-5,False,ploss=0|noise_power_dB=-5,0,-5,False,False,False,False,False
ucc-static-03c60d20f6ba6fb3,106,03c60d20f6ba6fb3,Netflix,Season3-StrangerThings,rsrp=-89|rsrq=-11|snr=7,rsrp=-89|rsrq=-11,-89,-11,7,ploss=0|noise_power_dB=-5,0,-5,False,ploss=0|noise_power_dB=-5,0,-5,False,False,False,False,False
ucc-static-03c60d20f6ba6fb3,107,03c60d20f6ba6fb3,Netflix,Season3-StrangerThings,rsrp=-90|rsrq=-11|snr=6,rsrp=-90|rsrq=-11,-90,-11,6,ploss=0|noise_power_dB=-5,0,-5,True,ploss=0|noise_power_dB=-5,0,-5,False,False,True,False,True
ucc-static-03c60d20f6ba6fb3,108,03c60d20f6ba6fb3,Netflix,Season3-StrangerThings,rsrp=-90|rsrq=-11|snr=6,rsrp=-90|rsrq=-11,-90,-11,6,ploss=0|noise_power_dB=-5,0,-5,True,ploss=0|noise_power_dB=-5,0,-5,False,False,True,False,True
ucc-static-03c60d20f6ba6fb3,109,03c60d20f6ba6fb3,Netflix,Season3-StrangerThings,rsrp=-89|rsrq=-12|snr=5,rsrp=-89|rsrq=-12,-89,-12,5,ploss=0|noise_power_dB=-5,0,-5,False,ploss=0|noise_power_dB=-5,0,-5,False,False,False,False,False
ucc-static-03c60d20f6ba6fb3,110,03c60d20f6ba6fb3,Netflix,Season3-StrangerThings,rsrp=-89|rsrq=-12|snr=5,rsrp=-89|rsrq=-12,-89,-12,5,ploss=0|noise_power_dB=-5,0,-5,False,ploss=0|noise_power_dB=-5,0,-5,False,False,False,False,False
ucc-static-03c60d20f6ba6fb3,111,03c60d20f6ba6fb3,Netflix,Season3-StrangerThings,rsrp=-89|rsrq=-13|snr=8,rsrp=-89|rsrq=-13,-89,-13,8,ploss=0|noise_power_dB=-5,0,-5,False,ploss=0|noise_power_dB=-5,0,-5,False,False,False,False,False
ucc-static-03c60d20f6ba6fb3,112,03c60d20f6ba6fb3,Netflix,Season3-StrangerThings,rsrp=-89|rsrq=-13|snr=8,rsrp=-89|rsrq=-13,-89,-13,8,ploss=0|noise_power_dB=-5,0,-5,False,ploss=0|noise_power_dB=-5,0,-5,False,False,False,False,False
ucc-static-03c60d20f6ba6fb3,113,03c60d20f6ba6fb3,Netflix,Season3-StrangerThings,rsrp=-88|rsrq=-16|snr=-4,rsrp=-88|rsrq=-16,-88,-16,-4,ploss=0|noise_power_dB=-5,0,-5,False,ploss=0|noise_power_dB=-5,0,-5,False,False,False,False,False
ucc-static-03c60d20f6ba6fb3,114,03c60d20f6ba6fb3,Netflix,Season3-StrangerThings,rsrp=-88|rsrq=-16|snr=-4,rsrp=-88|rsrq=-16,-88,-16,-4,ploss=0|noise_power_dB=-5,0,-5,False,ploss=0|noise_power_dB=-5,0,-5,False,False,False,False,False
ucc-static-03c60d20f6ba6fb3,115,03c60d20f6ba6fb3,Netflix,Season3-StrangerThings,rsrp=-90|rsrq=-16|snr=-4,rsrp=-90|rsrq=-16,-90,-16,-4,ploss=0|noise_power_dB=-5,0,-5,False,ploss=0|noise_power_dB=-5,0,-5,False,False,False,False,False
ucc-static-03c60d20f6ba6fb3,116,03c60d20f6ba6fb3,Netflix,Season3-StrangerThings,rsrp=-90|rsrq=-16|snr=-4,rsrp=-90|rsrq=-16,-90,-16,-4,ploss=0|noise_power_dB=-5,0,-5,False,ploss=0|noise_power_dB=-5,0,-5,False,False,False,False,False
ucc-static-03c60d20f6ba6fb3,117,03c60d20f6ba6fb3,Netflix,Season3-StrangerThings,rsrp=-89|rsrq=-11|snr=0,rsrp=-89|rsrq=-11,-89,-11,0,ploss=0|noise_power_dB=-5,0,-5,False,ploss=0|noise_power_dB=-5,0,-5,False,False,False,False,False
ucc-static-03c60d20f6ba6fb3,118,03c60d20f6ba6fb3,Netflix,Season3-StrangerThings,rsrp=-89|rsrq=-11|snr=0,rsrp=-89|rsrq=-11,-89,-11,0,ploss=0|noise_power_dB=-5,0,-5,False,ploss=0|noise_power_dB=-5,0,-5,False,False,False,False,False
ucc-static-03c60d20f6ba6fb3,119,03c60d20f6ba6fb3,Netflix,Season3-StrangerThings,rsrp=-91|rsrq=-12|snr=0,rsrp=-91|rsrq=-12,-91,-12,0,ploss=0|noise_power_dB=-5,0,-5,True,ploss=0|noise_power_dB=-5,0,-5,False,False,True,False,True
ucc-static-03c60d20f6ba6fb3,120,03c60d20f6ba6fb3,Netflix,Season3-StrangerThings,rsrp=-91|rsrq=-12|snr=0,rsrp=-91|rsrq=-12,-91,-12,0,ploss=0|noise_power_dB=-5,0,-5,True,ploss=0|noise_power_dB=-5,0,-5,False,False,True,False,True
ucc-static-03c60d20f6ba6fb3,121,03c60d20f6ba6fb3,Netflix,Season3-StrangerThings,rsrp=-90|rsrq=-13|snr=4,rsrp=-90|rsrq=-13,-90,-13,4,ploss=0|noise_power_dB=-5,0,-5,False,ploss=0|noise_power_dB=-5,0,-5,False,False,False,False,False
ucc-static-03c60d20f6ba6fb3,122,03c60d20f6ba6fb3,Netflix,Season3-StrangerThings,rsrp=-90|rsrq=-13|snr=4,rsrp=-90|rsrq=-13,-90,-13,4,ploss=0|noise_power_dB=-5,0,-5,False,ploss=0|noise_power_dB=-5,0,-5,False,False,False,False,False
ucc-static-03c60d20f6ba6fb3,123,03c60d20f6ba6fb3,Netflix,Season3-StrangerThings,rsrp=-88|rsrq=-17|snr=0,rsrp=-88|rsrq=-17,-88,-17,0,ploss=0|noise_power_dB=-5,0,-5,False,ploss=0|noise_power_dB=-5,0,-5,False,False,False,False,False
ucc-static-03c60d20f6ba6fb3,124,03c60d20f6ba6fb3,Netflix,Season3-StrangerThings,rsrp=-88|rsrq=-17|snr=0,rsrp=-88|rsrq=-17,-88,-17,0,ploss=0|noise_power_dB=-5,0,-5,False,ploss=0|noise_power_dB=-5,0,-5,False,False,False,False,False
ucc-static-03c60d20f6ba6fb3,125,03c60d20f6ba6fb3,Netflix,Season3-StrangerThings,rsrp=-89|rsrq=-13|snr=0,rsrp=-89|rsrq=-13,-89,-13,0,ploss=0|noise_power_dB=-5,0,-5,False,ploss=0|noise_power_dB=-5,0,-5,False,False,False,False,False
ucc-static-03c60d20f6ba6fb3,126,03c60d20f6ba6fb3,Netflix,Season3-StrangerThings,rsrp=-89|rsrq=-13|snr=0,rsrp=-89|rsrq=-13,-89,-13,0,ploss=0|noise_power_dB=-5,0,-5,False,ploss=0|noise_power_dB=-5,0,-5,False,False,False,False,False
ucc-static-03c60d20f6ba6fb3,127,03c60d20f6ba6fb3,Netflix,Season3-StrangerThings,rsrp=-87|rsrq=-13|snr=-4,rsrp=-87|rsrq=-13,-87,-13,-4,ploss=0|noise_power_dB=-5,0,-5,False,ploss=0|noise_power_dB=-5,0,-5,False,False,False,False,False
ucc-static-03c60d20f6ba6fb3,128,03c60d20f6ba6fb3,Netflix,Season3-StrangerThings,rsrp=-87|rsrq=-13|snr=-4,rsrp=-87|rsrq=-13,-87,-13,-4,ploss=0|noise_power_dB=-5,0,-5,False,ploss=0|noise_power_dB=-5,0,-5,False,False,False,False,False
ucc-static-03c60d20f6ba6fb3,129,03c60d20f6ba6fb3,Netflix,Season3-StrangerThings,rsrp=-88|rsrq=-15|snr=8,rsrp=-88|rsrq=-15,-88,-15,8,ploss=0|noise_power_dB=-5,0,-5,False,ploss=0|noise_power_dB=-5,0,-5,False,False,False,False,False
ucc-static-03c60d20f6ba6fb3,130,03c60d20f6ba6fb3,Netflix,Season3-StrangerThings,rsrp=-88|rsrq=-15|snr=8,rsrp=-88|rsrq=-15,-88,-15,8,ploss=0|noise_power_dB=-5,0,-5,False,ploss=0|noise_power_dB=-5,0,-5,False,False,False,False,False
ucc-static-03c60d20f6ba6fb3,131,03c60d20f6ba6fb3,Netflix,Season3-StrangerThings,rsrp=-88|rsrq=-14|snr=2,rsrp=-88|rsrq=-14,-88,-14,2,ploss=0|noise_power_dB=-5,0,-5,False,ploss=0|noise_power_dB=-5,0,-5,False,False,False,False,False
ucc-static-03c60d20f6ba6fb3,132,03c60d20f6ba6fb3,Netflix,Season3-StrangerThings,rsrp=-88|rsrq=-14|snr=2,rsrp=-88|rsrq=-14,-88,-14,2,ploss=0|noise_power_dB=-5,0,-5,False,ploss=0|noise_power_dB=-5,0,-5,False,False,False,False,False
ucc-static-03c60d20f6ba6fb3,133,03c60d20f6ba6fb3,Netflix,Season3-StrangerThings,rsrp=-88|rsrq=-15|snr=-1,rsrp=-88|rsrq=-15,-88,-15,-1,ploss=0|noise_power_dB=-5,0,-5,False,ploss=0|noise_power_dB=-5,0,-5,False,False,False,False,False
ucc-static-03c60d20f6ba6fb3,134,03c60d20f6ba6fb3,Netflix,Season3-StrangerThings,rsrp=-88|rsrq=-15|snr=-1,rsrp=-88|rsrq=-15,-88,-15,-1,ploss=0|noise_power_dB=-5,0,-5,False,ploss=0|noise_power_dB=-5,0,-5,False,False,False,False,False
ucc-static-03c60d20f6ba6fb3,135,03c60d20f6ba6fb3,Netflix,Season3-StrangerThings,rsrp=-87|rsrq=-17|snr=-6,rsrp=-87|rsrq=-17,-87,-17,-6,ploss=0|noise_power_dB=-5,0,-5,False,ploss=0|noise_power_dB=-5,0,-5,False,False,False,False,False
ucc-static-03c60d20f6ba6fb3,136,03c60d20f6ba6fb3,Netflix,Season3-StrangerThings,rsrp=-87|rsrq=-17|snr=-6,rsrp=-87|rsrq=-17,-87,-17,-6,ploss=0|noise_power_dB=-5,0,-5,False,ploss=0|noise_power_dB=-5,0,-5,False,False,False,False,False
ucc-static-03c60d20f6ba6fb3,137,03c60d20f6ba6fb3,Netflix,Season3-StrangerThings,rsrp=-88|rsrq=-11|snr=4,rsrp=-88|rsrq=-11,-88,-11,4,ploss=0|noise_power_dB=-5,0,-5,False,ploss=0|noise_power_dB=-5,0,-5,False,False,False,False,False
ucc-static-03c60d20f6ba6fb3,138,03c60d20f6ba6fb3,Netflix,Season3-StrangerThings,rsrp=-88|rsrq=-11|snr=4,rsrp=-88|rsrq=-11,-88,-11,4,ploss=0|noise_power_dB=-5,0,-5,False,ploss=0|noise_power_dB=-5,0,-5,False,False,False,False,False
ucc-static-03c60d20f6ba6fb3,139,03c60d20f6ba6fb3,Netflix,Season3-StrangerThings,rsrp=-87|rsrq=-14|snr=5,rsrp=-87|rsrq=-14,-87,-14,5,ploss=0|noise_power_dB=-5,0,-5,False,ploss=0|noise_power_dB=-5,0,-5,False,False,False,False,False
ucc-static-03c60d20f6ba6fb3,140,03c60d20f6ba6fb3,Netflix,Season3-StrangerThings,rsrp=-87|rsrq=-14|snr=5,rsrp=-87|rsrq=-14,-87,-14,5,ploss=0|noise_power_dB=-5,0,-5,False,ploss=0|noise_power_dB=-5,0,-5,False,False,False,False,False
ucc-static-03c60d20f6ba6fb3,141,03c60d20f6ba6fb3,Netflix,Season3-StrangerThings,rsrp=-87|rsrq=-11|snr=2,rsrp=-87|rsrq=-11,-87,-11,2,ploss=0|noise_power_dB=-5,0,-5,False,ploss=0|noise_power_dB=-5,0,-5,False,False,False,False,False
ucc-static-03c60d20f6ba6fb3,142,03c60d20f6ba6fb3,Netflix,Season3-StrangerThings,rsrp=-87|rsrq=-11|snr=2,rsrp=-87|rsrq=-11,-87,-11,2,ploss=0|noise_power_dB=-5,0,-5,False,ploss=0|noise_power_dB=-5,0,-5,False,False,False,False,False
ucc-static-03c60d20f6ba6fb3,143,03c60d20f6ba6fb3,Netflix,Season3-StrangerThings,rsrp=-87|rsrq=-11|snr=4,rsrp=-87|rsrq=-11,-87,-11,4,ploss=0|noise_power_dB=-5,0,-5,False,ploss=0|noise_power_dB=-5,0,-5,False,False,False,False,False
ucc-static-03c60d20f6ba6fb3,144,03c60d20f6ba6fb3,Netflix,Season3-StrangerThings,rsrp=-87|rsrq=-11|snr=4,rsrp=-87|rsrq=-11,-87,-11,4,ploss=0|noise_power_dB=-5,0,-5,False,ploss=0|noise_power_dB=-5,0,-5,False,False,False,False,False
ucc-static-03c60d20f6ba6fb3,145,03c60d20f6ba6fb3,Netflix,Season3-StrangerThings,rsrp=-88|rsrq=-11|snr=-5,rsrp=-88|rsrq=-11,-88,-11,-5,ploss=0|noise_power_dB=-5,0,-5,False,ploss=0|noise_power_dB=-5,0,-5,False,False,False,False,False
ucc-static-03c60d20f6ba6fb3,146,03c60d20f6ba6fb3,Netflix,Season3-StrangerThings,rsrp=-88|rsrq=-11|snr=-5,rsrp=-88|rsrq=-11,-88,-11,-5,ploss=0|noise_power_dB=-5,0,-5,False,ploss=0|noise_power_dB=-5,0,-5,False,False,False,False,False
ucc-static-03c60d20f6ba6fb3,147,03c60d20f6ba6fb3,Netflix,Season3-StrangerThings,rsrp=-90|rsrq=-13|snr=1,rsrp=-90|rsrq=-13,-90,-13,1,ploss=0|noise_power_dB=-5,0,-5,False,ploss=0|noise_power_dB=-5,0,-5,False,False,False,False,False
ucc-static-03c60d20f6ba6fb3,148,03c60d20f6ba6fb3,Netflix,Season3-StrangerThings,rsrp=-90|rsrq=-13|snr=1,rsrp=-90|rsrq=-13,-90,-13,1,ploss=0|noise_power_dB=-5,0,-5,False,ploss=0|noise_power_dB=-5,0,-5,False,False,False,False,False
ucc-static-03c60d20f6ba6fb3,149,03c60d20f6ba6fb3,Netflix,Season3-StrangerThings,rsrp=-88|rsrq=-16|snr=-5,rsrp=-88|rsrq=-16,-88,-16,-5,ploss=0|noise_power_dB=-5,0,-5,False,ploss=0|noise_power_dB=-5,0,-5,False,False,False,False,False
ucc-static-03c60d20f6ba6fb3,150,03c60d20f6ba6fb3,Netflix,Season3-StrangerThings,rsrp=-88|rsrq=-16|snr=-5,rsrp=-88|rsrq=-16,-88,-16,-5,ploss=0|noise_power_dB=-5,0,-5,False,ploss=0|noise_power_dB=-5,0,-5,False,False,False,False,False
ucc-static-03c60d20f6ba6fb3,151,03c60d20f6ba6fb3,Netflix,Season3-StrangerThings,rsrp=-89|rsrq=-16|snr=-7,rsrp=-89|rsrq=-16,-89,-16,-7,ploss=0|noise_power_dB=-5,0,-5,False,ploss=0|noise_power_dB=-5,0,-5,False,False,False,False,False
ucc-static-03c60d20f6ba6fb3,152,03c60d20f6ba6fb3,Netflix,Season3-StrangerThings,rsrp=-89|rsrq=-16|snr=-7,rsrp=-89|rsrq=-16,-89,-16,-7,ploss=0|noise_power_dB=-5,0,-5,False,ploss=0|noise_power_dB=-5,0,-5,False,False,False,False,False
ucc-static-03c60d20f6ba6fb3,153,03c60d20f6ba6fb3,Netflix,Season3-StrangerThings,rsrp=-90|rsrq=-14|snr=-8,rsrp=-90|rsrq=-14,-90,-14,-8,ploss=0|noise_power_dB=-5,0,-5,False,ploss=0|noise_power_dB=-5,0,-5,False,False,False,False,False
ucc-static-03c60d20f6ba6fb3,154,03c60d20f6ba6fb3,Netflix,Season3-StrangerThings,rsrp=-90|rsrq=-14|snr=-8,rsrp=-90|rsrq=-14,-90,-14,-8,ploss=0|noise_power_dB=-5,0,-5,False,ploss=0|noise_power_dB=-5,0,-5,False,False,False,False,False
ucc-static-03c60d20f6ba6fb3,155,03c60d20f6ba6fb3,Netflix,Season3-StrangerThings,rsrp=-89|rsrq=-12|snr=-7,rsrp=-89|rsrq=-12,-89,-12,-7,ploss=0|noise_power_dB=-5,0,-5,False,ploss=0|noise_power_dB=-5,0,-5,False,False,False,False,False
ucc-static-03c60d20f6ba6fb3,156,03c60d20f6ba6fb3,Netflix,Season3-StrangerThings,rsrp=-89|rsrq=-12|snr=-7,rsrp=-89|rsrq=-12,-89,-12,-7,ploss=0|noise_power_dB=-5,0,-5,False,ploss=0|noise_power_dB=-5,0,-5,False,False,False,False,False
ucc-static-03c60d20f6ba6fb3,157,03c60d20f6ba6fb3,Netflix,Season3-StrangerThings,rsrp=-89|rsrq=-11|snr=-7,rsrp=-89|rsrq=-11,-89,-11,-7,ploss=0|noise_power_dB=-5,0,-5,False,ploss=0|noise_power_dB=-5,0,-5,False,False,False,False,False
ucc-static-03c60d20f6ba6fb3,158,03c60d20f6ba6fb3,Netflix,Season3-StrangerThings,rsrp=-89|rsrq=-11|snr=-7,rsrp=-89|rsrq=-11,-89,-11,-7,ploss=0|noise_power_dB=-5,0,-5,False,ploss=0|noise_power_dB=-5,0,-5,False,False,False,False,False
ucc-static-03c60d20f6ba6fb3,159,03c60d20f6ba6fb3,Netflix,Season3-StrangerThings,rsrp=-88|rsrq=-15|snr=4,rsrp=-88|rsrq=-15,-88,-15,4,ploss=0|noise_power_dB=-5,0,-5,False,ploss=0|noise_power_dB=-5,0,-5,False,False,False,False,False
ucc-static-03c60d20f6ba6fb3,160,03c60d20f6ba6fb3,Netflix,Season3-StrangerThings,rsrp=-88|rsrq=-15|snr=4,rsrp=-88|rsrq=-15,-88,-15,4,ploss=0|noise_power_dB=-5,0,-5,False,ploss=0|noise_power_dB=-5,0,-5,False,False,False,False,False
ucc-static-03c60d20f6ba6fb3,161,03c60d20f6ba6fb3,Netflix,Season3-StrangerThings,rsrp=-89|rsrq=-15|snr=0,rsrp=-89|rsrq=-15,-89,-15,0,ploss=0|noise_power_dB=-5,0,-5,False,ploss=0|noise_power_dB=-5,0,-5,False,False,False,False,False
ucc-static-03c60d20f6ba6fb3,162,03c60d20f6ba6fb3,Netflix,Season3-StrangerThings,rsrp=-89|rsrq=-15|snr=0,rsrp=-89|rsrq=-15,-89,-15,0,ploss=0|noise_power_dB=-5,0,-5,False,ploss=0|noise_power_dB=-5,0,-5,False,False,False,False,False
ucc-static-03c60d20f6ba6fb3,163,03c60d20f6ba6fb3,Netflix,Season3-StrangerThings,rsrp=-89|rsrq=-14|snr=-6,rsrp=-89|rsrq=-14,-89,-14,-6,ploss=0|noise_power_dB=-5,0,-5,False,ploss=0|noise_power_dB=-5,0,-5,False,False,False,False,False
ucc-static-03c60d20f6ba6fb3,164,03c60d20f6ba6fb3,Netflix,Season3-StrangerThings,rsrp=-89|rsrq=-14|snr=-6,rsrp=-89|rsrq=-14,-89,-14,-6,ploss=0|noise_power_dB=-5,0,-5,False,ploss=0|noise_power_dB=-5,0,-5,False,False,False,False,False
ucc-static-03c60d20f6ba6fb3,165,03c60d20f6ba6fb3,Netflix,Season3-StrangerThings,rsrp=-87|rsrq=-16|snr=-8,rsrp=-87|rsrq=-16,-87,-16,-8,ploss=0|noise_power_dB=-5,0,-5,False,ploss=0|noise_power_dB=-5,0,-5,False,False,False,False,False
ucc-static-03c60d20f6ba6fb3,166,03c60d20f6ba6fb3,Netflix,Season3-StrangerThings,rsrp=-87|rsrq=-16|snr=-8,rsrp=-87|rsrq=-16,-87,-16,-8,ploss=0|noise_power_dB=-5,0,-5,False,ploss=0|noise_power_dB=-5,0,-5,False,False,False,False,False
ucc-static-03c60d20f6ba6fb3,167,03c60d20f6ba6fb3,Netflix,Season3-StrangerThings,rsrp=-86|rsrq=-16|snr=2,rsrp=-86|rsrq=-16,-86,-16,2,ploss=0|noise_power_dB=-5,0,-5,False,ploss=0|noise_power_dB=-5,0,-5,False,False,False,False,False
ucc-static-1ba730f3759c6951,0,1ba730f3759c6951,Download,,rsrp=-99|rsrq=-15|snr=5,rsrp=-99|rsrq=-15,-99,-15,5,ploss=-5|noise_power_dB=-30,-5,-30,False,ploss=0|noise_power_dB=-5,0,-5,False,False,False,False,False
ucc-static-1ba730f3759c6951,1,1ba730f3759c6951,Download,,rsrp=-99|rsrq=-15|snr=5,rsrp=-99|rsrq=-15,-99,-15,5,ploss=-5|noise_power_dB=-30,-5,-30,False,ploss=0|noise_power_dB=-5,0,-5,False,False,False,False,False
ucc-static-1ba730f3759c6951,2,1ba730f3759c6951,Download,,rsrp=-98|rsrq=-12|snr=5,rsrp=-98|rsrq=-12,-98,-12,5,ploss=0|noise_power_dB=-5,0,-5,False,ploss=0|noise_power_dB=-5,0,-5,True,False,False,True,True
ucc-static-1ba730f3759c6951,3,1ba730f3759c6951,Download,,rsrp=-98|rsrq=-12|snr=5,rsrp=-98|rsrq=-12,-98,-12,5,ploss=0|noise_power_dB=-5,0,-5,False,ploss=0|noise_power_dB=-5,0,-5,True,False,False,True,True
ucc-static-1ba730f3759c6951,4,1ba730f3759c6951,Download,,rsrp=-97|rsrq=-9|snr=1,rsrp=-97|rsrq=-9,-97,-9,1,ploss=0|noise_power_dB=-5,0,-5,False,ploss=0|noise_power_dB=-5,0,-5,True,False,False,True,True
ucc-static-1ba730f3759c6951,5,1ba730f3759c6951,Download,,rsrp=-97|rsrq=-9|snr=1,rsrp=-97|rsrq=-9,-97,-9,1,ploss=0|noise_power_dB=-5,0,-5,False,ploss=0|noise_power_dB=-5,0,-5,True,False,False,True,True
ucc-static-1ba730f3759c6951,6,1ba730f3759c6951,Download,,rsrp=-99|rsrq=-11|snr=6,rsrp=-99|rsrq=-11,-99,-11,6,ploss=-5|noise_power_dB=-30,-5,-30,False,ploss=0|noise_power_dB=-5,0,-5,True,False,False,True,True
ucc-static-1ba730f3759c6951,7,1ba730f3759c6951,Download,,rsrp=-99|rsrq=-11|snr=6,rsrp=-99|rsrq=-11,-99,-11,6,ploss=-5|noise_power_dB=-30,-5,-30,False,ploss=0|noise_power_dB=-5,0,-5,True,False,False,True,True
ucc-static-1ba730f3759c6951,8,1ba730f3759c6951,Download,,rsrp=-98|rsrq=-11|snr=4,rsrp=-98|rsrq=-11,-98,-11,4,ploss=0|noise_power_dB=-5,0,-5,False,ploss=0|noise_power_dB=-5,0,-5,True,False,False,True,True
ucc-static-1ba730f3759c6951,9,1ba730f3759c6951,Download,,rsrp=-98|rsrq=-11|snr=4,rsrp=-98|rsrq=-11,-98,-11,4,ploss=0|noise_power_dB=-5,0,-5,False,ploss=0|noise_power_dB=-5,0,-5,True,False,False,True,True
ucc-static-1ba730f3759c6951,10,1ba730f3759c6951,Download,,rsrp=-97|rsrq=-14|snr=6,rsrp=-97|rsrq=-14,-97,-14,6,ploss=0|noise_power_dB=-5,0,-5,False,ploss=0|noise_power_dB=-5,0,-5,False,False,False,False,False
ucc-static-1ba730f3759c6951,11,1ba730f3759c6951,Download,,rsrp=-97|rsrq=-14|snr=6,rsrp=-97|rsrq=-14,-97,-14,6,ploss=0|noise_power_dB=-5,0,-5,False,ploss=0|noise_power_dB=-5,0,-5,False,False,False,False,False
ucc-static-1ba730f3759c6951,12,1ba730f3759c6951,Download,,rsrp=-97|rsrq=-12|snr=11,rsrp=-97|rsrq=-12,-97,-12,11,ploss=0|noise_power_dB=-5,0,-5,False,ploss=0|noise_power_dB=-5,0,-5,True,False,False,True,True
ucc-static-1ba730f3759c6951,13,1ba730f3759c6951,Download,,rsrp=-97|rsrq=-12|snr=11,rsrp=-97|rsrq=-12,-97,-12,11,ploss=0|noise_power_dB=-5,0,-5,False,ploss=0|noise_power_dB=-5,0,-5,True,False,False,True,True
ucc-static-1ba730f3759c6951,14,1ba730f3759c6951,Download,,rsrp=-97|rsrq=-9|snr=4,rsrp=-97|rsrq=-9,-97,-9,4,ploss=0|noise_power_dB=-5,0,-5,False,ploss=0|noise_power_dB=-5,0,-5,True,False,False,True,True
ucc-static-1ba730f3759c6951,15,1ba730f3759c6951,Download,,rsrp=-97|rsrq=-9|snr=4,rsrp=-97|rsrq=-9,-97,-9,4,ploss=0|noise_power_dB=-5,0,-5,False,ploss=0|noise_power_dB=-5,0,-5,True,False,False,True,True
ucc-static-1ba730f3759c6951,16,1ba730f3759c6951,Download,,rsrp=-97|rsrq=-12|snr=11,rsrp=-97|rsrq=-12,-97,-12,11,ploss=0|noise_power_dB=-5,0,-5,False,ploss=0|noise_power_dB=-5,0,-5,True,False,False,True,True
ucc-static-1ba730f3759c6951,17,1ba730f3759c6951,Download,,rsrp=-97|rsrq=-13|snr=8,rsrp=-97|rsrq=-13,-97,-13,8,ploss=0|noise_power_dB=-5,0,-5,False,ploss=0|noise_power_dB=-5,0,-5,False,False,False,False,False
ucc-static-1ba730f3759c6951,18,1ba730f3759c6951,Download,,rsrp=-97|rsrq=-13|snr=8,rsrp=-97|rsrq=-13,-97,-13,8,ploss=0|noise_power_dB=-5,0,-5,False,ploss=0|noise_power_dB=-5,0,-5,False,False,False,False,False
ucc-static-1ba730f3759c6951,19,1ba730f3759c6951,Download,,rsrp=-97|rsrq=-11|snr=11,rsrp=-97|rsrq=-11,-97,-11,11,ploss=0|noise_power_dB=-5,0,-5,False,ploss=0|noise_power_dB=-5,0,-5,True,False,False,True,True
ucc-static-1ba730f3759c6951,20,1ba730f3759c6951,Download,,rsrp=-97|rsrq=-11|snr=11,rsrp=-97|rsrq=-11,-97,-11,11,ploss=0|noise_power_dB=-5,0,-5,False,ploss=0|noise_power_dB=-5,0,-5,True,False,False,True,True
ucc-static-1ba730f3759c6951,21,1ba730f3759c6951,Download,,rsrp=-98|rsrq=-10|snr=4,rsrp=-98|rsrq=-10,-98,-10,4,ploss=0|noise_power_dB=-5,0,-5,False,ploss=0|noise_power_dB=-5,0,-5,True,False,False,True,True
ucc-static-1ba730f3759c6951,22,1ba730f3759c6951,Download,,rsrp=-98|rsrq=-10|snr=4,rsrp=-98|rsrq=-10,-98,-10,4,ploss=0|noise_power_dB=-5,0,-5,False,ploss=0|noise_power_dB=-5,0,-5,True,False,False,True,True
ucc-static-1ba730f3759c6951,23,1ba730f3759c6951,Download,,rsrp=-98|rsrq=-12|snr=5,rsrp=-98|rsrq=-12,-98,-12,5,ploss=0|noise_power_dB=-5,0,-5,False,ploss=0|noise_power_dB=-5,0,-5,True,False,False,True,True
ucc-static-1ba730f3759c6951,24,1ba730f3759c6951,Download,,rsrp=-98|rsrq=-12|snr=5,rsrp=-98|rsrq=-12,-98,-12,5,ploss=0|noise_power_dB=-5,0,-5,False,ploss=0|noise_power_dB=-5,0,-5,True,False,False,True,True
ucc-static-1ba730f3759c6951,25,1ba730f3759c6951,Download,,rsrp=-99|rsrq=-12|snr=5,rsrp=-99|rsrq=-12,-99,-12,5,ploss=-5|noise_power_dB=-30,-5,-30,False,ploss=0|noise_power_dB=-5,0,-5,True,False,False,True,True
ucc-static-1ba730f3759c6951,26,1ba730f3759c6951,Download,,rsrp=-99|rsrq=-12|snr=5,rsrp=-99|rsrq=-12,-99,-12,5,ploss=-5|noise_power_dB=-30,-5,-30,False,ploss=0|noise_power_dB=-5,0,-5,True,False,False,True,True
ucc-static-1ba730f3759c6951,27,1ba730f3759c6951,Download,,rsrp=-98|rsrq=-11|snr=5,rsrp=-98|rsrq=-11,-98,-11,5,ploss=0|noise_power_dB=-5,0,-5,False,ploss=0|noise_power_dB=-5,0,-5,True,False,False,True,True
ucc-static-1ba730f3759c6951,28,1ba730f3759c6951,Download,,rsrp=-98|rsrq=-13|snr=2,rsrp=-98|rsrq=-13,-98,-13,2,ploss=0|noise_power_dB=-5,0,-5,False,ploss=0|noise_power_dB=-5,0,-5,False,False,False,False,False
ucc-static-1ba730f3759c6951,29,1ba730f3759c6951,Download,,rsrp=-98|rsrq=-13|snr=2,rsrp=-98|rsrq=-13,-98,-13,2,ploss=0|noise_power_dB=-5,0,-5,False,ploss=0|noise_power_dB=-5,0,-5,False,False,False,False,False
ucc-static-1ba730f3759c6951,30,1ba730f3759c6951,Download,,rsrp=-99|rsrq=-11|snr=5,rsrp=-99|rsrq=-11,-99,-11,5,ploss=-5|noise_power_dB=-30,-5,-30,False,ploss=0|noise_power_dB=-5,0,-5,True,False,False,True,True
ucc-static-1ba730f3759c6951,31,1ba730f3759c6951,Download,,rsrp=-99|rsrq=-11|snr=5,rsrp=-99|rsrq=-11,-99,-11,5,ploss=-5|noise_power_dB=-30,-5,-30,False,ploss=0|noise_power_dB=-5,0,-5,True,False,False,True,True
ucc-static-1ba730f3759c6951,32,1ba730f3759c6951,Download,,rsrp=-102|rsrq=-11|snr=4,rsrp=-102|rsrq=-11,-102,-11,4,ploss=-5|noise_power_dB=-30,-5,-30,False,ploss=0|noise_power_dB=-5,0,-5,True,False,False,True,True
ucc-static-1ba730f3759c6951,33,1ba730f3759c6951,Download,,rsrp=-102|rsrq=-11|snr=4,rsrp=-102|rsrq=-11,-102,-11,4,ploss=-5|noise_power_dB=-30,-5,-30,False,ploss=0|noise_power_dB=-5,0,-5,True,False,False,True,True
ucc-static-1ba730f3759c6951,34,1ba730f3759c6951,Download,,rsrp=-98|rsrq=-12|snr=9,rsrp=-98|rsrq=-12,-98,-12,9,ploss=0|noise_power_dB=-5,0,-5,False,ploss=0|noise_power_dB=-5,0,-5,True,False,False,True,True
ucc-static-1ba730f3759c6951,35,1ba730f3759c6951,Download,,rsrp=-98|rsrq=-12|snr=9,rsrp=-98|rsrq=-12,-98,-12,9,ploss=0|noise_power_dB=-5,0,-5,False,ploss=0|noise_power_dB=-5,0,-5,True,False,False,True,True
ucc-static-1ba730f3759c6951,36,1ba730f3759c6951,Download,,rsrp=-97|rsrq=-10|snr=5,rsrp=-97|rsrq=-10,-97,-10,5,ploss=0|noise_power_dB=-5,0,-5,False,ploss=0|noise_power_dB=-5,0,-5,True,False,False,True,True
ucc-static-1ba730f3759c6951,37,1ba730f3759c6951,Download,,rsrp=-97|rsrq=-10|snr=5,rsrp=-97|rsrq=-10,-97,-10,5,ploss=0|noise_power_dB=-5,0,-5,False,ploss=0|noise_power_dB=-5,0,-5,True,False,False,True,True
ucc-static-1ba730f3759c6951,38,1ba730f3759c6951,Download,,rsrp=-97|rsrq=-9|snr=9,rsrp=-97|rsrq=-9,-97,-9,9,ploss=0|noise_power_dB=-5,0,-5,False,ploss=0|noise_power_dB=-5,0,-5,True,False,False,True,True
ucc-static-1ba730f3759c6951,39,1ba730f3759c6951,Download,,rsrp=-97|rsrq=-9|snr=9,rsrp=-97|rsrq=-9,-97,-9,9,ploss=0|noise_power_dB=-5,0,-5,False,ploss=0|noise_power_dB=-5,0,-5,True,False,False,True,True
ucc-static-1ba730f3759c6951,40,1ba730f3759c6951,Download,,rsrp=-96|rsrq=-9|snr=7,rsrp=-96|rsrq=-9,-96,-9,7,ploss=0|noise_power_dB=-5,0,-5,False,ploss=0|noise_power_dB=-5,0,-5,False,False,False,False,False
ucc-static-1ba730f3759c6951,41,1ba730f3759c6951,Download,,rsrp=-96|rsrq=-9|snr=7,rsrp=-96|rsrq=-9,-96,-9,7,ploss=0|noise_power_dB=-5,0,-5,False,ploss=0|noise_power_dB=-5,0,-5,False,False,False,False,False
ucc-static-1ba730f3759c6951,42,1ba730f3759c6951,Download,,rsrp=-98|rsrq=-13|snr=3,rsrp=-98|rsrq=-13,-98,-13,3,ploss=0|noise_power_dB=-5,0,-5,False,ploss=0|noise_power_dB=-5,0,-5,False,False,False,False,False
ucc-static-1ba730f3759c6951,43,1ba730f3759c6951,Download,,rsrp=-98|rsrq=-13|snr=3,rsrp=-98|rsrq=-13,-98,-13,3,ploss=0|noise_power_dB=-5,0,-5,False,ploss=0|noise_power_dB=-5,0,-5,False,False,False,False,False
ucc-static-1ba730f3759c6951,44,1ba730f3759c6951,Download,,rsrp=-97|rsrq=-16|snr=4,rsrp=-97|rsrq=-16,-97,-16,4,ploss=0|noise_power_dB=-5,0,-5,False,ploss=0|noise_power_dB=-5,0,-5,False,False,False,False,False
ucc-static-1ba730f3759c6951,45,1ba730f3759c6951,Download,,rsrp=-97|rsrq=-16|snr=4,rsrp=-97|rsrq=-16,-97,-16,4,ploss=0|noise_power_dB=-5,0,-5,False,ploss=0|noise_power_dB=-5,0,-5,False,False,False,False,False
ucc-static-1ba730f3759c6951,46,1ba730f3759c6951,Download,,rsrp=-97|rsrq=-11|snr=6,rsrp=-97|rsrq=-11,-97,-11,6,ploss=0|noise_power_dB=-5,0,-5,False,ploss=0|noise_power_dB=-5,0,-5,True,False,False,True,True
ucc-static-1ba730f3759c6951,47,1ba730f3759c6951,Download,,rsrp=-97|rsrq=-11|snr=6,rsrp=-97|rsrq=-11,-97,-11,6,ploss=0|noise_power_dB=-5,0,-5,False,ploss=0|noise_power_dB=-5,0,-5,True,False,False,True,True
ucc-static-1ba730f3759c6951,48,1ba730f3759c6951,Download,,rsrp=-96|rsrq=-10|snr=2,rsrp=-96|rsrq=-10,-96,-10,2,ploss=0|noise_power_dB=-5,0,-5,False,ploss=0|noise_power_dB=-5,0,-5,False,False,False,False,False
ucc-static-1ba730f3759c6951,49,1ba730f3759c6951,Download,,rsrp=-96|rsrq=-10|snr=2,rsrp=-96|rsrq=-10,-96,-10,2,ploss=0|noise_power_dB=-5,0,-5,False,ploss=0|noise_power_dB=-5,0,-5,False,False,False,False,False
ucc-static-1ba730f3759c6951,50,1ba730f3759c6951,Download,,rsrp=-95|rsrq=-11|snr=2,rsrp=-95|rsrq=-11,-95,-11,2,ploss=0|noise_power_dB=-5,0,-5,True,ploss=0|noise_power_dB=-5,0,-5,False,False,True,False,True
ucc-static-1ba730f3759c6951,51,1ba730f3759c6951,Download,,rsrp=-95|rsrq=-11|snr=2,rsrp=-95|rsrq=-11,-95,-11,2,ploss=0|noise_power_dB=-5,0,-5,True,ploss=0|noise_power_dB=-5,0,-5,False,False,True,False,True
ucc-static-1ba730f3759c6951,52,1ba730f3759c6951,Download,,rsrp=-97|rsrq=-12|snr=7,rsrp=-97|rsrq=-12,-97,-12,7,ploss=0|noise_power_dB=-5,0,-5,False,ploss=0|noise_power_dB=-5,0,-5,True,False,False,True,True
ucc-static-1ba730f3759c6951,53,1ba730f3759c6951,Download,,rsrp=-97|rsrq=-12|snr=7,rsrp=-97|rsrq=-12,-97,-12,7,ploss=0|noise_power_dB=-5,0,-5,False,ploss=0|noise_power_dB=-5,0,-5,True,False,False,True,True
ucc-static-1ba730f3759c6951,54,1ba730f3759c6951,Download,,rsrp=-96|rsrq=-11|snr=7,rsrp=-96|rsrq=-11,-96,-11,7,ploss=0|noise_power_dB=-5,0,-5,False,ploss=0|noise_power_dB=-5,0,-5,False,False,False,False,False
ucc-static-1ba730f3759c6951,55,1ba730f3759c6951,Download,,rsrp=-96|rsrq=-11|snr=7,rsrp=-96|rsrq=-11,-96,-11,7,ploss=0|noise_power_dB=-5,0,-5,False,ploss=0|noise_power_dB=-5,0,-5,False,False,False,False,False
ucc-static-1ba730f3759c6951,56,1ba730f3759c6951,Download,,rsrp=-97|rsrq=-13|snr=4,rsrp=-97|rsrq=-13,-97,-13,4,ploss=0|noise_power_dB=-5,0,-5,False,ploss=0|noise_power_dB=-5,0,-5,False,False,False,False,False
ucc-static-1ba730f3759c6951,57,1ba730f3759c6951,Download,,rsrp=-97|rsrq=-13|snr=4,rsrp=-97|rsrq=-13,-97,-13,4,ploss=0|noise_power_dB=-5,0,-5,False,ploss=0|noise_power_dB=-5,0,-5,False,False,False,False,False
ucc-static-1ba730f3759c6951,58,1ba730f3759c6951,Download,,rsrp=-98|rsrq=-16|snr=3,rsrp=-98|rsrq=-16,-98,-16,3,ploss=0|noise_power_dB=-5,0,-5,False,ploss=0|noise_power_dB=-5,0,-5,False,False,False,False,False
ucc-static-1ba730f3759c6951,59,1ba730f3759c6951,Download,,rsrp=-98|rsrq=-16|snr=3,rsrp=-98|rsrq=-16,-98,-16,3,ploss=0|noise_power_dB=-5,0,-5,False,ploss=0|noise_power_dB=-5,0,-5,False,False,False,False,False
ucc-static-1ba730f3759c6951,60,1ba730f3759c6951,Download,,rsrp=-96|rsrq=-17|snr=4,rsrp=-96|rsrq=-17,-96,-17,4,ploss=0|noise_power_dB=-5,0,-5,False,ploss=0|noise_power_dB=-5,0,-5,False,False,False,False,False
ucc-static-1ba730f3759c6951,61,1ba730f3759c6951,Download,,rsrp=-96|rsrq=-17|snr=4,rsrp=-96|rsrq=-17,-96,-17,4,ploss=0|noise_power_dB=-5,0,-5,False,ploss=0|noise_power_dB=-5,0,-5,False,False,False,False,False
ucc-static-1ba730f3759c6951,62,1ba730f3759c6951,Download,,rsrp=-97|rsrq=-17|snr=3,rsrp=-97|rsrq=-17,-97,-17,3,ploss=0|noise_power_dB=-5,0,-5,False,ploss=0|noise_power_dB=-5,0,-5,False,False,False,False,False
ucc-static-1ba730f3759c6951,63,1ba730f3759c6951,Download,,rsrp=-97|rsrq=-17|snr=3,rsrp=-97|rsrq=-17,-97,-17,3,ploss=0|noise_power_dB=-5,0,-5,False,ploss=0|noise_power_dB=-5,0,-5,False,False,False,False,False
ucc-static-1ba730f3759c6951,64,1ba730f3759c6951,Download,,rsrp=-96|rsrq=-13|snr=4,rsrp=-96|rsrq=-13,-96,-13,4,ploss=0|noise_power_dB=-5,0,-5,False,ploss=0|noise_power_dB=-5,0,-5,False,False,False,False,False
ucc-static-1ba730f3759c6951,65,1ba730f3759c6951,Download,,rsrp=-96|rsrq=-13|snr=4,rsrp=-96|rsrq=-13,-96,-13,4,ploss=0|noise_power_dB=-5,0,-5,False,ploss=0|noise_power_dB=-5,0,-5,False,False,False,False,False
ucc-static-1ba730f3759c6951,66,1ba730f3759c6951,Download,,rsrp=-96|rsrq=-16|snr=0,rsrp=-96|rsrq=-16,-96,-16,0,ploss=0|noise_power_dB=-5,0,-5,False,ploss=0|noise_power_dB=-5,0,-5,False,False,False,False,False
ucc-static-1ba730f3759c6951,67,1ba730f3759c6951,Download,,rsrp=-96|rsrq=-16|snr=0,rsrp=-96|rsrq=-16,-96,-16,0,ploss=0|noise_power_dB=-5,0,-5,False,ploss=0|noise_power_dB=-5,0,-5,False,False,False,False,False
ucc-static-1ba730f3759c6951,68,1ba730f3759c6951,Download,,rsrp=-98|rsrq=-17|snr=2,rsrp=-98|rsrq=-17,-98,-17,2,ploss=0|noise_power_dB=-5,0,-5,False,ploss=0|noise_power_dB=-5,0,-5,False,False,False,False,False
ucc-static-1ba730f3759c6951,69,1ba730f3759c6951,Download,,rsrp=-98|rsrq=-17|snr=2,rsrp=-98|rsrq=-17,-98,-17,2,ploss=0|noise_power_dB=-5,0,-5,False,ploss=0|noise_power_dB=-5,0,-5,False,False,False,False,False
ucc-static-1ba730f3759c6951,70,1ba730f3759c6951,Download,,rsrp=-97|rsrq=-16|snr=5,rsrp=-97|rsrq=-16,-97,-16,5,ploss=0|noise_power_dB=-5,0,-5,False,ploss=0|noise_power_dB=-5,0,-5,False,False,False,False,False
ucc-static-1ba730f3759c6951,71,1ba730f3759c6951,Download,,rsrp=-97|rsrq=-16|snr=5,rsrp=-97|rsrq=-16,-97,-16,5,ploss=0|noise_power_dB=-5,0,-5,False,ploss=0|noise_power_dB=-5,0,-5,False,False,False,False,False
ucc-static-1ba730f3759c6951,72,1ba730f3759c6951,Download,,rsrp=-96|rsrq=-15|snr=4,rsrp=-96|rsrq=-15,-96,-15,4,ploss=0|noise_power_dB=-5,0,-5,False,ploss=0|noise_power_dB=-5,0,-5,False,False,False,False,False
ucc-static-1ba730f3759c6951,73,1ba730f3759c6951,Download,,rsrp=-96|rsrq=-15|snr=4,rsrp=-96|rsrq=-15,-96,-15,4,ploss=0|noise_power_dB=-5,0,-5,False,ploss=0|noise_power_dB=-5,0,-5,False,False,False,False,False
ucc-static-1ba730f3759c6951,74,1ba730f3759c6951,Download,,rsrp=-97|rsrq=-16|snr=4,rsrp=-97|rsrq=-16,-97,-16,4,ploss=0|noise_power_dB=-5,0,-5,False,ploss=0|noise_power_dB=-5,0,-5,False,False,False,False,False
ucc-static-1ba730f3759c6951,75,1ba730f3759c6951,Download,,rsrp=-97|rsrq=-16|snr=4,rsrp=-97|rsrq=-16,-97,-16,4,ploss=0|noise_power_dB=-5,0,-5,False,ploss=0|noise_power_dB=-5,0,-5,False,False,False,False,False
ucc-static-1ba730f3759c6951,76,1ba730f3759c6951,Download,,rsrp=-97|rsrq=-16|snr=4,rsrp=-97|rsrq=-16,-97,-16,4,ploss=0|noise_power_dB=-5,0,-5,False,ploss=0|noise_power_dB=-5,0,-5,False,False,False,False,False
ucc-static-1ba730f3759c6951,77,1ba730f3759c6951,Download,,rsrp=-98|rsrq=-14|snr=3,rsrp=-98|rsrq=-14,-98,-14,3,ploss=0|noise_power_dB=-5,0,-5,False,ploss=0|noise_power_dB=-5,0,-5,False,False,False,False,False
ucc-static-1ba730f3759c6951,78,1ba730f3759c6951,Download,,rsrp=-98|rsrq=-14|snr=3,rsrp=-98|rsrq=-14,-98,-14,3,ploss=0|noise_power_dB=-5,0,-5,False,ploss=0|noise_power_dB=-5,0,-5,False,False,False,False,False
ucc-static-1ba730f3759c6951,79,1ba730f3759c6951,Download,,rsrp=-96|rsrq=-15|snr=6,rsrp=-96|rsrq=-15,-96,-15,6,ploss=0|noise_power_dB=-5,0,-5,False,ploss=0|noise_power_dB=-5,0,-5,False,False,False,False,False
ucc-static-1ba730f3759c6951,80,1ba730f3759c6951,Download,,rsrp=-96|rsrq=-15|snr=6,rsrp=-96|rsrq=-15,-96,-15,6,ploss=0|noise_power_dB=-5,0,-5,False,ploss=0|noise_power_dB=-5,0,-5,False,False,False,False,False
ucc-static-1ba730f3759c6951,81,1ba730f3759c6951,Download,,rsrp=-97|rsrq=-14|snr=6,rsrp=-97|rsrq=-14,-97,-14,6,ploss=0|noise_power_dB=-5,0,-5,False,ploss=0|noise_power_dB=-5,0,-5,False,False,False,False,False
ucc-static-1ba730f3759c6951,82,1ba730f3759c6951,Download,,rsrp=-97|rsrq=-14|snr=6,rsrp=-97|rsrq=-14,-97,-14,6,ploss=0|noise_power_dB=-5,0,-5,False,ploss=0|noise_power_dB=-5,0,-5,False,False,False,False,False
ucc-static-1ba730f3759c6951,83,1ba730f3759c6951,Download,,rsrp=-97|rsrq=-14|snr=8,rsrp=-97|rsrq=-14,-97,-14,8,ploss=0|noise_power_dB=-5,0,-5,False,ploss=0|noise_power_dB=-5,0,-5,False,False,False,False,False
ucc-static-1ba730f3759c6951,84,1ba730f3759c6951,Download,,rsrp=-97|rsrq=-14|snr=8,rsrp=-97|rsrq=-14,-97,-14,8,ploss=0|noise_power_dB=-5,0,-5,False,ploss=0|noise_power_dB=-5,0,-5,False,False,False,False,False
ucc-static-1ba730f3759c6951,85,1ba730f3759c6951,Download,,rsrp=-97|rsrq=-16|snr=7,rsrp=-97|rsrq=-16,-97,-16,7,ploss=0|noise_power_dB=-5,0,-5,False,ploss=0|noise_power_dB=-5,0,-5,False,False,False,False,False
ucc-static-1ba730f3759c6951,86,1ba730f3759c6951,Download,,rsrp=-97|rsrq=-16|snr=7,rsrp=-97|rsrq=-16,-97,-16,7,ploss=0|noise_power_dB=-5,0,-5,False,ploss=0|noise_power_dB=-5,0,-5,False,False,False,False,False
ucc-static-1ba730f3759c6951,87,1ba730f3759c6951,Download,,rsrp=-97|rsrq=-16|snr=6,rsrp=-97|rsrq=-16,-97,-16,6,ploss=0|noise_power_dB=-5,0,-5,False,ploss=0|noise_power_dB=-5,0,-5,False,False,False,False,False
ucc-static-1ba730f3759c6951,88,1ba730f3759c6951,Download,,rsrp=-97|rsrq=-16|snr=6,rsrp=-97|rsrq=-16,-97,-16,6,ploss=0|noise_power_dB=-5,0,-5,False,ploss=0|noise_power_dB=-5,0,-5,False,False,False,False,False
ucc-static-1ba730f3759c6951,89,1ba730f3759c6951,Download,,rsrp=-97|rsrq=-16|snr=6,rsrp=-97|rsrq=-16,-97,-16,6,ploss=0|noise_power_dB=-5,0,-5,False,ploss=0|noise_power_dB=-5,0,-5,False,False,False,False,False
ucc-static-1ba730f3759c6951,90,1ba730f3759c6951,Download,,rsrp=-96|rsrq=-16|snr=5,rsrp=-96|rsrq=-16,-96,-16,5,ploss=0|noise_power_dB=-5,0,-5,False,ploss=0|noise_power_dB=-5,0,-5,False,False,False,False,False
ucc-static-1ba730f3759c6951,91,1ba730f3759c6951,Download,,rsrp=-96|rsrq=-16|snr=5,rsrp=-96|rsrq=-16,-96,-16,5,ploss=0|noise_power_dB=-5,0,-5,False,ploss=0|noise_power_dB=-5,0,-5,False,False,False,False,False
ucc-static-1ba730f3759c6951,92,1ba730f3759c6951,Download,,rsrp=-96|rsrq=-16|snr=7,rsrp=-96|rsrq=-16,-96,-16,7,ploss=0|noise_power_dB=-5,0,-5,False,ploss=0|noise_power_dB=-5,0,-5,False,False,False,False,False
ucc-static-1ba730f3759c6951,93,1ba730f3759c6951,Download,,rsrp=-96|rsrq=-16|snr=7,rsrp=-96|rsrq=-16,-96,-16,7,ploss=0|noise_power_dB=-5,0,-5,False,ploss=0|noise_power_dB=-5,0,-5,False,False,False,False,False
ucc-static-1ba730f3759c6951,94,1ba730f3759c6951,Download,,rsrp=-97|rsrq=-16|snr=7,rsrp=-97|rsrq=-16,-97,-16,7,ploss=0|noise_power_dB=-5,0,-5,False,ploss=0|noise_power_dB=-5,0,-5,False,False,False,False,False
ucc-static-1ba730f3759c6951,95,1ba730f3759c6951,Download,,rsrp=-97|rsrq=-16|snr=7,rsrp=-97|rsrq=-16,-97,-16,7,ploss=0|noise_power_dB=-5,0,-5,False,ploss=0|noise_power_dB=-5,0,-5,False,False,False,False,False
ucc-static-1ba730f3759c6951,96,1ba730f3759c6951,Download,,rsrp=-97|rsrq=-15|snr=6,rsrp=-97|rsrq=-15,-97,-15,6,ploss=0|noise_power_dB=-5,0,-5,False,ploss=0|noise_power_dB=-5,0,-5,False,False,False,False,False
ucc-static-1ba730f3759c6951,97,1ba730f3759c6951,Download,,rsrp=-97|rsrq=-15|snr=6,rsrp=-97|rsrq=-15,-97,-15,6,ploss=0|noise_power_dB=-5,0,-5,False,ploss=0|noise_power_dB=-5,0,-5,False,False,False,False,False
ucc-static-1ba730f3759c6951,98,1ba730f3759c6951,Download,,rsrp=-98|rsrq=-14|snr=7,rsrp=-98|rsrq=-14,-98,-14,7,ploss=0|noise_power_dB=-5,0,-5,False,ploss=0|noise_power_dB=-5,0,-5,False,False,False,False,False
ucc-static-1ba730f3759c6951,99,1ba730f3759c6951,Download,,rsrp=-98|rsrq=-14|snr=7,rsrp=-98|rsrq=-14,-98,-14,7,ploss=0|noise_power_dB=-5,0,-5,False,ploss=0|noise_power_dB=-5,0,-5,False,False,False,False,False
ucc-static-1ba730f3759c6951,100,1ba730f3759c6951,Download,,rsrp=-97|rsrq=-16|snr=5,rsrp=-97|rsrq=-16,-97,-16,5,ploss=0|noise_power_dB=-5,0,-5,False,ploss=0|noise_power_dB=-5,0,-5,False,False,False,False,False
ucc-static-1ba730f3759c6951,101,1ba730f3759c6951,Download,,rsrp=-97|rsrq=-16|snr=5,rsrp=-97|rsrq=-16,-97,-16,5,ploss=0|noise_power_dB=-5,0,-5,False,ploss=0|noise_power_dB=-5,0,-5,False,False,False,False,False
ucc-static-1ba730f3759c6951,102,1ba730f3759c6951,Download,,rsrp=-96|rsrq=-14|snr=12,rsrp=-96|rsrq=-14,-96,-14,12,ploss=0|noise_power_dB=-5,0,-5,False,ploss=0|noise_power_dB=-5,0,-5,False,False,False,False,False
ucc-static-1ba730f3759c6951,103,1ba730f3759c6951,Download,,rsrp=-96|rsrq=-14|snr=12,rsrp=-96|rsrq=-14,-96,-14,12,ploss=0|noise_power_dB=-5,0,-5,False,ploss=0|noise_power_dB=-5,0,-5,False,False,False,False,False
ucc-static-1ba730f3759c6951,104,1ba730f3759c6951,Download,,rsrp=-96|rsrq=-16|snr=8,rsrp=-96|rsrq=-16,-96,-16,8,ploss=0|noise_power_dB=-5,0,-5,False,ploss=0|noise_power_dB=-5,0,-5,False,False,False,False,False
ucc-static-1ba730f3759c6951,105,1ba730f3759c6951,Download,,rsrp=-96|rsrq=-16|snr=8,rsrp=-96|rsrq=-16,-96,-16,8,ploss=0|noise_power_dB=-5,0,-5,False,ploss=0|noise_power_dB=-5,0,-5,False,False,False,False,False
ucc-static-1ba730f3759c6951,106,1ba730f3759c6951,Download,,rsrp=-96|rsrq=-16|snr=7,rsrp=-96|rsrq=-16,-96,-16,7,ploss=0|noise_power_dB=-5,0,-5,False,ploss=0|noise_power_dB=-5,0,-5,False,False,False,False,False
ucc-static-1ba730f3759c6951,107,1ba730f3759c6951,Download,,rsrp=-96|rsrq=-16|snr=7,rsrp=-96|rsrq=-16,-96,-16,7,ploss=0|noise_power_dB=-5,0,-5,False,ploss=0|noise_power_dB=-5,0,-5,False,False,False,False,False
ucc-static-1ba730f3759c6951,108,1ba730f3759c6951,Download,,rsrp=-97|rsrq=-16|snr=7,rsrp=-97|rsrq=-16,-97,-16,7,ploss=0|noise_power_dB=-5,0,-5,False,ploss=0|noise_power_dB=-5,0,-5,False,False,False,False,False
ucc-static-1ba730f3759c6951,109,1ba730f3759c6951,Download,,rsrp=-97|rsrq=-16|snr=7,rsrp=-97|rsrq=-16,-97,-16,7,ploss=0|noise_power_dB=-5,0,-5,False,ploss=0|noise_power_dB=-5,0,-5,False,False,False,False,False
ucc-static-1ba730f3759c6951,110,1ba730f3759c6951,Download,,rsrp=-97|rsrq=-16|snr=7,rsrp=-97|rsrq=-16,-97,-16,7,ploss=0|noise_power_dB=-5,0,-5,False,ploss=0|noise_power_dB=-5,0,-5,False,False,False,False,False
ucc-static-1ba730f3759c6951,111,1ba730f3759c6951,Download,,rsrp=-97|rsrq=-16|snr=7,rsrp=-97|rsrq=-16,-97,-16,7,ploss=0|noise_power_dB=-5,0,-5,False,ploss=0|noise_power_dB=-5,0,-5,False,False,False,False,False
ucc-static-1ba730f3759c6951,112,1ba730f3759c6951,Download,,rsrp=-98|rsrq=-17|snr=5,rsrp=-98|rsrq=-17,-98,-17,5,ploss=0|noise_power_dB=-5,0,-5,False,ploss=0|noise_power_dB=-5,0,-5,False,False,False,False,False
ucc-static-1ba730f3759c6951,113,1ba730f3759c6951,Download,,rsrp=-98|rsrq=-17|snr=5,rsrp=-98|rsrq=-17,-98,-17,5,ploss=0|noise_power_dB=-5,0,-5,False,ploss=0|noise_power_dB=-5,0,-5,False,False,False,False,False
ucc-static-1ba730f3759c6951,114,1ba730f3759c6951,Download,,rsrp=-96|rsrq=-15|snr=8,rsrp=-96|rsrq=-15,-96,-15,8,ploss=0|noise_power_dB=-5,0,-5,False,ploss=0|noise_power_dB=-5,0,-5,False,False,False,False,False
ucc-static-1ba730f3759c6951,115,1ba730f3759c6951,Download,,rsrp=-96|rsrq=-15|snr=8,rsrp=-96|rsrq=-15,-96,-15,8,ploss=0|noise_power_dB=-5,0,-5,False,ploss=0|noise_power_dB=-5,0,-5,False,False,False,False,False
ucc-static-1ba730f3759c6951,116,1ba730f3759c6951,Download,,rsrp=-98|rsrq=-15|snr=8,rsrp=-98|rsrq=-15,-98,-15,8,ploss=0|noise_power_dB=-5,0,-5,False,ploss=0|noise_power_dB=-5,0,-5,False,False,False,False,False
ucc-static-1ba730f3759c6951,117,1ba730f3759c6951,Download,,rsrp=-98|rsrq=-15|snr=8,rsrp=-98|rsrq=-15,-98,-15,8,ploss=0|noise_power_dB=-5,0,-5,False,ploss=0|noise_power_dB=-5,0,-5,False,False,False,False,False
ucc-static-1ba730f3759c6951,118,1ba730f3759c6951,Download,,rsrp=-97|rsrq=-15|snr=7,rsrp=-97|rsrq=-15,-97,-15,7,ploss=0|noise_power_dB=-5,0,-5,False,ploss=0|noise_power_dB=-5,0,-5,False,False,False,False,False
ucc-static-1ba730f3759c6951,119,1ba730f3759c6951,Download,,rsrp=-97|rsrq=-15|snr=7,rsrp=-97|rsrq=-15,-97,-15,7,ploss=0|noise_power_dB=-5,0,-5,False,ploss=0|noise_power_dB=-5,0,-5,False,False,False,False,False
ucc-static-1ba730f3759c6951,120,1ba730f3759c6951,Download,,rsrp=-96|rsrq=-17|snr=8,rsrp=-96|rsrq=-17,-96,-17,8,ploss=0|noise_power_dB=-5,0,-5,False,ploss=0|noise_power_dB=-5,0,-5,False,False,False,False,False
ucc-static-1ba730f3759c6951,121,1ba730f3759c6951,Download,,rsrp=-96|rsrq=-17|snr=8,rsrp=-96|rsrq=-17,-96,-17,8,ploss=0|noise_power_dB=-5,0,-5,False,ploss=0|noise_power_dB=-5,0,-5,False,False,False,False,False
ucc-static-1ba730f3759c6951,122,1ba730f3759c6951,Download,,rsrp=-97|rsrq=-16|snr=7,rsrp=-97|rsrq=-16,-97,-16,7,ploss=0|noise_power_dB=-5,0,-5,False,ploss=0|noise_power_dB=-5,0,-5,False,False,False,False,False
ucc-static-1ba730f3759c6951,123,1ba730f3759c6951,Download,,rsrp=-97|rsrq=-16|snr=7,rsrp=-97|rsrq=-16,-97,-16,7,ploss=0|noise_power_dB=-5,0,-5,False,ploss=0|noise_power_dB=-5,0,-5,False,False,False,False,False
ucc-static-1ba730f3759c6951,124,1ba730f3759c6951,Download,,rsrp=-98|rsrq=-15|snr=6,rsrp=-98|rsrq=-15,-98,-15,6,ploss=0|noise_power_dB=-5,0,-5,False,ploss=0|noise_power_dB=-5,0,-5,False,False,False,False,False
ucc-static-1ba730f3759c6951,125,1ba730f3759c6951,Download,,rsrp=-98|rsrq=-15|snr=6,rsrp=-98|rsrq=-15,-98,-15,6,ploss=0|noise_power_dB=-5,0,-5,False,ploss=0|noise_power_dB=-5,0,-5,False,False,False,False,False
ucc-static-1ba730f3759c6951,126,1ba730f3759c6951,Download,,rsrp=-98|rsrq=-15|snr=6,rsrp=-98|rsrq=-15,-98,-15,6,ploss=0|noise_power_dB=-5,0,-5,False,ploss=0|noise_power_dB=-5,0,-5,False,False,False,False,False
ucc-static-1ba730f3759c6951,127,1ba730f3759c6951,Download,,rsrp=-97|rsrq=-11|snr=3,rsrp=-97|rsrq=-11,-97,-11,3,ploss=0|noise_power_dB=-5,0,-5,False,ploss=0|noise_power_dB=-5,0,-5,True,False,False,True,True
ucc-static-1ba730f3759c6951,128,1ba730f3759c6951,Download,,rsrp=-97|rsrq=-11|snr=3,rsrp=-97|rsrq=-11,-97,-11,3,ploss=0|noise_power_dB=-5,0,-5,False,ploss=0|noise_power_dB=-5,0,-5,True,False,False,True,True
ucc-static-1ba730f3759c6951,129,1ba730f3759c6951,Download,,rsrp=-97|rsrq=-16|snr=7,rsrp=-97|rsrq=-16,-97,-16,7,ploss=0|noise_power_dB=-5,0,-5,False,ploss=0|noise_power_dB=-5,0,-5,False,False,False,False,False
ucc-static-1ba730f3759c6951,130,1ba730f3759c6951,Download,,rsrp=-97|rsrq=-16|snr=7,rsrp=-97|rsrq=-16,-97,-16,7,ploss=0|noise_power_dB=-5,0,-5,False,ploss=0|noise_power_dB=-5,0,-5,False,False,False,False,False
ucc-static-1ba730f3759c6951,131,1ba730f3759c6951,Download,,rsrp=-97|rsrq=-17|snr=5,rsrp=-97|rsrq=-17,-97,-17,5,ploss=0|noise_power_dB=-5,0,-5,False,ploss=0|noise_power_dB=-5,0,-5,False,False,False,False,False
ucc-static-1ba730f3759c6951,132,1ba730f3759c6951,Download,,rsrp=-97|rsrq=-17|snr=5,rsrp=-97|rsrq=-17,-97,-17,5,ploss=0|noise_power_dB=-5,0,-5,False,ploss=0|noise_power_dB=-5,0,-5,False,False,False,False,False
ucc-static-1ba730f3759c6951,133,1ba730f3759c6951,Download,,rsrp=-98|rsrq=-16|snr=2,rsrp=-98|rsrq=-16,-98,-16,2,ploss=0|noise_power_dB=-5,0,-5,False,ploss=0|noise_power_dB=-5,0,-5,False,False,False,False,False
ucc-static-1ba730f3759c6951,134,1ba730f3759c6951,Download,,rsrp=-98|rsrq=-16|snr=2,rsrp=-98|rsrq=-16,-98,-16,2,ploss=0|noise_power_dB=-5,0,-5,False,ploss=0|noise_power_dB=-5,0,-5,False,False,False,False,False
ucc-static-1ba730f3759c6951,135,1ba730f3759c6951,Download,,rsrp=-99|rsrq=-17|snr=3,rsrp=-99|rsrq=-17,-99,-17,3,ploss=-5|noise_power_dB=-30,-5,-30,False,ploss=0|noise_power_dB=-5,0,-5,False,False,False,False,False
ucc-static-1ba730f3759c6951,136,1ba730f3759c6951,Download,,rsrp=-99|rsrq=-17|snr=3,rsrp=-99|rsrq=-17,-99,-17,3,ploss=-5|noise_power_dB=-30,-5,-30,False,ploss=0|noise_power_dB=-5,0,-5,False,False,False,False,False
ucc-static-1ba730f3759c6951,137,1ba730f3759c6951,Download,,rsrp=-98|rsrq=-17|snr=3,rsrp=-98|rsrq=-17,-98,-17,3,ploss=0|noise_power_dB=-5,0,-5,False,ploss=0|noise_power_dB=-5,0,-5,False,False,False,False,False
ucc-static-1ba730f3759c6951,138,1ba730f3759c6951,Download,,rsrp=-98|rsrq=-17|snr=3,rsrp=-98|rsrq=-17,-98,-17,3,ploss=0|noise_power_dB=-5,0,-5,False,ploss=0|noise_power_dB=-5,0,-5,False,False,False,False,False
ucc-static-1ba730f3759c6951,139,1ba730f3759c6951,Download,,rsrp=-98|rsrq=-17|snr=3,rsrp=-98|rsrq=-17,-98,-17,3,ploss=0|noise_power_dB=-5,0,-5,False,ploss=0|noise_power_dB=-5,0,-5,False,False,False,False,False
ucc-static-1ba730f3759c6951,140,1ba730f3759c6951,Download,,rsrp=-99|rsrq=-15|snr=3,rsrp=-99|rsrq=-15,-99,-15,3,ploss=-5|noise_power_dB=-30,-5,-30,False,ploss=0|noise_power_dB=-5,0,-5,False,False,False,False,False
ucc-static-1ba730f3759c6951,141,1ba730f3759c6951,Download,,rsrp=-99|rsrq=-15|snr=3,rsrp=-99|rsrq=-15,-99,-15,3,ploss=-5|noise_power_dB=-30,-5,-30,False,ploss=0|noise_power_dB=-5,0,-5,False,False,False,False,False
ucc-static-1ba730f3759c6951,142,1ba730f3759c6951,Download,,rsrp=-99|rsrq=-17|snr=1,rsrp=-99|rsrq=-17,-99,-17,1,ploss=-5|noise_power_dB=-30,-5,-30,False,ploss=0|noise_power_dB=-5,0,-5,False,False,False,False,False
ucc-static-1ba730f3759c6951,143,1ba730f3759c6951,Download,,rsrp=-99|rsrq=-17|snr=1,rsrp=-99|rsrq=-17,-99,-17,1,ploss=-5|noise_power_dB=-30,-5,-30,False,ploss=0|noise_power_dB=-5,0,-5,False,False,False,False,False
ucc-static-1ba730f3759c6951,144,1ba730f3759c6951,Download,,rsrp=-99|rsrq=-17|snr=2,rsrp=-99|rsrq=-17,-99,-17,2,ploss=-5|noise_power_dB=-30,-5,-30,False,ploss=0|noise_power_dB=-5,0,-5,False,False,False,False,False
ucc-static-1ba730f3759c6951,145,1ba730f3759c6951,Download,,rsrp=-99|rsrq=-17|snr=2,rsrp=-99|rsrq=-17,-99,-17,2,ploss=-5|noise_power_dB=-30,-5,-30,False,ploss=0|noise_power_dB=-5,0,-5,False,False,False,False,False
ucc-static-1ba730f3759c6951,146,1ba730f3759c6951,Download,,rsrp=-99|rsrq=-16|snr=1,rsrp=-99|rsrq=-16,-99,-16,1,ploss=-5|noise_power_dB=-30,-5,-30,False,ploss=0|noise_power_dB=-5,0,-5,False,False,False,False,False
ucc-static-1ba730f3759c6951,147,1ba730f3759c6951,Download,,rsrp=-99|rsrq=-16|snr=1,rsrp=-99|rsrq=-16,-99,-16,1,ploss=-5|noise_power_dB=-30,-5,-30,False,ploss=0|noise_power_dB=-5,0,-5,False,False,False,False,False
ucc-static-1ba730f3759c6951,148,1ba730f3759c6951,Download,,rsrp=-98|rsrq=-15|snr=3,rsrp=-98|rsrq=-15,-98,-15,3,ploss=0|noise_power_dB=-5,0,-5,False,ploss=0|noise_power_dB=-5,0,-5,False,False,False,False,False
ucc-static-1ba730f3759c6951,149,1ba730f3759c6951,Download,,rsrp=-98|rsrq=-15|snr=3,rsrp=-98|rsrq=-15,-98,-15,3,ploss=0|noise_power_dB=-5,0,-5,False,ploss=0|noise_power_dB=-5,0,-5,False,False,False,False,False
ucc-static-1ba730f3759c6951,150,1ba730f3759c6951,Download,,rsrp=-98|rsrq=-17|snr=4,rsrp=-98|rsrq=-17,-98,-17,4,ploss=0|noise_power_dB=-5,0,-5,False,ploss=0|noise_power_dB=-5,0,-5,False,False,False,False,False
ucc-static-1ba730f3759c6951,151,1ba730f3759c6951,Download,,rsrp=-98|rsrq=-17|snr=4,rsrp=-98|rsrq=-17,-98,-17,4,ploss=0|noise_power_dB=-5,0,-5,False,ploss=0|noise_power_dB=-5,0,-5,False,False,False,False,False
ucc-static-1ba730f3759c6951,152,1ba730f3759c6951,Download,,rsrp=-98|rsrq=-17|snr=4,rsrp=-98|rsrq=-17,-98,-17,4,ploss=0|noise_power_dB=-5,0,-5,False,ploss=0|noise_power_dB=-5,0,-5,False,False,False,False,False
ucc-static-1ba730f3759c6951,153,1ba730f3759c6951,Download,,rsrp=-98|rsrq=-12|snr=12,rsrp=-98|rsrq=-12,-98,-12,12,ploss=0|noise_power_dB=-5,0,-5,False,ploss=0|noise_power_dB=-5,0,-5,True,False,False,True,True
ucc-static-1ba730f3759c6951,154,1ba730f3759c6951,Download,,rsrp=-98|rsrq=-12|snr=12,rsrp=-98|rsrq=-12,-98,-12,12,ploss=0|noise_power_dB=-5,0,-5,False,ploss=0|noise_power_dB=-5,0,-5,True,False,False,True,True
ucc-static-1ba730f3759c6951,155,1ba730f3759c6951,Download,,rsrp=-99|rsrq=-12|snr=12,rsrp=-99|rsrq=-12,-99,-12,12,ploss=-5|noise_power_dB=-30,-5,-30,False,ploss=0|noise_power_dB=-5,0,-5,True,False,False,True,True
ucc-static-1ba730f3759c6951,156,1ba730f3759c6951,Download,,rsrp=-99|rsrq=-12|snr=12,rsrp=-99|rsrq=-12,-99,-12,12,ploss=-5|noise_power_dB=-30,-5,-30,False,ploss=0|noise_power_dB=-5,0,-5,True,False,False,True,True
ucc-static-1ba730f3759c6951,157,1ba730f3759c6951,Download,,rsrp=-99|rsrq=-15|snr=3,rsrp=-99|rsrq=-15,-99,-15,3,ploss=-5|noise_power_dB=-30,-5,-30,False,ploss=0|noise_power_dB=-5,0,-5,False,False,False,False,False
ucc-static-1ba730f3759c6951,158,1ba730f3759c6951,Download,,rsrp=-99|rsrq=-15|snr=3,rsrp=-99|rsrq=-15,-99,-15,3,ploss=-5|noise_power_dB=-30,-5,-30,False,ploss=0|noise_power_dB=-5,0,-5,False,False,False,False,False
ucc-static-2dc8c02567a09355,0,2dc8c02567a09355,Netflix,animated-RickandMorty,rsrp=-93|rsrq=-13|snr=-9,rsrp=-93|rsrq=-13,-93,-13,-9,ploss=0|noise_power_dB=-5,0,-5,False,ploss=0|noise_power_dB=-5,0,-5,False,False,False,False,False
ucc-static-2dc8c02567a09355,1,2dc8c02567a09355,Netflix,animated-RickandMorty,rsrp=-93|rsrq=-13|snr=-9,rsrp=-93|rsrq=-13,-93,-13,-9,ploss=0|noise_power_dB=-5,0,-5,False,ploss=0|noise_power_dB=-5,0,-5,False,False,False,False,False
ucc-static-2dc8c02567a09355,2,2dc8c02567a09355,Netflix,animated-RickandMorty,rsrp=-93|rsrq=-14|snr=-9,rsrp=-93|rsrq=-14,-93,-14,-9,ploss=0|noise_power_dB=-5,0,-5,False,ploss=0|noise_power_dB=-5,0,-5,False,False,False,False,False
ucc-static-2dc8c02567a09355,3,2dc8c02567a09355,Netflix,animated-RickandMorty,rsrp=-93|rsrq=-14|snr=-9,rsrp=-93|rsrq=-14,-93,-14,-9,ploss=0|noise_power_dB=-5,0,-5,False,ploss=0|noise_power_dB=-5,0,-5,False,False,False,False,False
ucc-static-2dc8c02567a09355,4,2dc8c02567a09355,Netflix,animated-RickandMorty,rsrp=-91|rsrq=-11|snr=5,rsrp=-91|rsrq=-11,-91,-11,5,ploss=0|noise_power_dB=-5,0,-5,True,ploss=0|noise_power_dB=-5,0,-5,False,False,True,False,True
ucc-static-2dc8c02567a09355,5,2dc8c02567a09355,Netflix,animated-RickandMorty,rsrp=-91|rsrq=-11|snr=5,rsrp=-91|rsrq=-11,-91,-11,5,ploss=0|noise_power_dB=-5,0,-5,True,ploss=0|noise_power_dB=-5,0,-5,False,False,True,False,True
ucc-static-2dc8c02567a09355,6,2dc8c02567a09355,Netflix,animated-RickandMorty,rsrp=-94|rsrq=-12|snr=-2,rsrp=-94|rsrq=-12,-94,-12,-2,ploss=0|noise_power_dB=-5,0,-5,True,ploss=0|noise_power_dB=-5,0,-5,False,False,True,False,True
ucc-static-2dc8c02567a09355,7,2dc8c02567a09355,Netflix,animated-RickandMorty,rsrp=-94|rsrq=-12|snr=-2,rsrp=-94|rsrq=-12,-94,-12,-2,ploss=0|noise_power_dB=-5,0,-5,True,ploss=0|noise_power_dB=-5,0,-5,False,False,True,False,True
ucc-static-2dc8c02567a09355,8,2dc8c02567a09355,Netflix,animated-RickandMorty,rsrp=-94|rsrq=-11|snr=-1,rsrp=-94|rsrq=-11,-94,-11,-1,ploss=0|noise_power_dB=-5,0,-5,True,ploss=0|noise_power_dB=-5,0,-5,False,False,True,False,True
ucc-static-2dc8c02567a09355,9,2dc8c02567a09355,Netflix,animated-RickandMorty,rsrp=-94|rsrq=-11|snr=-1,rsrp=-94|rsrq=-11,-94,-11,-1,ploss=0|noise_power_dB=-5,0,-5,True,ploss=0|noise_power_dB=-5,0,-5,False,False,True,False,True
ucc-static-2dc8c02567a09355,10,2dc8c02567a09355,Netflix,animated-RickandMorty,rsrp=-93|rsrq=-15|snr=-8,rsrp=-93|rsrq=-15,-93,-15,-8,ploss=0|noise_power_dB=-5,0,-5,False,ploss=0|noise_power_dB=-5,0,-5,False,False,False,False,False
ucc-static-2dc8c02567a09355,11,2dc8c02567a09355,Netflix,animated-RickandMorty,rsrp=-93|rsrq=-15|snr=-8,rsrp=-93|rsrq=-15,-93,-15,-8,ploss=0|noise_power_dB=-5,0,-5,False,ploss=0|noise_power_dB=-5,0,-5,False,False,False,False,False
ucc-static-2dc8c02567a09355,12,2dc8c02567a09355,Netflix,animated-RickandMorty,rsrp=-93|rsrq=-13|snr=-1,rsrp=-93|rsrq=-13,-93,-13,-1,ploss=0|noise_power_dB=-5,0,-5,False,ploss=0|noise_power_dB=-5,0,-5,False,False,False,False,False
ucc-static-2dc8c02567a09355,13,2dc8c02567a09355,Netflix,animated-RickandMorty,rsrp=-93|rsrq=-13|snr=-1,rsrp=-93|rsrq=-13,-93,-13,-1,ploss=0|noise_power_dB=-5,0,-5,False,ploss=0|noise_power_dB=-5,0,-5,False,False,False,False,False
ucc-static-2dc8c02567a09355,14,2dc8c02567a09355,Netflix,animated-RickandMorty,rsrp=-92|rsrq=-12|snr=0,rsrp=-92|rsrq=-12,-92,-12,0,ploss=0|noise_power_dB=-5,0,-5,True,ploss=0|noise_power_dB=-5,0,-5,False,False,True,False,True
ucc-static-2dc8c02567a09355,15,2dc8c02567a09355,Netflix,animated-RickandMorty,rsrp=-92|rsrq=-12|snr=0,rsrp=-92|rsrq=-12,-92,-12,0,ploss=0|noise_power_dB=-5,0,-5,True,ploss=0|noise_power_dB=-5,0,-5,False,False,True,False,True
ucc-static-2dc8c02567a09355,16,2dc8c02567a09355,Netflix,animated-RickandMorty,rsrp=-90|rsrq=-15|snr=-3,rsrp=-90|rsrq=-15,-90,-15,-3,ploss=0|noise_power_dB=-5,0,-5,False,ploss=0|noise_power_dB=-5,0,-5,False,False,False,False,False
ucc-static-2dc8c02567a09355,17,2dc8c02567a09355,Netflix,animated-RickandMorty,rsrp=-90|rsrq=-15|snr=-3,rsrp=-90|rsrq=-15,-90,-15,-3,ploss=0|noise_power_dB=-5,0,-5,False,ploss=0|noise_power_dB=-5,0,-5,False,False,False,False,False
ucc-static-2dc8c02567a09355,18,2dc8c02567a09355,Netflix,animated-RickandMorty,rsrp=-93|rsrq=-17|snr=3,rsrp=-93|rsrq=-17,-93,-17,3,ploss=0|noise_power_dB=-5,0,-5,False,ploss=0|noise_power_dB=-5,0,-5,False,False,False,False,False
ucc-static-2dc8c02567a09355,19,2dc8c02567a09355,Netflix,animated-RickandMorty,rsrp=-93|rsrq=-17|snr=3,rsrp=-93|rsrq=-17,-93,-17,3,ploss=0|noise_power_dB=-5,0,-5,False,ploss=0|noise_power_dB=-5,0,-5,False,False,False,False,False
ucc-static-2dc8c02567a09355,20,2dc8c02567a09355,Netflix,animated-RickandMorty,rsrp=-94|rsrq=-19|snr=-10,rsrp=-94|rsrq=-19,-94,-19,-10,ploss=0|noise_power_dB=-5,0,-5,False,ploss=0|noise_power_dB=-5,0,-5,False,False,False,False,False
ucc-static-2dc8c02567a09355,21,2dc8c02567a09355,Netflix,animated-RickandMorty,rsrp=-94|rsrq=-19|snr=-10,rsrp=-94|rsrq=-19,-94,-19,-10,ploss=0|noise_power_dB=-5,0,-5,False,ploss=0|noise_power_dB=-5,0,-5,False,False,False,False,False
ucc-static-2dc8c02567a09355,22,2dc8c02567a09355,Netflix,animated-RickandMorty,rsrp=-95|rsrq=-14|snr=-3,rsrp=-95|rsrq=-14,-95,-14,-3,ploss=0|noise_power_dB=-5,0,-5,False,ploss=0|noise_power_dB=-5,0,-5,False,False,False,False,False
ucc-static-2dc8c02567a09355,23,2dc8c02567a09355,Netflix,animated-RickandMorty,rsrp=-95|rsrq=-14|snr=-3,rsrp=-95|rsrq=-14,-95,-14,-3,ploss=0|noise_power_dB=-5,0,-5,False,ploss=0|noise_power_dB=-5,0,-5,False,False,False,False,False
ucc-static-2dc8c02567a09355,24,2dc8c02567a09355,Netflix,animated-RickandMorty,rsrp=-94|rsrq=-12|snr=1,rsrp=-94|rsrq=-12,-94,-12,1,ploss=0|noise_power_dB=-5,0,-5,True,ploss=0|noise_power_dB=-5,0,-5,False,False,True,False,True
ucc-static-2dc8c02567a09355,25,2dc8c02567a09355,Netflix,animated-RickandMorty,rsrp=-94|rsrq=-12|snr=1,rsrp=-94|rsrq=-12,-94,-12,1,ploss=0|noise_power_dB=-5,0,-5,True,ploss=0|noise_power_dB=-5,0,-5,False,False,True,False,True
ucc-static-2dc8c02567a09355,26,2dc8c02567a09355,Netflix,animated-RickandMorty,rsrp=-93|rsrq=-12|snr=1,rsrp=-93|rsrq=-12,-93,-12,1,ploss=0|noise_power_dB=-5,0,-5,True,ploss=0|noise_power_dB=-5,0,-5,False,False,True,False,True
ucc-static-2dc8c02567a09355,27,2dc8c02567a09355,Netflix,animated-RickandMorty,rsrp=-93|rsrq=-12|snr=1,rsrp=-93|rsrq=-12,-93,-12,1,ploss=0|noise_power_dB=-5,0,-5,True,ploss=0|noise_power_dB=-5,0,-5,False,False,True,False,True
ucc-static-2dc8c02567a09355,28,2dc8c02567a09355,Netflix,animated-RickandMorty,rsrp=-92|rsrq=-14|snr=3,rsrp=-92|rsrq=-14,-92,-14,3,ploss=0|noise_power_dB=-5,0,-5,False,ploss=0|noise_power_dB=-5,0,-5,False,False,False,False,False
ucc-static-2dc8c02567a09355,29,2dc8c02567a09355,Netflix,animated-RickandMorty,rsrp=-92|rsrq=-14|snr=3,rsrp=-92|rsrq=-14,-92,-14,3,ploss=0|noise_power_dB=-5,0,-5,False,ploss=0|noise_power_dB=-5,0,-5,False,False,False,False,False
ucc-static-2dc8c02567a09355,30,2dc8c02567a09355,Netflix,animated-RickandMorty,rsrp=-93|rsrq=-15|snr=-9,rsrp=-93|rsrq=-15,-93,-15,-9,ploss=0|noise_power_dB=-5,0,-5,False,ploss=0|noise_power_dB=-5,0,-5,False,False,False,False,False
ucc-static-2dc8c02567a09355,31,2dc8c02567a09355,Netflix,animated-RickandMorty,rsrp=-93|rsrq=-15|snr=-9,rsrp=-93|rsrq=-15,-93,-15,-9,ploss=0|noise_power_dB=-5,0,-5,False,ploss=0|noise_power_dB=-5,0,-5,False,False,False,False,False
ucc-static-2dc8c02567a09355,32,2dc8c02567a09355,Netflix,animated-RickandMorty,rsrp=-92|rsrq=-13|snr=-5,rsrp=-92|rsrq=-13,-92,-13,-5,ploss=0|noise_power_dB=-5,0,-5,False,ploss=0|noise_power_dB=-5,0,-5,False,False,False,False,False
ucc-static-2dc8c02567a09355,33,2dc8c02567a09355,Netflix,animated-RickandMorty,rsrp=-92|rsrq=-13|snr=-5,rsrp=-92|rsrq=-13,-92,-13,-5,ploss=0|noise_power_dB=-5,0,-5,False,ploss=0|noise_power_dB=-5,0,-5,False,False,False,False,False
ucc-static-2dc8c02567a09355,34,2dc8c02567a09355,Netflix,animated-RickandMorty,rsrp=-92|rsrq=-18|snr=4,rsrp=-92|rsrq=-18,-92,-18,4,ploss=0|noise_power_dB=-5,0,-5,False,ploss=0|noise_power_dB=-5,0,-5,False,False,False,False,False
ucc-static-2dc8c02567a09355,35,2dc8c02567a09355,Netflix,animated-RickandMorty,rsrp=-92|rsrq=-18|snr=4,rsrp=-92|rsrq=-18,-92,-18,4,ploss=0|noise_power_dB=-5,0,-5,False,ploss=0|noise_power_dB=-5,0,-5,False,False,False,False,False
ucc-static-2dc8c02567a09355,36,2dc8c02567a09355,Netflix,animated-RickandMorty,rsrp=-94|rsrq=-16|snr=-8,rsrp=-94|rsrq=-16,-94,-16,-8,ploss=0|noise_power_dB=-5,0,-5,False,ploss=0|noise_power_dB=-5,0,-5,False,False,False,False,False
ucc-static-2dc8c02567a09355,37,2dc8c02567a09355,Netflix,animated-RickandMorty,rsrp=-94|rsrq=-16|snr=-8,rsrp=-94|rsrq=-16,-94,-16,-8,ploss=0|noise_power_dB=-5,0,-5,False,ploss=0|noise_power_dB=-5,0,-5,False,False,False,False,False
ucc-static-2dc8c02567a09355,38,2dc8c02567a09355,Netflix,animated-RickandMorty,rsrp=-95|rsrq=-16|snr=-3,rsrp=-95|rsrq=-16,-95,-16,-3,ploss=0|noise_power_dB=-5,0,-5,False,ploss=0|noise_power_dB=-5,0,-5,False,False,False,False,False
ucc-static-2dc8c02567a09355,39,2dc8c02567a09355,Netflix,animated-RickandMorty,rsrp=-95|rsrq=-16|snr=-3,rsrp=-95|rsrq=-16,-95,-16,-3,ploss=0|noise_power_dB=-5,0,-5,False,ploss=0|noise_power_dB=-5,0,-5,False,False,False,False,False
ucc-static-2dc8c02567a09355,40,2dc8c02567a09355,Netflix,animated-RickandMorty,rsrp=-93|rsrq=-14|snr=-9,rsrp=-93|rsrq=-14,-93,-14,-9,ploss=0|noise_power_dB=-5,0,-5,False,ploss=0|noise_power_dB=-5,0,-5,False,False,False,False,False
ucc-static-2dc8c02567a09355,41,2dc8c02567a09355,Netflix,animated-RickandMorty,rsrp=-93|rsrq=-14|snr=-9,rsrp=-93|rsrq=-14,-93,-14,-9,ploss=0|noise_power_dB=-5,0,-5,False,ploss=0|noise_power_dB=-5,0,-5,False,False,False,False,False
ucc-static-2dc8c02567a09355,42,2dc8c02567a09355,Netflix,animated-RickandMorty,rsrp=-94|rsrq=-13|snr=2,rsrp=-94|rsrq=-13,-94,-13,2,ploss=0|noise_power_dB=-5,0,-5,False,ploss=0|noise_power_dB=-5,0,-5,False,False,False,False,False
ucc-static-2dc8c02567a09355,43,2dc8c02567a09355,Netflix,animated-RickandMorty,rsrp=-94|rsrq=-13|snr=2,rsrp=-94|rsrq=-13,-94,-13,2,ploss=0|noise_power_dB=-5,0,-5,False,ploss=0|noise_power_dB=-5,0,-5,False,False,False,False,False
ucc-static-2dc8c02567a09355,44,2dc8c02567a09355,Netflix,animated-RickandMorty,rsrp=-92|rsrq=-12|snr=-1,rsrp=-92|rsrq=-12,-92,-12,-1,ploss=0|noise_power_dB=-5,0,-5,True,ploss=0|noise_power_dB=-5,0,-5,False,False,True,False,True
ucc-static-2dc8c02567a09355,45,2dc8c02567a09355,Netflix,animated-RickandMorty,rsrp=-92|rsrq=-12|snr=-1,rsrp=-92|rsrq=-12,-92,-12,-1,ploss=0|noise_power_dB=-5,0,-5,True,ploss=0|noise_power_dB=-5,0,-5,False,False,True,False,True
ucc-static-2dc8c02567a09355,46,2dc8c02567a09355,Netflix,animated-RickandMorty,rsrp=-93|rsrq=-12|snr=-10,rsrp=-93|rsrq=-12,-93,-12,-10,ploss=0|noise_power_dB=-5,0,-5,True,ploss=0|noise_power_dB=-5,0,-5,False,False,True,False,True
ucc-static-2dc8c02567a09355,47,2dc8c02567a09355,Netflix,animated-RickandMorty,rsrp=-93|rsrq=-12|snr=-10,rsrp=-93|rsrq=-12,-93,-12,-10,ploss=0|noise_power_dB=-5,0,-5,True,ploss=0|noise_power_dB=-5,0,-5,False,False,True,False,True
ucc-static-2dc8c02567a09355,48,2dc8c02567a09355,Netflix,animated-RickandMorty,rsrp=-94|rsrq=-13|snr=-7,rsrp=-94|rsrq=-13,-94,-13,-7,ploss=0|noise_power_dB=-5,0,-5,False,ploss=0|noise_power_dB=-5,0,-5,False,False,False,False,False
ucc-static-2dc8c02567a09355,49,2dc8c02567a09355,Netflix,animated-RickandMorty,rsrp=-94|rsrq=-13|snr=-7,rsrp=-94|rsrq=-13,-94,-13,-7,ploss=0|noise_power_dB=-5,0,-5,False,ploss=0|noise_power_dB=-5,0,-5,False,False,False,False,False
ucc-static-2dc8c02567a09355,50,2dc8c02567a09355,Netflix,animated-RickandMorty,rsrp=-93|rsrq=-16|snr=1,rsrp=-93|rsrq=-16,-93,-16,1,ploss=0|noise_power_dB=-5,0,-5,False,ploss=0|noise_power_dB=-5,0,-5,False,False,False,False,False
ucc-static-2dc8c02567a09355,51,2dc8c02567a09355,Netflix,animated-RickandMorty,rsrp=-93|rsrq=-16|snr=1,rsrp=-93|rsrq=-16,-93,-16,1,ploss=0|noise_power_dB=-5,0,-5,False,ploss=0|noise_power_dB=-5,0,-5,False,False,False,False,False
ucc-static-2dc8c02567a09355,52,2dc8c02567a09355,Netflix,animated-RickandMorty,rsrp=-95|rsrq=-15|snr=-5,rsrp=-95|rsrq=-15,-95,-15,-5,ploss=0|noise_power_dB=-5,0,-5,False,ploss=0|noise_power_dB=-5,0,-5,False,False,False,False,False
ucc-static-2dc8c02567a09355,53,2dc8c02567a09355,Netflix,animated-RickandMorty,rsrp=-95|rsrq=-15|snr=-5,rsrp=-95|rsrq=-15,-95,-15,-5,ploss=0|noise_power_dB=-5,0,-5,False,ploss=0|noise_power_dB=-5,0,-5,False,False,False,False,False
ucc-static-2dc8c02567a09355,54,2dc8c02567a09355,Netflix,animated-RickandMorty,rsrp=-92|rsrq=-16|snr=-7,rsrp=-92|rsrq=-16,-92,-16,-7,ploss=0|noise_power_dB=-5,0,-5,False,ploss=0|noise_power_dB=-5,0,-5,False,False,False,False,False
ucc-static-2dc8c02567a09355,55,2dc8c02567a09355,Netflix,animated-RickandMorty,rsrp=-92|rsrq=-16|snr=-7,rsrp=-92|rsrq=-16,-92,-16,-7,ploss=0|noise_power_dB=-5,0,-5,False,ploss=0|noise_power_dB=-5,0,-5,False,False,False,False,False
ucc-static-2dc8c02567a09355,56,2dc8c02567a09355,Netflix,animated-RickandMorty,rsrp=-91|rsrq=-12|snr=4,rsrp=-91|rsrq=-12,-91,-12,4,ploss=0|noise_power_dB=-5,0,-5,True,ploss=0|noise_power_dB=-5,0,-5,False,False,True,False,True
ucc-static-2dc8c02567a09355,57,2dc8c02567a09355,Netflix,animated-RickandMorty,rsrp=-91|rsrq=-12|snr=4,rsrp=-91|rsrq=-12,-91,-12,4,ploss=0|noise_power_dB=-5,0,-5,True,ploss=0|noise_power_dB=-5,0,-5,False,False,True,False,True
ucc-static-2dc8c02567a09355,58,2dc8c02567a09355,Netflix,animated-RickandMorty,rsrp=-95|rsrq=-12|snr=-12,rsrp=-95|rsrq=-12,-95,-12,-12,ploss=0|noise_power_dB=-5,0,-5,True,ploss=0|noise_power_dB=-5,0,-5,False,False,True,False,True
ucc-static-2dc8c02567a09355,59,2dc8c02567a09355,Netflix,animated-RickandMorty,rsrp=-95|rsrq=-12|snr=-12,rsrp=-95|rsrq=-12,-95,-12,-12,ploss=0|noise_power_dB=-5,0,-5,True,ploss=0|noise_power_dB=-5,0,-5,False,False,True,False,True
ucc-static-2dc8c02567a09355,60,2dc8c02567a09355,Netflix,animated-RickandMorty,rsrp=-93|rsrq=-14|snr=-4,rsrp=-93|rsrq=-14,-93,-14,-4,ploss=0|noise_power_dB=-5,0,-5,False,ploss=0|noise_power_dB=-5,0,-5,False,False,False,False,False
ucc-static-2dc8c02567a09355,61,2dc8c02567a09355,Netflix,animated-RickandMorty,rsrp=-93|rsrq=-14|snr=-4,rsrp=-93|rsrq=-14,-93,-14,-4,ploss=0|noise_power_dB=-5,0,-5,False,ploss=0|noise_power_dB=-5,0,-5,False,False,False,False,False
ucc-static-2dc8c02567a09355,62,2dc8c02567a09355,Netflix,animated-RickandMorty,rsrp=-94|rsrq=-14|snr=-3,rsrp=-94|rsrq=-14,-94,-14,-3,ploss=0|noise_power_dB=-5,0,-5,False,ploss=0|noise_power_dB=-5,0,-5,False,False,False,False,False
ucc-static-2dc8c02567a09355,63,2dc8c02567a09355,Netflix,animated-RickandMorty,rsrp=-94|rsrq=-14|snr=-3,rsrp=-94|rsrq=-14,-94,-14,-3,ploss=0|noise_power_dB=-5,0,-5,False,ploss=0|noise_power_dB=-5,0,-5,False,False,False,False,False
ucc-static-2dc8c02567a09355,64,2dc8c02567a09355,Netflix,animated-RickandMorty,rsrp=-94|rsrq=-17|snr=0,rsrp=-94|rsrq=-17,-94,-17,0,ploss=0|noise_power_dB=-5,0,-5,False,ploss=0|noise_power_dB=-5,0,-5,False,False,False,False,False
ucc-static-2dc8c02567a09355,65,2dc8c02567a09355,Netflix,animated-RickandMorty,rsrp=-94|rsrq=-17|snr=0,rsrp=-94|rsrq=-17,-94,-17,0,ploss=0|noise_power_dB=-5,0,-5,False,ploss=0|noise_power_dB=-5,0,-5,False,False,False,False,False
ucc-static-2dc8c02567a09355,66,2dc8c02567a09355,Netflix,animated-RickandMorty,rsrp=-93|rsrq=-12|snr=-1,rsrp=-93|rsrq=-12,-93,-12,-1,ploss=0|noise_power_dB=-5,0,-5,True,ploss=0|noise_power_dB=-5,0,-5,False,False,True,False,True
ucc-static-2dc8c02567a09355,67,2dc8c02567a09355,Netflix,animated-RickandMorty,rsrp=-93|rsrq=-12|snr=-1,rsrp=-93|rsrq=-12,-93,-12,-1,ploss=0|noise_power_dB=-5,0,-5,True,ploss=0|noise_power_dB=-5,0,-5,False,False,True,False,True
ucc-static-2dc8c02567a09355,68,2dc8c02567a09355,Netflix,animated-RickandMorty,rsrp=-92|rsrq=-12|snr=1,rsrp=-92|rsrq=-12,-92,-12,1,ploss=0|noise_power_dB=-5,0,-5,True,ploss=0|noise_power_dB=-5,0,-5,False,False,True,False,True
ucc-static-2dc8c02567a09355,69,2dc8c02567a09355,Netflix,animated-RickandMorty,rsrp=-92|rsrq=-12|snr=1,rsrp=-92|rsrq=-12,-92,-12,1,ploss=0|noise_power_dB=-5,0,-5,True,ploss=0|noise_power_dB=-5,0,-5,False,False,True,False,True
ucc-static-2dc8c02567a09355,70,2dc8c02567a09355,Netflix,animated-RickandMorty,rsrp=-93|rsrq=-15|snr=1,rsrp=-93|rsrq=-15,-93,-15,1,ploss=0|noise_power_dB=-5,0,-5,False,ploss=0|noise_power_dB=-5,0,-5,False,False,False,False,False
ucc-static-2dc8c02567a09355,71,2dc8c02567a09355,Netflix,animated-RickandMorty,rsrp=-93|rsrq=-15|snr=1,rsrp=-93|rsrq=-15,-93,-15,1,ploss=0|noise_power_dB=-5,0,-5,False,ploss=0|noise_power_dB=-5,0,-5,False,False,False,False,False
ucc-static-2dc8c02567a09355,72,2dc8c02567a09355,Netflix,animated-RickandMorty,rsrp=-92|rsrq=-13|snr=1,rsrp=-92|rsrq=-13,-92,-13,1,ploss=0|noise_power_dB=-5,0,-5,False,ploss=0|noise_power_dB=-5,0,-5,False,False,False,False,False
ucc-static-2dc8c02567a09355,73,2dc8c02567a09355,Netflix,animated-RickandMorty,rsrp=-92|rsrq=-13|snr=1,rsrp=-92|rsrq=-13,-92,-13,1,ploss=0|noise_power_dB=-5,0,-5,False,ploss=0|noise_power_dB=-5,0,-5,False,False,False,False,False
ucc-static-2dc8c02567a09355,74,2dc8c02567a09355,Netflix,animated-RickandMorty,rsrp=-91|rsrq=-13|snr=-10,rsrp=-91|rsrq=-13,-91,-13,-10,ploss=0|noise_power_dB=-5,0,-5,False,ploss=0|noise_power_dB=-5,0,-5,False,False,False,False,False
ucc-static-2dc8c02567a09355,75,2dc8c02567a09355,Netflix,animated-RickandMorty,rsrp=-91|rsrq=-13|snr=-10,rsrp=-91|rsrq=-13,-91,-13,-10,ploss=0|noise_power_dB=-5,0,-5,False,ploss=0|noise_power_dB=-5,0,-5,False,False,False,False,False
ucc-static-2dc8c02567a09355,76,2dc8c02567a09355,Netflix,animated-RickandMorty,rsrp=-92|rsrq=-13|snr=2,rsrp=-92|rsrq=-13,-92,-13,2,ploss=0|noise_power_dB=-5,0,-5,False,ploss=0|noise_power_dB=-5,0,-5,False,False,False,False,False
ucc-static-2dc8c02567a09355,77,2dc8c02567a09355,Netflix,animated-RickandMorty,rsrp=-92|rsrq=-13|snr=2,rsrp=-92|rsrq=-13,-92,-13,2,ploss=0|noise_power_dB=-5,0,-5,False,ploss=0|noise_power_dB=-5,0,-5,False,False,False,False,False
ucc-static-2dc8c02567a09355,78,2dc8c02567a09355,Netflix,animated-RickandMorty,rsrp=-92|rsrq=-13|snr=3,rsrp=-92|rsrq=-13,-92,-13,3,ploss=0|noise_power_dB=-5,0,-5,False,ploss=0|noise_power_dB=-5,0,-5,False,False,False,False,False
ucc-static-2dc8c02567a09355,79,2dc8c02567a09355,Netflix,animated-RickandMorty,rsrp=-92|rsrq=-13|snr=3,rsrp=-92|rsrq=-13,-92,-13,3,ploss=0|noise_power_dB=-5,0,-5,False,ploss=0|noise_power_dB=-5,0,-5,False,False,False,False,False
ucc-static-2dc8c02567a09355,80,2dc8c02567a09355,Netflix,animated-RickandMorty,rsrp=-92|rsrq=-13|snr=-2,rsrp=-92|rsrq=-13,-92,-13,-2,ploss=0|noise_power_dB=-5,0,-5,False,ploss=0|noise_power_dB=-5,0,-5,False,False,False,False,False
ucc-static-2dc8c02567a09355,81,2dc8c02567a09355,Netflix,animated-RickandMorty,rsrp=-92|rsrq=-13|snr=-2,rsrp=-92|rsrq=-13,-92,-13,-2,ploss=0|noise_power_dB=-5,0,-5,False,ploss=0|noise_power_dB=-5,0,-5,False,False,False,False,False
ucc-static-2dc8c02567a09355,82,2dc8c02567a09355,Netflix,animated-RickandMorty,rsrp=-94|rsrq=-13|snr=-3,rsrp=-94|rsrq=-13,-94,-13,-3,ploss=0|noise_power_dB=-5,0,-5,False,ploss=0|noise_power_dB=-5,0,-5,False,False,False,False,False
ucc-static-2dc8c02567a09355,83,2dc8c02567a09355,Netflix,animated-RickandMorty,rsrp=-94|rsrq=-13|snr=-3,rsrp=-94|rsrq=-13,-94,-13,-3,ploss=0|noise_power_dB=-5,0,-5,False,ploss=0|noise_power_dB=-5,0,-5,False,False,False,False,False
ucc-static-2dc8c02567a09355,84,2dc8c02567a09355,Netflix,animated-RickandMorty,rsrp=-94|rsrq=-14|snr=-1,rsrp=-94|rsrq=-14,-94,-14,-1,ploss=0|noise_power_dB=-5,0,-5,False,ploss=0|noise_power_dB=-5,0,-5,False,False,False,False,False
ucc-static-2dc8c02567a09355,85,2dc8c02567a09355,Netflix,animated-RickandMorty,rsrp=-94|rsrq=-14|snr=-1,rsrp=-94|rsrq=-14,-94,-14,-1,ploss=0|noise_power_dB=-5,0,-5,False,ploss=0|noise_power_dB=-5,0,-5,False,False,False,False,False
ucc-static-2dc8c02567a09355,86,2dc8c02567a09355,Netflix,animated-RickandMorty,rsrp=-93|rsrq=-13|snr=-3,rsrp=-93|rsrq=-13,-93,-13,-3,ploss=0|noise_power_dB=-5,0,-5,False,ploss=0|noise_power_dB=-5,0,-5,False,False,False,False,False
ucc-static-2dc8c02567a09355,87,2dc8c02567a09355,Netflix,animated-RickandMorty,rsrp=-93|rsrq=-13|snr=-3,rsrp=-93|rsrq=-13,-93,-13,-3,ploss=0|noise_power_dB=-5,0,-5,False,ploss=0|noise_power_dB=-5,0,-5,False,False,False,False,False
ucc-static-2dc8c02567a09355,88,2dc8c02567a09355,Netflix,animated-RickandMorty,rsrp=-93|rsrq=-12|snr=-2,rsrp=-93|rsrq=-12,-93,-12,-2,ploss=0|noise_power_dB=-5,0,-5,True,ploss=0|noise_power_dB=-5,0,-5,False,False,True,False,True
ucc-static-2dc8c02567a09355,89,2dc8c02567a09355,Netflix,animated-RickandMorty,rsrp=-93|rsrq=-12|snr=-2,rsrp=-93|rsrq=-12,-93,-12,-2,ploss=0|noise_power_dB=-5,0,-5,True,ploss=0|noise_power_dB=-5,0,-5,False,False,True,False,True
ucc-static-2dc8c02567a09355,90,2dc8c02567a09355,Netflix,animated-RickandMorty,rsrp=-93|rsrq=-12|snr=5,rsrp=-93|rsrq=-12,-93,-12,5,ploss=0|noise_power_dB=-5,0,-5,True,ploss=0|noise_power_dB=-5,0,-5,False,False,True,False,True
ucc-static-2dc8c02567a09355,91,2dc8c02567a09355,Netflix,animated-RickandMorty,rsrp=-93|rsrq=-12|snr=5,rsrp=-93|rsrq=-12,-93,-12,5,ploss=0|noise_power_dB=-5,0,-5,True,ploss=0|noise_power_dB=-5,0,-5,False,False,True,False,True
ucc-static-2dc8c02567a09355,92,2dc8c02567a09355,Netflix,animated-RickandMorty,rsrp=-94|rsrq=-16|snr=-2,rsrp=-94|rsrq=-16,-94,-16,-2,ploss=0|noise_power_dB=-5,0,-5,False,ploss=0|noise_power_dB=-5,0,-5,False,False,False,False,False
ucc-static-2dc8c02567a09355,93,2dc8c02567a09355,Netflix,animated-RickandMorty,rsrp=-94|rsrq=-16|snr=-2,rsrp=-94|rsrq=-16,-94,-16,-2,ploss=0|noise_power_dB=-5,0,-5,False,ploss=0|noise_power_dB=-5,0,-5,False,False,False,False,False
ucc-static-2dc8c02567a09355,94,2dc8c02567a09355,Netflix,animated-RickandMorty,rsrp=-93|rsrq=-16|snr=-1,rsrp=-93|rsrq=-16,-93,-16,-1,ploss=0|noise_power_dB=-5,0,-5,False,ploss=0|noise_power_dB=-5,0,-5,False,False,False,False,False
ucc-static-2dc8c02567a09355,95,2dc8c02567a09355,Netflix,animated-RickandMorty,rsrp=-93|rsrq=-16|snr=-1,rsrp=-93|rsrq=-16,-93,-16,-1,ploss=0|noise_power_dB=-5,0,-5,False,ploss=0|noise_power_dB=-5,0,-5,False,False,False,False,False
ucc-static-2dc8c02567a09355,96,2dc8c02567a09355,Netflix,animated-RickandMorty,rsrp=-95|rsrq=-15|snr=-2,rsrp=-95|rsrq=-15,-95,-15,-2,ploss=0|noise_power_dB=-5,0,-5,False,ploss=0|noise_power_dB=-5,0,-5,False,False,False,False,False
ucc-static-2dc8c02567a09355,97,2dc8c02567a09355,Netflix,animated-RickandMorty,rsrp=-95|rsrq=-15|snr=-2,rsrp=-95|rsrq=-15,-95,-15,-2,ploss=0|noise_power_dB=-5,0,-5,False,ploss=0|noise_power_dB=-5,0,-5,False,False,False,False,False
ucc-static-2dc8c02567a09355,98,2dc8c02567a09355,Netflix,animated-RickandMorty,rsrp=-93|rsrq=-17|snr=-1,rsrp=-93|rsrq=-17,-93,-17,-1,ploss=0|noise_power_dB=-5,0,-5,False,ploss=0|noise_power_dB=-5,0,-5,False,False,False,False,False
ucc-static-2dc8c02567a09355,99,2dc8c02567a09355,Netflix,animated-RickandMorty,rsrp=-93|rsrq=-17|snr=-1,rsrp=-93|rsrq=-17,-93,-17,-1,ploss=0|noise_power_dB=-5,0,-5,False,ploss=0|noise_power_dB=-5,0,-5,False,False,False,False,False
ucc-static-2dc8c02567a09355,100,2dc8c02567a09355,Netflix,animated-RickandMorty,rsrp=-92|rsrq=-15|snr=-4,rsrp=-92|rsrq=-15,-92,-15,-4,ploss=0|noise_power_dB=-5,0,-5,False,ploss=0|noise_power_dB=-5,0,-5,False,False,False,False,False
ucc-static-2dc8c02567a09355,101,2dc8c02567a09355,Netflix,animated-RickandMorty,rsrp=-92|rsrq=-15|snr=-4,rsrp=-92|rsrq=-15,-92,-15,-4,ploss=0|noise_power_dB=-5,0,-5,False,ploss=0|noise_power_dB=-5,0,-5,False,False,False,False,False
ucc-static-2dc8c02567a09355,102,2dc8c02567a09355,Netflix,animated-RickandMorty,rsrp=-90|rsrq=-14|snr=-8,rsrp=-90|rsrq=-14,-90,-14,-8,ploss=0|noise_power_dB=-5,0,-5,False,ploss=0|noise_power_dB=-5,0,-5,False,False,False,False,False
ucc-static-2dc8c02567a09355,103,2dc8c02567a09355,Netflix,animated-RickandMorty,rsrp=-90|rsrq=-14|snr=-8,rsrp=-90|rsrq=-14,-90,-14,-8,ploss=0|noise_power_dB=-5,0,-5,False,ploss=0|noise_power_dB=-5,0,-5,False,False,False,False,False
ucc-static-2dc8c02567a09355,104,2dc8c02567a09355,Netflix,animated-RickandMorty,rsrp=-89|rsrq=-12|snr=1,rsrp=-89|rsrq=-12,-89,-12,1,ploss=0|noise_power_dB=-5,0,-5,False,ploss=0|noise_power_dB=-5,0,-5,False,False,False,False,False
ucc-static-2dc8c02567a09355,105,2dc8c02567a09355,Netflix,animated-RickandMorty,rsrp=-89|rsrq=-12|snr=1,rsrp=-89|rsrq=-12,-89,-12,1,ploss=0|noise_power_dB=-5,0,-5,False,ploss=0|noise_power_dB=-5,0,-5,False,False,False,False,False
ucc-static-2dc8c02567a09355,106,2dc8c02567a09355,Netflix,animated-RickandMorty,rsrp=-93|rsrq=-12|snr=-4,rsrp=-93|rsrq=-12,-93,-12,-4,ploss=0|noise_power_dB=-5,0,-5,True,ploss=0|noise_power_dB=-5,0,-5,False,False,True,False,True
ucc-static-2dc8c02567a09355,107,2dc8c02567a09355,Netflix,animated-RickandMorty,rsrp=-93|rsrq=-12|snr=-4,rsrp=-93|rsrq=-12,-93,-12,-4,ploss=0|noise_power_dB=-5,0,-5,True,ploss=0|noise_power_dB=-5,0,-5,False,False,True,False,True
ucc-static-2dc8c02567a09355,108,2dc8c02567a09355,Netflix,animated-RickandMorty,rsrp=-92|rsrq=-12|snr=3,rsrp=-92|rsrq=-12,-92,-12,3,ploss=0|noise_power_dB=-5,0,-5,True,ploss=0|noise_power_dB=-5,0,-5,False,False,True,False,True
ucc-static-2dc8c02567a09355,109,2dc8c02567a09355,Netflix,animated-RickandMorty,rsrp=-92|rsrq=-12|snr=3,rsrp=-92|rsrq=-12,-92,-12,3,ploss=0|noise_power_dB=-5,0,-5,True,ploss=0|noise_power_dB=-5,0,-5,False,False,True,False,True
ucc-static-2dc8c02567a09355,110,2dc8c02567a09355,Netflix,animated-RickandMorty,rsrp=-93|rsrq=-14|snr=0,rsrp=-93|rsrq=-14,-93,-14,0,ploss=0|noise_power_dB=-5,0,-5,False,ploss=0|noise_power_dB=-5,0,-5,False,False,False,False,False
ucc-static-2dc8c02567a09355,111,2dc8c02567a09355,Netflix,animated-RickandMorty,rsrp=-93|rsrq=-14|snr=0,rsrp=-93|rsrq=-14,-93,-14,0,ploss=0|noise_power_dB=-5,0,-5,False,ploss=0|noise_power_dB=-5,0,-5,False,False,False,False,False
ucc-static-2dc8c02567a09355,112,2dc8c02567a09355,Netflix,animated-RickandMorty,rsrp=-91|rsrq=-11|snr=4,rsrp=-91|rsrq=-11,-91,-11,4,ploss=0|noise_power_dB=-5,0,-5,True,ploss=0|noise_power_dB=-5,0,-5,False,False,True,False,True
ucc-static-2dc8c02567a09355,113,2dc8c02567a09355,Netflix,animated-RickandMorty,rsrp=-91|rsrq=-11|snr=4,rsrp=-91|rsrq=-11,-91,-11,4,ploss=0|noise_power_dB=-5,0,-5,True,ploss=0|noise_power_dB=-5,0,-5,False,False,True,False,True
ucc-static-2dc8c02567a09355,114,2dc8c02567a09355,Netflix,animated-RickandMorty,rsrp=-91|rsrq=-12|snr=2,rsrp=-91|rsrq=-12,-91,-12,2,ploss=0|noise_power_dB=-5,0,-5,True,ploss=0|noise_power_dB=-5,0,-5,False,False,True,False,True
ucc-static-2dc8c02567a09355,115,2dc8c02567a09355,Netflix,animated-RickandMorty,rsrp=-91|rsrq=-12|snr=2,rsrp=-91|rsrq=-12,-91,-12,2,ploss=0|noise_power_dB=-5,0,-5,True,ploss=0|noise_power_dB=-5,0,-5,False,False,True,False,True
ucc-static-2dc8c02567a09355,116,2dc8c02567a09355,Netflix,animated-RickandMorty,rsrp=-91|rsrq=-11|snr=0,rsrp=-91|rsrq=-11,-91,-11,0,ploss=0|noise_power_dB=-5,0,-5,True,ploss=0|noise_power_dB=-5,0,-5,False,False,True,False,True
ucc-static-2dc8c02567a09355,117,2dc8c02567a09355,Netflix,animated-RickandMorty,rsrp=-91|rsrq=-11|snr=0,rsrp=-91|rsrq=-11,-91,-11,0,ploss=0|noise_power_dB=-5,0,-5,True,ploss=0|noise_power_dB=-5,0,-5,False,False,True,False,True
ucc-static-2dc8c02567a09355,118,2dc8c02567a09355,Netflix,animated-RickandMorty,rsrp=-92|rsrq=-11|snr=4,rsrp=-92|rsrq=-11,-92,-11,4,ploss=0|noise_power_dB=-5,0,-5,True,ploss=0|noise_power_dB=-5,0,-5,False,False,True,False,True
ucc-static-2dc8c02567a09355,119,2dc8c02567a09355,Netflix,animated-RickandMorty,rsrp=-92|rsrq=-11|snr=4,rsrp=-92|rsrq=-11,-92,-11,4,ploss=0|noise_power_dB=-5,0,-5,True,ploss=0|noise_power_dB=-5,0,-5,False,False,True,False,True
ucc-static-2dc8c02567a09355,120,2dc8c02567a09355,Netflix,animated-RickandMorty,rsrp=-94|rsrq=-13|snr=1,rsrp=-94|rsrq=-13,-94,-13,1,ploss=0|noise_power_dB=-5,0,-5,False,ploss=0|noise_power_dB=-5,0,-5,False,False,False,False,False
ucc-static-2dc8c02567a09355,121,2dc8c02567a09355,Netflix,animated-RickandMorty,rsrp=-94|rsrq=-13|snr=1,rsrp=-94|rsrq=-13,-94,-13,1,ploss=0|noise_power_dB=-5,0,-5,False,ploss=0|noise_power_dB=-5,0,-5,False,False,False,False,False
ucc-static-2dc8c02567a09355,122,2dc8c02567a09355,Netflix,animated-RickandMorty,rsrp=-92|rsrq=-18|snr=-1,rsrp=-92|rsrq=-18,-92,-18,-1,ploss=0|noise_power_dB=-5,0,-5,False,ploss=0|noise_power_dB=-5,0,-5,False,False,False,False,False
ucc-static-2dc8c02567a09355,123,2dc8c02567a09355,Netflix,animated-RickandMorty,rsrp=-92|rsrq=-18|snr=-1,rsrp=-92|rsrq=-18,-92,-18,-1,ploss=0|noise_power_dB=-5,0,-5,False,ploss=0|noise_power_dB=-5,0,-5,False,False,False,False,False
ucc-static-2dc8c02567a09355,124,2dc8c02567a09355,Netflix,animated-RickandMorty,rsrp=-91|rsrq=-15|snr=5,rsrp=-91|rsrq=-15,-91,-15,5,ploss=0|noise_power_dB=-5,0,-5,False,ploss=0|noise_power_dB=-5,0,-5,False,False,False,False,False
ucc-static-2dc8c02567a09355,125,2dc8c02567a09355,Netflix,animated-RickandMorty,rsrp=-91|rsrq=-15|snr=5,rsrp=-91|rsrq=-15,-91,-15,5,ploss=0|noise_power_dB=-5,0,-5,False,ploss=0|noise_power_dB=-5,0,-5,False,False,False,False,False
ucc-static-2dc8c02567a09355,126,2dc8c02567a09355,Netflix,animated-RickandMorty,rsrp=-91|rsrq=-16|snr=0,rsrp=-91|rsrq=-16,-91,-16,0,ploss=0|noise_power_dB=-5,0,-5,False,ploss=0|noise_power_dB=-5,0,-5,False,False,False,False,False
ucc-static-2dc8c02567a09355,127,2dc8c02567a09355,Netflix,animated-RickandMorty,rsrp=-91|rsrq=-16|snr=0,rsrp=-91|rsrq=-16,-91,-16,0,ploss=0|noise_power_dB=-5,0,-5,False,ploss=0|noise_power_dB=-5,0,-5,False,False,False,False,False
ucc-static-2dc8c02567a09355,128,2dc8c02567a09355,Netflix,animated-RickandMorty,rsrp=-92|rsrq=-12|snr=-11,rsrp=-92|rsrq=-12,-92,-12,-11,ploss=0|noise_power_dB=-5,0,-5,True,ploss=0|noise_power_dB=-5,0,-5,False,False,True,False,True
ucc-static-2dc8c02567a09355,129,2dc8c02567a09355,Netflix,animated-RickandMorty,rsrp=-92|rsrq=-12|snr=-11,rsrp=-92|rsrq=-12,-92,-12,-11,ploss=0|noise_power_dB=-5,0,-5,True,ploss=0|noise_power_dB=-5,0,-5,False,False,True,False,True
ucc-static-2dc8c02567a09355,130,2dc8c02567a09355,Netflix,animated-RickandMorty,rsrp=-91|rsrq=-10|snr=-1,rsrp=-91|rsrq=-10,-91,-10,-1,ploss=0|noise_power_dB=-5,0,-5,True,ploss=0|noise_power_dB=-5,0,-5,False,False,True,False,True
ucc-static-2dc8c02567a09355,131,2dc8c02567a09355,Netflix,animated-RickandMorty,rsrp=-91|rsrq=-10|snr=-1,rsrp=-91|rsrq=-10,-91,-10,-1,ploss=0|noise_power_dB=-5,0,-5,True,ploss=0|noise_power_dB=-5,0,-5,False,False,True,False,True
ucc-static-2dc8c02567a09355,132,2dc8c02567a09355,Netflix,animated-RickandMorty,rsrp=-92|rsrq=-14|snr=-1,rsrp=-92|rsrq=-14,-92,-14,-1,ploss=0|noise_power_dB=-5,0,-5,False,ploss=0|noise_power_dB=-5,0,-5,False,False,False,False,False
ucc-static-2dc8c02567a09355,133,2dc8c02567a09355,Netflix,animated-RickandMorty,rsrp=-92|rsrq=-14|snr=-1,rsrp=-92|rsrq=-14,-92,-14,-1,ploss=0|noise_power_dB=-5,0,-5,False,ploss=0|noise_power_dB=-5,0,-5,False,False,False,False,False
ucc-static-2dc8c02567a09355,134,2dc8c02567a09355,Netflix,animated-RickandMorty,rsrp=-92|rsrq=-15|snr=-11,rsrp=-92|rsrq=-15,-92,-15,-11,ploss=0|noise_power_dB=-5,0,-5,False,ploss=0|noise_power_dB=-5,0,-5,False,False,False,False,False
ucc-static-2dc8c02567a09355,135,2dc8c02567a09355,Netflix,animated-RickandMorty,rsrp=-92|rsrq=-15|snr=-11,rsrp=-92|rsrq=-15,-92,-15,-11,ploss=0|noise_power_dB=-5,0,-5,False,ploss=0|noise_power_dB=-5,0,-5,False,False,False,False,False
ucc-static-2dc8c02567a09355,136,2dc8c02567a09355,Netflix,animated-RickandMorty,rsrp=-92|rsrq=-13|snr=2,rsrp=-92|rsrq=-13,-92,-13,2,ploss=0|noise_power_dB=-5,0,-5,False,ploss=0|noise_power_dB=-5,0,-5,False,False,False,False,False
ucc-static-2dc8c02567a09355,137,2dc8c02567a09355,Netflix,animated-RickandMorty,rsrp=-92|rsrq=-13|snr=2,rsrp=-92|rsrq=-13,-92,-13,2,ploss=0|noise_power_dB=-5,0,-5,False,ploss=0|noise_power_dB=-5,0,-5,False,False,False,False,False
ucc-static-2dc8c02567a09355,138,2dc8c02567a09355,Netflix,animated-RickandMorty,rsrp=-91|rsrq=-12|snr=6,rsrp=-91|rsrq=-12,-91,-12,6,ploss=0|noise_power_dB=-5,0,-5,True,ploss=0|noise_power_dB=-5,0,-5,False,False,True,False,True
ucc-static-2dc8c02567a09355,139,2dc8c02567a09355,Netflix,animated-RickandMorty,rsrp=-91|rsrq=-12|snr=6,rsrp=-91|rsrq=-12,-91,-12,6,ploss=0|noise_power_dB=-5,0,-5,True,ploss=0|noise_power_dB=-5,0,-5,False,False,True,False,True
ucc-static-2dc8c02567a09355,140,2dc8c02567a09355,Netflix,animated-RickandMorty,rsrp=-93|rsrq=-17|snr=-10,rsrp=-93|rsrq=-17,-93,-17,-10,ploss=0|noise_power_dB=-5,0,-5,False,ploss=0|noise_power_dB=-5,0,-5,False,False,False,False,False
ucc-static-2dc8c02567a09355,141,2dc8c02567a09355,Netflix,animated-RickandMorty,rsrp=-93|rsrq=-17|snr=-10,rsrp=-93|rsrq=-17,-93,-17,-10,ploss=0|noise_power_dB=-5,0,-5,False,ploss=0|noise_power_dB=-5,0,-5,False,False,False,False,False
ucc-static-2dc8c02567a09355,142,2dc8c02567a09355,Netflix,animated-RickandMorty,rsrp=-93|rsrq=-16|snr=-2,rsrp=-93|rsrq=-16,-93,-16,-2,ploss=0|noise_power_dB=-5,0,-5,False,ploss=0|noise_power_dB=-5,0,-5,False,False,False,False,False
ucc-static-2dc8c02567a09355,143,2dc8c02567a09355,Netflix,animated-RickandMorty,rsrp=-93|rsrq=-16|snr=-2,rsrp=-93|rsrq=-16,-93,-16,-2,ploss=0|noise_power_dB=-5,0,-5,False,ploss=0|noise_power_dB=-5,0,-5,False,False,False,False,False
ucc-static-2dc8c02567a09355,144,2dc8c02567a09355,Netflix,animated-RickandMorty,rsrp=-91|rsrq=-11|snr=-1,rsrp=-91|rsrq=-11,-91,-11,-1,ploss=0|noise_power_dB=-5,0,-5,True,ploss=0|noise_power_dB=-5,0,-5,False,False,True,False,True
ucc-static-2dc8c02567a09355,145,2dc8c02567a09355,Netflix,animated-RickandMorty,rsrp=-91|rsrq=-11|snr=-1,rsrp=-91|rsrq=-11,-91,-11,-1,ploss=0|noise_power_dB=-5,0,-5,True,ploss=0|noise_power_dB=-5,0,-5,False,False,True,False,True
ucc-static-2dc8c02567a09355,146,2dc8c02567a09355,Netflix,animated-RickandMorty,rsrp=-92|rsrq=-11|snr=2,rsrp=-92|rsrq=-11,-92,-11,2,ploss=0|noise_power_dB=-5,0,-5,True,ploss=0|noise_power_dB=-5,0,-5,False,False,True,False,True
ucc-static-2dc8c02567a09355,147,2dc8c02567a09355,Netflix,animated-RickandMorty,rsrp=-92|rsrq=-11|snr=2,rsrp=-92|rsrq=-11,-92,-11,2,ploss=0|noise_power_dB=-5,0,-5,True,ploss=0|noise_power_dB=-5,0,-5,False,False,True,False,True
ucc-static-2dc8c02567a09355,148,2dc8c02567a09355,Netflix,animated-RickandMorty,rsrp=-93|rsrq=-11|snr=2,rsrp=-93|rsrq=-11,-93,-11,2,ploss=0|noise_power_dB=-5,0,-5,True,ploss=0|noise_power_dB=-5,0,-5,False,False,True,False,True
ucc-static-2dc8c02567a09355,149,2dc8c02567a09355,Netflix,animated-RickandMorty,rsrp=-93|rsrq=-11|snr=2,rsrp=-93|rsrq=-11,-93,-11,2,ploss=0|noise_power_dB=-5,0,-5,True,ploss=0|noise_power_dB=-5,0,-5,False,False,True,False,True
ucc-static-2dc8c02567a09355,150,2dc8c02567a09355,Netflix,animated-RickandMorty,rsrp=-93|rsrq=-16|snr=-3,rsrp=-93|rsrq=-16,-93,-16,-3,ploss=0|noise_power_dB=-5,0,-5,False,ploss=0|noise_power_dB=-5,0,-5,False,False,False,False,False
ucc-static-2dc8c02567a09355,151,2dc8c02567a09355,Netflix,animated-RickandMorty,rsrp=-93|rsrq=-16|snr=-3,rsrp=-93|rsrq=-16,-93,-16,-3,ploss=0|noise_power_dB=-5,0,-5,False,ploss=0|noise_power_dB=-5,0,-5,False,False,False,False,False
ucc-static-2dc8c02567a09355,152,2dc8c02567a09355,Netflix,animated-RickandMorty,rsrp=-93|rsrq=-15|snr=3,rsrp=-93|rsrq=-15,-93,-15,3,ploss=0|noise_power_dB=-5,0,-5,False,ploss=0|noise_power_dB=-5,0,-5,False,False,False,False,False
ucc-static-2dc8c02567a09355,153,2dc8c02567a09355,Netflix,animated-RickandMorty,rsrp=-93|rsrq=-15|snr=3,rsrp=-93|rsrq=-15,-93,-15,3,ploss=0|noise_power_dB=-5,0,-5,False,ploss=0|noise_power_dB=-5,0,-5,False,False,False,False,False
ucc-static-2dc8c02567a09355,154,2dc8c02567a09355,Netflix,animated-RickandMorty,rsrp=-93|rsrq=-16|snr=-5,rsrp=-93|rsrq=-16,-93,-16,-5,ploss=0|noise_power_dB=-5,0,-5,False,ploss=0|noise_power_dB=-5,0,-5,False,False,False,False,False
ucc-static-2dc8c02567a09355,155,2dc8c02567a09355,Netflix,animated-RickandMorty,rsrp=-93|rsrq=-16|snr=-5,rsrp=-93|rsrq=-16,-93,-16,-5,ploss=0|noise_power_dB=-5,0,-5,False,ploss=0|noise_power_dB=-5,0,-5,False,False,False,False,False
ucc-static-2dc8c02567a09355,156,2dc8c02567a09355,Netflix,animated-RickandMorty,rsrp=-92|rsrq=-12|snr=-9,rsrp=-92|rsrq=-12,-92,-12,-9,ploss=0|noise_power_dB=-5,0,-5,True,ploss=0|noise_power_dB=-5,0,-5,False,False,True,False,True
ucc-static-2dc8c02567a09355,157,2dc8c02567a09355,Netflix,animated-RickandMorty,rsrp=-92|rsrq=-12|snr=-9,rsrp=-92|rsrq=-12,-92,-12,-9,ploss=0|noise_power_dB=-5,0,-5,True,ploss=0|noise_power_dB=-5,0,-5,False,False,True,False,True
ucc-static-2dc8c02567a09355,158,2dc8c02567a09355,Netflix,animated-RickandMorty,rsrp=-89|rsrq=-11|snr=6,rsrp=-89|rsrq=-11,-89,-11,6,ploss=0|noise_power_dB=-5,0,-5,False,ploss=0|noise_power_dB=-5,0,-5,False,False,False,False,False
ucc-static-2dc8c02567a09355,159,2dc8c02567a09355,Netflix,animated-RickandMorty,rsrp=-89|rsrq=-11|snr=6,rsrp=-89|rsrq=-11,-89,-11,6,ploss=0|noise_power_dB=-5,0,-5,False,ploss=0|noise_power_dB=-5,0,-5,False,False,False,False,False
ucc-static-2dc8c02567a09355,160,2dc8c02567a09355,Netflix,animated-RickandMorty,rsrp=-91|rsrq=-14|snr=-1,rsrp=-91|rsrq=-14,-91,-14,-1,ploss=0|noise_power_dB=-5,0,-5,False,ploss=0|noise_power_dB=-5,0,-5,False,False,False,False,False
ucc-static-2dc8c02567a09355,161,2dc8c02567a09355,Netflix,animated-RickandMorty,rsrp=-91|rsrq=-14|snr=-1,rsrp=-91|rsrq=-14,-91,-14,-1,ploss=0|noise_power_dB=-5,0,-5,False,ploss=0|noise_power_dB=-5,0,-5,False,False,False,False,False
ucc-static-2dc8c02567a09355,162,2dc8c02567a09355,Netflix,animated-RickandMorty,rsrp=-92|rsrq=-15|snr=2,rsrp=-92|rsrq=-15,-92,-15,2,ploss=0|noise_power_dB=-5,0,-5,False,ploss=0|noise_power_dB=-5,0,-5,False,False,False,False,False
ucc-static-2dc8c02567a09355,163,2dc8c02567a09355,Netflix,animated-RickandMorty,rsrp=-92|rsrq=-15|snr=2,rsrp=-92|rsrq=-15,-92,-15,2,ploss=0|noise_power_dB=-5,0,-5,False,ploss=0|noise_power_dB=-5,0,-5,False,False,False,False,False
ucc-static-2dc8c02567a09355,164,2dc8c02567a09355,Netflix,animated-RickandMorty,rsrp=-91|rsrq=-14|snr=-1,rsrp=-91|rsrq=-14,-91,-14,-1,ploss=0|noise_power_dB=-5,0,-5,False,ploss=0|noise_power_dB=-5,0,-5,False,False,False,False,False
ucc-static-2dc8c02567a09355,165,2dc8c02567a09355,Netflix,animated-RickandMorty,rsrp=-91|rsrq=-14|snr=-1,rsrp=-91|rsrq=-14,-91,-14,-1,ploss=0|noise_power_dB=-5,0,-5,False,ploss=0|noise_power_dB=-5,0,-5,False,False,False,False,False
ucc-static-2dc8c02567a09355,166,2dc8c02567a09355,Netflix,animated-RickandMorty,rsrp=-93|rsrq=-16|snr=-3,rsrp=-93|rsrq=-16,-93,-16,-3,ploss=0|noise_power_dB=-5,0,-5,False,ploss=0|noise_power_dB=-5,0,-5,False,False,False,False,False
ucc-static-2dc8c02567a09355,167,2dc8c02567a09355,Netflix,animated-RickandMorty,rsrp=-93|rsrq=-16|snr=-3,rsrp=-93|rsrq=-16,-93,-16,-3,ploss=0|noise_power_dB=-5,0,-5,False,ploss=0|noise_power_dB=-5,0,-5,False,False,False,False,False
ucc-static-36136c5b56bfc346,0,36136c5b56bfc346,Netflix,Season3-StrangerThings,rsrp=-100|rsrq=-10|snr=2,rsrp=-100|rsrq=-10,-100,-10,2,ploss=-5|noise_power_dB=-30,-5,-30,False,ploss=0|noise_power_dB=-5,0,-5,True,False,False,True,True
ucc-static-36136c5b56bfc346,1,36136c5b56bfc346,Netflix,Season3-StrangerThings,rsrp=-100|rsrq=-10|snr=2,rsrp=-100|rsrq=-10,-100,-10,2,ploss=-5|noise_power_dB=-30,-5,-30,False,ploss=0|noise_power_dB=-5,0,-5,True,False,False,True,True
ucc-static-36136c5b56bfc346,2,36136c5b56bfc346,Netflix,Season3-StrangerThings,rsrp=-100|rsrq=-12|snr=-2,rsrp=-100|rsrq=-12,-100,-12,-2,ploss=-5|noise_power_dB=-30,-5,-30,False,ploss=0|noise_power_dB=-5,0,-5,True,False,False,True,True
ucc-static-36136c5b56bfc346,3,36136c5b56bfc346,Netflix,Season3-StrangerThings,rsrp=-100|rsrq=-12|snr=-2,rsrp=-100|rsrq=-12,-100,-12,-2,ploss=-5|noise_power_dB=-30,-5,-30,False,ploss=0|noise_power_dB=-5,0,-5,True,False,False,True,True
ucc-static-36136c5b56bfc346,4,36136c5b56bfc346,Netflix,Season3-StrangerThings,rsrp=-101|rsrq=-13|snr=1,rsrp=-101|rsrq=-13,-101,-13,1,ploss=-5|noise_power_dB=-30,-5,-30,False,ploss=0|noise_power_dB=-5,0,-5,False,False,False,False,False
ucc-static-36136c5b56bfc346,5,36136c5b56bfc346,Netflix,Season3-StrangerThings,rsrp=-101|rsrq=-13|snr=1,rsrp=-101|rsrq=-13,-101,-13,1,ploss=-5|noise_power_dB=-30,-5,-30,False,ploss=0|noise_power_dB=-5,0,-5,False,False,False,False,False
ucc-static-36136c5b56bfc346,6,36136c5b56bfc346,Netflix,Season3-StrangerThings,rsrp=-101|rsrq=-14|snr=1,rsrp=-101|rsrq=-14,-101,-14,1,ploss=-5|noise_power_dB=-30,-5,-30,False,ploss=0|noise_power_dB=-5,0,-5,False,False,False,False,False
ucc-static-36136c5b56bfc346,7,36136c5b56bfc346,Netflix,Season3-StrangerThings,rsrp=-101|rsrq=-14|snr=1,rsrp=-101|rsrq=-14,-101,-14,1,ploss=-5|noise_power_dB=-30,-5,-30,False,ploss=0|noise_power_dB=-5,0,-5,False,False,False,False,False
ucc-static-36136c5b56bfc346,8,36136c5b56bfc346,Netflix,Season3-StrangerThings,rsrp=-101|rsrq=-15|snr=-3,rsrp=-101|rsrq=-15,-101,-15,-3,ploss=-5|noise_power_dB=-30,-5,-30,False,ploss=0|noise_power_dB=-5,0,-5,False,False,False,False,False
ucc-static-36136c5b56bfc346,9,36136c5b56bfc346,Netflix,Season3-StrangerThings,rsrp=-101|rsrq=-15|snr=-3,rsrp=-101|rsrq=-15,-101,-15,-3,ploss=-5|noise_power_dB=-30,-5,-30,False,ploss=0|noise_power_dB=-5,0,-5,False,False,False,False,False
ucc-static-36136c5b56bfc346,10,36136c5b56bfc346,Netflix,Season3-StrangerThings,rsrp=-101|rsrq=-16|snr=-1,rsrp=-101|rsrq=-16,-101,-16,-1,ploss=-5|noise_power_dB=-30,-5,-30,False,ploss=0|noise_power_dB=-5,0,-5,False,False,False,False,False
ucc-static-36136c5b56bfc346,11,36136c5b56bfc346,Netflix,Season3-StrangerThings,rsrp=-101|rsrq=-16|snr=-1,rsrp=-101|rsrq=-16,-101,-16,-1,ploss=-5|noise_power_dB=-30,-5,-30,False,ploss=0|noise_power_dB=-5,0,-5,False,False,False,False,False
ucc-static-36136c5b56bfc346,12,36136c5b56bfc346,Netflix,Season3-StrangerThings,rsrp=-102|rsrq=-18|snr=-4,rsrp=-102|rsrq=-18,-102,-18,-4,ploss=-5|noise_power_dB=-30,-5,-30,False,ploss=0|noise_power_dB=-5,0,-5,False,False,False,False,False
ucc-static-36136c5b56bfc346,13,36136c5b56bfc346,Netflix,Season3-StrangerThings,rsrp=-102|rsrq=-18|snr=-4,rsrp=-102|rsrq=-18,-102,-18,-4,ploss=-5|noise_power_dB=-30,-5,-30,False,ploss=0|noise_power_dB=-5,0,-5,False,False,False,False,False
ucc-static-36136c5b56bfc346,14,36136c5b56bfc346,Netflix,Season3-StrangerThings,rsrp=-101|rsrq=-16|snr=6,rsrp=-101|rsrq=-16,-101,-16,6,ploss=-5|noise_power_dB=-30,-5,-30,False,ploss=0|noise_power_dB=-5,0,-5,False,False,False,False,False
ucc-static-36136c5b56bfc346,15,36136c5b56bfc346,Netflix,Season3-StrangerThings,rsrp=-101|rsrq=-16|snr=6,rsrp=-101|rsrq=-16,-101,-16,6,ploss=-5|noise_power_dB=-30,-5,-30,False,ploss=0|noise_power_dB=-5,0,-5,False,False,False,False,False
ucc-static-36136c5b56bfc346,16,36136c5b56bfc346,Netflix,Season3-StrangerThings,rsrp=-101|rsrq=-17|snr=2,rsrp=-101|rsrq=-17,-101,-17,2,ploss=-5|noise_power_dB=-30,-5,-30,False,ploss=0|noise_power_dB=-5,0,-5,False,False,False,False,False
ucc-static-36136c5b56bfc346,17,36136c5b56bfc346,Netflix,Season3-StrangerThings,rsrp=-101|rsrq=-17|snr=2,rsrp=-101|rsrq=-17,-101,-17,2,ploss=-5|noise_power_dB=-30,-5,-30,False,ploss=0|noise_power_dB=-5,0,-5,False,False,False,False,False
ucc-static-36136c5b56bfc346,18,36136c5b56bfc346,Netflix,Season3-StrangerThings,rsrp=-101|rsrq=-17|snr=10,rsrp=-101|rsrq=-17,-101,-17,10,ploss=-5|noise_power_dB=-30,-5,-30,False,ploss=0|noise_power_dB=-5,0,-5,False,False,False,False,False
ucc-static-36136c5b56bfc346,19,36136c5b56bfc346,Netflix,Season3-StrangerThings,rsrp=-101|rsrq=-17|snr=10,rsrp=-101|rsrq=-17,-101,-17,10,ploss=-5|noise_power_dB=-30,-5,-30,False,ploss=0|noise_power_dB=-5,0,-5,False,False,False,False,False
ucc-static-36136c5b56bfc346,20,36136c5b56bfc346,Netflix,Season3-StrangerThings,rsrp=-100|rsrq=-18|snr=9,rsrp=-100|rsrq=-18,-100,-18,9,ploss=-5|noise_power_dB=-30,-5,-30,False,ploss=0|noise_power_dB=-5,0,-5,False,False,False,False,False
ucc-static-36136c5b56bfc346,21,36136c5b56bfc346,Netflix,Season3-StrangerThings,rsrp=-100|rsrq=-18|snr=9,rsrp=-100|rsrq=-18,-100,-18,9,ploss=-5|noise_power_dB=-30,-5,-30,False,ploss=0|noise_power_dB=-5,0,-5,False,False,False,False,False
ucc-static-36136c5b56bfc346,22,36136c5b56bfc346,Netflix,Season3-StrangerThings,rsrp=-100|rsrq=-15|snr=12,rsrp=-100|rsrq=-15,-100,-15,12,ploss=-5|noise_power_dB=-30,-5,-30,False,ploss=0|noise_power_dB=-5,0,-5,False,False,False,False,False
ucc-static-36136c5b56bfc346,23,36136c5b56bfc346,Netflix,Season3-StrangerThings,rsrp=-100|rsrq=-15|snr=12,rsrp=-100|rsrq=-15,-100,-15,12,ploss=-5|noise_power_dB=-30,-5,-30,False,ploss=0|noise_power_dB=-5,0,-5,False,False,False,False,False
ucc-static-36136c5b56bfc346,24,36136c5b56bfc346,Netflix,Season3-StrangerThings,rsrp=-101|rsrq=-12|snr=8,rsrp=-101|rsrq=-12,-101,-12,8,ploss=-5|noise_power_dB=-30,-5,-30,False,ploss=0|noise_power_dB=-5,0,-5,True,False,False,True,True
ucc-static-36136c5b56bfc346,25,36136c5b56bfc346,Netflix,Season3-StrangerThings,rsrp=-101|rsrq=-12|snr=8,rsrp=-101|rsrq=-12,-101,-12,8,ploss=-5|noise_power_dB=-30,-5,-30,False,ploss=0|noise_power_dB=-5,0,-5,True,False,False,True,True
ucc-static-36136c5b56bfc346,26,36136c5b56bfc346,Netflix,Season3-StrangerThings,rsrp=-101|rsrq=-12|snr=-2,rsrp=-101|rsrq=-12,-101,-12,-2,ploss=-5|noise_power_dB=-30,-5,-30,False,ploss=0|noise_power_dB=-5,0,-5,True,False,False,True,True
ucc-static-36136c5b56bfc346,27,36136c5b56bfc346,Netflix,Season3-StrangerThings,rsrp=-101|rsrq=-12|snr=-2,rsrp=-101|rsrq=-12,-101,-12,-2,ploss=-5|noise_power_dB=-30,-5,-30,False,ploss=0|noise_power_dB=-5,0,-5,True,False,False,True,True
ucc-static-36136c5b56bfc346,28,36136c5b56bfc346,Netflix,Season3-StrangerThings,rsrp=-101|rsrq=-15|snr=-2,rsrp=-101|rsrq=-15,-101,-15,-2,ploss=-5|noise_power_dB=-30,-5,-30,False,ploss=0|noise_power_dB=-5,0,-5,False,False,False,False,False
ucc-static-36136c5b56bfc346,29,36136c5b56bfc346,Netflix,Season3-StrangerThings,rsrp=-101|rsrq=-15|snr=-2,rsrp=-101|rsrq=-15,-101,-15,-2,ploss=-5|noise_power_dB=-30,-5,-30,False,ploss=0|noise_power_dB=-5,0,-5,False,False,False,False,False
ucc-static-36136c5b56bfc346,30,36136c5b56bfc346,Netflix,Season3-StrangerThings,rsrp=-101|rsrq=-12|snr=-1,rsrp=-101|rsrq=-12,-101,-12,-1,ploss=-5|noise_power_dB=-30,-5,-30,False,ploss=0|noise_power_dB=-5,0,-5,True,False,False,True,True
ucc-static-36136c5b56bfc346,31,36136c5b56bfc346,Netflix,Season3-StrangerThings,rsrp=-101|rsrq=-12|snr=-1,rsrp=-101|rsrq=-12,-101,-12,-1,ploss=-5|noise_power_dB=-30,-5,-30,False,ploss=0|noise_power_dB=-5,0,-5,True,False,False,True,True
ucc-static-36136c5b56bfc346,32,36136c5b56bfc346,Netflix,Season3-StrangerThings,rsrp=-101|rsrq=-13|snr=6,rsrp=-101|rsrq=-13,-101,-13,6,ploss=-5|noise_power_dB=-30,-5,-30,False,ploss=0|noise_power_dB=-5,0,-5,False,False,False,False,False
ucc-static-36136c5b56bfc346,33,36136c5b56bfc346,Netflix,Season3-StrangerThings,rsrp=-101|rsrq=-13|snr=6,rsrp=-101|rsrq=-13,-101,-13,6,ploss=-5|noise_power_dB=-30,-5,-30,False,ploss=0|noise_power_dB=-5,0,-5,False,False,False,False,False
ucc-static-36136c5b56bfc346,34,36136c5b56bfc346,Netflix,Season3-StrangerThings,rsrp=-101|rsrq=-11|snr=7,rsrp=-101|rsrq=-11,-101,-11,7,ploss=-5|noise_power_dB=-30,-5,-30,False,ploss=0|noise_power_dB=-5,0,-5,True,False,False,True,True
ucc-static-36136c5b56bfc346,35,36136c5b56bfc346,Netflix,Season3-StrangerThings,rsrp=-101|rsrq=-11|snr=7,rsrp=-101|rsrq=-11,-101,-11,7,ploss=-5|noise_power_dB=-30,-5,-30,False,ploss=0|noise_power_dB=-5,0,-5,True,False,False,True,True
ucc-static-36136c5b56bfc346,36,36136c5b56bfc346,Netflix,Season3-StrangerThings,rsrp=-98|rsrq=-15|snr=11,rsrp=-98|rsrq=-15,-98,-15,11,ploss=0|noise_power_dB=-5,0,-5,False,ploss=0|noise_power_dB=-5,0,-5,False,False,False,False,False
ucc-static-36136c5b56bfc346,37,36136c5b56bfc346,Netflix,Season3-StrangerThings,rsrp=-98|rsrq=-15|snr=11,rsrp=-98|rsrq=-15,-98,-15,11,ploss=0|noise_power_dB=-5,0,-5,False,ploss=0|noise_power_dB=-5,0,-5,False,False,False,False,False
ucc-static-36136c5b56bfc346,38,36136c5b56bfc346,Netflix,Season3-StrangerThings,rsrp=-99|rsrq=-10|snr=8,rsrp=-99|rsrq=-10,-99,-10,8,ploss=-5|noise_power_dB=-30,-5,-30,False,ploss=0|noise_power_dB=-5,0,-5,True,False,False,True,True
ucc-static-36136c5b56bfc346,39,36136c5b56bfc346,Netflix,Season3-StrangerThings,rsrp=-99|rsrq=-10|snr=8,rsrp=-99|rsrq=-10,-99,-10,8,ploss=-5|noise_power_dB=-30,-5,-30,False,ploss=0|noise_power_dB=-5,0,-5,True,False,False,True,True
ucc-static-36136c5b56bfc346,40,36136c5b56bfc346,Netflix,Season3-StrangerThings,rsrp=-100|rsrq=-10|snr=11,rsrp=-100|rsrq=-10,-100,-10,11,ploss=-5|noise_power_dB=-30,-5,-30,False,ploss=0|noise_power_dB=-5,0,-5,True,False,False,True,True
ucc-static-36136c5b56bfc346,41,36136c5b56bfc346,Netflix,Season3-StrangerThings,rsrp=-100|rsrq=-10|snr=11,rsrp=-100|rsrq=-10,-100,-10,11,ploss=-5|noise_power_dB=-30,-5,-30,False,ploss=0|noise_power_dB=-5,0,-5,True,False,False,True,True
ucc-static-36136c5b56bfc346,42,36136c5b56bfc346,Netflix,Season3-StrangerThings,rsrp=-100|rsrq=-15|snr=0,rsrp=-100|rsrq=-15,-100,-15,0,ploss=-5|noise_power_dB=-30,-5,-30,False,ploss=0|noise_power_dB=-5,0,-5,False,False,False,False,False
ucc-static-36136c5b56bfc346,43,36136c5b56bfc346,Netflix,Season3-StrangerThings,rsrp=-100|rsrq=-15|snr=0,rsrp=-100|rsrq=-15,-100,-15,0,ploss=-5|noise_power_dB=-30,-5,-30,False,ploss=0|noise_power_dB=-5,0,-5,False,False,False,False,False
ucc-static-36136c5b56bfc346,44,36136c5b56bfc346,Netflix,Season3-StrangerThings,rsrp=-102|rsrq=-10|snr=-3,rsrp=-102|rsrq=-10,-102,-10,-3,ploss=-5|noise_power_dB=-30,-5,-30,False,ploss=0|noise_power_dB=-5,0,-5,True,False,False,True,True
ucc-static-36136c5b56bfc346,45,36136c5b56bfc346,Netflix,Season3-StrangerThings,rsrp=-102|rsrq=-10|snr=-3,rsrp=-102|rsrq=-10,-102,-10,-3,ploss=-5|noise_power_dB=-30,-5,-30,False,ploss=0|noise_power_dB=-5,0,-5,True,False,False,True,True
ucc-static-36136c5b56bfc346,46,36136c5b56bfc346,Netflix,Season3-StrangerThings,rsrp=-102|rsrq=-15|snr=4,rsrp=-102|rsrq=-15,-102,-15,4,ploss=-5|noise_power_dB=-30,-5,-30,False,ploss=0|noise_power_dB=-5,0,-5,False,False,False,False,False
ucc-static-36136c5b56bfc346,47,36136c5b56bfc346,Netflix,Season3-StrangerThings,rsrp=-102|rsrq=-15|snr=4,rsrp=-102|rsrq=-15,-102,-15,4,ploss=-5|noise_power_dB=-30,-5,-30,False,ploss=0|noise_power_dB=-5,0,-5,False,False,False,False,False
ucc-static-36136c5b56bfc346,48,36136c5b56bfc346,Netflix,Season3-StrangerThings,rsrp=-102|rsrq=-10|snr=6,rsrp=-102|rsrq=-10,-102,-10,6,ploss=-5|noise_power_dB=-30,-5,-30,False,ploss=0|noise_power_dB=-5,0,-5,True,False,False,True,True
ucc-static-36136c5b56bfc346,49,36136c5b56bfc346,Netflix,Season3-StrangerThings,rsrp=-102|rsrq=-10|snr=6,rsrp=-102|rsrq=-10,-102,-10,6,ploss=-5|noise_power_dB=-30,-5,-30,False,ploss=0|noise_power_dB=-5,0,-5,True,False,False,True,True
ucc-static-36136c5b56bfc346,50,36136c5b56bfc346,Netflix,Season3-StrangerThings,rsrp=-103|rsrq=-13|snr=-1,rsrp=-103|rsrq=-13,-103,-13,-1,ploss=-5|noise_power_dB=-30,-5,-30,False,ploss=0|noise_power_dB=-5,0,-5,False,False,False,False,False
ucc-static-36136c5b56bfc346,51,36136c5b56bfc346,Netflix,Season3-StrangerThings,rsrp=-103|rsrq=-13|snr=-1,rsrp=-103|rsrq=-13,-103,-13,-1,ploss=-5|noise_power_dB=-30,-5,-30,False,ploss=0|noise_power_dB=-5,0,-5,False,False,False,False,False
ucc-static-36136c5b56bfc346,52,36136c5b56bfc346,Netflix,Season3-StrangerThings,rsrp=-102|rsrq=-11|snr=8,rsrp=-102|rsrq=-11,-102,-11,8,ploss=-5|noise_power_dB=-30,-5,-30,False,ploss=0|noise_power_dB=-5,0,-5,True,False,False,True,True
ucc-static-36136c5b56bfc346,53,36136c5b56bfc346,Netflix,Season3-StrangerThings,rsrp=-102|rsrq=-11|snr=8,rsrp=-102|rsrq=-11,-102,-11,8,ploss=-5|noise_power_dB=-30,-5,-30,False,ploss=0|noise_power_dB=-5,0,-5,True,False,False,True,True
ucc-static-36136c5b56bfc346,54,36136c5b56bfc346,Netflix,Season3-StrangerThings,rsrp=-103|rsrq=-16|snr=-1,rsrp=-103|rsrq=-16,-103,-16,-1,ploss=-5|noise_power_dB=-30,-5,-30,False,ploss=0|noise_power_dB=-5,0,-5,False,False,False,False,False
ucc-static-36136c5b56bfc346,55,36136c5b56bfc346,Netflix,Season3-StrangerThings,rsrp=-103|rsrq=-16|snr=-1,rsrp=-103|rsrq=-16,-103,-16,-1,ploss=-5|noise_power_dB=-30,-5,-30,False,ploss=0|noise_power_dB=-5,0,-5,False,False,False,False,False
ucc-static-36136c5b56bfc346,56,36136c5b56bfc346,Netflix,Season3-StrangerThings,rsrp=-103|rsrq=-13|snr=-4,rsrp=-103|rsrq=-13,-103,-13,-4,ploss=-5|noise_power_dB=-30,-5,-30,False,ploss=0|noise_power_dB=-5,0,-5,False,False,False,False,False
ucc-static-36136c5b56bfc346,57,36136c5b56bfc346,Netflix,Season3-StrangerThings,rsrp=-103|rsrq=-13|snr=-4,rsrp=-103|rsrq=-13,-103,-13,-4,ploss=-5|noise_power_dB=-30,-5,-30,False,ploss=0|noise_power_dB=-5,0,-5,False,False,False,False,False
ucc-static-36136c5b56bfc346,58,36136c5b56bfc346,Netflix,Season3-StrangerThings,rsrp=-102|rsrq=-14|snr=0,rsrp=-102|rsrq=-14,-102,-14,0,ploss=-5|noise_power_dB=-30,-5,-30,False,ploss=0|noise_power_dB=-5,0,-5,False,False,False,False,False
ucc-static-36136c5b56bfc346,59,36136c5b56bfc346,Netflix,Season3-StrangerThings,rsrp=-102|rsrq=-14|snr=0,rsrp=-102|rsrq=-14,-102,-14,0,ploss=-5|noise_power_dB=-30,-5,-30,False,ploss=0|noise_power_dB=-5,0,-5,False,False,False,False,False
ucc-static-36136c5b56bfc346,60,36136c5b56bfc346,Netflix,Season3-StrangerThings,rsrp=-99|rsrq=-12|snr=2,rsrp=-99|rsrq=-12,-99,-12,2,ploss=-5|noise_power_dB=-30,-5,-30,False,ploss=0|noise_power_dB=-5,0,-5,True,False,False,True,True
ucc-static-36136c5b56bfc346,61,36136c5b56bfc346,Netflix,Season3-StrangerThings,rsrp=-99|rsrq=-12|snr=2,rsrp=-99|rsrq=-12,-99,-12,2,ploss=-5|noise_power_dB=-30,-5,-30,False,ploss=0|noise_power_dB=-5,0,-5,True,False,False,True,True
ucc-static-36136c5b56bfc346,62,36136c5b56bfc346,Netflix,Season3-StrangerThings,rsrp=-101|rsrq=-11|snr=-3,rsrp=-101|rsrq=-11,-101,-11,-3,ploss=-5|noise_power_dB=-30,-5,-30,False,ploss=0|noise_power_dB=-5,0,-5,True,False,False,True,True
ucc-static-36136c5b56bfc346,63,36136c5b56bfc346,Netflix,Season3-StrangerThings,rsrp=-101|rsrq=-11|snr=-3,rsrp=-101|rsrq=-11,-101,-11,-3,ploss=-5|noise_power_dB=-30,-5,-30,False,ploss=0|noise_power_dB=-5,0,-5,True,False,False,True,True
ucc-static-36136c5b56bfc346,64,36136c5b56bfc346,Netflix,Season3-StrangerThings,rsrp=-101|rsrq=-11|snr=-1,rsrp=-101|rsrq=-11,-101,-11,-1,ploss=-5|noise_power_dB=-30,-5,-30,False,ploss=0|noise_power_dB=-5,0,-5,True,False,False,True,True
ucc-static-36136c5b56bfc346,65,36136c5b56bfc346,Netflix,Season3-StrangerThings,rsrp=-101|rsrq=-11|snr=-1,rsrp=-101|rsrq=-11,-101,-11,-1,ploss=-5|noise_power_dB=-30,-5,-30,False,ploss=0|noise_power_dB=-5,0,-5,True,False,False,True,True
ucc-static-36136c5b56bfc346,66,36136c5b56bfc346,Netflix,Season3-StrangerThings,rsrp=-102|rsrq=-12|snr=6,rsrp=-102|rsrq=-12,-102,-12,6,ploss=-5|noise_power_dB=-30,-5,-30,False,ploss=0|noise_power_dB=-5,0,-5,True,False,False,True,True
ucc-static-36136c5b56bfc346,67,36136c5b56bfc346,Netflix,Season3-StrangerThings,rsrp=-102|rsrq=-12|snr=6,rsrp=-102|rsrq=-12,-102,-12,6,ploss=-5|noise_power_dB=-30,-5,-30,False,ploss=0|noise_power_dB=-5,0,-5,True,False,False,True,True
ucc-static-36136c5b56bfc346,68,36136c5b56bfc346,Netflix,Season3-StrangerThings,rsrp=-102|rsrq=-10|snr=4,rsrp=-102|rsrq=-10,-102,-10,4,ploss=-5|noise_power_dB=-30,-5,-30,False,ploss=0|noise_power_dB=-5,0,-5,True,False,False,True,True
ucc-static-36136c5b56bfc346,69,36136c5b56bfc346,Netflix,Season3-StrangerThings,rsrp=-102|rsrq=-10|snr=4,rsrp=-102|rsrq=-10,-102,-10,4,ploss=-5|noise_power_dB=-30,-5,-30,False,ploss=0|noise_power_dB=-5,0,-5,True,False,False,True,True
ucc-static-36136c5b56bfc346,70,36136c5b56bfc346,Netflix,Season3-StrangerThings,rsrp=-102|rsrq=-11|snr=6,rsrp=-102|rsrq=-11,-102,-11,6,ploss=-5|noise_power_dB=-30,-5,-30,False,ploss=0|noise_power_dB=-5,0,-5,True,False,False,True,True
ucc-static-36136c5b56bfc346,71,36136c5b56bfc346,Netflix,Season3-StrangerThings,rsrp=-102|rsrq=-11|snr=6,rsrp=-102|rsrq=-11,-102,-11,6,ploss=-5|noise_power_dB=-30,-5,-30,False,ploss=0|noise_power_dB=-5,0,-5,True,False,False,True,True
ucc-static-36136c5b56bfc346,72,36136c5b56bfc346,Netflix,Season3-StrangerThings,rsrp=-101|rsrq=-13|snr=-2,rsrp=-101|rsrq=-13,-101,-13,-2,ploss=-5|noise_power_dB=-30,-5,-30,False,ploss=0|noise_power_dB=-5,0,-5,False,False,False,False,False
ucc-static-36136c5b56bfc346,73,36136c5b56bfc346,Netflix,Season3-StrangerThings,rsrp=-101|rsrq=-13|snr=-2,rsrp=-101|rsrq=-13,-101,-13,-2,ploss=-5|noise_power_dB=-30,-5,-30,False,ploss=0|noise_power_dB=-5,0,-5,False,False,False,False,False
ucc-static-36136c5b56bfc346,74,36136c5b56bfc346,Netflix,Season3-StrangerThings,rsrp=-102|rsrq=-14|snr=8,rsrp=-102|rsrq=-14,-102,-14,8,ploss=-5|noise_power_dB=-30,-5,-30,False,ploss=0|noise_power_dB=-5,0,-5,False,False,False,False,False
ucc-static-36136c5b56bfc346,75,36136c5b56bfc346,Netflix,Season3-StrangerThings,rsrp=-102|rsrq=-14|snr=8,rsrp=-102|rsrq=-14,-102,-14,8,ploss=-5|noise_power_dB=-30,-5,-30,False,ploss=0|noise_power_dB=-5,0,-5,False,False,False,False,False
ucc-static-36136c5b56bfc346,76,36136c5b56bfc346,Netflix,Season3-StrangerThings,rsrp=-102|rsrq=-13|snr=8,rsrp=-102|rsrq=-13,-102,-13,8,ploss=-5|noise_power_dB=-30,-5,-30,False,ploss=0|noise_power_dB=-5,0,-5,False,False,False,False,False
ucc-static-36136c5b56bfc346,77,36136c5b56bfc346,Netflix,Season3-StrangerThings,rsrp=-102|rsrq=-13|snr=8,rsrp=-102|rsrq=-13,-102,-13,8,ploss=-5|noise_power_dB=-30,-5,-30,False,ploss=0|noise_power_dB=-5,0,-5,False,False,False,False,False
ucc-static-36136c5b56bfc346,78,36136c5b56bfc346,Netflix,Season3-StrangerThings,rsrp=-101|rsrq=-11|snr=11,rsrp=-101|rsrq=-11,-101,-11,11,ploss=-5|noise_power_dB=-30,-5,-30,False,ploss=0|noise_power_dB=-5,0,-5,True,False,False,True,True
ucc-static-36136c5b56bfc346,79,36136c5b56bfc346,Netflix,Season3-StrangerThings,rsrp=-101|rsrq=-11|snr=11,rsrp=-101|rsrq=-11,-101,-11,11,ploss=-5|noise_power_dB=-30,-5,-30,False,ploss=0|noise_power_dB=-5,0,-5,True,False,False,True,True
ucc-static-36136c5b56bfc346,80,36136c5b56bfc346,Netflix,Season3-StrangerThings,rsrp=-103|rsrq=-11|snr=9,rsrp=-103|rsrq=-11,-103,-11,9,ploss=-5|noise_power_dB=-30,-5,-30,True,ploss=0|noise_power_dB=-5,0,-5,False,False,True,False,True
ucc-static-36136c5b56bfc346,81,36136c5b56bfc346,Netflix,Season3-StrangerThings,rsrp=-103|rsrq=-11|snr=9,rsrp=-103|rsrq=-11,-103,-11,9,ploss=-5|noise_power_dB=-30,-5,-30,True,ploss=0|noise_power_dB=-5,0,-5,False,False,True,False,True
ucc-static-36136c5b56bfc346,82,36136c5b56bfc346,Netflix,Season3-StrangerThings,rsrp=-102|rsrq=-10|snr=12,rsrp=-102|rsrq=-10,-102,-10,12,ploss=-5|noise_power_dB=-30,-5,-30,False,ploss=0|noise_power_dB=-5,0,-5,True,False,False,True,True
ucc-static-36136c5b56bfc346,83,36136c5b56bfc346,Netflix,Season3-StrangerThings,rsrp=-102|rsrq=-10|snr=12,rsrp=-102|rsrq=-10,-102,-10,12,ploss=-5|noise_power_dB=-30,-5,-30,False,ploss=0|noise_power_dB=-5,0,-5,True,False,False,True,True
ucc-static-36136c5b56bfc346,84,36136c5b56bfc346,Netflix,Season3-StrangerThings,rsrp=-102|rsrq=-12|snr=7,rsrp=-102|rsrq=-12,-102,-12,7,ploss=-5|noise_power_dB=-30,-5,-30,False,ploss=0|noise_power_dB=-5,0,-5,True,False,False,True,True
ucc-static-36136c5b56bfc346,85,36136c5b56bfc346,Netflix,Season3-StrangerThings,rsrp=-102|rsrq=-12|snr=7,rsrp=-102|rsrq=-12,-102,-12,7,ploss=-5|noise_power_dB=-30,-5,-30,False,ploss=0|noise_power_dB=-5,0,-5,True,False,False,True,True
ucc-static-36136c5b56bfc346,86,36136c5b56bfc346,Netflix,Season3-StrangerThings,rsrp=-102|rsrq=-10|snr=8,rsrp=-102|rsrq=-10,-102,-10,8,ploss=-5|noise_power_dB=-30,-5,-30,False,ploss=0|noise_power_dB=-5,0,-5,True,False,False,True,True
ucc-static-36136c5b56bfc346,87,36136c5b56bfc346,Netflix,Season3-StrangerThings,rsrp=-102|rsrq=-10|snr=8,rsrp=-102|rsrq=-10,-102,-10,8,ploss=-5|noise_power_dB=-30,-5,-30,False,ploss=0|noise_power_dB=-5,0,-5,True,False,False,True,True
ucc-static-36136c5b56bfc346,88,36136c5b56bfc346,Netflix,Season3-StrangerThings,rsrp=-102|rsrq=-11|snr=4,rsrp=-102|rsrq=-11,-102,-11,4,ploss=-5|noise_power_dB=-30,-5,-30,False,ploss=0|noise_power_dB=-5,0,-5,True,False,False,True,True
ucc-static-36136c5b56bfc346,89,36136c5b56bfc346,Netflix,Season3-StrangerThings,rsrp=-102|rsrq=-11|snr=4,rsrp=-102|rsrq=-11,-102,-11,4,ploss=-5|noise_power_dB=-30,-5,-30,False,ploss=0|noise_power_dB=-5,0,-5,True,False,False,True,True
ucc-static-36136c5b56bfc346,90,36136c5b56bfc346,Netflix,Season3-StrangerThings,rsrp=-101|rsrq=-12|snr=-1,rsrp=-101|rsrq=-12,-101,-12,-1,ploss=-5|noise_power_dB=-30,-5,-30,False,ploss=0|noise_power_dB=-5,0,-5,True,False,False,True,True
ucc-static-36136c5b56bfc346,91,36136c5b56bfc346,Netflix,Season3-StrangerThings,rsrp=-101|rsrq=-12|snr=-1,rsrp=-101|rsrq=-12,-101,-12,-1,ploss=-5|noise_power_dB=-30,-5,-30,False,ploss=0|noise_power_dB=-5,0,-5,True,False,False,True,True
ucc-static-36136c5b56bfc346,92,36136c5b56bfc346,Netflix,Season3-StrangerThings,rsrp=-100|rsrq=-14|snr=4,rsrp=-100|rsrq=-14,-100,-14,4,ploss=-5|noise_power_dB=-30,-5,-30,False,ploss=0|noise_power_dB=-5,0,-5,False,False,False,False,False
ucc-static-36136c5b56bfc346,93,36136c5b56bfc346,Netflix,Season3-StrangerThings,rsrp=-100|rsrq=-14|snr=4,rsrp=-100|rsrq=-14,-100,-14,4,ploss=-5|noise_power_dB=-30,-5,-30,False,ploss=0|noise_power_dB=-5,0,-5,False,False,False,False,False
ucc-static-36136c5b56bfc346,94,36136c5b56bfc346,Netflix,Season3-StrangerThings,rsrp=-100|rsrq=-11|snr=-1,rsrp=-100|rsrq=-11,-100,-11,-1,ploss=-5|noise_power_dB=-30,-5,-30,False,ploss=0|noise_power_dB=-5,0,-5,True,False,False,True,True
ucc-static-36136c5b56bfc346,95,36136c5b56bfc346,Netflix,Season3-StrangerThings,rsrp=-100|rsrq=-11|snr=-1,rsrp=-100|rsrq=-11,-100,-11,-1,ploss=-5|noise_power_dB=-30,-5,-30,False,ploss=0|noise_power_dB=-5,0,-5,True,False,False,True,True
ucc-static-36136c5b56bfc346,96,36136c5b56bfc346,Netflix,Season3-StrangerThings,rsrp=-99|rsrq=-9|snr=11,rsrp=-99|rsrq=-9,-99,-9,11,ploss=-5|noise_power_dB=-30,-5,-30,False,ploss=0|noise_power_dB=-5,0,-5,True,False,False,True,True
ucc-static-36136c5b56bfc346,97,36136c5b56bfc346,Netflix,Season3-StrangerThings,rsrp=-99|rsrq=-9|snr=11,rsrp=-99|rsrq=-9,-99,-9,11,ploss=-5|noise_power_dB=-30,-5,-30,False,ploss=0|noise_power_dB=-5,0,-5,True,False,False,True,True
ucc-static-36136c5b56bfc346,98,36136c5b56bfc346,Netflix,Season3-StrangerThings,rsrp=-99|rsrq=-14|snr=11,rsrp=-99|rsrq=-14,-99,-14,11,ploss=-5|noise_power_dB=-30,-5,-30,False,ploss=0|noise_power_dB=-5,0,-5,False,False,False,False,False
ucc-static-36136c5b56bfc346,99,36136c5b56bfc346,Netflix,Season3-StrangerThings,rsrp=-99|rsrq=-14|snr=11,rsrp=-99|rsrq=-14,-99,-14,11,ploss=-5|noise_power_dB=-30,-5,-30,False,ploss=0|noise_power_dB=-5,0,-5,False,False,False,False,False
ucc-static-36136c5b56bfc346,100,36136c5b56bfc346,Netflix,Season3-StrangerThings,rsrp=-100|rsrq=-11|snr=-2,rsrp=-100|rsrq=-11,-100,-11,-2,ploss=-5|noise_power_dB=-30,-5,-30,False,ploss=0|noise_power_dB=-5,0,-5,True,False,False,True,True
ucc-static-36136c5b56bfc346,101,36136c5b56bfc346,Netflix,Season3-StrangerThings,rsrp=-100|rsrq=-11|snr=-2,rsrp=-100|rsrq=-11,-100,-11,-2,ploss=-5|noise_power_dB=-30,-5,-30,False,ploss=0|noise_power_dB=-5,0,-5,True,False,False,True,True
ucc-static-36136c5b56bfc346,102,36136c5b56bfc346,Netflix,Season3-StrangerThings,rsrp=-100|rsrq=-14|snr=11,rsrp=-100|rsrq=-14,-100,-14,11,ploss=-5|noise_power_dB=-30,-5,-30,False,ploss=0|noise_power_dB=-5,0,-5,False,False,False,False,False
ucc-static-36136c5b56bfc346,103,36136c5b56bfc346,Netflix,Season3-StrangerThings,rsrp=-100|rsrq=-14|snr=11,rsrp=-100|rsrq=-14,-100,-14,11,ploss=-5|noise_power_dB=-30,-5,-30,False,ploss=0|noise_power_dB=-5,0,-5,False,False,False,False,False
ucc-static-36136c5b56bfc346,104,36136c5b56bfc346,Netflix,Season3-StrangerThings,rsrp=-100|rsrq=-9|snr=12,rsrp=-100|rsrq=-9,-100,-9,12,ploss=-5|noise_power_dB=-30,-5,-30,False,ploss=0|noise_power_dB=-5,0,-5,True,False,False,True,True
ucc-static-36136c5b56bfc346,105,36136c5b56bfc346,Netflix,Season3-StrangerThings,rsrp=-100|rsrq=-9|snr=12,rsrp=-100|rsrq=-9,-100,-9,12,ploss=-5|noise_power_dB=-30,-5,-30,False,ploss=0|noise_power_dB=-5,0,-5,True,False,False,True,True
ucc-static-36136c5b56bfc346,106,36136c5b56bfc346,Netflix,Season3-StrangerThings,rsrp=-99|rsrq=-10|snr=1,rsrp=-99|rsrq=-10,-99,-10,1,ploss=-5|noise_power_dB=-30,-5,-30,False,ploss=0|noise_power_dB=-5,0,-5,True,False,False,True,True
ucc-static-36136c5b56bfc346,107,36136c5b56bfc346,Netflix,Season3-StrangerThings,rsrp=-99|rsrq=-10|snr=1,rsrp=-99|rsrq=-10,-99,-10,1,ploss=-5|noise_power_dB=-30,-5,-30,False,ploss=0|noise_power_dB=-5,0,-5,True,False,False,True,True
ucc-static-36136c5b56bfc346,108,36136c5b56bfc346,Netflix,Season3-StrangerThings,rsrp=-100|rsrq=-10|snr=10,rsrp=-100|rsrq=-10,-100,-10,10,ploss=-5|noise_power_dB=-30,-5,-30,False,ploss=0|noise_power_dB=-5,0,-5,True,False,False,True,True
ucc-static-36136c5b56bfc346,109,36136c5b56bfc346,Netflix,Season3-StrangerThings,rsrp=-100|rsrq=-10|snr=10,rsrp=-100|rsrq=-10,-100,-10,10,ploss=-5|noise_power_dB=-30,-5,-30,False,ploss=0|noise_power_dB=-5,0,-5,True,False,False,True,True
ucc-static-36136c5b56bfc346,110,36136c5b56bfc346,Netflix,Season3-StrangerThings,rsrp=-102|rsrq=-11|snr=-2,rsrp=-102|rsrq=-11,-102,-11,-2,ploss=-5|noise_power_dB=-30,-5,-30,False,ploss=0|noise_power_dB=-5,0,-5,True,False,False,True,True
ucc-static-36136c5b56bfc346,111,36136c5b56bfc346,Netflix,Season3-StrangerThings,rsrp=-102|rsrq=-11|snr=-2,rsrp=-102|rsrq=-11,-102,-11,-2,ploss=-5|noise_power_dB=-30,-5,-30,False,ploss=0|noise_power_dB=-5,0,-5,True,False,False,True,True
ucc-static-36136c5b56bfc346,112,36136c5b56bfc346,Netflix,Season3-StrangerThings,rsrp=-101|rsrq=-11|snr=2,rsrp=-101|rsrq=-11,-101,-11,2,ploss=-5|noise_power_dB=-30,-5,-30,False,ploss=0|noise_power_dB=-5,0,-5,True,False,False,True,True
ucc-static-36136c5b56bfc346,113,36136c5b56bfc346,Netflix,Season3-StrangerThings,rsrp=-101|rsrq=-11|snr=2,rsrp=-101|rsrq=-11,-101,-11,2,ploss=-5|noise_power_dB=-30,-5,-30,False,ploss=0|noise_power_dB=-5,0,-5,True,False,False,True,True
ucc-static-36136c5b56bfc346,114,36136c5b56bfc346,Netflix,Season3-StrangerThings,rsrp=-102|rsrq=-12|snr=7,rsrp=-102|rsrq=-12,-102,-12,7,ploss=-5|noise_power_dB=-30,-5,-30,False,ploss=0|noise_power_dB=-5,0,-5,True,False,False,True,True
ucc-static-36136c5b56bfc346,115,36136c5b56bfc346,Netflix,Season3-StrangerThings,rsrp=-102|rsrq=-12|snr=7,rsrp=-102|rsrq=-12,-102,-12,7,ploss=-5|noise_power_dB=-30,-5,-30,False,ploss=0|noise_power_dB=-5,0,-5,True,False,False,True,True
ucc-static-36136c5b56bfc346,116,36136c5b56bfc346,Netflix,Season3-StrangerThings,rsrp=-101|rsrq=-13|snr=-3,rsrp=-101|rsrq=-13,-101,-13,-3,ploss=-5|noise_power_dB=-30,-5,-30,False,ploss=0|noise_power_dB=-5,0,-5,False,False,False,False,False
ucc-static-36136c5b56bfc346,117,36136c5b56bfc346,Netflix,Season3-StrangerThings,rsrp=-101|rsrq=-13|snr=-3,rsrp=-101|rsrq=-13,-101,-13,-3,ploss=-5|noise_power_dB=-30,-5,-30,False,ploss=0|noise_power_dB=-5,0,-5,False,False,False,False,False
ucc-static-36136c5b56bfc346,118,36136c5b56bfc346,Netflix,Season3-StrangerThings,rsrp=-102|rsrq=-10|snr=7,rsrp=-102|rsrq=-10,-102,-10,7,ploss=-5|noise_power_dB=-30,-5,-30,False,ploss=0|noise_power_dB=-5,0,-5,True,False,False,True,True
ucc-static-36136c5b56bfc346,119,36136c5b56bfc346,Netflix,Season3-StrangerThings,rsrp=-102|rsrq=-10|snr=7,rsrp=-102|rsrq=-10,-102,-10,7,ploss=-5|noise_power_dB=-30,-5,-30,False,ploss=0|noise_power_dB=-5,0,-5,True,False,False,True,True
ucc-static-36136c5b56bfc346,120,36136c5b56bfc346,Netflix,Season3-StrangerThings,rsrp=-102|rsrq=-12|snr=0,rsrp=-102|rsrq=-12,-102,-12,0,ploss=-5|noise_power_dB=-30,-5,-30,False,ploss=0|noise_power_dB=-5,0,-5,True,False,False,True,True
ucc-static-36136c5b56bfc346,121,36136c5b56bfc346,Netflix,Season3-StrangerThings,rsrp=-102|rsrq=-12|snr=0,rsrp=-102|rsrq=-12,-102,-12,0,ploss=-5|noise_power_dB=-30,-5,-30,False,ploss=0|noise_power_dB=-5,0,-5,True,False,False,True,True
ucc-static-36136c5b56bfc346,122,36136c5b56bfc346,Netflix,Season3-StrangerThings,rsrp=-102|rsrq=-11|snr=-4,rsrp=-102|rsrq=-11,-102,-11,-4,ploss=-5|noise_power_dB=-30,-5,-30,False,ploss=0|noise_power_dB=-5,0,-5,True,False,False,True,True
ucc-static-36136c5b56bfc346,123,36136c5b56bfc346,Netflix,Season3-StrangerThings,rsrp=-102|rsrq=-11|snr=-4,rsrp=-102|rsrq=-11,-102,-11,-4,ploss=-5|noise_power_dB=-30,-5,-30,False,ploss=0|noise_power_dB=-5,0,-5,True,False,False,True,True
ucc-static-36136c5b56bfc346,124,36136c5b56bfc346,Netflix,Season3-StrangerThings,rsrp=-101|rsrq=-11|snr=3,rsrp=-101|rsrq=-11,-101,-11,3,ploss=-5|noise_power_dB=-30,-5,-30,False,ploss=0|noise_power_dB=-5,0,-5,True,False,False,True,True
ucc-static-36136c5b56bfc346,125,36136c5b56bfc346,Netflix,Season3-StrangerThings,rsrp=-101|rsrq=-11|snr=3,rsrp=-101|rsrq=-11,-101,-11,3,ploss=-5|noise_power_dB=-30,-5,-30,False,ploss=0|noise_power_dB=-5,0,-5,True,False,False,True,True
ucc-static-36136c5b56bfc346,126,36136c5b56bfc346,Netflix,Season3-StrangerThings,rsrp=-102|rsrq=-11|snr=0,rsrp=-102|rsrq=-11,-102,-11,0,ploss=-5|noise_power_dB=-30,-5,-30,False,ploss=0|noise_power_dB=-5,0,-5,True,False,False,True,True
ucc-static-36136c5b56bfc346,127,36136c5b56bfc346,Netflix,Season3-StrangerThings,rsrp=-102|rsrq=-11|snr=0,rsrp=-102|rsrq=-11,-102,-11,0,ploss=-5|noise_power_dB=-30,-5,-30,False,ploss=0|noise_power_dB=-5,0,-5,True,False,False,True,True
ucc-static-36136c5b56bfc346,128,36136c5b56bfc346,Netflix,Season3-StrangerThings,rsrp=-99|rsrq=-11|snr=-5,rsrp=-99|rsrq=-11,-99,-11,-5,ploss=-5|noise_power_dB=-30,-5,-30,False,ploss=0|noise_power_dB=-5,0,-5,True,False,False,True,True
ucc-static-36136c5b56bfc346,129,36136c5b56bfc346,Netflix,Season3-StrangerThings,rsrp=-99|rsrq=-11|snr=-5,rsrp=-99|rsrq=-11,-99,-11,-5,ploss=-5|noise_power_dB=-30,-5,-30,False,ploss=0|noise_power_dB=-5,0,-5,True,False,False,True,True
ucc-static-36136c5b56bfc346,130,36136c5b56bfc346,Netflix,Season3-StrangerThings,rsrp=-99|rsrq=-11|snr=-3,rsrp=-99|rsrq=-11,-99,-11,-3,ploss=-5|noise_power_dB=-30,-5,-30,False,ploss=0|noise_power_dB=-5,0,-5,True,False,False,True,True
ucc-static-36136c5b56bfc346,131,36136c5b56bfc346,Netflix,Season3-StrangerThings,rsrp=-99|rsrq=-11|snr=-3,rsrp=-99|rsrq=-11,-99,-11,-3,ploss=-5|noise_power_dB=-30,-5,-30,False,ploss=0|noise_power_dB=-5,0,-5,True,False,False,True,True
ucc-static-36136c5b56bfc346,132,36136c5b56bfc346,Netflix,Season3-StrangerThings,rsrp=-99|rsrq=-9|snr=4,rsrp=-99|rsrq=-9,-99,-9,4,ploss=-5|noise_power_dB=-30,-5,-30,False,ploss=0|noise_power_dB=-5,0,-5,True,False,False,True,True
ucc-static-36136c5b56bfc346,133,36136c5b56bfc346,Netflix,Season3-StrangerThings,rsrp=-99|rsrq=-9|snr=4,rsrp=-99|rsrq=-9,-99,-9,4,ploss=-5|noise_power_dB=-30,-5,-30,False,ploss=0|noise_power_dB=-5,0,-5,True,False,False,True,True
ucc-static-36136c5b56bfc346,134,36136c5b56bfc346,Netflix,Season3-StrangerThings,rsrp=-99|rsrq=-9|snr=-5,rsrp=-99|rsrq=-9,-99,-9,-5,ploss=-5|noise_power_dB=-30,-5,-30,False,ploss=0|noise_power_dB=-5,0,-5,True,False,False,True,True
ucc-static-36136c5b56bfc346,135,36136c5b56bfc346,Netflix,Season3-StrangerThings,rsrp=-99|rsrq=-9|snr=-5,rsrp=-99|rsrq=-9,-99,-9,-5,ploss=-5|noise_power_dB=-30,-5,-30,False,ploss=0|noise_power_dB=-5,0,-5,True,False,False,True,True
ucc-static-36136c5b56bfc346,136,36136c5b56bfc346,Netflix,Season3-StrangerThings,rsrp=-100|rsrq=-12|snr=5,rsrp=-100|rsrq=-12,-100,-12,5,ploss=-5|noise_power_dB=-30,-5,-30,False,ploss=0|noise_power_dB=-5,0,-5,True,False,False,True,True
ucc-static-36136c5b56bfc346,137,36136c5b56bfc346,Netflix,Season3-StrangerThings,rsrp=-100|rsrq=-12|snr=5,rsrp=-100|rsrq=-12,-100,-12,5,ploss=-5|noise_power_dB=-30,-5,-30,False,ploss=0|noise_power_dB=-5,0,-5,True,False,False,True,True
ucc-static-36136c5b56bfc346,138,36136c5b56bfc346,Netflix,Season3-StrangerThings,rsrp=-101|rsrq=-10|snr=-1,rsrp=-101|rsrq=-10,-101,-10,-1,ploss=-5|noise_power_dB=-30,-5,-30,False,ploss=0|noise_power_dB=-5,0,-5,True,False,False,True,True
ucc-static-36136c5b56bfc346,139,36136c5b56bfc346,Netflix,Season3-StrangerThings,rsrp=-101|rsrq=-10|snr=-1,rsrp=-101|rsrq=-10,-101,-10,-1,ploss=-5|noise_power_dB=-30,-5,-30,False,ploss=0|noise_power_dB=-5,0,-5,True,False,False,True,True
ucc-static-36136c5b56bfc346,140,36136c5b56bfc346,Netflix,Season3-StrangerThings,rsrp=-101|rsrq=-10|snr=5,rsrp=-101|rsrq=-10,-101,-10,5,ploss=-5|noise_power_dB=-30,-5,-30,False,ploss=0|noise_power_dB=-5,0,-5,True,False,False,True,True
ucc-static-36136c5b56bfc346,141,36136c5b56bfc346,Netflix,Season3-StrangerThings,rsrp=-101|rsrq=-10|snr=5,rsrp=-101|rsrq=-10,-101,-10,5,ploss=-5|noise_power_dB=-30,-5,-30,False,ploss=0|noise_power_dB=-5,0,-5,True,False,False,True,True
ucc-static-36136c5b56bfc346,142,36136c5b56bfc346,Netflix,Season3-StrangerThings,rsrp=-101|rsrq=-10|snr=4,rsrp=-101|rsrq=-10,-101,-10,4,ploss=-5|noise_power_dB=-30,-5,-30,False,ploss=0|noise_power_dB=-5,0,-5,True,False,False,True,True
ucc-static-36136c5b56bfc346,143,36136c5b56bfc346,Netflix,Season3-StrangerThings,rsrp=-101|rsrq=-10|snr=4,rsrp=-101|rsrq=-10,-101,-10,4,ploss=-5|noise_power_dB=-30,-5,-30,False,ploss=0|noise_power_dB=-5,0,-5,True,False,False,True,True
ucc-static-36136c5b56bfc346,144,36136c5b56bfc346,Netflix,Season3-StrangerThings,rsrp=-103|rsrq=-11|snr=-4,rsrp=-103|rsrq=-11,-103,-11,-4,ploss=-5|noise_power_dB=-30,-5,-30,True,ploss=0|noise_power_dB=-5,0,-5,False,False,True,False,True
ucc-static-36136c5b56bfc346,145,36136c5b56bfc346,Netflix,Season3-StrangerThings,rsrp=-103|rsrq=-11|snr=-4,rsrp=-103|rsrq=-11,-103,-11,-4,ploss=-5|noise_power_dB=-30,-5,-30,True,ploss=0|noise_power_dB=-5,0,-5,False,False,True,False,True
ucc-static-36136c5b56bfc346,146,36136c5b56bfc346,Netflix,Season3-StrangerThings,rsrp=-103|rsrq=-10|snr=6,rsrp=-103|rsrq=-10,-103,-10,6,ploss=-5|noise_power_dB=-30,-5,-30,True,ploss=0|noise_power_dB=-5,0,-5,False,False,True,False,True
ucc-static-36136c5b56bfc346,147,36136c5b56bfc346,Netflix,Season3-StrangerThings,rsrp=-103|rsrq=-10|snr=6,rsrp=-103|rsrq=-10,-103,-10,6,ploss=-5|noise_power_dB=-30,-5,-30,True,ploss=0|noise_power_dB=-5,0,-5,False,False,True,False,True
ucc-static-36136c5b56bfc346,148,36136c5b56bfc346,Netflix,Season3-StrangerThings,rsrp=-103|rsrq=-11|snr=2,rsrp=-103|rsrq=-11,-103,-11,2,ploss=-5|noise_power_dB=-30,-5,-30,True,ploss=0|noise_power_dB=-5,0,-5,False,False,True,False,True
ucc-static-36136c5b56bfc346,149,36136c5b56bfc346,Netflix,Season3-StrangerThings,rsrp=-103|rsrq=-11|snr=2,rsrp=-103|rsrq=-11,-103,-11,2,ploss=-5|noise_power_dB=-30,-5,-30,True,ploss=0|noise_power_dB=-5,0,-5,False,False,True,False,True
ucc-static-36136c5b56bfc346,150,36136c5b56bfc346,Netflix,Season3-StrangerThings,rsrp=-103|rsrq=-11|snr=6,rsrp=-103|rsrq=-11,-103,-11,6,ploss=-5|noise_power_dB=-30,-5,-30,True,ploss=0|noise_power_dB=-5,0,-5,False,False,True,False,True
ucc-static-36136c5b56bfc346,151,36136c5b56bfc346,Netflix,Season3-StrangerThings,rsrp=-103|rsrq=-11|snr=6,rsrp=-103|rsrq=-11,-103,-11,6,ploss=-5|noise_power_dB=-30,-5,-30,True,ploss=0|noise_power_dB=-5,0,-5,False,False,True,False,True
ucc-static-36136c5b56bfc346,152,36136c5b56bfc346,Netflix,Season3-StrangerThings,rsrp=-103|rsrq=-10|snr=5,rsrp=-103|rsrq=-10,-103,-10,5,ploss=-5|noise_power_dB=-30,-5,-30,True,ploss=0|noise_power_dB=-5,0,-5,False,False,True,False,True
ucc-static-36136c5b56bfc346,153,36136c5b56bfc346,Netflix,Season3-StrangerThings,rsrp=-103|rsrq=-10|snr=5,rsrp=-103|rsrq=-10,-103,-10,5,ploss=-5|noise_power_dB=-30,-5,-30,True,ploss=0|noise_power_dB=-5,0,-5,False,False,True,False,True
ucc-static-36136c5b56bfc346,154,36136c5b56bfc346,Netflix,Season3-StrangerThings,rsrp=-102|rsrq=-11|snr=6,rsrp=-102|rsrq=-11,-102,-11,6,ploss=-5|noise_power_dB=-30,-5,-30,False,ploss=0|noise_power_dB=-5,0,-5,True,False,False,True,True
ucc-static-36136c5b56bfc346,155,36136c5b56bfc346,Netflix,Season3-StrangerThings,rsrp=-102|rsrq=-11|snr=6,rsrp=-102|rsrq=-11,-102,-11,6,ploss=-5|noise_power_dB=-30,-5,-30,False,ploss=0|noise_power_dB=-5,0,-5,True,False,False,True,True
ucc-static-36136c5b56bfc346,156,36136c5b56bfc346,Netflix,Season3-StrangerThings,rsrp=-103|rsrq=-11|snr=5,rsrp=-103|rsrq=-11,-103,-11,5,ploss=-5|noise_power_dB=-30,-5,-30,True,ploss=0|noise_power_dB=-5,0,-5,False,False,True,False,True
ucc-static-36136c5b56bfc346,157,36136c5b56bfc346,Netflix,Season3-StrangerThings,rsrp=-103|rsrq=-11|snr=5,rsrp=-103|rsrq=-11,-103,-11,5,ploss=-5|noise_power_dB=-30,-5,-30,True,ploss=0|noise_power_dB=-5,0,-5,False,False,True,False,True
ucc-static-36136c5b56bfc346,158,36136c5b56bfc346,Netflix,Season3-StrangerThings,rsrp=-103|rsrq=-9|snr=5,rsrp=-103|rsrq=-9,-103,-9,5,ploss=-5|noise_power_dB=-30,-5,-30,True,ploss=0|noise_power_dB=-5,0,-5,False,False,True,False,True
ucc-static-36136c5b56bfc346,159,36136c5b56bfc346,Netflix,Season3-StrangerThings,rsrp=-103|rsrq=-9|snr=5,rsrp=-103|rsrq=-9,-103,-9,5,ploss=-5|noise_power_dB=-30,-5,-30,True,ploss=0|noise_power_dB=-5,0,-5,False,False,True,False,True
ucc-static-36136c5b56bfc346,160,36136c5b56bfc346,Netflix,Season3-StrangerThings,rsrp=-101|rsrq=-9|snr=-5,rsrp=-101|rsrq=-9,-101,-9,-5,ploss=-5|noise_power_dB=-30,-5,-30,False,ploss=0|noise_power_dB=-5,0,-5,True,False,False,True,True
ucc-static-36136c5b56bfc346,161,36136c5b56bfc346,Netflix,Season3-StrangerThings,rsrp=-101|rsrq=-9|snr=-5,rsrp=-101|rsrq=-9,-101,-9,-5,ploss=-5|noise_power_dB=-30,-5,-30,False,ploss=0|noise_power_dB=-5,0,-5,True,False,False,True,True
ucc-static-36136c5b56bfc346,162,36136c5b56bfc346,Netflix,Season3-StrangerThings,rsrp=-103|rsrq=-9|snr=5,rsrp=-103|rsrq=-9,-103,-9,5,ploss=-5|noise_power_dB=-30,-5,-30,True,ploss=0|noise_power_dB=-5,0,-5,False,False,True,False,True
ucc-static-36136c5b56bfc346,163,36136c5b56bfc346,Netflix,Season3-StrangerThings,rsrp=-103|rsrq=-9|snr=5,rsrp=-103|rsrq=-9,-103,-9,5,ploss=-5|noise_power_dB=-30,-5,-30,True,ploss=0|noise_power_dB=-5,0,-5,False,False,True,False,True
ucc-static-36136c5b56bfc346,164,36136c5b56bfc346,Netflix,Season3-StrangerThings,rsrp=-102|rsrq=-10|snr=11,rsrp=-102|rsrq=-10,-102,-10,11,ploss=-5|noise_power_dB=-30,-5,-30,False,ploss=0|noise_power_dB=-5,0,-5,True,False,False,True,True
ucc-static-36136c5b56bfc346,165,36136c5b56bfc346,Netflix,Season3-StrangerThings,rsrp=-102|rsrq=-10|snr=11,rsrp=-102|rsrq=-10,-102,-10,11,ploss=-5|noise_power_dB=-30,-5,-30,False,ploss=0|noise_power_dB=-5,0,-5,True,False,False,True,True
ucc-static-36136c5b56bfc346,166,36136c5b56bfc346,Netflix,Season3-StrangerThings,rsrp=-103|rsrq=-9|snr=6,rsrp=-103|rsrq=-9,-103,-9,6,ploss=-5|noise_power_dB=-30,-5,-30,True,ploss=0|noise_power_dB=-5,0,-5,False,False,True,False,True
ucc-static-36136c5b56bfc346,167,36136c5b56bfc346,Netflix,Season3-StrangerThings,rsrp=-103|rsrq=-9|snr=6,rsrp=-103|rsrq=-9,-103,-9,6,ploss=-5|noise_power_dB=-30,-5,-30,True,ploss=0|noise_power_dB=-5,0,-5,False,False,True,False,True
ucc-static-378c89495d537086,0,378c89495d537086,Download,,rsrp=-103|rsrq=-11|snr=4,rsrp=-103|rsrq=-11,-103,-11,4,ploss=-5|noise_power_dB=-30,-5,-30,True,ploss=0|noise_power_dB=-5,0,-5,False,False,True,False,True
ucc-static-378c89495d537086,1,378c89495d537086,Download,,rsrp=-103|rsrq=-11|snr=4,rsrp=-103|rsrq=-11,-103,-11,4,ploss=-5|noise_power_dB=-30,-5,-30,True,ploss=0|noise_power_dB=-5,0,-5,False,False,True,False,True
ucc-static-378c89495d537086,2,378c89495d537086,Download,,rsrp=-103|rsrq=-15|snr=1,rsrp=-103|rsrq=-15,-103,-15,1,ploss=-5|noise_power_dB=-30,-5,-30,False,ploss=0|noise_power_dB=-5,0,-5,False,False,False,False,False
ucc-static-378c89495d537086,3,378c89495d537086,Download,,rsrp=-103|rsrq=-15|snr=1,rsrp=-103|rsrq=-15,-103,-15,1,ploss=-5|noise_power_dB=-30,-5,-30,False,ploss=0|noise_power_dB=-5,0,-5,False,False,False,False,False
ucc-static-378c89495d537086,4,378c89495d537086,Download,,rsrp=-102|rsrq=-18|snr=2,rsrp=-102|rsrq=-18,-102,-18,2,ploss=-5|noise_power_dB=-30,-5,-30,False,ploss=0|noise_power_dB=-5,0,-5,False,False,False,False,False
ucc-static-378c89495d537086,5,378c89495d537086,Download,,rsrp=-102|rsrq=-18|snr=2,rsrp=-102|rsrq=-18,-102,-18,2,ploss=-5|noise_power_dB=-30,-5,-30,False,ploss=0|noise_power_dB=-5,0,-5,False,False,False,False,False
ucc-static-378c89495d537086,6,378c89495d537086,Download,,rsrp=-104|rsrq=-18|snr=2,rsrp=-104|rsrq=-18,-104,-18,2,ploss=-5|noise_power_dB=-30,-5,-30,False,ploss=0|noise_power_dB=-10,0,-10,False,False,False,False,False
ucc-static-378c89495d537086,7,378c89495d537086,Download,,rsrp=-104|rsrq=-18|snr=2,rsrp=-104|rsrq=-18,-104,-18,2,ploss=-5|noise_power_dB=-30,-5,-30,False,ploss=0|noise_power_dB=-10,0,-10,False,False,False,False,False
ucc-static-378c89495d537086,8,378c89495d537086,Download,,rsrp=-104|rsrq=-18|snr=2,rsrp=-104|rsrq=-18,-104,-18,2,ploss=-5|noise_power_dB=-30,-5,-30,False,ploss=0|noise_power_dB=-10,0,-10,False,False,False,False,False
ucc-static-378c89495d537086,9,378c89495d537086,Download,,rsrp=-103|rsrq=-13|snr=-3,rsrp=-103|rsrq=-13,-103,-13,-3,ploss=-5|noise_power_dB=-30,-5,-30,False,ploss=0|noise_power_dB=-5,0,-5,False,False,False,False,False
ucc-static-378c89495d537086,10,378c89495d537086,Download,,rsrp=-103|rsrq=-13|snr=-3,rsrp=-103|rsrq=-13,-103,-13,-3,ploss=-5|noise_power_dB=-30,-5,-30,False,ploss=0|noise_power_dB=-5,0,-5,False,False,False,False,False
ucc-static-378c89495d537086,11,378c89495d537086,Download,,rsrp=-103|rsrq=-12|snr=5,rsrp=-103|rsrq=-12,-103,-12,5,ploss=-5|noise_power_dB=-30,-5,-30,True,ploss=0|noise_power_dB=-5,0,-5,False,False,True,False,True
ucc-static-378c89495d537086,12,378c89495d537086,Download,,rsrp=-103|rsrq=-12|snr=5,rsrp=-103|rsrq=-12,-103,-12,5,ploss=-5|noise_power_dB=-30,-5,-30,True,ploss=0|noise_power_dB=-5,0,-5,False,False,True,False,True
ucc-static-378c89495d537086,13,378c89495d537086,Download,,rsrp=-102|rsrq=-17|snr=4,rsrp=-102|rsrq=-17,-102,-17,4,ploss=-5|noise_power_dB=-30,-5,-30,False,ploss=0|noise_power_dB=-5,0,-5,False,False,False,False,False
ucc-static-378c89495d537086,14,378c89495d537086,Download,,rsrp=-102|rsrq=-17|snr=4,rsrp=-102|rsrq=-17,-102,-17,4,ploss=-5|noise_power_dB=-30,-5,-30,False,ploss=0|noise_power_dB=-5,0,-5,False,False,False,False,False
ucc-static-378c89495d537086,15,378c89495d537086,Download,,rsrp=-103|rsrq=-16|snr=4,rsrp=-103|rsrq=-16,-103,-16,4,ploss=-5|noise_power_dB=-30,-5,-30,False,ploss=0|noise_power_dB=-5,0,-5,False,False,False,False,False
ucc-static-378c89495d537086,16,378c89495d537086,Download,,rsrp=-103|rsrq=-16|snr=4,rsrp=-103|rsrq=-16,-103,-16,4,ploss=-5|noise_power_dB=-30,-5,-30,False,ploss=0|noise_power_dB=-5,0,-5,False,False,False,False,False
ucc-static-378c89495d537086,17,378c89495d537086,Download,,rsrp=-103|rsrq=-16|snr=4,rsrp=-103|rsrq=-16,-103,-16,4,ploss=-5|noise_power_dB=-30,-5,-30,False,ploss=0|noise_power_dB=-5,0,-5,False,False,False,False,False
ucc-static-378c89495d537086,18,378c89495d537086,Download,,rsrp=-103|rsrq=-16|snr=4,rsrp=-103|rsrq=-16,-103,-16,4,ploss=-5|noise_power_dB=-30,-5,-30,False,ploss=0|noise_power_dB=-5,0,-5,False,False,False,False,False
ucc-static-378c89495d537086,19,378c89495d537086,Download,,rsrp=-104|rsrq=-15|snr=3,rsrp=-104|rsrq=-15,-104,-15,3,ploss=-5|noise_power_dB=-30,-5,-30,False,ploss=0|noise_power_dB=-10,0,-10,False,False,False,False,False
ucc-static-378c89495d537086,20,378c89495d537086,Download,,rsrp=-104|rsrq=-15|snr=3,rsrp=-104|rsrq=-15,-104,-15,3,ploss=-5|noise_power_dB=-30,-5,-30,False,ploss=0|noise_power_dB=-10,0,-10,False,False,False,False,False
ucc-static-378c89495d537086,21,378c89495d537086,Download,,rsrp=-105|rsrq=-14|snr=0,rsrp=-105|rsrq=-14,-105,-14,0,ploss=-5|noise_power_dB=-30,-5,-30,False,ploss=0|noise_power_dB=-10,0,-10,False,False,False,False,False
ucc-static-378c89495d537086,22,378c89495d537086,Download,,rsrp=-105|rsrq=-14|snr=0,rsrp=-105|rsrq=-14,-105,-14,0,ploss=-5|noise_power_dB=-30,-5,-30,False,ploss=0|noise_power_dB=-10,0,-10,False,False,False,False,False
ucc-static-378c89495d537086,23,378c89495d537086,Download,,rsrp=-103|rsrq=-13|snr=3,rsrp=-103|rsrq=-13,-103,-13,3,ploss=-5|noise_power_dB=-30,-5,-30,False,ploss=0|noise_power_dB=-5,0,-5,False,False,False,False,False
ucc-static-378c89495d537086,24,378c89495d537086,Download,,rsrp=-103|rsrq=-13|snr=3,rsrp=-103|rsrq=-13,-103,-13,3,ploss=-5|noise_power_dB=-30,-5,-30,False,ploss=0|noise_power_dB=-5,0,-5,False,False,False,False,False
ucc-static-378c89495d537086,25,378c89495d537086,Download,,rsrp=-103|rsrq=-14|snr=1,rsrp=-103|rsrq=-14,-103,-14,1,ploss=-5|noise_power_dB=-30,-5,-30,False,ploss=0|noise_power_dB=-5,0,-5,False,False,False,False,False
ucc-static-378c89495d537086,26,378c89495d537086,Download,,rsrp=-103|rsrq=-14|snr=1,rsrp=-103|rsrq=-14,-103,-14,1,ploss=-5|noise_power_dB=-30,-5,-30,False,ploss=0|noise_power_dB=-5,0,-5,False,False,False,False,False
ucc-static-378c89495d537086,27,378c89495d537086,Download,,rsrp=-104|rsrq=-16|snr=1,rsrp=-104|rsrq=-16,-104,-16,1,ploss=-5|noise_power_dB=-30,-5,-30,False,ploss=0|noise_power_dB=-10,0,-10,False,False,False,False,False
ucc-static-378c89495d537086,28,378c89495d537086,Download,,rsrp=-104|rsrq=-16|snr=1,rsrp=-104|rsrq=-16,-104,-16,1,ploss=-5|noise_power_dB=-30,-5,-30,False,ploss=0|noise_power_dB=-10,0,-10,False,False,False,False,False
ucc-static-378c89495d537086,29,378c89495d537086,Download,,rsrp=-103|rsrq=-18|snr=0,rsrp=-103|rsrq=-18,-103,-18,0,ploss=-5|noise_power_dB=-30,-5,-30,False,ploss=0|noise_power_dB=-5,0,-5,False,False,False,False,False
ucc-static-378c89495d537086,30,378c89495d537086,Download,,rsrp=-103|rsrq=-18|snr=0,rsrp=-103|rsrq=-18,-103,-18,0,ploss=-5|noise_power_dB=-30,-5,-30,False,ploss=0|noise_power_dB=-5,0,-5,False,False,False,False,False
ucc-static-378c89495d537086,31,378c89495d537086,Download,,rsrp=-103|rsrq=-19|snr=0,rsrp=-103|rsrq=-19,-103,-19,0,ploss=-5|noise_power_dB=-30,-5,-30,False,ploss=0|noise_power_dB=-5,0,-5,False,False,False,False,False
ucc-static-378c89495d537086,32,378c89495d537086,Download,,rsrp=-103|rsrq=-19|snr=0,rsrp=-103|rsrq=-19,-103,-19,0,ploss=-5|noise_power_dB=-30,-5,-30,False,ploss=0|noise_power_dB=-5,0,-5,False,False,False,False,False
ucc-static-378c89495d537086,33,378c89495d537086,Download,,rsrp=-104|rsrq=-16|snr=0,rsrp=-104|rsrq=-16,-104,-16,0,ploss=-5|noise_power_dB=-30,-5,-30,False,ploss=0|noise_power_dB=-10,0,-10,False,False,False,False,False
ucc-static-378c89495d537086,34,378c89495d537086,Download,,rsrp=-104|rsrq=-16|snr=0,rsrp=-104|rsrq=-16,-104,-16,0,ploss=-5|noise_power_dB=-30,-5,-30,False,ploss=0|noise_power_dB=-10,0,-10,False,False,False,False,False
ucc-static-378c89495d537086,35,378c89495d537086,Download,,rsrp=-104|rsrq=-18|snr=1,rsrp=-104|rsrq=-18,-104,-18,1,ploss=-5|noise_power_dB=-30,-5,-30,False,ploss=0|noise_power_dB=-10,0,-10,False,False,False,False,False
ucc-static-378c89495d537086,36,378c89495d537086,Download,,rsrp=-104|rsrq=-18|snr=1,rsrp=-104|rsrq=-18,-104,-18,1,ploss=-5|noise_power_dB=-30,-5,-30,False,ploss=0|noise_power_dB=-10,0,-10,False,False,False,False,False
ucc-static-378c89495d537086,37,378c89495d537086,Download,,rsrp=-102|rsrq=-17|snr=1,rsrp=-102|rsrq=-17,-102,-17,1,ploss=-5|noise_power_dB=-30,-5,-30,False,ploss=0|noise_power_dB=-5,0,-5,False,False,False,False,False
ucc-static-378c89495d537086,38,378c89495d537086,Download,,rsrp=-102|rsrq=-17|snr=1,rsrp=-102|rsrq=-17,-102,-17,1,ploss=-5|noise_power_dB=-30,-5,-30,False,ploss=0|noise_power_dB=-5,0,-5,False,False,False,False,False
ucc-static-378c89495d537086,39,378c89495d537086,Download,,rsrp=-103|rsrq=-17|snr=1,rsrp=-103|rsrq=-17,-103,-17,1,ploss=-5|noise_power_dB=-30,-5,-30,False,ploss=0|noise_power_dB=-5,0,-5,False,False,False,False,False
ucc-static-378c89495d537086,40,378c89495d537086,Download,,rsrp=-103|rsrq=-17|snr=1,rsrp=-103|rsrq=-17,-103,-17,1,ploss=-5|noise_power_dB=-30,-5,-30,False,ploss=0|noise_power_dB=-5,0,-5,False,False,False,False,False
ucc-static-378c89495d537086,41,378c89495d537086,Download,,rsrp=-102|rsrq=-18|snr=-1,rsrp=-102|rsrq=-18,-102,-18,-1,ploss=-5|noise_power_dB=-30,-5,-30,False,ploss=0|noise_power_dB=-5,0,-5,False,False,False,False,False
ucc-static-378c89495d537086,42,378c89495d537086,Download,,rsrp=-102|rsrq=-18|snr=-1,rsrp=-102|rsrq=-18,-102,-18,-1,ploss=-5|noise_power_dB=-30,-5,-30,False,ploss=0|noise_power_dB=-5,0,-5,False,False,False,False,False
ucc-static-378c89495d537086,43,378c89495d537086,Download,,rsrp=-104|rsrq=-18|snr=0,rsrp=-104|rsrq=-18,-104,-18,0,ploss=-5|noise_power_dB=-30,-5,-30,False,ploss=0|noise_power_dB=-10,0,-10,False,False,False,False,False
ucc-static-378c89495d537086,44,378c89495d537086,Download,,rsrp=-104|rsrq=-18|snr=0,rsrp=-104|rsrq=-18,-104,-18,0,ploss=-5|noise_power_dB=-30,-5,-30,False,ploss=0|noise_power_dB=-10,0,-10,False,False,False,False,False
ucc-static-378c89495d537086,45,378c89495d537086,Download,,rsrp=-103|rsrq=-16|snr=0,rsrp=-103|rsrq=-16,-103,-16,0,ploss=-5|noise_power_dB=-30,-5,-30,False,ploss=0|noise_power_dB=-5,0,-5,False,False,False,False,False
ucc-static-378c89495d537086,46,378c89495d537086,Download,,rsrp=-103|rsrq=-16|snr=0,rsrp=-103|rsrq=-16,-103,-16,0,ploss=-5|noise_power_dB=-30,-5,-30,False,ploss=0|noise_power_dB=-5,0,-5,False,False,False,False,False
ucc-static-378c89495d537086,47,378c89495d537086,Download,,rsrp=-103|rsrq=-17|snr=1,rsrp=-103|rsrq=-17,-103,-17,1,ploss=-5|noise_power_dB=-30,-5,-30,False,ploss=0|noise_power_dB=-5,0,-5,False,False,False,False,False
ucc-static-378c89495d537086,48,378c89495d537086,Download,,rsrp=-103|rsrq=-17|snr=1,rsrp=-103|rsrq=-17,-103,-17,1,ploss=-5|noise_power_dB=-30,-5,-30,False,ploss=0|noise_power_dB=-5,0,-5,False,False,False,False,False
ucc-static-378c89495d537086,49,378c89495d537086,Download,,rsrp=-103|rsrq=-18|snr=3,rsrp=-103|rsrq=-18,-103,-18,3,ploss=-5|noise_power_dB=-30,-5,-30,False,ploss=0|noise_power_dB=-5,0,-5,False,False,False,False,False
ucc-static-378c89495d537086,50,378c89495d537086,Download,,rsrp=-103|rsrq=-18|snr=3,rsrp=-103|rsrq=-18,-103,-18,3,ploss=-5|noise_power_dB=-30,-5,-30,False,ploss=0|noise_power_dB=-5,0,-5,False,False,False,False,False
ucc-static-378c89495d537086,51,378c89495d537086,Download,,rsrp=-104|rsrq=-18|snr=3,rsrp=-104|rsrq=-18,-104,-18,3,ploss=-5|noise_power_dB=-30,-5,-30,False,ploss=0|noise_power_dB=-10,0,-10,False,False,False,False,False
ucc-static-378c89495d537086,52,378c89495d537086,Download,,rsrp=-104|rsrq=-18|snr=3,rsrp=-104|rsrq=-18,-104,-18,3,ploss=-5|noise_power_dB=-30,-5,-30,False,ploss=0|noise_power_dB=-10,0,-10,False,False,False,False,False
ucc-static-378c89495d537086,53,378c89495d537086,Download,,rsrp=-103|rsrq=-18|snr=7,rsrp=-103|rsrq=-18,-103,-18,7,ploss=-5|noise_power_dB=-30,-5,-30,False,ploss=0|noise_power_dB=-5,0,-5,False,False,False,False,False
ucc-static-378c89495d537086,54,378c89495d537086,Download,,rsrp=-103|rsrq=-18|snr=7,rsrp=-103|rsrq=-18,-103,-18,7,ploss=-5|noise_power_dB=-30,-5,-30,False,ploss=0|noise_power_dB=-5,0,-5,False,False,False,False,False
ucc-static-378c89495d537086,55,378c89495d537086,Download,,rsrp=-105|rsrq=-17|snr=2,rsrp=-105|rsrq=-17,-105,-17,2,ploss=-5|noise_power_dB=-30,-5,-30,False,ploss=0|noise_power_dB=-10,0,-10,False,False,False,False,False
ucc-static-378c89495d537086,56,378c89495d537086,Download,,rsrp=-105|rsrq=-17|snr=2,rsrp=-105|rsrq=-17,-105,-17,2,ploss=-5|noise_power_dB=-30,-5,-30,False,ploss=0|noise_power_dB=-10,0,-10,False,False,False,False,False
ucc-static-378c89495d537086,57,378c89495d537086,Download,,rsrp=-103|rsrq=-14|snr=0,rsrp=-103|rsrq=-14,-103,-14,0,ploss=-5|noise_power_dB=-30,-5,-30,False,ploss=0|noise_power_dB=-5,0,-5,False,False,False,False,False
ucc-static-378c89495d537086,58,378c89495d537086,Download,,rsrp=-103|rsrq=-14|snr=0,rsrp=-103|rsrq=-14,-103,-14,0,ploss=-5|noise_power_dB=-30,-5,-30,False,ploss=0|noise_power_dB=-5,0,-5,False,False,False,False,False
ucc-static-378c89495d537086,59,378c89495d537086,Download,,rsrp=-103|rsrq=-12|snr=0,rsrp=-103|rsrq=-12,-103,-12,0,ploss=-5|noise_power_dB=-30,-5,-30,True,ploss=0|noise_power_dB=-5,0,-5,False,False,True,False,True
ucc-static-378c89495d537086,60,378c89495d537086,Download,,rsrp=-103|rsrq=-12|snr=0,rsrp=-103|rsrq=-12,-103,-12,0,ploss=-5|noise_power_dB=-30,-5,-30,True,ploss=0|noise_power_dB=-5,0,-5,False,False,True,False,True
ucc-static-378c89495d537086,61,378c89495d537086,Download,,rsrp=-104|rsrq=-17|snr=1,rsrp=-104|rsrq=-17,-104,-17,1,ploss=-5|noise_power_dB=-30,-5,-30,False,ploss=0|noise_power_dB=-10,0,-10,False,False,False,False,False
ucc-static-378c89495d537086,62,378c89495d537086,Download,,rsrp=-104|rsrq=-17|snr=1,rsrp=-104|rsrq=-17,-104,-17,1,ploss=-5|noise_power_dB=-30,-5,-30,False,ploss=0|noise_power_dB=-10,0,-10,False,False,False,False,False
ucc-static-378c89495d537086,63,378c89495d537086,Download,,rsrp=-103|rsrq=-19|snr=-3,rsrp=-103|rsrq=-19,-103,-19,-3,ploss=-5|noise_power_dB=-30,-5,-30,False,ploss=0|noise_power_dB=-5,0,-5,False,False,False,False,False
ucc-static-378c89495d537086,64,378c89495d537086,Download,,rsrp=-103|rsrq=-19|snr=-3,rsrp=-103|rsrq=-19,-103,-19,-3,ploss=-5|noise_power_dB=-30,-5,-30,False,ploss=0|noise_power_dB=-5,0,-5,False,False,False,False,False
ucc-static-378c89495d537086,65,378c89495d537086,Download,,rsrp=-101|rsrq=-17|snr=-1,rsrp=-101|rsrq=-17,-101,-17,-1,ploss=-5|noise_power_dB=-30,-5,-30,False,ploss=0|noise_power_dB=-5,0,-5,False,False,False,False,False
ucc-static-378c89495d537086,66,378c89495d537086,Download,,rsrp=-101|rsrq=-17|snr=-1,rsrp=-101|rsrq=-17,-101,-17,-1,ploss=-5|noise_power_dB=-30,-5,-30,False,ploss=0|noise_power_dB=-5,0,-5,False,False,False,False,False
ucc-static-378c89495d537086,67,378c89495d537086,Download,,rsrp=-104|rsrq=-16|snr=0,rsrp=-104|rsrq=-16,-104,-16,0,ploss=-5|noise_power_dB=-30,-5,-30,False,ploss=0|noise_power_dB=-10,0,-10,False,False,False,False,False
ucc-static-378c89495d537086,68,378c89495d537086,Download,,rsrp=-104|rsrq=-16|snr=0,rsrp=-104|rsrq=-16,-104,-16,0,ploss=-5|noise_power_dB=-30,-5,-30,False,ploss=0|noise_power_dB=-10,0,-10,False,False,False,False,False
ucc-static-378c89495d537086,69,378c89495d537086,Download,,rsrp=-104|rsrq=-14|snr=-2,rsrp=-104|rsrq=-14,-104,-14,-2,ploss=-5|noise_power_dB=-30,-5,-30,False,ploss=0|noise_power_dB=-10,0,-10,False,False,False,False,False
ucc-static-378c89495d537086,70,378c89495d537086,Download,,rsrp=-104|rsrq=-14|snr=-2,rsrp=-104|rsrq=-14,-104,-14,-2,ploss=-5|noise_power_dB=-30,-5,-30,False,ploss=0|noise_power_dB=-10,0,-10,False,False,False,False,False
ucc-static-378c89495d537086,71,378c89495d537086,Download,,rsrp=-104|rsrq=-12|snr=-1,rsrp=-104|rsrq=-12,-104,-12,-1,ploss=-5|noise_power_dB=-30,-5,-30,True,ploss=0|noise_power_dB=-10,0,-10,False,False,True,False,True
ucc-static-378c89495d537086,72,378c89495d537086,Download,,rsrp=-104|rsrq=-12|snr=-1,rsrp=-104|rsrq=-12,-104,-12,-1,ploss=-5|noise_power_dB=-30,-5,-30,True,ploss=0|noise_power_dB=-10,0,-10,False,False,True,False,True
ucc-static-378c89495d537086,73,378c89495d537086,Download,,rsrp=-104|rsrq=-12|snr=1,rsrp=-104|rsrq=-12,-104,-12,1,ploss=-5|noise_power_dB=-30,-5,-30,True,ploss=0|noise_power_dB=-10,0,-10,False,False,True,False,True
ucc-static-378c89495d537086,74,378c89495d537086,Download,,rsrp=-104|rsrq=-12|snr=1,rsrp=-104|rsrq=-12,-104,-12,1,ploss=-5|noise_power_dB=-30,-5,-30,True,ploss=0|noise_power_dB=-10,0,-10,False,False,True,False,True
ucc-static-378c89495d537086,75,378c89495d537086,Download,,rsrp=-104|rsrq=-15|snr=0,rsrp=-104|rsrq=-15,-104,-15,0,ploss=-5|noise_power_dB=-30,-5,-30,False,ploss=0|noise_power_dB=-10,0,-10,False,False,False,False,False
ucc-static-378c89495d537086,76,378c89495d537086,Download,,rsrp=-104|rsrq=-15|snr=0,rsrp=-104|rsrq=-15,-104,-15,0,ploss=-5|noise_power_dB=-30,-5,-30,False,ploss=0|noise_power_dB=-10,0,-10,False,False,False,False,False
ucc-static-378c89495d537086,77,378c89495d537086,Download,,rsrp=-104|rsrq=-16|snr=0,rsrp=-104|rsrq=-16,-104,-16,0,ploss=-5|noise_power_dB=-30,-5,-30,False,ploss=0|noise_power_dB=-10,0,-10,False,False,False,False,False
ucc-static-378c89495d537086,78,378c89495d537086,Download,,rsrp=-104|rsrq=-16|snr=0,rsrp=-104|rsrq=-16,-104,-16,0,ploss=-5|noise_power_dB=-30,-5,-30,False,ploss=0|noise_power_dB=-10,0,-10,False,False,False,False,False
ucc-static-378c89495d537086,79,378c89495d537086,Download,,rsrp=-104|rsrq=-16|snr=0,rsrp=-104|rsrq=-16,-104,-16,0,ploss=-5|noise_power_dB=-30,-5,-30,False,ploss=0|noise_power_dB=-10,0,-10,False,False,False,False,False
ucc-static-378c89495d537086,80,378c89495d537086,Download,,rsrp=-104|rsrq=-15|snr=1,rsrp=-104|rsrq=-15,-104,-15,1,ploss=-5|noise_power_dB=-30,-5,-30,False,ploss=0|noise_power_dB=-10,0,-10,False,False,False,False,False
ucc-static-378c89495d537086,81,378c89495d537086,Download,,rsrp=-104|rsrq=-15|snr=1,rsrp=-104|rsrq=-15,-104,-15,1,ploss=-5|noise_power_dB=-30,-5,-30,False,ploss=0|noise_power_dB=-10,0,-10,False,False,False,False,False
ucc-static-378c89495d537086,82,378c89495d537086,Download,,rsrp=-105|rsrq=-16|snr=-2,rsrp=-105|rsrq=-16,-105,-16,-2,ploss=-5|noise_power_dB=-30,-5,-30,False,ploss=0|noise_power_dB=-10,0,-10,False,False,False,False,False
ucc-static-378c89495d537086,83,378c89495d537086,Download,,rsrp=-105|rsrq=-16|snr=-2,rsrp=-105|rsrq=-16,-105,-16,-2,ploss=-5|noise_power_dB=-30,-5,-30,False,ploss=0|noise_power_dB=-10,0,-10,False,False,False,False,False
ucc-static-378c89495d537086,84,378c89495d537086,Download,,rsrp=-104|rsrq=-17|snr=0,rsrp=-104|rsrq=-17,-104,-17,0,ploss=-5|noise_power_dB=-30,-5,-30,False,ploss=0|noise_power_dB=-10,0,-10,False,False,False,False,False
ucc-static-378c89495d537086,85,378c89495d537086,Download,,rsrp=-104|rsrq=-17|snr=0,rsrp=-104|rsrq=-17,-104,-17,0,ploss=-5|noise_power_dB=-30,-5,-30,False,ploss=0|noise_power_dB=-10,0,-10,False,False,False,False,False
ucc-static-378c89495d537086,86,378c89495d537086,Download,,rsrp=-104|rsrq=-19|snr=-2,rsrp=-104|rsrq=-19,-104,-19,-2,ploss=-5|noise_power_dB=-30,-5,-30,False,ploss=0|noise_power_dB=-10,0,-10,False,False,False,False,False
ucc-static-378c89495d537086,87,378c89495d537086,Download,,rsrp=-104|rsrq=-19|snr=-2,rsrp=-104|rsrq=-19,-104,-19,-2,ploss=-5|noise_power_dB=-30,-5,-30,False,ploss=0|noise_power_dB=-10,0,-10,False,False,False,False,False
ucc-static-378c89495d537086,88,378c89495d537086,Download,,rsrp=-104|rsrq=-17|snr=1,rsrp=-104|rsrq=-17,-104,-17,1,ploss=-5|noise_power_dB=-30,-5,-30,False,ploss=0|noise_power_dB=-10,0,-10,False,False,False,False,False
ucc-static-378c89495d537086,89,378c89495d537086,Download,,rsrp=-104|rsrq=-17|snr=1,rsrp=-104|rsrq=-17,-104,-17,1,ploss=-5|noise_power_dB=-30,-5,-30,False,ploss=0|noise_power_dB=-10,0,-10,False,False,False,False,False
ucc-static-378c89495d537086,90,378c89495d537086,Download,,rsrp=-104|rsrq=-13|snr=2,rsrp=-104|rsrq=-13,-104,-13,2,ploss=-5|noise_power_dB=-30,-5,-30,False,ploss=0|noise_power_dB=-10,0,-10,False,False,False,False,False
ucc-static-378c89495d537086,91,378c89495d537086,Download,,rsrp=-104|rsrq=-13|snr=2,rsrp=-104|rsrq=-13,-104,-13,2,ploss=-5|noise_power_dB=-30,-5,-30,False,ploss=0|noise_power_dB=-10,0,-10,False,False,False,False,False
ucc-static-378c89495d537086,92,378c89495d537086,Download,,rsrp=-104|rsrq=-14|snr=-2,rsrp=-104|rsrq=-14,-104,-14,-2,ploss=-5|noise_power_dB=-30,-5,-30,False,ploss=0|noise_power_dB=-10,0,-10,False,False,False,False,False
ucc-static-378c89495d537086,93,378c89495d537086,Download,,rsrp=-104|rsrq=-14|snr=-2,rsrp=-104|rsrq=-14,-104,-14,-2,ploss=-5|noise_power_dB=-30,-5,-30,False,ploss=0|noise_power_dB=-10,0,-10,False,False,False,False,False
ucc-static-378c89495d537086,94,378c89495d537086,Download,,rsrp=-105|rsrq=-14|snr=1,rsrp=-105|rsrq=-14,-105,-14,1,ploss=-5|noise_power_dB=-30,-5,-30,False,ploss=0|noise_power_dB=-10,0,-10,False,False,False,False,False
ucc-static-378c89495d537086,95,378c89495d537086,Download,,rsrp=-105|rsrq=-14|snr=1,rsrp=-105|rsrq=-14,-105,-14,1,ploss=-5|noise_power_dB=-30,-5,-30,False,ploss=0|noise_power_dB=-10,0,-10,False,False,False,False,False
ucc-static-378c89495d537086,96,378c89495d537086,Download,,rsrp=-105|rsrq=-11|snr=6,rsrp=-105|rsrq=-11,-105,-11,6,ploss=-5|noise_power_dB=-30,-5,-30,True,ploss=0|noise_power_dB=-10,0,-10,True,True,False,False,True
ucc-static-378c89495d537086,97,378c89495d537086,Download,,rsrp=-105|rsrq=-11|snr=6,rsrp=-105|rsrq=-11,-105,-11,6,ploss=-5|noise_power_dB=-30,-5,-30,True,ploss=0|noise_power_dB=-10,0,-10,True,True,False,False,True
ucc-static-378c89495d537086,98,378c89495d537086,Download,,rsrp=-104|rsrq=-11|snr=7,rsrp=-104|rsrq=-11,-104,-11,7,ploss=-5|noise_power_dB=-30,-5,-30,True,ploss=0|noise_power_dB=-10,0,-10,False,False,True,False,True
ucc-static-378c89495d537086,99,378c89495d537086,Download,,rsrp=-104|rsrq=-11|snr=7,rsrp=-104|rsrq=-11,-104,-11,7,ploss=-5|noise_power_dB=-30,-5,-30,True,ploss=0|noise_power_dB=-10,0,-10,False,False,True,False,True
ucc-static-378c89495d537086,100,378c89495d537086,Download,,rsrp=-104|rsrq=-17|snr=2,rsrp=-104|rsrq=-17,-104,-17,2,ploss=-5|noise_power_dB=-30,-5,-30,False,ploss=0|noise_power_dB=-10,0,-10,False,False,False,False,False
ucc-static-378c89495d537086,101,378c89495d537086,Download,,rsrp=-104|rsrq=-17|snr=2,rsrp=-104|rsrq=-17,-104,-17,2,ploss=-5|noise_power_dB=-30,-5,-30,False,ploss=0|noise_power_dB=-10,0,-10,False,False,False,False,False
ucc-static-378c89495d537086,102,378c89495d537086,Download,,rsrp=-105|rsrq=-18|snr=1,rsrp=-105|rsrq=-18,-105,-18,1,ploss=-5|noise_power_dB=-30,-5,-30,False,ploss=0|noise_power_dB=-10,0,-10,False,False,False,False,False
ucc-static-378c89495d537086,103,378c89495d537086,Download,,rsrp=-105|rsrq=-18|snr=1,rsrp=-105|rsrq=-18,-105,-18,1,ploss=-5|noise_power_dB=-30,-5,-30,False,ploss=0|noise_power_dB=-10,0,-10,False,False,False,False,False
ucc-static-378c89495d537086,104,378c89495d537086,Download,,rsrp=-104|rsrq=-19|snr=3,rsrp=-104|rsrq=-19,-104,-19,3,ploss=-5|noise_power_dB=-30,-5,-30,False,ploss=0|noise_power_dB=-10,0,-10,False,False,False,False,False
ucc-static-378c89495d537086,105,378c89495d537086,Download,,rsrp=-104|rsrq=-19|snr=3,rsrp=-104|rsrq=-19,-104,-19,3,ploss=-5|noise_power_dB=-30,-5,-30,False,ploss=0|noise_power_dB=-10,0,-10,False,False,False,False,False
ucc-static-378c89495d537086,106,378c89495d537086,Download,,rsrp=-104|rsrq=-13|snr=4,rsrp=-104|rsrq=-13,-104,-13,4,ploss=-5|noise_power_dB=-30,-5,-30,False,ploss=0|noise_power_dB=-10,0,-10,False,False,False,False,False
ucc-static-378c89495d537086,107,378c89495d537086,Download,,rsrp=-104|rsrq=-13|snr=4,rsrp=-104|rsrq=-13,-104,-13,4,ploss=-5|noise_power_dB=-30,-5,-30,False,ploss=0|noise_power_dB=-10,0,-10,False,False,False,False,False
ucc-static-378c89495d537086,108,378c89495d537086,Download,,rsrp=-104|rsrq=-12|snr=3,rsrp=-104|rsrq=-12,-104,-12,3,ploss=-5|noise_power_dB=-30,-5,-30,True,ploss=0|noise_power_dB=-10,0,-10,False,False,True,False,True
ucc-static-378c89495d537086,109,378c89495d537086,Download,,rsrp=-104|rsrq=-12|snr=3,rsrp=-104|rsrq=-12,-104,-12,3,ploss=-5|noise_power_dB=-30,-5,-30,True,ploss=0|noise_power_dB=-10,0,-10,False,False,True,False,True
ucc-static-378c89495d537086,110,378c89495d537086,Download,,rsrp=-104|rsrq=-19|snr=1,rsrp=-104|rsrq=-19,-104,-19,1,ploss=-5|noise_power_dB=-30,-5,-30,False,ploss=0|noise_power_dB=-10,0,-10,False,False,False,False,False
ucc-static-378c89495d537086,111,378c89495d537086,Download,,rsrp=-104|rsrq=-19|snr=1,rsrp=-104|rsrq=-19,-104,-19,1,ploss=-5|noise_power_dB=-30,-5,-30,False,ploss=0|noise_power_dB=-10,0,-10,False,False,False,False,False
ucc-static-378c89495d537086,112,378c89495d537086,Download,,rsrp=-104|rsrq=-19|snr=1,rsrp=-104|rsrq=-19,-104,-19,1,ploss=-5|noise_power_dB=-30,-5,-30,False,ploss=0|noise_power_dB=-10,0,-10,False,False,False,False,False
ucc-static-378c89495d537086,113,378c89495d537086,Download,,rsrp=-104|rsrq=-19|snr=1,rsrp=-104|rsrq=-19,-104,-19,1,ploss=-5|noise_power_dB=-30,-5,-30,False,ploss=0|noise_power_dB=-10,0,-10,False,False,False,False,False
ucc-static-378c89495d537086,114,378c89495d537086,Download,,rsrp=-104|rsrq=-18|snr=1,rsrp=-104|rsrq=-18,-104,-18,1,ploss=-5|noise_power_dB=-30,-5,-30,False,ploss=0|noise_power_dB=-10,0,-10,False,False,False,False,False
ucc-static-378c89495d537086,115,378c89495d537086,Download,,rsrp=-104|rsrq=-18|snr=1,rsrp=-104|rsrq=-18,-104,-18,1,ploss=-5|noise_power_dB=-30,-5,-30,False,ploss=0|noise_power_dB=-10,0,-10,False,False,False,False,False
ucc-static-378c89495d537086,116,378c89495d537086,Download,,rsrp=-104|rsrq=-18|snr=0,rsrp=-104|rsrq=-18,-104,-18,0,ploss=-5|noise_power_dB=-30,-5,-30,False,ploss=0|noise_power_dB=-10,0,-10,False,False,False,False,False
ucc-static-378c89495d537086,117,378c89495d537086,Download,,rsrp=-104|rsrq=-18|snr=0,rsrp=-104|rsrq=-18,-104,-18,0,ploss=-5|noise_power_dB=-30,-5,-30,False,ploss=0|noise_power_dB=-10,0,-10,False,False,False,False,False
ucc-static-378c89495d537086,118,378c89495d537086,Download,,rsrp=-103|rsrq=-14|snr=-3,rsrp=-103|rsrq=-14,-103,-14,-3,ploss=-5|noise_power_dB=-30,-5,-30,False,ploss=0|noise_power_dB=-5,0,-5,False,False,False,False,False
ucc-static-378c89495d537086,119,378c89495d537086,Download,,rsrp=-103|rsrq=-14|snr=-3,rsrp=-103|rsrq=-14,-103,-14,-3,ploss=-5|noise_power_dB=-30,-5,-30,False,ploss=0|noise_power_dB=-5,0,-5,False,False,False,False,False
ucc-static-378c89495d537086,120,378c89495d537086,Download,,rsrp=-103|rsrq=-13|snr=-1,rsrp=-103|rsrq=-13,-103,-13,-1,ploss=-5|noise_power_dB=-30,-5,-30,False,ploss=0|noise_power_dB=-5,0,-5,False,False,False,False,False
ucc-static-378c89495d537086,121,378c89495d537086,Download,,rsrp=-103|rsrq=-13|snr=-1,rsrp=-103|rsrq=-13,-103,-13,-1,ploss=-5|noise_power_dB=-30,-5,-30,False,ploss=0|noise_power_dB=-5,0,-5,False,False,False,False,False
ucc-static-378c89495d537086,122,378c89495d537086,Download,,rsrp=-103|rsrq=-16|snr=1,rsrp=-103|rsrq=-16,-103,-16,1,ploss=-5|noise_power_dB=-30,-5,-30,False,ploss=0|noise_power_dB=-5,0,-5,False,False,False,False,False
ucc-static-378c89495d537086,123,378c89495d537086,Download,,rsrp=-103|rsrq=-16|snr=1,rsrp=-103|rsrq=-16,-103,-16,1,ploss=-5|noise_power_dB=-30,-5,-30,False,ploss=0|noise_power_dB=-5,0,-5,False,False,False,False,False
ucc-static-378c89495d537086,124,378c89495d537086,Download,,rsrp=-103|rsrq=-15|snr=0,rsrp=-103|rsrq=-15,-103,-15,0,ploss=-5|noise_power_dB=-30,-5,-30,False,ploss=0|noise_power_dB=-5,0,-5,False,False,False,False,False
ucc-static-378c89495d537086,125,378c89495d537086,Download,,rsrp=-103|rsrq=-15|snr=0,rsrp=-103|rsrq=-15,-103,-15,0,ploss=-5|noise_power_dB=-30,-5,-30,False,ploss=0|noise_power_dB=-5,0,-5,False,False,False,False,False
ucc-static-378c89495d537086,126,378c89495d537086,Download,,rsrp=-104|rsrq=-17|snr=0,rsrp=-104|rsrq=-17,-104,-17,0,ploss=-5|noise_power_dB=-30,-5,-30,False,ploss=0|noise_power_dB=-10,0,-10,False,False,False,False,False
ucc-static-378c89495d537086,127,378c89495d537086,Download,,rsrp=-104|rsrq=-17|snr=0,rsrp=-104|rsrq=-17,-104,-17,0,ploss=-5|noise_power_dB=-30,-5,-30,False,ploss=0|noise_power_dB=-10,0,-10,False,False,False,False,False
ucc-static-378c89495d537086,128,378c89495d537086,Download,,rsrp=-105|rsrq=-18|snr=0,rsrp=-105|rsrq=-18,-105,-18,0,ploss=-5|noise_power_dB=-30,-5,-30,False,ploss=0|noise_power_dB=-10,0,-10,False,False,False,False,False
ucc-static-378c89495d537086,129,378c89495d537086,Download,,rsrp=-105|rsrq=-18|snr=0,rsrp=-105|rsrq=-18,-105,-18,0,ploss=-5|noise_power_dB=-30,-5,-30,False,ploss=0|noise_power_dB=-10,0,-10,False,False,False,False,False
ucc-static-378c89495d537086,130,378c89495d537086,Download,,rsrp=-105|rsrq=-18|snr=0,rsrp=-105|rsrq=-18,-105,-18,0,ploss=-5|noise_power_dB=-30,-5,-30,False,ploss=0|noise_power_dB=-10,0,-10,False,False,False,False,False
ucc-static-378c89495d537086,131,378c89495d537086,Download,,rsrp=-104|rsrq=-17|snr=5,rsrp=-104|rsrq=-17,-104,-17,5,ploss=-5|noise_power_dB=-30,-5,-30,False,ploss=0|noise_power_dB=-10,0,-10,False,False,False,False,False
ucc-static-378c89495d537086,132,378c89495d537086,Download,,rsrp=-104|rsrq=-17|snr=5,rsrp=-104|rsrq=-17,-104,-17,5,ploss=-5|noise_power_dB=-30,-5,-30,False,ploss=0|noise_power_dB=-10,0,-10,False,False,False,False,False
ucc-static-378c89495d537086,133,378c89495d537086,Download,,rsrp=-104|rsrq=-16|snr=0,rsrp=-104|rsrq=-16,-104,-16,0,ploss=-5|noise_power_dB=-30,-5,-30,False,ploss=0|noise_power_dB=-10,0,-10,False,False,False,False,False
ucc-static-378c89495d537086,134,378c89495d537086,Download,,rsrp=-104|rsrq=-16|snr=0,rsrp=-104|rsrq=-16,-104,-16,0,ploss=-5|noise_power_dB=-30,-5,-30,False,ploss=0|noise_power_dB=-10,0,-10,False,False,False,False,False
ucc-static-378c89495d537086,135,378c89495d537086,Download,,rsrp=-104|rsrq=-16|snr=2,rsrp=-104|rsrq=-16,-104,-16,2,ploss=-5|noise_power_dB=-30,-5,-30,False,ploss=0|noise_power_dB=-10,0,-10,False,False,False,False,False
ucc-static-378c89495d537086,136,378c89495d537086,Download,,rsrp=-104|rsrq=-16|snr=2,rsrp=-104|rsrq=-16,-104,-16,2,ploss=-5|noise_power_dB=-30,-5,-30,False,ploss=0|noise_power_dB=-10,0,-10,False,False,False,False,False
ucc-static-378c89495d537086,137,378c89495d537086,Download,,rsrp=-104|rsrq=-18|snr=0,rsrp=-104|rsrq=-18,-104,-18,0,ploss=-5|noise_power_dB=-30,-5,-30,False,ploss=0|noise_power_dB=-10,0,-10,False,False,False,False,False
ucc-static-378c89495d537086,138,378c89495d537086,Download,,rsrp=-104|rsrq=-18|snr=0,rsrp=-104|rsrq=-18,-104,-18,0,ploss=-5|noise_power_dB=-30,-5,-30,False,ploss=0|noise_power_dB=-10,0,-10,False,False,False,False,False
ucc-static-378c89495d537086,139,378c89495d537086,Download,,rsrp=-103|rsrq=-13|snr=1,rsrp=-103|rsrq=-13,-103,-13,1,ploss=-5|noise_power_dB=-30,-5,-30,False,ploss=0|noise_power_dB=-5,0,-5,False,False,False,False,False
ucc-static-378c89495d537086,140,378c89495d537086,Download,,rsrp=-103|rsrq=-13|snr=1,rsrp=-103|rsrq=-13,-103,-13,1,ploss=-5|noise_power_dB=-30,-5,-30,False,ploss=0|noise_power_dB=-5,0,-5,False,False,False,False,False
ucc-static-378c89495d537086,141,378c89495d537086,Download,,rsrp=-104|rsrq=-14|snr=-4,rsrp=-104|rsrq=-14,-104,-14,-4,ploss=-5|noise_power_dB=-30,-5,-30,False,ploss=0|noise_power_dB=-10,0,-10,False,False,False,False,False
ucc-static-378c89495d537086,142,378c89495d537086,Download,,rsrp=-104|rsrq=-14|snr=-4,rsrp=-104|rsrq=-14,-104,-14,-4,ploss=-5|noise_power_dB=-30,-5,-30,False,ploss=0|noise_power_dB=-10,0,-10,False,False,False,False,False
ucc-static-378c89495d537086,143,378c89495d537086,Download,,rsrp=-104|rsrq=-14|snr=-4,rsrp=-104|rsrq=-14,-104,-14,-4,ploss=-5|noise_power_dB=-30,-5,-30,False,ploss=0|noise_power_dB=-10,0,-10,False,False,False,False,False
ucc-static-378c89495d537086,144,378c89495d537086,Download,,rsrp=-104|rsrq=-14|snr=-2,rsrp=-104|rsrq=-14,-104,-14,-2,ploss=-5|noise_power_dB=-30,-5,-30,False,ploss=0|noise_power_dB=-10,0,-10,False,False,False,False,False
ucc-static-378c89495d537086,145,378c89495d537086,Download,,rsrp=-104|rsrq=-14|snr=-2,rsrp=-104|rsrq=-14,-104,-14,-2,ploss=-5|noise_power_dB=-30,-5,-30,False,ploss=0|noise_power_dB=-10,0,-10,False,False,False,False,False
ucc-static-378c89495d537086,146,378c89495d537086,Download,,rsrp=-105|rsrq=-16|snr=4,rsrp=-105|rsrq=-16,-105,-16,4,ploss=-5|noise_power_dB=-30,-5,-30,False,ploss=0|noise_power_dB=-10,0,-10,False,False,False,False,False
ucc-static-378c89495d537086,147,378c89495d537086,Download,,rsrp=-105|rsrq=-16|snr=4,rsrp=-105|rsrq=-16,-105,-16,4,ploss=-5|noise_power_dB=-30,-5,-30,False,ploss=0|noise_power_dB=-10,0,-10,False,False,False,False,False
ucc-static-378c89495d537086,148,378c89495d537086,Download,,rsrp=-104|rsrq=-19|snr=0,rsrp=-104|rsrq=-19,-104,-19,0,ploss=-5|noise_power_dB=-30,-5,-30,False,ploss=0|noise_power_dB=-10,0,-10,False,False,False,False,False
ucc-static-378c89495d537086,149,378c89495d537086,Download,,rsrp=-104|rsrq=-19|snr=0,rsrp=-104|rsrq=-19,-104,-19,0,ploss=-5|noise_power_dB=-30,-5,-30,False,ploss=0|noise_power_dB=-10,0,-10,False,False,False,False,False
ucc-static-378c89495d537086,150,378c89495d537086,Download,,rsrp=-105|rsrq=-18|snr=1,rsrp=-105|rsrq=-18,-105,-18,1,ploss=-5|noise_power_dB=-30,-5,-30,False,ploss=0|noise_power_dB=-10,0,-10,False,False,False,False,False
ucc-static-378c89495d537086,151,378c89495d537086,Download,,rsrp=-105|rsrq=-18|snr=1,rsrp=-105|rsrq=-18,-105,-18,1,ploss=-5|noise_power_dB=-30,-5,-30,False,ploss=0|noise_power_dB=-10,0,-10,False,False,False,False,False
ucc-static-378c89495d537086,152,378c89495d537086,Download,,rsrp=-103|rsrq=-18|snr=-1,rsrp=-103|rsrq=-18,-103,-18,-1,ploss=-5|noise_power_dB=-30,-5,-30,False,ploss=0|noise_power_dB=-5,0,-5,False,False,False,False,False
ucc-static-378c89495d537086,153,378c89495d537086,Download,,rsrp=-103|rsrq=-18|snr=-1,rsrp=-103|rsrq=-18,-103,-18,-1,ploss=-5|noise_power_dB=-30,-5,-30,False,ploss=0|noise_power_dB=-5,0,-5,False,False,False,False,False
ucc-static-378c89495d537086,154,378c89495d537086,Download,,rsrp=-103|rsrq=-18|snr=2,rsrp=-103|rsrq=-18,-103,-18,2,ploss=-5|noise_power_dB=-30,-5,-30,False,ploss=0|noise_power_dB=-5,0,-5,False,False,False,False,False
ucc-static-378c89495d537086,155,378c89495d537086,Download,,rsrp=-103|rsrq=-18|snr=2,rsrp=-103|rsrq=-18,-103,-18,2,ploss=-5|noise_power_dB=-30,-5,-30,False,ploss=0|noise_power_dB=-5,0,-5,False,False,False,False,False
ucc-static-378c89495d537086,156,378c89495d537086,Download,,rsrp=-103|rsrq=-18|snr=2,rsrp=-103|rsrq=-18,-103,-18,2,ploss=-5|noise_power_dB=-30,-5,-30,False,ploss=0|noise_power_dB=-5,0,-5,False,False,False,False,False
ucc-static-378c89495d537086,157,378c89495d537086,Download,,rsrp=-103|rsrq=-17|snr=4,rsrp=-103|rsrq=-17,-103,-17,4,ploss=-5|noise_power_dB=-30,-5,-30,False,ploss=0|noise_power_dB=-5,0,-5,False,False,False,False,False
ucc-static-378c89495d537086,158,378c89495d537086,Download,,rsrp=-103|rsrq=-17|snr=4,rsrp=-103|rsrq=-17,-103,-17,4,ploss=-5|noise_power_dB=-30,-5,-30,False,ploss=0|noise_power_dB=-5,0,-5,False,False,False,False,False
ucc-static-6e56376f8430a3bc,0,6e56376f8430a3bc,Download,,rsrp=-100|rsrq=-14|snr=8,rsrp=-100|rsrq=-14,-100,-14,8,ploss=-5|noise_power_dB=-30,-5,-30,False,ploss=0|noise_power_dB=-5,0,-5,False,False,False,False,False
ucc-static-6e56376f8430a3bc,1,6e56376f8430a3bc,Download,,rsrp=-100|rsrq=-14|snr=8,rsrp=-100|rsrq=-14,-100,-14,8,ploss=-5|noise_power_dB=-30,-5,-30,False,ploss=0|noise_power_dB=-5,0,-5,False,False,False,False,False
ucc-static-6e56376f8430a3bc,2,6e56376f8430a3bc,Download,,rsrp=-100|rsrq=-16|snr=6,rsrp=-100|rsrq=-16,-100,-16,6,ploss=-5|noise_power_dB=-30,-5,-30,False,ploss=0|noise_power_dB=-5,0,-5,False,False,False,False,False
ucc-static-6e56376f8430a3bc,3,6e56376f8430a3bc,Download,,rsrp=-100|rsrq=-16|snr=6,rsrp=-100|rsrq=-16,-100,-16,6,ploss=-5|noise_power_dB=-30,-5,-30,False,ploss=0|noise_power_dB=-5,0,-5,False,False,False,False,False
ucc-static-6e56376f8430a3bc,4,6e56376f8430a3bc,Download,,rsrp=-101|rsrq=-16|snr=5,rsrp=-101|rsrq=-16,-101,-16,5,ploss=-5|noise_power_dB=-30,-5,-30,False,ploss=0|noise_power_dB=-5,0,-5,False,False,False,False,False
ucc-static-6e56376f8430a3bc,5,6e56376f8430a3bc,Download,,rsrp=-101|rsrq=-16|snr=5,rsrp=-101|rsrq=-16,-101,-16,5,ploss=-5|noise_power_dB=-30,-5,-30,False,ploss=0|noise_power_dB=-5,0,-5,False,False,False,False,False
ucc-static-6e56376f8430a3bc,6,6e56376f8430a3bc,Download,,rsrp=-101|rsrq=-16|snr=5,rsrp=-101|rsrq=-16,-101,-16,5,ploss=-5|noise_power_dB=-30,-5,-30,False,ploss=0|noise_power_dB=-5,0,-5,False,False,False,False,False
ucc-static-6e56376f8430a3bc,7,6e56376f8430a3bc,Download,,rsrp=-101|rsrq=-16|snr=5,rsrp=-101|rsrq=-16,-101,-16,5,ploss=-5|noise_power_dB=-30,-5,-30,False,ploss=0|noise_power_dB=-5,0,-5,False,False,False,False,False
ucc-static-6e56376f8430a3bc,8,6e56376f8430a3bc,Download,,rsrp=-101|rsrq=-16|snr=5,rsrp=-101|rsrq=-16,-101,-16,5,ploss=-5|noise_power_dB=-30,-5,-30,False,ploss=0|noise_power_dB=-5,0,-5,False,False,False,False,False
ucc-static-6e56376f8430a3bc,9,6e56376f8430a3bc,Download,,rsrp=-102|rsrq=-15|snr=2,rsrp=-102|rsrq=-15,-102,-15,2,ploss=-5|noise_power_dB=-30,-5,-30,False,ploss=0|noise_power_dB=-5,0,-5,False,False,False,False,False
ucc-static-6e56376f8430a3bc,10,6e56376f8430a3bc,Download,,rsrp=-102|rsrq=-15|snr=2,rsrp=-102|rsrq=-15,-102,-15,2,ploss=-5|noise_power_dB=-30,-5,-30,False,ploss=0|noise_power_dB=-5,0,-5,False,False,False,False,False
ucc-static-6e56376f8430a3bc,11,6e56376f8430a3bc,Download,,rsrp=-100|rsrq=-15|snr=6,rsrp=-100|rsrq=-15,-100,-15,6,ploss=-5|noise_power_dB=-30,-5,-30,False,ploss=0|noise_power_dB=-5,0,-5,False,False,False,False,False
ucc-static-6e56376f8430a3bc,12,6e56376f8430a3bc,Download,,rsrp=-100|rsrq=-15|snr=6,rsrp=-100|rsrq=-15,-100,-15,6,ploss=-5|noise_power_dB=-30,-5,-30,False,ploss=0|noise_power_dB=-5,0,-5,False,False,False,False,False
ucc-static-6e56376f8430a3bc,13,6e56376f8430a3bc,Download,,rsrp=-99|rsrq=-13|snr=5,rsrp=-99|rsrq=-13,-99,-13,5,ploss=-5|noise_power_dB=-30,-5,-30,False,ploss=0|noise_power_dB=-5,0,-5,False,False,False,False,False
ucc-static-6e56376f8430a3bc,14,6e56376f8430a3bc,Download,,rsrp=-99|rsrq=-13|snr=5,rsrp=-99|rsrq=-13,-99,-13,5,ploss=-5|noise_power_dB=-30,-5,-30,False,ploss=0|noise_power_dB=-5,0,-5,False,False,False,False,False
ucc-static-6e56376f8430a3bc,15,6e56376f8430a3bc,Download,,rsrp=-101|rsrq=-11|snr=8,rsrp=-101|rsrq=-11,-101,-11,8,ploss=-5|noise_power_dB=-30,-5,-30,False,ploss=0|noise_power_dB=-5,0,-5,True,False,False,True,True
ucc-static-6e56376f8430a3bc,16,6e56376f8430a3bc,Download,,rsrp=-101|rsrq=-11|snr=8,rsrp=-101|rsrq=-11,-101,-11,8,ploss=-5|noise_power_dB=-30,-5,-30,False,ploss=0|noise_power_dB=-5,0,-5,True,False,False,True,True
ucc-static-6e56376f8430a3bc,17,6e56376f8430a3bc,Download,,rsrp=-100|rsrq=-14|snr=3,rsrp=-100|rsrq=-14,-100,-14,3,ploss=-5|noise_power_dB=-30,-5,-30,False,ploss=0|noise_power_dB=-5,0,-5,False,False,False,False,False
ucc-static-6e56376f8430a3bc,18,6e56376f8430a3bc,Download,,rsrp=-100|rsrq=-14|snr=3,rsrp=-100|rsrq=-14,-100,-14,3,ploss=-5|noise_power_dB=-30,-5,-30,False,ploss=0|noise_power_dB=-5,0,-5,False,False,False,False,False
ucc-static-6e56376f8430a3bc,19,6e56376f8430a3bc,Download,,rsrp=-100|rsrq=-14|snr=6,rsrp=-100|rsrq=-14,-100,-14,6,ploss=-5|noise_power_dB=-30,-5,-30,False,ploss=0|noise_power_dB=-5,0,-5,False,False,False,False,False
ucc-static-6e56376f8430a3bc,20,6e56376f8430a3bc,Download,,rsrp=-100|rsrq=-14|snr=6,rsrp=-100|rsrq=-14,-100,-14,6,ploss=-5|noise_power_dB=-30,-5,-30,False,ploss=0|noise_power_dB=-5,0,-5,False,False,False,False,False
ucc-static-6e56376f8430a3bc,21,6e56376f8430a3bc,Download,,rsrp=-100|rsrq=-14|snr=6,rsrp=-100|rsrq=-14,-100,-14,6,ploss=-5|noise_power_dB=-30,-5,-30,False,ploss=0|noise_power_dB=-5,0,-5,False,False,False,False,False
ucc-static-6e56376f8430a3bc,22,6e56376f8430a3bc,Download,,rsrp=-101|rsrq=-11|snr=1,rsrp=-101|rsrq=-11,-101,-11,1,ploss=-5|noise_power_dB=-30,-5,-30,False,ploss=0|noise_power_dB=-5,0,-5,True,False,False,True,True
ucc-static-6e56376f8430a3bc,23,6e56376f8430a3bc,Download,,rsrp=-101|rsrq=-11|snr=1,rsrp=-101|rsrq=-11,-101,-11,1,ploss=-5|noise_power_dB=-30,-5,-30,False,ploss=0|noise_power_dB=-5,0,-5,True,False,False,True,True
ucc-static-6e56376f8430a3bc,24,6e56376f8430a3bc,Download,,rsrp=-101|rsrq=-10|snr=6,rsrp=-101|rsrq=-10,-101,-10,6,ploss=-5|noise_power_dB=-30,-5,-30,False,ploss=0|noise_power_dB=-5,0,-5,True,False,False,True,True
ucc-static-6e56376f8430a3bc,25,6e56376f8430a3bc,Download,,rsrp=-101|rsrq=-10|snr=6,rsrp=-101|rsrq=-10,-101,-10,6,ploss=-5|noise_power_dB=-30,-5,-30,False,ploss=0|noise_power_dB=-5,0,-5,True,False,False,True,True
ucc-static-6e56376f8430a3bc,26,6e56376f8430a3bc,Download,,rsrp=-101|rsrq=-15|snr=5,rsrp=-101|rsrq=-15,-101,-15,5,ploss=-5|noise_power_dB=-30,-5,-30,False,ploss=0|noise_power_dB=-5,0,-5,False,False,False,False,False
ucc-static-6e56376f8430a3bc,27,6e56376f8430a3bc,Download,,rsrp=-101|rsrq=-15|snr=5,rsrp=-101|rsrq=-15,-101,-15,5,ploss=-5|noise_power_dB=-30,-5,-30,False,ploss=0|noise_power_dB=-5,0,-5,False,False,False,False,False
ucc-static-6e56376f8430a3bc,28,6e56376f8430a3bc,Download,,rsrp=-101|rsrq=-16|snr=5,rsrp=-101|rsrq=-16,-101,-16,5,ploss=-5|noise_power_dB=-30,-5,-30,False,ploss=0|noise_power_dB=-5,0,-5,False,False,False,False,False
ucc-static-6e56376f8430a3bc,29,6e56376f8430a3bc,Download,,rsrp=-101|rsrq=-16|snr=5,rsrp=-101|rsrq=-16,-101,-16,5,ploss=-5|noise_power_dB=-30,-5,-30,False,ploss=0|noise_power_dB=-5,0,-5,False,False,False,False,False
ucc-static-6e56376f8430a3bc,30,6e56376f8430a3bc,Download,,rsrp=-101|rsrq=-16|snr=6,rsrp=-101|rsrq=-16,-101,-16,6,ploss=-5|noise_power_dB=-30,-5,-30,False,ploss=0|noise_power_dB=-5,0,-5,False,False,False,False,False
ucc-static-6e56376f8430a3bc,31,6e56376f8430a3bc,Download,,rsrp=-101|rsrq=-16|snr=6,rsrp=-101|rsrq=-16,-101,-16,6,ploss=-5|noise_power_dB=-30,-5,-30,False,ploss=0|noise_power_dB=-5,0,-5,False,False,False,False,False
ucc-static-6e56376f8430a3bc,32,6e56376f8430a3bc,Download,,rsrp=-100|rsrq=-16|snr=5,rsrp=-100|rsrq=-16,-100,-16,5,ploss=-5|noise_power_dB=-30,-5,-30,False,ploss=0|noise_power_dB=-5,0,-5,False,False,False,False,False
ucc-static-6e56376f8430a3bc,33,6e56376f8430a3bc,Download,,rsrp=-100|rsrq=-16|snr=5,rsrp=-100|rsrq=-16,-100,-16,5,ploss=-5|noise_power_dB=-30,-5,-30,False,ploss=0|noise_power_dB=-5,0,-5,False,False,False,False,False
ucc-static-6e56376f8430a3bc,34,6e56376f8430a3bc,Download,,rsrp=-101|rsrq=-11|snr=6,rsrp=-101|rsrq=-11,-101,-11,6,ploss=-5|noise_power_dB=-30,-5,-30,False,ploss=0|noise_power_dB=-5,0,-5,True,False,False,True,True
ucc-static-6e56376f8430a3bc,35,6e56376f8430a3bc,Download,,rsrp=-101|rsrq=-11|snr=6,rsrp=-101|rsrq=-11,-101,-11,6,ploss=-5|noise_power_dB=-30,-5,-30,False,ploss=0|noise_power_dB=-5,0,-5,True,False,False,True,True
ucc-static-6e56376f8430a3bc,36,6e56376f8430a3bc,Download,,rsrp=-101|rsrq=-10|snr=6,rsrp=-101|rsrq=-10,-101,-10,6,ploss=-5|noise_power_dB=-30,-5,-30,False,ploss=0|noise_power_dB=-5,0,-5,True,False,False,True,True
ucc-static-6e56376f8430a3bc,37,6e56376f8430a3bc,Download,,rsrp=-101|rsrq=-10|snr=6,rsrp=-101|rsrq=-10,-101,-10,6,ploss=-5|noise_power_dB=-30,-5,-30,False,ploss=0|noise_power_dB=-5,0,-5,True,False,False,True,True
ucc-static-6e56376f8430a3bc,38,6e56376f8430a3bc,Download,,rsrp=-99|rsrq=-16|snr=6,rsrp=-99|rsrq=-16,-99,-16,6,ploss=-5|noise_power_dB=-30,-5,-30,False,ploss=0|noise_power_dB=-5,0,-5,False,False,False,False,False
ucc-static-6e56376f8430a3bc,39,6e56376f8430a3bc,Download,,rsrp=-99|rsrq=-16|snr=6,rsrp=-99|rsrq=-16,-99,-16,6,ploss=-5|noise_power_dB=-30,-5,-30,False,ploss=0|noise_power_dB=-5,0,-5,False,False,False,False,False
ucc-static-6e56376f8430a3bc,40,6e56376f8430a3bc,Download,,rsrp=-100|rsrq=-15|snr=6,rsrp=-100|rsrq=-15,-100,-15,6,ploss=-5|noise_power_dB=-30,-5,-30,False,ploss=0|noise_power_dB=-5,0,-5,False,False,False,False,False
ucc-static-6e56376f8430a3bc,41,6e56376f8430a3bc,Download,,rsrp=-100|rsrq=-15|snr=6,rsrp=-100|rsrq=-15,-100,-15,6,ploss=-5|noise_power_dB=-30,-5,-30,False,ploss=0|noise_power_dB=-5,0,-5,False,False,False,False,False
ucc-static-6e56376f8430a3bc,42,6e56376f8430a3bc,Download,,rsrp=-101|rsrq=-16|snr=5,rsrp=-101|rsrq=-16,-101,-16,5,ploss=-5|noise_power_dB=-30,-5,-30,False,ploss=0|noise_power_dB=-5,0,-5,False,False,False,False,False
ucc-static-6e56376f8430a3bc,43,6e56376f8430a3bc,Download,,rsrp=-101|rsrq=-16|snr=5,rsrp=-101|rsrq=-16,-101,-16,5,ploss=-5|noise_power_dB=-30,-5,-30,False,ploss=0|noise_power_dB=-5,0,-5,False,False,False,False,False
ucc-static-6e56376f8430a3bc,44,6e56376f8430a3bc,Download,,rsrp=-100|rsrq=-16|snr=7,rsrp=-100|rsrq=-16,-100,-16,7,ploss=-5|noise_power_dB=-30,-5,-30,False,ploss=0|noise_power_dB=-5,0,-5,False,False,False,False,False
ucc-static-6e56376f8430a3bc,45,6e56376f8430a3bc,Download,,rsrp=-100|rsrq=-16|snr=7,rsrp=-100|rsrq=-16,-100,-16,7,ploss=-5|noise_power_dB=-30,-5,-30,False,ploss=0|noise_power_dB=-5,0,-5,False,False,False,False,False
ucc-static-6e56376f8430a3bc,46,6e56376f8430a3bc,Download,,rsrp=-100|rsrq=-16|snr=7,rsrp=-100|rsrq=-16,-100,-16,7,ploss=-5|noise_power_dB=-30,-5,-30,False,ploss=0|noise_power_dB=-5,0,-5,False,False,False,False,False
ucc-static-6e56376f8430a3bc,47,6e56376f8430a3bc,Download,,rsrp=-101|rsrq=-13|snr=8,rsrp=-101|rsrq=-13,-101,-13,8,ploss=-5|noise_power_dB=-30,-5,-30,False,ploss=0|noise_power_dB=-5,0,-5,False,False,False,False,False
ucc-static-6e56376f8430a3bc,48,6e56376f8430a3bc,Download,,rsrp=-101|rsrq=-13|snr=8,rsrp=-101|rsrq=-13,-101,-13,8,ploss=-5|noise_power_dB=-30,-5,-30,False,ploss=0|noise_power_dB=-5,0,-5,False,False,False,False,False
ucc-static-6e56376f8430a3bc,49,6e56376f8430a3bc,Download,,rsrp=-100|rsrq=-11|snr=8,rsrp=-100|rsrq=-11,-100,-11,8,ploss=-5|noise_power_dB=-30,-5,-30,False,ploss=0|noise_power_dB=-5,0,-5,True,False,False,True,True
ucc-static-6e56376f8430a3bc,50,6e56376f8430a3bc,Download,,rsrp=-100|rsrq=-11|snr=8,rsrp=-100|rsrq=-11,-100,-11,8,ploss=-5|noise_power_dB=-30,-5,-30,False,ploss=0|noise_power_dB=-5,0,-5,True,False,False,True,True
ucc-static-6e56376f8430a3bc,51,6e56376f8430a3bc,Download,,rsrp=-99|rsrq=-14|snr=6,rsrp=-99|rsrq=-14,-99,-14,6,ploss=-5|noise_power_dB=-30,-5,-30,False,ploss=0|noise_power_dB=-5,0,-5,False,False,False,False,False
ucc-static-6e56376f8430a3bc,52,6e56376f8430a3bc,Download,,rsrp=-99|rsrq=-14|snr=6,rsrp=-99|rsrq=-14,-99,-14,6,ploss=-5|noise_power_dB=-30,-5,-30,False,ploss=0|noise_power_dB=-5,0,-5,False,False,False,False,False
ucc-static-6e56376f8430a3bc,53,6e56376f8430a3bc,Download,,rsrp=-99|rsrq=-16|snr=6,rsrp=-99|rsrq=-16,-99,-16,6,ploss=-5|noise_power_dB=-30,-5,-30,False,ploss=0|noise_power_dB=-5,0,-5,False,False,False,False,False
ucc-static-6e56376f8430a3bc,54,6e56376f8430a3bc,Download,,rsrp=-99|rsrq=-16|snr=6,rsrp=-99|rsrq=-16,-99,-16,6,ploss=-5|noise_power_dB=-30,-5,-30,False,ploss=0|noise_power_dB=-5,0,-5,False,False,False,False,False
ucc-static-6e56376f8430a3bc,55,6e56376f8430a3bc,Download,,rsrp=-99|rsrq=-15|snr=5,rsrp=-99|rsrq=-15,-99,-15,5,ploss=-5|noise_power_dB=-30,-5,-30,False,ploss=0|noise_power_dB=-5,0,-5,False,False,False,False,False
ucc-static-6e56376f8430a3bc,56,6e56376f8430a3bc,Download,,rsrp=-99|rsrq=-15|snr=5,rsrp=-99|rsrq=-15,-99,-15,5,ploss=-5|noise_power_dB=-30,-5,-30,False,ploss=0|noise_power_dB=-5,0,-5,False,False,False,False,False
ucc-static-6e56376f8430a3bc,57,6e56376f8430a3bc,Download,,rsrp=-99|rsrq=-16|snr=6,rsrp=-99|rsrq=-16,-99,-16,6,ploss=-5|noise_power_dB=-30,-5,-30,False,ploss=0|noise_power_dB=-5,0,-5,False,False,False,False,False
ucc-static-6e56376f8430a3bc,58,6e56376f8430a3bc,Download,,rsrp=-99|rsrq=-16|snr=6,rsrp=-99|rsrq=-16,-99,-16,6,ploss=-5|noise_power_dB=-30,-5,-30,False,ploss=0|noise_power_dB=-5,0,-5,False,False,False,False,False
ucc-static-6e56376f8430a3bc,59,6e56376f8430a3bc,Download,,rsrp=-99|rsrq=-16|snr=6,rsrp=-99|rsrq=-16,-99,-16,6,ploss=-5|noise_power_dB=-30,-5,-30,False,ploss=0|noise_power_dB=-5,0,-5,False,False,False,False,False
ucc-static-6e56376f8430a3bc,60,6e56376f8430a3bc,Download,,rsrp=-99|rsrq=-13|snr=7,rsrp=-99|rsrq=-13,-99,-13,7,ploss=-5|noise_power_dB=-30,-5,-30,False,ploss=0|noise_power_dB=-5,0,-5,False,False,False,False,False
ucc-static-6e56376f8430a3bc,61,6e56376f8430a3bc,Download,,rsrp=-99|rsrq=-13|snr=7,rsrp=-99|rsrq=-13,-99,-13,7,ploss=-5|noise_power_dB=-30,-5,-30,False,ploss=0|noise_power_dB=-5,0,-5,False,False,False,False,False
ucc-static-6e56376f8430a3bc,62,6e56376f8430a3bc,Download,,rsrp=-99|rsrq=-13|snr=5,rsrp=-99|rsrq=-13,-99,-13,5,ploss=-5|noise_power_dB=-30,-5,-30,False,ploss=0|noise_power_dB=-5,0,-5,False,False,False,False,False
ucc-static-6e56376f8430a3bc,63,6e56376f8430a3bc,Download,,rsrp=-99|rsrq=-13|snr=5,rsrp=-99|rsrq=-13,-99,-13,5,ploss=-5|noise_power_dB=-30,-5,-30,False,ploss=0|noise_power_dB=-5,0,-5,False,False,False,False,False
ucc-static-6e56376f8430a3bc,64,6e56376f8430a3bc,Download,,rsrp=-98|rsrq=-16|snr=4,rsrp=-98|rsrq=-16,-98,-16,4,ploss=0|noise_power_dB=-5,0,-5,False,ploss=0|noise_power_dB=-5,0,-5,False,False,False,False,False
ucc-static-6e56376f8430a3bc,65,6e56376f8430a3bc,Download,,rsrp=-98|rsrq=-16|snr=4,rsrp=-98|rsrq=-16,-98,-16,4,ploss=0|noise_power_dB=-5,0,-5,False,ploss=0|noise_power_dB=-5,0,-5,False,False,False,False,False
ucc-static-6e56376f8430a3bc,66,6e56376f8430a3bc,Download,,rsrp=-98|rsrq=-15|snr=5,rsrp=-98|rsrq=-15,-98,-15,5,ploss=0|noise_power_dB=-5,0,-5,False,ploss=0|noise_power_dB=-5,0,-5,False,False,False,False,False
ucc-static-6e56376f8430a3bc,67,6e56376f8430a3bc,Download,,rsrp=-98|rsrq=-15|snr=5,rsrp=-98|rsrq=-15,-98,-15,5,ploss=0|noise_power_dB=-5,0,-5,False,ploss=0|noise_power_dB=-5,0,-5,False,False,False,False,False
ucc-static-6e56376f8430a3bc,68,6e56376f8430a3bc,Download,,rsrp=-98|rsrq=-16|snr=6,rsrp=-98|rsrq=-16,-98,-16,6,ploss=0|noise_power_dB=-5,0,-5,False,ploss=0|noise_power_dB=-5,0,-5,False,False,False,False,False
ucc-static-6e56376f8430a3bc,69,6e56376f8430a3bc,Download,,rsrp=-98|rsrq=-16|snr=6,rsrp=-98|rsrq=-16,-98,-16,6,ploss=0|noise_power_dB=-5,0,-5,False,ploss=0|noise_power_dB=-5,0,-5,False,False,False,False,False
ucc-static-6e56376f8430a3bc,70,6e56376f8430a3bc,Download,,rsrp=-99|rsrq=-16|snr=8,rsrp=-99|rsrq=-16,-99,-16,8,ploss=-5|noise_power_dB=-30,-5,-30,False,ploss=0|noise_power_dB=-5,0,-5,False,False,False,False,False
ucc-static-6e56376f8430a3bc,71,6e56376f8430a3bc,Download,,rsrp=-99|rsrq=-16|snr=8,rsrp=-99|rsrq=-16,-99,-16,8,ploss=-5|noise_power_dB=-30,-5,-30,False,ploss=0|noise_power_dB=-5,0,-5,False,False,False,False,False
ucc-static-6e56376f8430a3bc,72,6e56376f8430a3bc,Download,,rsrp=-99|rsrq=-16|snr=8,rsrp=-99|rsrq=-16,-99,-16,8,ploss=-5|noise_power_dB=-30,-5,-30,False,ploss=0|noise_power_dB=-5,0,-5,False,False,False,False,False
ucc-static-6e56376f8430a3bc,73,6e56376f8430a3bc,Download,,rsrp=-98|rsrq=-9|snr=10,rsrp=-98|rsrq=-9,-98,-9,10,ploss=0|noise_power_dB=-5,0,-5,False,ploss=0|noise_power_dB=-5,0,-5,True,False,False,True,True
ucc-static-6e56376f8430a3bc,74,6e56376f8430a3bc,Download,,rsrp=-98|rsrq=-9|snr=10,rsrp=-98|rsrq=-9,-98,-9,10,ploss=0|noise_power_dB=-5,0,-5,False,ploss=0|noise_power_dB=-5,0,-5,True,False,False,True,True
ucc-static-6e56376f8430a3bc,75,6e56376f8430a3bc,Download,,rsrp=-99|rsrq=-15|snr=9,rsrp=-99|rsrq=-15,-99,-15,9,ploss=-5|noise_power_dB=-30,-5,-30,False,ploss=0|noise_power_dB=-5,0,-5,False,False,False,False,False
ucc-static-6e56376f8430a3bc,76,6e56376f8430a3bc,Download,,rsrp=-99|rsrq=-15|snr=9,rsrp=-99|rsrq=-15,-99,-15,9,ploss=-5|noise_power_dB=-30,-5,-30,False,ploss=0|noise_power_dB=-5,0,-5,False,False,False,False,False
ucc-static-6e56376f8430a3bc,77,6e56376f8430a3bc,Download,,rsrp=-98|rsrq=-16|snr=7,rsrp=-98|rsrq=-16,-98,-16,7,ploss=0|noise_power_dB=-5,0,-5,False,ploss=0|noise_power_dB=-5,0,-5,False,False,False,False,False
ucc-static-6e56376f8430a3bc,78,6e56376f8430a3bc,Download,,rsrp=-98|rsrq=-16|snr=7,rsrp=-98|rsrq=-16,-98,-16,7,ploss=0|noise_power_dB=-5,0,-5,False,ploss=0|noise_power_dB=-5,0,-5,False,False,False,False,False
ucc-static-6e56376f8430a3bc,79,6e56376f8430a3bc,Download,,rsrp=-98|rsrq=-16|snr=5,rsrp=-98|rsrq=-16,-98,-16,5,ploss=0|noise_power_dB=-5,0,-5,False,ploss=0|noise_power_dB=-5,0,-5,False,False,False,False,False
ucc-static-6e56376f8430a3bc,80,6e56376f8430a3bc,Download,,rsrp=-98|rsrq=-16|snr=5,rsrp=-98|rsrq=-16,-98,-16,5,ploss=0|noise_power_dB=-5,0,-5,False,ploss=0|noise_power_dB=-5,0,-5,False,False,False,False,False
ucc-static-6e56376f8430a3bc,81,6e56376f8430a3bc,Download,,rsrp=-98|rsrq=-15|snr=4,rsrp=-98|rsrq=-15,-98,-15,4,ploss=0|noise_power_dB=-5,0,-5,False,ploss=0|noise_power_dB=-5,0,-5,False,False,False,False,False
ucc-static-6e56376f8430a3bc,82,6e56376f8430a3bc,Download,,rsrp=-98|rsrq=-15|snr=4,rsrp=-98|rsrq=-15,-98,-15,4,ploss=0|noise_power_dB=-5,0,-5,False,ploss=0|noise_power_dB=-5,0,-5,False,False,False,False,False
ucc-static-6e56376f8430a3bc,83,6e56376f8430a3bc,Download,,rsrp=-98|rsrq=-16|snr=6,rsrp=-98|rsrq=-16,-98,-16,6,ploss=0|noise_power_dB=-5,0,-5,False,ploss=0|noise_power_dB=-5,0,-5,False,False,False,False,False
ucc-static-6e56376f8430a3bc,84,6e56376f8430a3bc,Download,,rsrp=-98|rsrq=-16|snr=6,rsrp=-98|rsrq=-16,-98,-16,6,ploss=0|noise_power_dB=-5,0,-5,False,ploss=0|noise_power_dB=-5,0,-5,False,False,False,False,False
ucc-static-6e56376f8430a3bc,85,6e56376f8430a3bc,Download,,rsrp=-98|rsrq=-16|snr=6,rsrp=-98|rsrq=-16,-98,-16,6,ploss=0|noise_power_dB=-5,0,-5,False,ploss=0|noise_power_dB=-5,0,-5,False,False,False,False,False
ucc-static-6e56376f8430a3bc,86,6e56376f8430a3bc,Download,,rsrp=-101|rsrq=-12|snr=1,rsrp=-101|rsrq=-12,-101,-12,1,ploss=-5|noise_power_dB=-30,-5,-30,False,ploss=0|noise_power_dB=-5,0,-5,True,False,False,True,True
ucc-static-6e56376f8430a3bc,87,6e56376f8430a3bc,Download,,rsrp=-101|rsrq=-12|snr=1,rsrp=-101|rsrq=-12,-101,-12,1,ploss=-5|noise_power_dB=-30,-5,-30,False,ploss=0|noise_power_dB=-5,0,-5,True,False,False,True,True
ucc-static-6e56376f8430a3bc,88,6e56376f8430a3bc,Download,,rsrp=-101|rsrq=-16|snr=5,rsrp=-101|rsrq=-16,-101,-16,5,ploss=-5|noise_power_dB=-30,-5,-30,False,ploss=0|noise_power_dB=-5,0,-5,False,False,False,False,False
ucc-static-6e56376f8430a3bc,89,6e56376f8430a3bc,Download,,rsrp=-101|rsrq=-16|snr=5,rsrp=-101|rsrq=-16,-101,-16,5,ploss=-5|noise_power_dB=-30,-5,-30,False,ploss=0|noise_power_dB=-5,0,-5,False,False,False,False,False
ucc-static-6e56376f8430a3bc,90,6e56376f8430a3bc,Download,,rsrp=-101|rsrq=-17|snr=5,rsrp=-101|rsrq=-17,-101,-17,5,ploss=-5|noise_power_dB=-30,-5,-30,False,ploss=0|noise_power_dB=-5,0,-5,False,False,False,False,False
ucc-static-6e56376f8430a3bc,91,6e56376f8430a3bc,Download,,rsrp=-101|rsrq=-17|snr=5,rsrp=-101|rsrq=-17,-101,-17,5,ploss=-5|noise_power_dB=-30,-5,-30,False,ploss=0|noise_power_dB=-5,0,-5,False,False,False,False,False
ucc-static-6e56376f8430a3bc,92,6e56376f8430a3bc,Download,,rsrp=-102|rsrq=-17|snr=2,rsrp=-102|rsrq=-17,-102,-17,2,ploss=-5|noise_power_dB=-30,-5,-30,False,ploss=0|noise_power_dB=-5,0,-5,False,False,False,False,False
ucc-static-6e56376f8430a3bc,93,6e56376f8430a3bc,Download,,rsrp=-102|rsrq=-17|snr=2,rsrp=-102|rsrq=-17,-102,-17,2,ploss=-5|noise_power_dB=-30,-5,-30,False,ploss=0|noise_power_dB=-5,0,-5,False,False,False,False,False
ucc-static-6e56376f8430a3bc,94,6e56376f8430a3bc,Download,,rsrp=-101|rsrq=-16|snr=4,rsrp=-101|rsrq=-16,-101,-16,4,ploss=-5|noise_power_dB=-30,-5,-30,False,ploss=0|noise_power_dB=-5,0,-5,False,False,False,False,False
ucc-static-6e56376f8430a3bc,95,6e56376f8430a3bc,Download,,rsrp=-101|rsrq=-16|snr=4,rsrp=-101|rsrq=-16,-101,-16,4,ploss=-5|noise_power_dB=-30,-5,-30,False,ploss=0|noise_power_dB=-5,0,-5,False,False,False,False,False
ucc-static-6e56376f8430a3bc,96,6e56376f8430a3bc,Download,,rsrp=-99|rsrq=-15|snr=4,rsrp=-99|rsrq=-15,-99,-15,4,ploss=-5|noise_power_dB=-30,-5,-30,False,ploss=0|noise_power_dB=-5,0,-5,False,False,False,False,False
ucc-static-6e56376f8430a3bc,97,6e56376f8430a3bc,Download,,rsrp=-99|rsrq=-15|snr=4,rsrp=-99|rsrq=-15,-99,-15,4,ploss=-5|noise_power_dB=-30,-5,-30,False,ploss=0|noise_power_dB=-5,0,-5,False,False,False,False,False
ucc-static-6e56376f8430a3bc,98,6e56376f8430a3bc,Download,,rsrp=-98|rsrq=-11|snr=12,rsrp=-98|rsrq=-11,-98,-11,12,ploss=0|noise_power_dB=-5,0,-5,False,ploss=0|noise_power_dB=-5,0,-5,True,False,False,True,True
ucc-static-6e56376f8430a3bc,99,6e56376f8430a3bc,Download,,rsrp=-98|rsrq=-11|snr=12,rsrp=-98|rsrq=-11,-98,-11,12,ploss=0|noise_power_dB=-5,0,-5,False,ploss=0|noise_power_dB=-5,0,-5,True,False,False,True,True
ucc-static-6e56376f8430a3bc,100,6e56376f8430a3bc,Download,,rsrp=-99|rsrq=-9|snr=9,rsrp=-99|rsrq=-9,-99,-9,9,ploss=-5|noise_power_dB=-30,-5,-30,False,ploss=0|noise_power_dB=-5,0,-5,True,False,False,True,True
ucc-static-6e56376f8430a3bc,101,6e56376f8430a3bc,Download,,rsrp=-99|rsrq=-9|snr=9,rsrp=-99|rsrq=-9,-99,-9,9,ploss=-5|noise_power_dB=-30,-5,-30,False,ploss=0|noise_power_dB=-5,0,-5,True,False,False,True,True
ucc-static-6e56376f8430a3bc,102,6e56376f8430a3bc,Download,,rsrp=-99|rsrq=-11|snr=8,rsrp=-99|rsrq=-11,-99,-11,8,ploss=-5|noise_power_dB=-30,-5,-30,False,ploss=0|noise_power_dB=-5,0,-5,True,False,False,True,True
ucc-static-6e56376f8430a3bc,103,6e56376f8430a3bc,Download,,rsrp=-99|rsrq=-11|snr=8,rsrp=-99|rsrq=-11,-99,-11,8,ploss=-5|noise_power_dB=-30,-5,-30,False,ploss=0|noise_power_dB=-5,0,-5,True,False,False,True,True
ucc-static-6e56376f8430a3bc,104,6e56376f8430a3bc,Download,,rsrp=-99|rsrq=-13|snr=7,rsrp=-99|rsrq=-13,-99,-13,7,ploss=-5|noise_power_dB=-30,-5,-30,False,ploss=0|noise_power_dB=-5,0,-5,False,False,False,False,False
ucc-static-6e56376f8430a3bc,105,6e56376f8430a3bc,Download,,rsrp=-99|rsrq=-13|snr=7,rsrp=-99|rsrq=-13,-99,-13,7,ploss=-5|noise_power_dB=-30,-5,-30,False,ploss=0|noise_power_dB=-5,0,-5,False,False,False,False,False
ucc-static-6e56376f8430a3bc,106,6e56376f8430a3bc,Download,,rsrp=-99|rsrq=-12|snr=3,rsrp=-99|rsrq=-12,-99,-12,3,ploss=-5|noise_power_dB=-30,-5,-30,False,ploss=0|noise_power_dB=-5,0,-5,True,False,False,True,True
ucc-static-6e56376f8430a3bc,107,6e56376f8430a3bc,Download,,rsrp=-99|rsrq=-12|snr=3,rsrp=-99|rsrq=-12,-99,-12,3,ploss=-5|noise_power_dB=-30,-5,-30,False,ploss=0|noise_power_dB=-5,0,-5,True,False,False,True,True
ucc-static-6e56376f8430a3bc,108,6e56376f8430a3bc,Download,,rsrp=-99|rsrq=-13|snr=8,rsrp=-99|rsrq=-13,-99,-13,8,ploss=-5|noise_power_dB=-30,-5,-30,False,ploss=0|noise_power_dB=-5,0,-5,False,False,False,False,False
ucc-static-6e56376f8430a3bc,109,6e56376f8430a3bc,Download,,rsrp=-99|rsrq=-13|snr=8,rsrp=-99|rsrq=-13,-99,-13,8,ploss=-5|noise_power_dB=-30,-5,-30,False,ploss=0|noise_power_dB=-5,0,-5,False,False,False,False,False
ucc-static-6e56376f8430a3bc,110,6e56376f8430a3bc,Download,,rsrp=-100|rsrq=-15|snr=7,rsrp=-100|rsrq=-15,-100,-15,7,ploss=-5|noise_power_dB=-30,-5,-30,False,ploss=0|noise_power_dB=-5,0,-5,False,False,False,False,False
ucc-static-6e56376f8430a3bc,111,6e56376f8430a3bc,Download,,rsrp=-100|rsrq=-15|snr=7,rsrp=-100|rsrq=-15,-100,-15,7,ploss=-5|noise_power_dB=-30,-5,-30,False,ploss=0|noise_power_dB=-5,0,-5,False,False,False,False,False
ucc-static-6e56376f8430a3bc,112,6e56376f8430a3bc,Download,,rsrp=-100|rsrq=-16|snr=5,rsrp=-100|rsrq=-16,-100,-16,5,ploss=-5|noise_power_dB=-30,-5,-30,False,ploss=0|noise_power_dB=-5,0,-5,False,False,False,False,False
ucc-static-6e56376f8430a3bc,113,6e56376f8430a3bc,Download,,rsrp=-100|rsrq=-16|snr=5,rsrp=-100|rsrq=-16,-100,-16,5,ploss=-5|noise_power_dB=-30,-5,-30,False,ploss=0|noise_power_dB=-5,0,-5,False,False,False,False,False
ucc-static-6e56376f8430a3bc,114,6e56376f8430a3bc,Download,,rsrp=-99|rsrq=-16|snr=13,rsrp=-99|rsrq=-16,-99,-16,13,ploss=-5|noise_power_dB=-30,-5,-30,False,ploss=0|noise_power_dB=-5,0,-5,False,False,False,False,False
ucc-static-6e56376f8430a3bc,115,6e56376f8430a3bc,Download,,rsrp=-99|rsrq=-16|snr=13,rsrp=-99|rsrq=-16,-99,-16,13,ploss=-5|noise_power_dB=-30,-5,-30,False,ploss=0|noise_power_dB=-5,0,-5,False,False,False,False,False
ucc-static-6e56376f8430a3bc,116,6e56376f8430a3bc,Download,,rsrp=-99|rsrq=-16|snr=5,rsrp=-99|rsrq=-16,-99,-16,5,ploss=-5|noise_power_dB=-30,-5,-30,False,ploss=0|noise_power_dB=-5,0,-5,False,False,False,False,False
ucc-static-6e56376f8430a3bc,117,6e56376f8430a3bc,Download,,rsrp=-99|rsrq=-16|snr=5,rsrp=-99|rsrq=-16,-99,-16,5,ploss=-5|noise_power_dB=-30,-5,-30,False,ploss=0|noise_power_dB=-5,0,-5,False,False,False,False,False
ucc-static-6e56376f8430a3bc,118,6e56376f8430a3bc,Download,,rsrp=-100|rsrq=-16|snr=7,rsrp=-100|rsrq=-16,-100,-16,7,ploss=-5|noise_power_dB=-30,-5,-30,False,ploss=0|noise_power_dB=-5,0,-5,False,False,False,False,False
ucc-static-6e56376f8430a3bc,119,6e56376f8430a3bc,Download,,rsrp=-99|rsrq=-17|snr=6,rsrp=-99|rsrq=-17,-99,-17,6,ploss=-5|noise_power_dB=-30,-5,-30,False,ploss=0|noise_power_dB=-5,0,-5,False,False,False,False,False
ucc-static-6e56376f8430a3bc,120,6e56376f8430a3bc,Download,,rsrp=-99|rsrq=-17|snr=6,rsrp=-99|rsrq=-17,-99,-17,6,ploss=-5|noise_power_dB=-30,-5,-30,False,ploss=0|noise_power_dB=-5,0,-5,False,False,False,False,False
ucc-static-6e56376f8430a3bc,121,6e56376f8430a3bc,Download,,rsrp=-100|rsrq=-11|snr=7,rsrp=-100|rsrq=-11,-100,-11,7,ploss=-5|noise_power_dB=-30,-5,-30,False,ploss=0|noise_power_dB=-5,0,-5,True,False,False,True,True
ucc-static-6e56376f8430a3bc,122,6e56376f8430a3bc,Download,,rsrp=-100|rsrq=-11|snr=7,rsrp=-100|rsrq=-11,-100,-11,7,ploss=-5|noise_power_dB=-30,-5,-30,False,ploss=0|noise_power_dB=-5,0,-5,True,False,False,True,True
ucc-static-6e56376f8430a3bc,123,6e56376f8430a3bc,Download,,rsrp=-99|rsrq=-11|snr=12,rsrp=-99|rsrq=-11,-99,-11,12,ploss=-5|noise_power_dB=-30,-5,-30,False,ploss=0|noise_power_dB=-5,0,-5,True,False,False,True,True
ucc-static-6e56376f8430a3bc,124,6e56376f8430a3bc,Download,,rsrp=-99|rsrq=-11|snr=12,rsrp=-99|rsrq=-11,-99,-11,12,ploss=-5|noise_power_dB=-30,-5,-30,False,ploss=0|noise_power_dB=-5,0,-5,True,False,False,True,True
ucc-static-6e56376f8430a3bc,125,6e56376f8430a3bc,Download,,rsrp=-100|rsrq=-12|snr=7,rsrp=-100|rsrq=-12,-100,-12,7,ploss=-5|noise_power_dB=-30,-5,-30,False,ploss=0|noise_power_dB=-5,0,-5,True,False,False,True,True
ucc-static-6e56376f8430a3bc,126,6e56376f8430a3bc,Download,,rsrp=-100|rsrq=-12|snr=7,rsrp=-100|rsrq=-12,-100,-12,7,ploss=-5|noise_power_dB=-30,-5,-30,False,ploss=0|noise_power_dB=-5,0,-5,True,False,False,True,True
ucc-static-6e56376f8430a3bc,127,6e56376f8430a3bc,Download,,rsrp=-100|rsrq=-14|snr=7,rsrp=-100|rsrq=-14,-100,-14,7,ploss=-5|noise_power_dB=-30,-5,-30,False,ploss=0|noise_power_dB=-5,0,-5,False,False,False,False,False
ucc-static-6e56376f8430a3bc,128,6e56376f8430a3bc,Download,,rsrp=-100|rsrq=-14|snr=7,rsrp=-100|rsrq=-14,-100,-14,7,ploss=-5|noise_power_dB=-30,-5,-30,False,ploss=0|noise_power_dB=-5,0,-5,False,False,False,False,False
ucc-static-6e56376f8430a3bc,129,6e56376f8430a3bc,Download,,rsrp=-100|rsrq=-13|snr=7,rsrp=-100|rsrq=-13,-100,-13,7,ploss=-5|noise_power_dB=-30,-5,-30,False,ploss=0|noise_power_dB=-5,0,-5,False,False,False,False,False
ucc-static-6e56376f8430a3bc,130,6e56376f8430a3bc,Download,,rsrp=-100|rsrq=-13|snr=7,rsrp=-100|rsrq=-13,-100,-13,7,ploss=-5|noise_power_dB=-30,-5,-30,False,ploss=0|noise_power_dB=-5,0,-5,False,False,False,False,False
ucc-static-6e56376f8430a3bc,131,6e56376f8430a3bc,Download,,rsrp=-100|rsrq=-14|snr=7,rsrp=-100|rsrq=-14,-100,-14,7,ploss=-5|noise_power_dB=-30,-5,-30,False,ploss=0|noise_power_dB=-5,0,-5,False,False,False,False,False
ucc-static-6e56376f8430a3bc,132,6e56376f8430a3bc,Download,,rsrp=-100|rsrq=-14|snr=7,rsrp=-100|rsrq=-14,-100,-14,7,ploss=-5|noise_power_dB=-30,-5,-30,False,ploss=0|noise_power_dB=-5,0,-5,False,False,False,False,False
ucc-static-6e56376f8430a3bc,133,6e56376f8430a3bc,Download,,rsrp=-100|rsrq=-14|snr=6,rsrp=-100|rsrq=-14,-100,-14,6,ploss=-5|noise_power_dB=-30,-5,-30,False,ploss=0|noise_power_dB=-5,0,-5,False,False,False,False,False
ucc-static-6e56376f8430a3bc,134,6e56376f8430a3bc,Download,,rsrp=-100|rsrq=-14|snr=6,rsrp=-100|rsrq=-14,-100,-14,6,ploss=-5|noise_power_dB=-30,-5,-30,False,ploss=0|noise_power_dB=-5,0,-5,False,False,False,False,False
ucc-static-6e56376f8430a3bc,135,6e56376f8430a3bc,Download,,rsrp=-100|rsrq=-12|snr=5,rsrp=-100|rsrq=-12,-100,-12,5,ploss=-5|noise_power_dB=-30,-5,-30,False,ploss=0|noise_power_dB=-5,0,-5,True,False,False,True,True
ucc-static-6e56376f8430a3bc,136,6e56376f8430a3bc,Download,,rsrp=-100|rsrq=-12|snr=5,rsrp=-100|rsrq=-12,-100,-12,5,ploss=-5|noise_power_dB=-30,-5,-30,False,ploss=0|noise_power_dB=-5,0,-5,True,False,False,True,True
ucc-static-6e56376f8430a3bc,137,6e56376f8430a3bc,Download,,rsrp=-99|rsrq=-10|snr=10,rsrp=-99|rsrq=-10,-99,-10,10,ploss=-5|noise_power_dB=-30,-5,-30,False,ploss=0|noise_power_dB=-5,0,-5,True,False,False,True,True
ucc-static-6e56376f8430a3bc,138,6e56376f8430a3bc,Download,,rsrp=-99|rsrq=-10|snr=10,rsrp=-99|rsrq=-10,-99,-10,10,ploss=-5|noise_power_dB=-30,-5,-30,False,ploss=0|noise_power_dB=-5,0,-5,True,False,False,True,True
ucc-static-6e56376f8430a3bc,139,6e56376f8430a3bc,Download,,rsrp=-99|rsrq=-10|snr=4,rsrp=-99|rsrq=-10,-99,-10,4,ploss=-5|noise_power_dB=-30,-5,-30,False,ploss=0|noise_power_dB=-5,0,-5,True,False,False,True,True
ucc-static-6e56376f8430a3bc,140,6e56376f8430a3bc,Download,,rsrp=-99|rsrq=-10|snr=4,rsrp=-99|rsrq=-10,-99,-10,4,ploss=-5|noise_power_dB=-30,-5,-30,False,ploss=0|noise_power_dB=-5,0,-5,True,False,False,True,True
ucc-static-6e56376f8430a3bc,141,6e56376f8430a3bc,Download,,rsrp=-99|rsrq=-11|snr=1,rsrp=-99|rsrq=-11,-99,-11,1,ploss=-5|noise_power_dB=-30,-5,-30,False,ploss=0|noise_power_dB=-5,0,-5,True,False,False,True,True
ucc-static-6e56376f8430a3bc,142,6e56376f8430a3bc,Download,,rsrp=-99|rsrq=-11|snr=1,rsrp=-99|rsrq=-11,-99,-11,1,ploss=-5|noise_power_dB=-30,-5,-30,False,ploss=0|noise_power_dB=-5,0,-5,True,False,False,True,True
ucc-static-6e56376f8430a3bc,143,6e56376f8430a3bc,Download,,rsrp=-100|rsrq=-12|snr=8,rsrp=-100|rsrq=-12,-100,-12,8,ploss=-5|noise_power_dB=-30,-5,-30,False,ploss=0|noise_power_dB=-5,0,-5,True,False,False,True,True
ucc-static-6e56376f8430a3bc,144,6e56376f8430a3bc,Download,,rsrp=-100|rsrq=-12|snr=8,rsrp=-100|rsrq=-12,-100,-12,8,ploss=-5|noise_power_dB=-30,-5,-30,False,ploss=0|noise_power_dB=-5,0,-5,True,False,False,True,True
ucc-static-6e56376f8430a3bc,145,6e56376f8430a3bc,Download,,rsrp=-99|rsrq=-12|snr=4,rsrp=-99|rsrq=-12,-99,-12,4,ploss=-5|noise_power_dB=-30,-5,-30,False,ploss=0|noise_power_dB=-5,0,-5,True,False,False,True,True
ucc-static-6e56376f8430a3bc,146,6e56376f8430a3bc,Download,,rsrp=-99|rsrq=-12|snr=4,rsrp=-99|rsrq=-12,-99,-12,4,ploss=-5|noise_power_dB=-30,-5,-30,False,ploss=0|noise_power_dB=-5,0,-5,True,False,False,True,True
ucc-static-6e56376f8430a3bc,147,6e56376f8430a3bc,Download,,rsrp=-99|rsrq=-10|snr=3,rsrp=-99|rsrq=-10,-99,-10,3,ploss=-5|noise_power_dB=-30,-5,-30,False,ploss=0|noise_power_dB=-5,0,-5,True,False,False,True,True
ucc-static-6e56376f8430a3bc,148,6e56376f8430a3bc,Download,,rsrp=-99|rsrq=-10|snr=3,rsrp=-99|rsrq=-10,-99,-10,3,ploss=-5|noise_power_dB=-30,-5,-30,False,ploss=0|noise_power_dB=-5,0,-5,True,False,False,True,True
ucc-static-6e56376f8430a3bc,149,6e56376f8430a3bc,Download,,rsrp=-99|rsrq=-10|snr=0,rsrp=-99|rsrq=-10,-99,-10,0,ploss=-5|noise_power_dB=-30,-5,-30,False,ploss=0|noise_power_dB=-5,0,-5,True,False,False,True,True
ucc-static-6e56376f8430a3bc,150,6e56376f8430a3bc,Download,,rsrp=-99|rsrq=-10|snr=0,rsrp=-99|rsrq=-10,-99,-10,0,ploss=-5|noise_power_dB=-30,-5,-30,False,ploss=0|noise_power_dB=-5,0,-5,True,False,False,True,True
ucc-static-6e56376f8430a3bc,151,6e56376f8430a3bc,Download,,rsrp=-99|rsrq=-11|snr=4,rsrp=-99|rsrq=-11,-99,-11,4,ploss=-5|noise_power_dB=-30,-5,-30,False,ploss=0|noise_power_dB=-5,0,-5,True,False,False,True,True
ucc-static-6e56376f8430a3bc,152,6e56376f8430a3bc,Download,,rsrp=-99|rsrq=-11|snr=4,rsrp=-99|rsrq=-11,-99,-11,4,ploss=-5|noise_power_dB=-30,-5,-30,False,ploss=0|noise_power_dB=-5,0,-5,True,False,False,True,True
ucc-static-6e56376f8430a3bc,153,6e56376f8430a3bc,Download,,rsrp=-99|rsrq=-11|snr=3,rsrp=-99|rsrq=-11,-99,-11,3,ploss=-5|noise_power_dB=-30,-5,-30,False,ploss=0|noise_power_dB=-5,0,-5,True,False,False,True,True
ucc-static-6e56376f8430a3bc,154,6e56376f8430a3bc,Download,,rsrp=-99|rsrq=-11|snr=3,rsrp=-99|rsrq=-11,-99,-11,3,ploss=-5|noise_power_dB=-30,-5,-30,False,ploss=0|noise_power_dB=-5,0,-5,True,False,False,True,True
ucc-static-6e56376f8430a3bc,155,6e56376f8430a3bc,Download,,rsrp=-99|rsrq=-12|snr=4,rsrp=-99|rsrq=-12,-99,-12,4,ploss=-5|noise_power_dB=-30,-5,-30,False,ploss=0|noise_power_dB=-5,0,-5,True,False,False,True,True
ucc-static-6e56376f8430a3bc,156,6e56376f8430a3bc,Download,,rsrp=-99|rsrq=-12|snr=4,rsrp=-99|rsrq=-12,-99,-12,4,ploss=-5|noise_power_dB=-30,-5,-30,False,ploss=0|noise_power_dB=-5,0,-5,True,False,False,True,True
ucc-static-6e56376f8430a3bc,157,6e56376f8430a3bc,Download,,rsrp=-99|rsrq=-12|snr=4,rsrp=-99|rsrq=-12,-99,-12,4,ploss=-5|noise_power_dB=-30,-5,-30,False,ploss=0|noise_power_dB=-5,0,-5,True,False,False,True,True
ucc-static-6e56376f8430a3bc,158,6e56376f8430a3bc,Download,,rsrp=-99|rsrq=-12|snr=4,rsrp=-99|rsrq=-12,-99,-12,4,ploss=-5|noise_power_dB=-30,-5,-30,False,ploss=0|noise_power_dB=-5,0,-5,True,False,False,True,True
ucc-static-6e56376f8430a3bc,159,6e56376f8430a3bc,Download,,rsrp=-100|rsrq=-12|snr=5,rsrp=-100|rsrq=-12,-100,-12,5,ploss=-5|noise_power_dB=-30,-5,-30,False,ploss=0|noise_power_dB=-5,0,-5,True,False,False,True,True
ucc-static-6e56376f8430a3bc,160,6e56376f8430a3bc,Download,,rsrp=-100|rsrq=-12|snr=5,rsrp=-100|rsrq=-12,-100,-12,5,ploss=-5|noise_power_dB=-30,-5,-30,False,ploss=0|noise_power_dB=-5,0,-5,True,False,False,True,True
ucc-static-706bde2b5e935178,0,706bde2b5e935178,Netflix,Season3-StrangerThings,rsrp=-98|rsrq=-12|snr=7,rsrp=-98|rsrq=-12,-98,-12,7,ploss=0|noise_power_dB=-5,0,-5,False,ploss=0|noise_power_dB=-5,0,-5,True,False,False,True,True
ucc-static-706bde2b5e935178,1,706bde2b5e935178,Netflix,Season3-StrangerThings,rsrp=-98|rsrq=-11|snr=0,rsrp=-98|rsrq=-11,-98,-11,0,ploss=0|noise_power_dB=-5,0,-5,False,ploss=0|noise_power_dB=-5,0,-5,True,False,False,True,True
ucc-static-706bde2b5e935178,2,706bde2b5e935178,Netflix,Season3-StrangerThings,rsrp=-98|rsrq=-11|snr=0,rsrp=-98|rsrq=-11,-98,-11,0,ploss=0|noise_power_dB=-5,0,-5,False,ploss=0|noise_power_dB=-5,0,-5,True,False,False,True,True
ucc-static-706bde2b5e935178,3,706bde2b5e935178,Netflix,Season3-StrangerThings,rsrp=-98|rsrq=-10|snr=2,rsrp=-98|rsrq=-10,-98,-10,2,ploss=0|noise_power_dB=-5,0,-5,False,ploss=0|noise_power_dB=-5,0,-5,True,False,False,True,True
ucc-static-706bde2b5e935178,4,706bde2b5e935178,Netflix,Season3-StrangerThings,rsrp=-98|rsrq=-10|snr=2,rsrp=-98|rsrq=-10,-98,-10,2,ploss=0|noise_power_dB=-5,0,-5,False,ploss=0|noise_power_dB=-5,0,-5,True,False,False,True,True
ucc-static-706bde2b5e935178,5,706bde2b5e935178,Netflix,Season3-StrangerThings,rsrp=-99|rsrq=-12|snr=-2,rsrp=-99|rsrq=-12,-99,-12,-2,ploss=-5|noise_power_dB=-30,-5,-30,False,ploss=0|noise_power_dB=-5,0,-5,True,False,False,True,True
ucc-static-706bde2b5e935178,6,706bde2b5e935178,Netflix,Season3-StrangerThings,rsrp=-99|rsrq=-12|snr=-2,rsrp=-99|rsrq=-12,-99,-12,-2,ploss=-5|noise_power_dB=-30,-5,-30,False,ploss=0|noise_power_dB=-5,0,-5,True,False,False,True,True
ucc-static-706bde2b5e935178,7,706bde2b5e935178,Netflix,Season3-StrangerThings,rsrp=-99|rsrq=-14|snr=-2,rsrp=-99|rsrq=-14,-99,-14,-2,ploss=-5|noise_power_dB=-30,-5,-30,False,ploss=0|noise_power_dB=-5,0,-5,False,False,False,False,False
ucc-static-706bde2b5e935178,8,706bde2b5e935178,Netflix,Season3-StrangerThings,rsrp=-99|rsrq=-14|snr=-2,rsrp=-99|rsrq=-14,-99,-14,-2,ploss=-5|noise_power_dB=-30,-5,-30,False,ploss=0|noise_power_dB=-5,0,-5,False,False,False,False,False
ucc-static-706bde2b5e935178,9,706bde2b5e935178,Netflix,Season3-StrangerThings,rsrp=-98|rsrq=-13|snr=-1,rsrp=-98|rsrq=-13,-98,-13,-1,ploss=0|noise_power_dB=-5,0,-5,False,ploss=0|noise_power_dB=-5,0,-5,False,False,False,False,False
ucc-static-706bde2b5e935178,10,706bde2b5e935178,Netflix,Season3-StrangerThings,rsrp=-98|rsrq=-13|snr=-1,rsrp=-98|rsrq=-13,-98,-13,-1,ploss=0|noise_power_dB=-5,0,-5,False,ploss=0|noise_power_dB=-5,0,-5,False,False,False,False,False
ucc-static-706bde2b5e935178,11,706bde2b5e935178,Netflix,Season3-StrangerThings,rsrp=-98|rsrq=-13|snr=-1,rsrp=-98|rsrq=-13,-98,-13,-1,ploss=0|noise_power_dB=-5,0,-5,False,ploss=0|noise_power_dB=-5,0,-5,False,False,False,False,False
ucc-static-706bde2b5e935178,12,706bde2b5e935178,Netflix,Season3-StrangerThings,rsrp=-98|rsrq=-13|snr=-1,rsrp=-98|rsrq=-13,-98,-13,-1,ploss=0|noise_power_dB=-5,0,-5,False,ploss=0|noise_power_dB=-5,0,-5,False,False,False,False,False
ucc-static-706bde2b5e935178,13,706bde2b5e935178,Netflix,Season3-StrangerThings,rsrp=-98|rsrq=-12|snr=-1,rsrp=-98|rsrq=-12,-98,-12,-1,ploss=0|noise_power_dB=-5,0,-5,False,ploss=0|noise_power_dB=-5,0,-5,True,False,False,True,True
ucc-static-706bde2b5e935178,14,706bde2b5e935178,Netflix,Season3-StrangerThings,rsrp=-98|rsrq=-12|snr=-1,rsrp=-98|rsrq=-12,-98,-12,-1,ploss=0|noise_power_dB=-5,0,-5,False,ploss=0|noise_power_dB=-5,0,-5,True,False,False,True,True
ucc-static-706bde2b5e935178,15,706bde2b5e935178,Netflix,Season3-StrangerThings,rsrp=-98|rsrq=-13|snr=0,rsrp=-98|rsrq=-13,-98,-13,0,ploss=0|noise_power_dB=-5,0,-5,False,ploss=0|noise_power_dB=-5,0,-5,False,False,False,False,False
ucc-static-706bde2b5e935178,16,706bde2b5e935178,Netflix,Season3-StrangerThings,rsrp=-98|rsrq=-13|snr=0,rsrp=-98|rsrq=-13,-98,-13,0,ploss=0|noise_power_dB=-5,0,-5,False,ploss=0|noise_power_dB=-5,0,-5,False,False,False,False,False
ucc-static-706bde2b5e935178,17,706bde2b5e935178,Netflix,Season3-StrangerThings,rsrp=-99|rsrq=-12|snr=0,rsrp=-99|rsrq=-12,-99,-12,0,ploss=-5|noise_power_dB=-30,-5,-30,False,ploss=0|noise_power_dB=-5,0,-5,True,False,False,True,True
ucc-static-706bde2b5e935178,18,706bde2b5e935178,Netflix,Season3-StrangerThings,rsrp=-99|rsrq=-12|snr=0,rsrp=-99|rsrq=-12,-99,-12,0,ploss=-5|noise_power_dB=-30,-5,-30,False,ploss=0|noise_power_dB=-5,0,-5,True,False,False,True,True
ucc-static-706bde2b5e935178,19,706bde2b5e935178,Netflix,Season3-StrangerThings,rsrp=-99|rsrq=-12|snr=-1,rsrp=-99|rsrq=-12,-99,-12,-1,ploss=-5|noise_power_dB=-30,-5,-30,False,ploss=0|noise_power_dB=-5,0,-5,True,False,False,True,True
ucc-static-706bde2b5e935178,20,706bde2b5e935178,Netflix,Season3-StrangerThings,rsrp=-99|rsrq=-12|snr=-1,rsrp=-99|rsrq=-12,-99,-12,-1,ploss=-5|noise_power_dB=-30,-5,-30,False,ploss=0|noise_power_dB=-5,0,-5,True,False,False,True,True
ucc-static-706bde2b5e935178,21,706bde2b5e935178,Netflix,Season3-StrangerThings,rsrp=-98|rsrq=-12|snr=2,rsrp=-98|rsrq=-12,-98,-12,2,ploss=0|noise_power_dB=-5,0,-5,False,ploss=0|noise_power_dB=-5,0,-5,True,False,False,True,True
ucc-static-706bde2b5e935178,22,706bde2b5e935178,Netflix,Season3-StrangerThings,rsrp=-98|rsrq=-12|snr=2,rsrp=-98|rsrq=-12,-98,-12,2,ploss=0|noise_power_dB=-5,0,-5,False,ploss=0|noise_power_dB=-5,0,-5,True,False,False,True,True
ucc-static-706bde2b5e935178,23,706bde2b5e935178,Netflix,Season3-StrangerThings,rsrp=-101|rsrq=-12|snr=1,rsrp=-101|rsrq=-12,-101,-12,1,ploss=-5|noise_power_dB=-30,-5,-30,False,ploss=0|noise_power_dB=-5,0,-5,True,False,False,True,True
ucc-static-706bde2b5e935178,24,706bde2b5e935178,Netflix,Season3-StrangerThings,rsrp=-101|rsrq=-12|snr=1,rsrp=-101|rsrq=-12,-101,-12,1,ploss=-5|noise_power_dB=-30,-5,-30,False,ploss=0|noise_power_dB=-5,0,-5,True,False,False,True,True
ucc-static-706bde2b5e935178,25,706bde2b5e935178,Netflix,Season3-StrangerThings,rsrp=-99|rsrq=-11|snr=5,rsrp=-99|rsrq=-11,-99,-11,5,ploss=-5|noise_power_dB=-30,-5,-30,False,ploss=0|noise_power_dB=-5,0,-5,True,False,False,True,True
ucc-static-706bde2b5e935178,26,706bde2b5e935178,Netflix,Season3-StrangerThings,rsrp=-99|rsrq=-11|snr=5,rsrp=-99|rsrq=-11,-99,-11,5,ploss=-5|noise_power_dB=-30,-5,-30,False,ploss=0|noise_power_dB=-5,0,-5,True,False,False,True,True
ucc-static-706bde2b5e935178,27,706bde2b5e935178,Netflix,Season3-StrangerThings,rsrp=-100|rsrq=-11|snr=-1,rsrp=-100|rsrq=-11,-100,-11,-1,ploss=-5|noise_power_dB=-30,-5,-30,False,ploss=0|noise_power_dB=-5,0,-5,True,False,False,True,True
ucc-static-706bde2b5e935178,28,706bde2b5e935178,Netflix,Season3-StrangerThings,rsrp=-100|rsrq=-11|snr=-1,rsrp=-100|rsrq=-11,-100,-11,-1,ploss=-5|noise_power_dB=-30,-5,-30,False,ploss=0|noise_power_dB=-5,0,-5,True,False,False,True,True
ucc-static-706bde2b5e935178,29,706bde2b5e935178,Netflix,Season3-StrangerThings,rsrp=-100|rsrq=-11|snr=2,rsrp=-100|rsrq=-11,-100,-11,2,ploss=-5|noise_power_dB=-30,-5,-30,False,ploss=0|noise_power_dB=-5,0,-5,True,False,False,True,True
ucc-static-706bde2b5e935178,30,706bde2b5e935178,Netflix,Season3-StrangerThings,rsrp=-100|rsrq=-11|snr=2,rsrp=-100|rsrq=-11,-100,-11,2,ploss=-5|noise_power_dB=-30,-5,-30,False,ploss=0|noise_power_dB=-5,0,-5,True,False,False,True,True
ucc-static-706bde2b5e935178,31,706bde2b5e935178,Netflix,Season3-StrangerThings,rsrp=-99|rsrq=-14|snr=0,rsrp=-99|rsrq=-14,-99,-14,0,ploss=-5|noise_power_dB=-30,-5,-30,False,ploss=0|noise_power_dB=-5,0,-5,False,False,False,False,False
ucc-static-706bde2b5e935178,32,706bde2b5e935178,Netflix,Season3-StrangerThings,rsrp=-99|rsrq=-14|snr=0,rsrp=-99|rsrq=-14,-99,-14,0,ploss=-5|noise_power_dB=-30,-5,-30,False,ploss=0|noise_power_dB=-5,0,-5,False,False,False,False,False
ucc-static-706bde2b5e935178,33,706bde2b5e935178,Netflix,Season3-StrangerThings,rsrp=-98|rsrq=-11|snr=-1,rsrp=-98|rsrq=-11,-98,-11,-1,ploss=0|noise_power_dB=-5,0,-5,False,ploss=0|noise_power_dB=-5,0,-5,True,False,False,True,True
ucc-static-706bde2b5e935178,34,706bde2b5e935178,Netflix,Season3-StrangerThings,rsrp=-98|rsrq=-11|snr=-1,rsrp=-98|rsrq=-11,-98,-11,-1,ploss=0|noise_power_dB=-5,0,-5,False,ploss=0|noise_power_dB=-5,0,-5,True,False,False,True,True
ucc-static-706bde2b5e935178,35,706bde2b5e935178,Netflix,Season3-StrangerThings,rsrp=-99|rsrq=-11|snr=0,rsrp=-99|rsrq=-11,-99,-11,0,ploss=-5|noise_power_dB=-30,-5,-30,False,ploss=0|noise_power_dB=-5,0,-5,True,False,False,True,True
ucc-static-706bde2b5e935178,36,706bde2b5e935178,Netflix,Season3-StrangerThings,rsrp=-99|rsrq=-11|snr=0,rsrp=-99|rsrq=-11,-99,-11,0,ploss=-5|noise_power_dB=-30,-5,-30,False,ploss=0|noise_power_dB=-5,0,-5,True,False,False,True,True
ucc-static-706bde2b5e935178,37,706bde2b5e935178,Netflix,Season3-StrangerThings,rsrp=-101|rsrq=-12|snr=-3,rsrp=-101|rsrq=-12,-101,-12,-3,ploss=-5|noise_power_dB=-30,-5,-30,False,ploss=0|noise_power_dB=-5,0,-5,True,False,False,True,True
ucc-static-706bde2b5e935178,38,706bde2b5e935178,Netflix,Season3-StrangerThings,rsrp=-101|rsrq=-12|snr=-3,rsrp=-101|rsrq=-12,-101,-12,-3,ploss=-5|noise_power_dB=-30,-5,-30,False,ploss=0|noise_power_dB=-5,0,-5,True,False,False,True,True
ucc-static-706bde2b5e935178,39,706bde2b5e935178,Netflix,Season3-StrangerThings,rsrp=-101|rsrq=-14|snr=-2,rsrp=-101|rsrq=-14,-101,-14,-2,ploss=-5|noise_power_dB=-30,-5,-30,False,ploss=0|noise_power_dB=-5,0,-5,False,False,False,False,False
ucc-static-706bde2b5e935178,40,706bde2b5e935178,Netflix,Season3-StrangerThings,rsrp=-101|rsrq=-14|snr=-2,rsrp=-101|rsrq=-14,-101,-14,-2,ploss=-5|noise_power_dB=-30,-5,-30,False,ploss=0|noise_power_dB=-5,0,-5,False,False,False,False,False
ucc-static-706bde2b5e935178,41,706bde2b5e935178,Netflix,Season3-StrangerThings,rsrp=-101|rsrq=-12|snr=-1,rsrp=-101|rsrq=-12,-101,-12,-1,ploss=-5|noise_power_dB=-30,-5,-30,False,ploss=0|noise_power_dB=-5,0,-5,True,False,False,True,True
ucc-static-706bde2b5e935178,42,706bde2b5e935178,Netflix,Season3-StrangerThings,rsrp=-101|rsrq=-12|snr=-1,rsrp=-101|rsrq=-12,-101,-12,-1,ploss=-5|noise_power_dB=-30,-5,-30,False,ploss=0|noise_power_dB=-5,0,-5,True,False,False,True,True
ucc-static-706bde2b5e935178,43,706bde2b5e935178,Netflix,Season3-StrangerThings,rsrp=-99|rsrq=-12|snr=-4,rsrp=-99|rsrq=-12,-99,-12,-4,ploss=-5|noise_power_dB=-30,-5,-30,False,ploss=0|noise_power_dB=-5,0,-5,True,False,False,True,True
ucc-static-706bde2b5e935178,44,706bde2b5e935178,Netflix,Season3-StrangerThings,rsrp=-99|rsrq=-12|snr=-4,rsrp=-99|rsrq=-12,-99,-12,-4,ploss=-5|noise_power_dB=-30,-5,-30,False,ploss=0|noise_power_dB=-5,0,-5,True,False,False,True,True
ucc-static-706bde2b5e935178,45,706bde2b5e935178,Netflix,Season3-StrangerThings,rsrp=-99|rsrq=-13|snr=-2,rsrp=-99|rsrq=-13,-99,-13,-2,ploss=-5|noise_power_dB=-30,-5,-30,False,ploss=0|noise_power_dB=-5,0,-5,False,False,False,False,False
ucc-static-706bde2b5e935178,46,706bde2b5e935178,Netflix,Season3-StrangerThings,rsrp=-99|rsrq=-13|snr=-2,rsrp=-99|rsrq=-13,-99,-13,-2,ploss=-5|noise_power_dB=-30,-5,-30,False,ploss=0|noise_power_dB=-5,0,-5,False,False,False,False,False
ucc-static-706bde2b5e935178,47,706bde2b5e935178,Netflix,Season3-StrangerThings,rsrp=-99|rsrq=-13|snr=1,rsrp=-99|rsrq=-13,-99,-13,1,ploss=-5|noise_power_dB=-30,-5,-30,False,ploss=0|noise_power_dB=-5,0,-5,False,False,False,False,False
ucc-static-706bde2b5e935178,48,706bde2b5e935178,Netflix,Season3-StrangerThings,rsrp=-99|rsrq=-13|snr=1,rsrp=-99|rsrq=-13,-99,-13,1,ploss=-5|noise_power_dB=-30,-5,-30,False,ploss=0|noise_power_dB=-5,0,-5,False,False,False,False,False
ucc-static-706bde2b5e935178,49,706bde2b5e935178,Netflix,Season3-StrangerThings,rsrp=-98|rsrq=-12|snr=2,rsrp=-98|rsrq=-12,-98,-12,2,ploss=0|noise_power_dB=-5,0,-5,False,ploss=0|noise_power_dB=-5,0,-5,True,False,False,True,True
ucc-static-706bde2b5e935178,50,706bde2b5e935178,Netflix,Season3-StrangerThings,rsrp=-98|rsrq=-12|snr=2,rsrp=-98|rsrq=-12,-98,-12,2,ploss=0|noise_power_dB=-5,0,-5,False,ploss=0|noise_power_dB=-5,0,-5,True,False,False,True,True
ucc-static-706bde2b5e935178,51,706bde2b5e935178,Netflix,Season3-StrangerThings,rsrp=-98|rsrq=-14|snr=0,rsrp=-98|rsrq=-14,-98,-14,0,ploss=0|noise_power_dB=-5,0,-5,False,ploss=0|noise_power_dB=-5,0,-5,False,False,False,False,False
ucc-static-706bde2b5e935178,52,706bde2b5e935178,Netflix,Season3-StrangerThings,rsrp=-98|rsrq=-14|snr=0,rsrp=-98|rsrq=-14,-98,-14,0,ploss=0|noise_power_dB=-5,0,-5,False,ploss=0|noise_power_dB=-5,0,-5,False,False,False,False,False
ucc-static-706bde2b5e935178,53,706bde2b5e935178,Netflix,Season3-StrangerThings,rsrp=-99|rsrq=-12|snr=3,rsrp=-99|rsrq=-12,-99,-12,3,ploss=-5|noise_power_dB=-30,-5,-30,False,ploss=0|noise_power_dB=-5,0,-5,True,False,False,True,True
ucc-static-706bde2b5e935178,54,706bde2b5e935178,Netflix,Season3-StrangerThings,rsrp=-99|rsrq=-12|snr=3,rsrp=-99|rsrq=-12,-99,-12,3,ploss=-5|noise_power_dB=-30,-5,-30,False,ploss=0|noise_power_dB=-5,0,-5,True,False,False,True,True
ucc-static-706bde2b5e935178,55,706bde2b5e935178,Netflix,Season3-StrangerThings,rsrp=-100|rsrq=-11|snr=2,rsrp=-100|rsrq=-11,-100,-11,2,ploss=-5|noise_power_dB=-30,-5,-30,False,ploss=0|noise_power_dB=-5,0,-5,True,False,False,True,True
ucc-static-706bde2b5e935178,56,706bde2b5e935178,Netflix,Season3-StrangerThings,rsrp=-100|rsrq=-11|snr=2,rsrp=-100|rsrq=-11,-100,-11,2,ploss=-5|noise_power_dB=-30,-5,-30,False,ploss=0|noise_power_dB=-5,0,-5,True,False,False,True,True
ucc-static-706bde2b5e935178,57,706bde2b5e935178,Netflix,Season3-StrangerThings,rsrp=-99|rsrq=-13|snr=0,rsrp=-99|rsrq=-13,-99,-13,0,ploss=-5|noise_power_dB=-30,-5,-30,False,ploss=0|noise_power_dB=-5,0,-5,False,False,False,False,False
ucc-static-706bde2b5e935178,58,706bde2b5e935178,Netflix,Season3-StrangerThings,rsrp=-99|rsrq=-13|snr=0,rsrp=-99|rsrq=-13,-99,-13,0,ploss=-5|noise_power_dB=-30,-5,-30,False,ploss=0|noise_power_dB=-5,0,-5,False,False,False,False,False
ucc-static-706bde2b5e935178,59,706bde2b5e935178,Netflix,Season3-StrangerThings,rsrp=-100|rsrq=-14|snr=-1,rsrp=-100|rsrq=-14,-100,-14,-1,ploss=-5|noise_power_dB=-30,-5,-30,False,ploss=0|noise_power_dB=-5,0,-5,False,False,False,False,False
ucc-static-706bde2b5e935178,60,706bde2b5e935178,Netflix,Season3-StrangerThings,rsrp=-100|rsrq=-14|snr=-1,rsrp=-100|rsrq=-14,-100,-14,-1,ploss=-5|noise_power_dB=-30,-5,-30,False,ploss=0|noise_power_dB=-5,0,-5,False,False,False,False,False
ucc-static-706bde2b5e935178,61,706bde2b5e935178,Netflix,Season3-StrangerThings,rsrp=-100|rsrq=-15|snr=-2,rsrp=-100|rsrq=-15,-100,-15,-2,ploss=-5|noise_power_dB=-30,-5,-30,False,ploss=0|noise_power_dB=-5,0,-5,False,False,False,False,False
ucc-static-706bde2b5e935178,62,706bde2b5e935178,Netflix,Season3-StrangerThings,rsrp=-100|rsrq=-15|snr=-2,rsrp=-100|rsrq=-15,-100,-15,-2,ploss=-5|noise_power_dB=-30,-5,-30,False,ploss=0|noise_power_dB=-5,0,-5,False,False,False,False,False
ucc-static-706bde2b5e935178,63,706bde2b5e935178,Netflix,Season3-StrangerThings,rsrp=-97|rsrq=-12|snr=1,rsrp=-97|rsrq=-12,-97,-12,1,ploss=0|noise_power_dB=-5,0,-5,False,ploss=0|noise_power_dB=-5,0,-5,True,False,False,True,True
ucc-static-706bde2b5e935178,64,706bde2b5e935178,Netflix,Season3-StrangerThings,rsrp=-97|rsrq=-12|snr=1,rsrp=-97|rsrq=-12,-97,-12,1,ploss=0|noise_power_dB=-5,0,-5,False,ploss=0|noise_power_dB=-5,0,-5,True,False,False,True,True
ucc-static-706bde2b5e935178,65,706bde2b5e935178,Netflix,Season3-StrangerThings,rsrp=-100|rsrq=-11|snr=1,rsrp=-100|rsrq=-11,-100,-11,1,ploss=-5|noise_power_dB=-30,-5,-30,False,ploss=0|noise_power_dB=-5,0,-5,True,False,False,True,True
ucc-static-706bde2b5e935178,66,706bde2b5e935178,Netflix,Season3-StrangerThings,rsrp=-100|rsrq=-11|snr=1,rsrp=-100|rsrq=-11,-100,-11,1,ploss=-5|noise_power_dB=-30,-5,-30,False,ploss=0|noise_power_dB=-5,0,-5,True,False,False,True,True
ucc-static-706bde2b5e935178,67,706bde2b5e935178,Netflix,Season3-StrangerThings,rsrp=-100|rsrq=-12|snr=-4,rsrp=-100|rsrq=-12,-100,-12,-4,ploss=-5|noise_power_dB=-30,-5,-30,False,ploss=0|noise_power_dB=-5,0,-5,True,False,False,True,True
ucc-static-706bde2b5e935178,68,706bde2b5e935178,Netflix,Season3-StrangerThings,rsrp=-100|rsrq=-12|snr=-4,rsrp=-100|rsrq=-12,-100,-12,-4,ploss=-5|noise_power_dB=-30,-5,-30,False,ploss=0|noise_power_dB=-5,0,-5,True,False,False,True,True
ucc-static-706bde2b5e935178,69,706bde2b5e935178,Netflix,Season3-StrangerThings,rsrp=-100|rsrq=-17|snr=10,rsrp=-100|rsrq=-17,-100,-17,10,ploss=-5|noise_power_dB=-30,-5,-30,False,ploss=0|noise_power_dB=-5,0,-5,False,False,False,False,False
ucc-static-706bde2b5e935178,70,706bde2b5e935178,Netflix,Season3-StrangerThings,rsrp=-100|rsrq=-17|snr=10,rsrp=-100|rsrq=-17,-100,-17,10,ploss=-5|noise_power_dB=-30,-5,-30,False,ploss=0|noise_power_dB=-5,0,-5,False,False,False,False,False
ucc-static-706bde2b5e935178,71,706bde2b5e935178,Netflix,Season3-StrangerThings,rsrp=-100|rsrq=-13|snr=4,rsrp=-100|rsrq=-13,-100,-13,4,ploss=-5|noise_power_dB=-30,-5,-30,False,ploss=0|noise_power_dB=-5,0,-5,False,False,False,False,False
ucc-static-706bde2b5e935178,72,706bde2b5e935178,Netflix,Season3-StrangerThings,rsrp=-100|rsrq=-13|snr=4,rsrp=-100|rsrq=-13,-100,-13,4,ploss=-5|noise_power_dB=-30,-5,-30,False,ploss=0|noise_power_dB=-5,0,-5,False,False,False,False,False
ucc-static-706bde2b5e935178,73,706bde2b5e935178,Netflix,Season3-StrangerThings,rsrp=-99|rsrq=-12|snr=5,rsrp=-99|rsrq=-12,-99,-12,5,ploss=-5|noise_power_dB=-30,-5,-30,False,ploss=0|noise_power_dB=-5,0,-5,True,False,False,True,True
ucc-static-706bde2b5e935178,74,706bde2b5e935178,Netflix,Season3-StrangerThings,rsrp=-99|rsrq=-12|snr=5,rsrp=-99|rsrq=-12,-99,-12,5,ploss=-5|noise_power_dB=-30,-5,-30,False,ploss=0|noise_power_dB=-5,0,-5,True,False,False,True,True
ucc-static-706bde2b5e935178,75,706bde2b5e935178,Netflix,Season3-StrangerThings,rsrp=-100|rsrq=-12|snr=-5,rsrp=-100|rsrq=-12,-100,-12,-5,ploss=-5|noise_power_dB=-30,-5,-30,False,ploss=0|noise_power_dB=-5,0,-5,True,False,False,True,True
ucc-static-706bde2b5e935178,76,706bde2b5e935178,Netflix,Season3-StrangerThings,rsrp=-100|rsrq=-12|snr=-5,rsrp=-100|rsrq=-12,-100,-12,-5,ploss=-5|noise_power_dB=-30,-5,-30,False,ploss=0|noise_power_dB=-5,0,-5,True,False,False,True,True
ucc-static-706bde2b5e935178,77,706bde2b5e935178,Netflix,Season3-StrangerThings,rsrp=-98|rsrq=-13|snr=-3,rsrp=-98|rsrq=-13,-98,-13,-3,ploss=0|noise_power_dB=-5,0,-5,False,ploss=0|noise_power_dB=-5,0,-5,False,False,False,False,False
ucc-static-706bde2b5e935178,78,706bde2b5e935178,Netflix,Season3-StrangerThings,rsrp=-98|rsrq=-13|snr=-3,rsrp=-98|rsrq=-13,-98,-13,-3,ploss=0|noise_power_dB=-5,0,-5,False,ploss=0|noise_power_dB=-5,0,-5,False,False,False,False,False
ucc-static-706bde2b5e935178,79,706bde2b5e935178,Netflix,Season3-StrangerThings,rsrp=-97|rsrq=-13|snr=-1,rsrp=-97|rsrq=-13,-97,-13,-1,ploss=0|noise_power_dB=-5,0,-5,False,ploss=0|noise_power_dB=-5,0,-5,False,False,False,False,False
ucc-static-706bde2b5e935178,80,706bde2b5e935178,Netflix,Season3-StrangerThings,rsrp=-97|rsrq=-13|snr=-1,rsrp=-97|rsrq=-13,-97,-13,-1,ploss=0|noise_power_dB=-5,0,-5,False,ploss=0|noise_power_dB=-5,0,-5,False,False,False,False,False
ucc-static-706bde2b5e935178,81,706bde2b5e935178,Netflix,Season3-StrangerThings,rsrp=-97|rsrq=-14|snr=-1,rsrp=-97|rsrq=-14,-97,-14,-1,ploss=0|noise_power_dB=-5,0,-5,False,ploss=0|noise_power_dB=-5,0,-5,False,False,False,False,False
ucc-static-706bde2b5e935178,82,706bde2b5e935178,Netflix,Season3-StrangerThings,rsrp=-97|rsrq=-14|snr=-1,rsrp=-97|rsrq=-14,-97,-14,-1,ploss=0|noise_power_dB=-5,0,-5,False,ploss=0|noise_power_dB=-5,0,-5,False,False,False,False,False
ucc-static-706bde2b5e935178,83,706bde2b5e935178,Netflix,Season3-StrangerThings,rsrp=-97|rsrq=-16|snr=-3,rsrp=-97|rsrq=-16,-97,-16,-3,ploss=0|noise_power_dB=-5,0,-5,False,ploss=0|noise_power_dB=-5,0,-5,False,False,False,False,False
ucc-static-706bde2b5e935178,84,706bde2b5e935178,Netflix,Season3-StrangerThings,rsrp=-97|rsrq=-16|snr=-3,rsrp=-97|rsrq=-16,-97,-16,-3,ploss=0|noise_power_dB=-5,0,-5,False,ploss=0|noise_power_dB=-5,0,-5,False,False,False,False,False
ucc-static-706bde2b5e935178,85,706bde2b5e935178,Netflix,Season3-StrangerThings,rsrp=-97|rsrq=-15|snr=-3,rsrp=-97|rsrq=-15,-97,-15,-3,ploss=0|noise_power_dB=-5,0,-5,False,ploss=0|noise_power_dB=-5,0,-5,False,False,False,False,False
ucc-static-706bde2b5e935178,86,706bde2b5e935178,Netflix,Season3-StrangerThings,rsrp=-97|rsrq=-15|snr=-3,rsrp=-97|rsrq=-15,-97,-15,-3,ploss=0|noise_power_dB=-5,0,-5,False,ploss=0|noise_power_dB=-5,0,-5,False,False,False,False,False
ucc-static-706bde2b5e935178,87,706bde2b5e935178,Netflix,Season3-StrangerThings,rsrp=-97|rsrq=-15|snr=-5,rsrp=-97|rsrq=-15,-97,-15,-5,ploss=0|noise_power_dB=-5,0,-5,False,ploss=0|noise_power_dB=-5,0,-5,False,False,False,False,False
ucc-static-706bde2b5e935178,88,706bde2b5e935178,Netflix,Season3-StrangerThings,rsrp=-97|rsrq=-15|snr=-5,rsrp=-97|rsrq=-15,-97,-15,-5,ploss=0|noise_power_dB=-5,0,-5,False,ploss=0|noise_power_dB=-5,0,-5,False,False,False,False,False
ucc-static-706bde2b5e935178,89,706bde2b5e935178,Netflix,Season3-StrangerThings,rsrp=-97|rsrq=-14|snr=-1,rsrp=-97|rsrq=-14,-97,-14,-1,ploss=0|noise_power_dB=-5,0,-5,False,ploss=0|noise_power_dB=-5,0,-5,False,False,False,False,False
ucc-static-706bde2b5e935178,90,706bde2b5e935178,Netflix,Season3-StrangerThings,rsrp=-97|rsrq=-14|snr=-1,rsrp=-97|rsrq=-14,-97,-14,-1,ploss=0|noise_power_dB=-5,0,-5,False,ploss=0|noise_power_dB=-5,0,-5,False,False,False,False,False
ucc-static-706bde2b5e935178,91,706bde2b5e935178,Netflix,Season3-StrangerThings,rsrp=-97|rsrq=-15|snr=-1,rsrp=-97|rsrq=-15,-97,-15,-1,ploss=0|noise_power_dB=-5,0,-5,False,ploss=0|noise_power_dB=-5,0,-5,False,False,False,False,False
ucc-static-706bde2b5e935178,92,706bde2b5e935178,Netflix,Season3-StrangerThings,rsrp=-97|rsrq=-15|snr=-1,rsrp=-97|rsrq=-15,-97,-15,-1,ploss=0|noise_power_dB=-5,0,-5,False,ploss=0|noise_power_dB=-5,0,-5,False,False,False,False,False
ucc-static-706bde2b5e935178,93,706bde2b5e935178,Netflix,Season3-StrangerThings,rsrp=-98|rsrq=-15|snr=-2,rsrp=-98|rsrq=-15,-98,-15,-2,ploss=0|noise_power_dB=-5,0,-5,False,ploss=0|noise_power_dB=-5,0,-5,False,False,False,False,False
ucc-static-706bde2b5e935178,94,706bde2b5e935178,Netflix,Season3-StrangerThings,rsrp=-98|rsrq=-15|snr=-2,rsrp=-98|rsrq=-15,-98,-15,-2,ploss=0|noise_power_dB=-5,0,-5,False,ploss=0|noise_power_dB=-5,0,-5,False,False,False,False,False
ucc-static-706bde2b5e935178,95,706bde2b5e935178,Netflix,Season3-StrangerThings,rsrp=-98|rsrq=-17|snr=4,rsrp=-98|rsrq=-17,-98,-17,4,ploss=0|noise_power_dB=-5,0,-5,False,ploss=0|noise_power_dB=-5,0,-5,False,False,False,False,False
ucc-static-706bde2b5e935178,96,706bde2b5e935178,Netflix,Season3-StrangerThings,rsrp=-98|rsrq=-17|snr=4,rsrp=-98|rsrq=-17,-98,-17,4,ploss=0|noise_power_dB=-5,0,-5,False,ploss=0|noise_power_dB=-5,0,-5,False,False,False,False,False
ucc-static-706bde2b5e935178,97,706bde2b5e935178,Netflix,Season3-StrangerThings,rsrp=-97|rsrq=-13|snr=5,rsrp=-97|rsrq=-13,-97,-13,5,ploss=0|noise_power_dB=-5,0,-5,False,ploss=0|noise_power_dB=-5,0,-5,False,False,False,False,False
ucc-static-706bde2b5e935178,98,706bde2b5e935178,Netflix,Season3-StrangerThings,rsrp=-97|rsrq=-13|snr=5,rsrp=-97|rsrq=-13,-97,-13,5,ploss=0|noise_power_dB=-5,0,-5,False,ploss=0|noise_power_dB=-5,0,-5,False,False,False,False,False
ucc-static-706bde2b5e935178,99,706bde2b5e935178,Netflix,Season3-StrangerThings,rsrp=-98|rsrq=-15|snr=1,rsrp=-98|rsrq=-15,-98,-15,1,ploss=0|noise_power_dB=-5,0,-5,False,ploss=0|noise_power_dB=-5,0,-5,False,False,False,False,False
ucc-static-706bde2b5e935178,100,706bde2b5e935178,Netflix,Season3-StrangerThings,rsrp=-98|rsrq=-15|snr=1,rsrp=-98|rsrq=-15,-98,-15,1,ploss=0|noise_power_dB=-5,0,-5,False,ploss=0|noise_power_dB=-5,0,-5,False,False,False,False,False
ucc-static-706bde2b5e935178,101,706bde2b5e935178,Netflix,Season3-StrangerThings,rsrp=-98|rsrq=-16|snr=-1,rsrp=-98|rsrq=-16,-98,-16,-1,ploss=0|noise_power_dB=-5,0,-5,False,ploss=0|noise_power_dB=-5,0,-5,False,False,False,False,False
ucc-static-706bde2b5e935178,102,706bde2b5e935178,Netflix,Season3-StrangerThings,rsrp=-98|rsrq=-16|snr=-1,rsrp=-98|rsrq=-16,-98,-16,-1,ploss=0|noise_power_dB=-5,0,-5,False,ploss=0|noise_power_dB=-5,0,-5,False,False,False,False,False
ucc-static-706bde2b5e935178,103,706bde2b5e935178,Netflix,Season3-StrangerThings,rsrp=-98|rsrq=-13|snr=9,rsrp=-98|rsrq=-13,-98,-13,9,ploss=0|noise_power_dB=-5,0,-5,False,ploss=0|noise_power_dB=-5,0,-5,False,False,False,False,False
ucc-static-706bde2b5e935178,104,706bde2b5e935178,Netflix,Season3-StrangerThings,rsrp=-98|rsrq=-13|snr=9,rsrp=-98|rsrq=-13,-98,-13,9,ploss=0|noise_power_dB=-5,0,-5,False,ploss=0|noise_power_dB=-5,0,-5,False,False,False,False,False
ucc-static-706bde2b5e935178,105,706bde2b5e935178,Netflix,Season3-StrangerThings,rsrp=-97|rsrq=-14|snr=1,rsrp=-97|rsrq=-14,-97,-14,1,ploss=0|noise_power_dB=-5,0,-5,False,ploss=0|noise_power_dB=-5,0,-5,False,False,False,False,False
ucc-static-706bde2b5e935178,106,706bde2b5e935178,Netflix,Season3-StrangerThings,rsrp=-97|rsrq=-14|snr=1,rsrp=-97|rsrq=-14,-97,-14,1,ploss=0|noise_power_dB=-5,0,-5,False,ploss=0|noise_power_dB=-5,0,-5,False,False,False,False,False
ucc-static-706bde2b5e935178,107,706bde2b5e935178,Netflix,Season3-StrangerThings,rsrp=-98|rsrq=-15|snr=2,rsrp=-98|rsrq=-15,-98,-15,2,ploss=0|noise_power_dB=-5,0,-5,False,ploss=0|noise_power_dB=-5,0,-5,False,False,False,False,False
ucc-static-706bde2b5e935178,108,706bde2b5e935178,Netflix,Season3-StrangerThings,rsrp=-98|rsrq=-15|snr=2,rsrp=-98|rsrq=-15,-98,-15,2,ploss=0|noise_power_dB=-5,0,-5,False,ploss=0|noise_power_dB=-5,0,-5,False,False,False,False,False
ucc-static-706bde2b5e935178,109,706bde2b5e935178,Netflix,Season3-StrangerThings,rsrp=-98|rsrq=-15|snr=2,rsrp=-98|rsrq=-15,-98,-15,2,ploss=0|noise_power_dB=-5,0,-5,False,ploss=0|noise_power_dB=-5,0,-5,False,False,False,False,False
ucc-static-706bde2b5e935178,110,706bde2b5e935178,Netflix,Season3-StrangerThings,rsrp=-98|rsrq=-15|snr=2,rsrp=-98|rsrq=-15,-98,-15,2,ploss=0|noise_power_dB=-5,0,-5,False,ploss=0|noise_power_dB=-5,0,-5,False,False,False,False,False
ucc-static-706bde2b5e935178,111,706bde2b5e935178,Netflix,Season3-StrangerThings,rsrp=-97|rsrq=-16|snr=0,rsrp=-97|rsrq=-16,-97,-16,0,ploss=0|noise_power_dB=-5,0,-5,False,ploss=0|noise_power_dB=-5,0,-5,False,False,False,False,False
ucc-static-706bde2b5e935178,112,706bde2b5e935178,Netflix,Season3-StrangerThings,rsrp=-97|rsrq=-16|snr=0,rsrp=-97|rsrq=-16,-97,-16,0,ploss=0|noise_power_dB=-5,0,-5,False,ploss=0|noise_power_dB=-5,0,-5,False,False,False,False,False
ucc-static-706bde2b5e935178,113,706bde2b5e935178,Netflix,Season3-StrangerThings,rsrp=-97|rsrq=-15|snr=1,rsrp=-97|rsrq=-15,-97,-15,1,ploss=0|noise_power_dB=-5,0,-5,False,ploss=0|noise_power_dB=-5,0,-5,False,False,False,False,False
ucc-static-706bde2b5e935178,114,706bde2b5e935178,Netflix,Season3-StrangerThings,rsrp=-97|rsrq=-15|snr=1,rsrp=-97|rsrq=-15,-97,-15,1,ploss=0|noise_power_dB=-5,0,-5,False,ploss=0|noise_power_dB=-5,0,-5,False,False,False,False,False
ucc-static-706bde2b5e935178,115,706bde2b5e935178,Netflix,Season3-StrangerThings,rsrp=-97|rsrq=-11|snr=7,rsrp=-97|rsrq=-11,-97,-11,7,ploss=0|noise_power_dB=-5,0,-5,False,ploss=0|noise_power_dB=-5,0,-5,True,False,False,True,True
ucc-static-706bde2b5e935178,116,706bde2b5e935178,Netflix,Season3-StrangerThings,rsrp=-97|rsrq=-11|snr=7,rsrp=-97|rsrq=-11,-97,-11,7,ploss=0|noise_power_dB=-5,0,-5,False,ploss=0|noise_power_dB=-5,0,-5,True,False,False,True,True
ucc-static-706bde2b5e935178,117,706bde2b5e935178,Netflix,Season3-StrangerThings,rsrp=-97|rsrq=-12|snr=0,rsrp=-97|rsrq=-12,-97,-12,0,ploss=0|noise_power_dB=-5,0,-5,False,ploss=0|noise_power_dB=-5,0,-5,True,False,False,True,True
ucc-static-706bde2b5e935178,118,706bde2b5e935178,Netflix,Season3-StrangerThings,rsrp=-97|rsrq=-12|snr=0,rsrp=-97|rsrq=-12,-97,-12,0,ploss=0|noise_power_dB=-5,0,-5,False,ploss=0|noise_power_dB=-5,0,-5,True,False,False,True,True
ucc-static-706bde2b5e935178,119,706bde2b5e935178,Netflix,Season3-StrangerThings,rsrp=-97|rsrq=-13|snr=-4,rsrp=-97|rsrq=-13,-97,-13,-4,ploss=0|noise_power_dB=-5,0,-5,False,ploss=0|noise_power_dB=-5,0,-5,False,False,False,False,False
ucc-static-706bde2b5e935178,120,706bde2b5e935178,Netflix,Season3-StrangerThings,rsrp=-97|rsrq=-13|snr=-4,rsrp=-97|rsrq=-13,-97,-13,-4,ploss=0|noise_power_dB=-5,0,-5,False,ploss=0|noise_power_dB=-5,0,-5,False,False,False,False,False
ucc-static-706bde2b5e935178,121,706bde2b5e935178,Netflix,Season3-StrangerThings,rsrp=-97|rsrq=-15|snr=1,rsrp=-97|rsrq=-15,-97,-15,1,ploss=0|noise_power_dB=-5,0,-5,False,ploss=0|noise_power_dB=-5,0,-5,False,False,False,False,False
ucc-static-706bde2b5e935178,122,706bde2b5e935178,Netflix,Season3-StrangerThings,rsrp=-97|rsrq=-15|snr=1,rsrp=-97|rsrq=-15,-97,-15,1,ploss=0|noise_power_dB=-5,0,-5,False,ploss=0|noise_power_dB=-5,0,-5,False,False,False,False,False
ucc-static-706bde2b5e935178,123,706bde2b5e935178,Netflix,Season3-StrangerThings,rsrp=-98|rsrq=-16|snr=2,rsrp=-98|rsrq=-16,-98,-16,2,ploss=0|noise_power_dB=-5,0,-5,False,ploss=0|noise_power_dB=-5,0,-5,False,False,False,False,False
ucc-static-706bde2b5e935178,124,706bde2b5e935178,Netflix,Season3-StrangerThings,rsrp=-98|rsrq=-16|snr=2,rsrp=-98|rsrq=-16,-98,-16,2,ploss=0|noise_power_dB=-5,0,-5,False,ploss=0|noise_power_dB=-5,0,-5,False,False,False,False,False
ucc-static-706bde2b5e935178,125,706bde2b5e935178,Netflix,Season3-StrangerThings,rsrp=-97|rsrq=-15|snr=-1,rsrp=-97|rsrq=-15,-97,-15,-1,ploss=0|noise_power_dB=-5,0,-5,False,ploss=0|noise_power_dB=-5,0,-5,False,False,False,False,False
ucc-static-706bde2b5e935178,126,706bde2b5e935178,Netflix,Season3-StrangerThings,rsrp=-97|rsrq=-15|snr=-1,rsrp=-97|rsrq=-15,-97,-15,-1,ploss=0|noise_power_dB=-5,0,-5,False,ploss=0|noise_power_dB=-5,0,-5,False,False,False,False,False
ucc-static-706bde2b5e935178,127,706bde2b5e935178,Netflix,Season3-StrangerThings,rsrp=-97|rsrq=-13|snr=3,rsrp=-97|rsrq=-13,-97,-13,3,ploss=0|noise_power_dB=-5,0,-5,False,ploss=0|noise_power_dB=-5,0,-5,False,False,False,False,False
ucc-static-706bde2b5e935178,128,706bde2b5e935178,Netflix,Season3-StrangerThings,rsrp=-97|rsrq=-13|snr=3,rsrp=-97|rsrq=-13,-97,-13,3,ploss=0|noise_power_dB=-5,0,-5,False,ploss=0|noise_power_dB=-5,0,-5,False,False,False,False,False
ucc-static-706bde2b5e935178,129,706bde2b5e935178,Netflix,Season3-StrangerThings,rsrp=-98|rsrq=-14|snr=4,rsrp=-98|rsrq=-14,-98,-14,4,ploss=0|noise_power_dB=-5,0,-5,False,ploss=0|noise_power_dB=-5,0,-5,False,False,False,False,False
ucc-static-706bde2b5e935178,130,706bde2b5e935178,Netflix,Season3-StrangerThings,rsrp=-98|rsrq=-14|snr=4,rsrp=-98|rsrq=-14,-98,-14,4,ploss=0|noise_power_dB=-5,0,-5,False,ploss=0|noise_power_dB=-5,0,-5,False,False,False,False,False
ucc-static-706bde2b5e935178,131,706bde2b5e935178,Netflix,Season3-StrangerThings,rsrp=-98|rsrq=-16|snr=1,rsrp=-98|rsrq=-16,-98,-16,1,ploss=0|noise_power_dB=-5,0,-5,False,ploss=0|noise_power_dB=-5,0,-5,False,False,False,False,False
ucc-static-706bde2b5e935178,132,706bde2b5e935178,Netflix,Season3-StrangerThings,rsrp=-98|rsrq=-16|snr=1,rsrp=-98|rsrq=-16,-98,-16,1,ploss=0|noise_power_dB=-5,0,-5,False,ploss=0|noise_power_dB=-5,0,-5,False,False,False,False,False
ucc-static-706bde2b5e935178,133,706bde2b5e935178,Netflix,Season3-StrangerThings,rsrp=-97|rsrq=-15|snr=4,rsrp=-97|rsrq=-15,-97,-15,4,ploss=0|noise_power_dB=-5,0,-5,False,ploss=0|noise_power_dB=-5,0,-5,False,False,False,False,False
ucc-static-706bde2b5e935178,134,706bde2b5e935178,Netflix,Season3-StrangerThings,rsrp=-97|rsrq=-15|snr=4,rsrp=-97|rsrq=-15,-97,-15,4,ploss=0|noise_power_dB=-5,0,-5,False,ploss=0|noise_power_dB=-5,0,-5,False,False,False,False,False
ucc-static-706bde2b5e935178,135,706bde2b5e935178,Netflix,Season3-StrangerThings,rsrp=-97|rsrq=-16|snr=1,rsrp=-97|rsrq=-16,-97,-16,1,ploss=0|noise_power_dB=-5,0,-5,False,ploss=0|noise_power_dB=-5,0,-5,False,False,False,False,False
ucc-static-706bde2b5e935178,136,706bde2b5e935178,Netflix,Season3-StrangerThings,rsrp=-97|rsrq=-16|snr=1,rsrp=-97|rsrq=-16,-97,-16,1,ploss=0|noise_power_dB=-5,0,-5,False,ploss=0|noise_power_dB=-5,0,-5,False,False,False,False,False
ucc-static-706bde2b5e935178,137,706bde2b5e935178,Netflix,Season3-StrangerThings,rsrp=-97|rsrq=-15|snr=6,rsrp=-97|rsrq=-15,-97,-15,6,ploss=0|noise_power_dB=-5,0,-5,False,ploss=0|noise_power_dB=-5,0,-5,False,False,False,False,False
ucc-static-706bde2b5e935178,138,706bde2b5e935178,Netflix,Season3-StrangerThings,rsrp=-97|rsrq=-15|snr=6,rsrp=-97|rsrq=-15,-97,-15,6,ploss=0|noise_power_dB=-5,0,-5,False,ploss=0|noise_power_dB=-5,0,-5,False,False,False,False,False
ucc-static-706bde2b5e935178,139,706bde2b5e935178,Netflix,Season3-StrangerThings,rsrp=-97|rsrq=-15|snr=0,rsrp=-97|rsrq=-15,-97,-15,0,ploss=0|noise_power_dB=-5,0,-5,False,ploss=0|noise_power_dB=-5,0,-5,False,False,False,False,False
ucc-static-706bde2b5e935178,140,706bde2b5e935178,Netflix,Season3-StrangerThings,rsrp=-97|rsrq=-15|snr=0,rsrp=-97|rsrq=-15,-97,-15,0,ploss=0|noise_power_dB=-5,0,-5,False,ploss=0|noise_power_dB=-5,0,-5,False,False,False,False,False
ucc-static-706bde2b5e935178,141,706bde2b5e935178,Netflix,Season3-StrangerThings,rsrp=-96|rsrq=-12|snr=2,rsrp=-96|rsrq=-12,-96,-12,2,ploss=0|noise_power_dB=-5,0,-5,False,ploss=0|noise_power_dB=-5,0,-5,False,False,False,False,False
ucc-static-706bde2b5e935178,142,706bde2b5e935178,Netflix,Season3-StrangerThings,rsrp=-96|rsrq=-12|snr=2,rsrp=-96|rsrq=-12,-96,-12,2,ploss=0|noise_power_dB=-5,0,-5,False,ploss=0|noise_power_dB=-5,0,-5,False,False,False,False,False
ucc-static-706bde2b5e935178,143,706bde2b5e935178,Netflix,Season3-StrangerThings,rsrp=-96|rsrq=-14|snr=0,rsrp=-96|rsrq=-14,-96,-14,0,ploss=0|noise_power_dB=-5,0,-5,False,ploss=0|noise_power_dB=-5,0,-5,False,False,False,False,False
ucc-static-706bde2b5e935178,144,706bde2b5e935178,Netflix,Season3-StrangerThings,rsrp=-96|rsrq=-14|snr=0,rsrp=-96|rsrq=-14,-96,-14,0,ploss=0|noise_power_dB=-5,0,-5,False,ploss=0|noise_power_dB=-5,0,-5,False,False,False,False,False
ucc-static-706bde2b5e935178,145,706bde2b5e935178,Netflix,Season3-StrangerThings,rsrp=-97|rsrq=-12|snr=6,rsrp=-97|rsrq=-12,-97,-12,6,ploss=0|noise_power_dB=-5,0,-5,False,ploss=0|noise_power_dB=-5,0,-5,True,False,False,True,True
ucc-static-706bde2b5e935178,146,706bde2b5e935178,Netflix,Season3-StrangerThings,rsrp=-97|rsrq=-12|snr=6,rsrp=-97|rsrq=-12,-97,-12,6,ploss=0|noise_power_dB=-5,0,-5,False,ploss=0|noise_power_dB=-5,0,-5,True,False,False,True,True
ucc-static-706bde2b5e935178,147,706bde2b5e935178,Netflix,Season3-StrangerThings,rsrp=-96|rsrq=-15|snr=-3,rsrp=-96|rsrq=-15,-96,-15,-3,ploss=0|noise_power_dB=-5,0,-5,False,ploss=0|noise_power_dB=-5,0,-5,False,False,False,False,False
ucc-static-706bde2b5e935178,148,706bde2b5e935178,Netflix,Season3-StrangerThings,rsrp=-96|rsrq=-15|snr=-3,rsrp=-96|rsrq=-15,-96,-15,-3,ploss=0|noise_power_dB=-5,0,-5,False,ploss=0|noise_power_dB=-5,0,-5,False,False,False,False,False
ucc-static-706bde2b5e935178,149,706bde2b5e935178,Netflix,Season3-StrangerThings,rsrp=-96|rsrq=-14|snr=5,rsrp=-96|rsrq=-14,-96,-14,5,ploss=0|noise_power_dB=-5,0,-5,False,ploss=0|noise_power_dB=-5,0,-5,False,False,False,False,False
ucc-static-706bde2b5e935178,150,706bde2b5e935178,Netflix,Season3-StrangerThings,rsrp=-96|rsrq=-14|snr=5,rsrp=-96|rsrq=-14,-96,-14,5,ploss=0|noise_power_dB=-5,0,-5,False,ploss=0|noise_power_dB=-5,0,-5,False,False,False,False,False
ucc-static-706bde2b5e935178,151,706bde2b5e935178,Netflix,Season3-StrangerThings,rsrp=-97|rsrq=-15|snr=3,rsrp=-97|rsrq=-15,-97,-15,3,ploss=0|noise_power_dB=-5,0,-5,False,ploss=0|noise_power_dB=-5,0,-5,False,False,False,False,False
ucc-static-706bde2b5e935178,152,706bde2b5e935178,Netflix,Season3-StrangerThings,rsrp=-97|rsrq=-15|snr=3,rsrp=-97|rsrq=-15,-97,-15,3,ploss=0|noise_power_dB=-5,0,-5,False,ploss=0|noise_power_dB=-5,0,-5,False,False,False,False,False
ucc-static-706bde2b5e935178,153,706bde2b5e935178,Netflix,Season3-StrangerThings,rsrp=-97|rsrq=-13|snr=0,rsrp=-97|rsrq=-13,-97,-13,0,ploss=0|noise_power_dB=-5,0,-5,False,ploss=0|noise_power_dB=-5,0,-5,False,False,False,False,False
ucc-static-706bde2b5e935178,154,706bde2b5e935178,Netflix,Season3-StrangerThings,rsrp=-97|rsrq=-13|snr=0,rsrp=-97|rsrq=-13,-97,-13,0,ploss=0|noise_power_dB=-5,0,-5,False,ploss=0|noise_power_dB=-5,0,-5,False,False,False,False,False
ucc-static-706bde2b5e935178,155,706bde2b5e935178,Netflix,Season3-StrangerThings,rsrp=-97|rsrq=-15|snr=0,rsrp=-97|rsrq=-15,-97,-15,0,ploss=0|noise_power_dB=-5,0,-5,False,ploss=0|noise_power_dB=-5,0,-5,False,False,False,False,False
ucc-static-706bde2b5e935178,156,706bde2b5e935178,Netflix,Season3-StrangerThings,rsrp=-97|rsrq=-15|snr=0,rsrp=-97|rsrq=-15,-97,-15,0,ploss=0|noise_power_dB=-5,0,-5,False,ploss=0|noise_power_dB=-5,0,-5,False,False,False,False,False
ucc-static-706bde2b5e935178,157,706bde2b5e935178,Netflix,Season3-StrangerThings,rsrp=-97|rsrq=-16|snr=5,rsrp=-97|rsrq=-16,-97,-16,5,ploss=0|noise_power_dB=-5,0,-5,False,ploss=0|noise_power_dB=-5,0,-5,False,False,False,False,False
ucc-static-706bde2b5e935178,158,706bde2b5e935178,Netflix,Season3-StrangerThings,rsrp=-97|rsrq=-16|snr=5,rsrp=-97|rsrq=-16,-97,-16,5,ploss=0|noise_power_dB=-5,0,-5,False,ploss=0|noise_power_dB=-5,0,-5,False,False,False,False,False
ucc-static-706bde2b5e935178,159,706bde2b5e935178,Netflix,Season3-StrangerThings,rsrp=-97|rsrq=-14|snr=1,rsrp=-97|rsrq=-14,-97,-14,1,ploss=0|noise_power_dB=-5,0,-5,False,ploss=0|noise_power_dB=-5,0,-5,False,False,False,False,False
ucc-static-706bde2b5e935178,160,706bde2b5e935178,Netflix,Season3-StrangerThings,rsrp=-97|rsrq=-14|snr=1,rsrp=-97|rsrq=-14,-97,-14,1,ploss=0|noise_power_dB=-5,0,-5,False,ploss=0|noise_power_dB=-5,0,-5,False,False,False,False,False
ucc-static-706bde2b5e935178,161,706bde2b5e935178,Netflix,Season3-StrangerThings,rsrp=-97|rsrq=-15|snr=-3,rsrp=-97|rsrq=-15,-97,-15,-3,ploss=0|noise_power_dB=-5,0,-5,False,ploss=0|noise_power_dB=-5,0,-5,False,False,False,False,False
ucc-static-706bde2b5e935178,162,706bde2b5e935178,Netflix,Season3-StrangerThings,rsrp=-97|rsrq=-15|snr=-3,rsrp=-97|rsrq=-15,-97,-15,-3,ploss=0|noise_power_dB=-5,0,-5,False,ploss=0|noise_power_dB=-5,0,-5,False,False,False,False,False
ucc-static-706bde2b5e935178,163,706bde2b5e935178,Netflix,Season3-StrangerThings,rsrp=-96|rsrq=-10|snr=6,rsrp=-96|rsrq=-10,-96,-10,6,ploss=0|noise_power_dB=-5,0,-5,False,ploss=0|noise_power_dB=-5,0,-5,False,False,False,False,False
ucc-static-706bde2b5e935178,164,706bde2b5e935178,Netflix,Season3-StrangerThings,rsrp=-96|rsrq=-10|snr=6,rsrp=-96|rsrq=-10,-96,-10,6,ploss=0|noise_power_dB=-5,0,-5,False,ploss=0|noise_power_dB=-5,0,-5,False,False,False,False,False
ucc-static-706bde2b5e935178,165,706bde2b5e935178,Netflix,Season3-StrangerThings,rsrp=-96|rsrq=-13|snr=-3,rsrp=-96|rsrq=-13,-96,-13,-3,ploss=0|noise_power_dB=-5,0,-5,False,ploss=0|noise_power_dB=-5,0,-5,False,False,False,False,False
ucc-static-706bde2b5e935178,166,706bde2b5e935178,Netflix,Season3-StrangerThings,rsrp=-96|rsrq=-13|snr=-3,rsrp=-96|rsrq=-13,-96,-13,-3,ploss=0|noise_power_dB=-5,0,-5,False,ploss=0|noise_power_dB=-5,0,-5,False,False,False,False,False
ucc-static-706bde2b5e935178,167,706bde2b5e935178,Netflix,Season3-StrangerThings,rsrp=-96|rsrq=-13|snr=-4,rsrp=-96|rsrq=-13,-96,-13,-4,ploss=0|noise_power_dB=-5,0,-5,False,ploss=0|noise_power_dB=-5,0,-5,False,False,False,False,False
ucc-static-88f027729cf13aeb,0,88f027729cf13aeb,Netflix,animated-RickandMorty,rsrp=-90|rsrq=-14|snr=-1,rsrp=-90|rsrq=-14,-90,-14,-1,ploss=0|noise_power_dB=-5,0,-5,False,ploss=0|noise_power_dB=-5,0,-5,False,False,False,False,False
ucc-static-88f027729cf13aeb,1,88f027729cf13aeb,Netflix,animated-RickandMorty,rsrp=-95|rsrq=-15|snr=-6,rsrp=-95|rsrq=-15,-95,-15,-6,ploss=0|noise_power_dB=-5,0,-5,False,ploss=0|noise_power_dB=-5,0,-5,False,False,False,False,False
ucc-static-88f027729cf13aeb,2,88f027729cf13aeb,Netflix,animated-RickandMorty,rsrp=-95|rsrq=-15|snr=-6,rsrp=-95|rsrq=-15,-95,-15,-6,ploss=0|noise_power_dB=-5,0,-5,False,ploss=0|noise_power_dB=-5,0,-5,False,False,False,False,False
ucc-static-88f027729cf13aeb,3,88f027729cf13aeb,Netflix,animated-RickandMorty,rsrp=-94|rsrq=-15|snr=1,rsrp=-94|rsrq=-15,-94,-15,1,ploss=0|noise_power_dB=-5,0,-5,False,ploss=0|noise_power_dB=-5,0,-5,False,False,False,False,False
ucc-static-88f027729cf13aeb,4,88f027729cf13aeb,Netflix,animated-RickandMorty,rsrp=-94|rsrq=-15|snr=1,rsrp=-94|rsrq=-15,-94,-15,1,ploss=0|noise_power_dB=-5,0,-5,False,ploss=0|noise_power_dB=-5,0,-5,False,False,False,False,False
ucc-static-88f027729cf13aeb,5,88f027729cf13aeb,Netflix,animated-RickandMorty,rsrp=-89|rsrq=-17|snr=-5,rsrp=-89|rsrq=-17,-89,-17,-5,ploss=0|noise_power_dB=-5,0,-5,False,ploss=0|noise_power_dB=-5,0,-5,False,False,False,False,False
ucc-static-88f027729cf13aeb,6,88f027729cf13aeb,Netflix,animated-RickandMorty,rsrp=-89|rsrq=-17|snr=-5,rsrp=-89|rsrq=-17,-89,-17,-5,ploss=0|noise_power_dB=-5,0,-5,False,ploss=0|noise_power_dB=-5,0,-5,False,False,False,False,False
ucc-static-88f027729cf13aeb,7,88f027729cf13aeb,Netflix,animated-RickandMorty,rsrp=-88|rsrq=-15|snr=-3,rsrp=-88|rsrq=-15,-88,-15,-3,ploss=0|noise_power_dB=-5,0,-5,False,ploss=0|noise_power_dB=-5,0,-5,False,False,False,False,False
ucc-static-88f027729cf13aeb,8,88f027729cf13aeb,Netflix,animated-RickandMorty,rsrp=-88|rsrq=-15|snr=-3,rsrp=-88|rsrq=-15,-88,-15,-3,ploss=0|noise_power_dB=-5,0,-5,False,ploss=0|noise_power_dB=-5,0,-5,False,False,False,False,False
ucc-static-88f027729cf13aeb,9,88f027729cf13aeb,Netflix,animated-RickandMorty,rsrp=-91|rsrq=-14|snr=1,rsrp=-91|rsrq=-14,-91,-14,1,ploss=0|noise_power_dB=-5,0,-5,False,ploss=0|noise_power_dB=-5,0,-5,False,False,False,False,False
ucc-static-88f027729cf13aeb,10,88f027729cf13aeb,Netflix,animated-RickandMorty,rsrp=-91|rsrq=-14|snr=1,rsrp=-91|rsrq=-14,-91,-14,1,ploss=0|noise_power_dB=-5,0,-5,False,ploss=0|noise_power_dB=-5,0,-5,False,False,False,False,False
ucc-static-88f027729cf13aeb,11,88f027729cf13aeb,Netflix,animated-RickandMorty,rsrp=-90|rsrq=-16|snr=-5,rsrp=-90|rsrq=-16,-90,-16,-5,ploss=0|noise_power_dB=-5,0,-5,False,ploss=0|noise_power_dB=-5,0,-5,False,False,False,False,False
ucc-static-88f027729cf13aeb,12,88f027729cf13aeb,Netflix,animated-RickandMorty,rsrp=-90|rsrq=-16|snr=-5,rsrp=-90|rsrq=-16,-90,-16,-5,ploss=0|noise_power_dB=-5,0,-5,False,ploss=0|noise_power_dB=-5,0,-5,False,False,False,False,False
ucc-static-88f027729cf13aeb,13,88f027729cf13aeb,Netflix,animated-RickandMorty,rsrp=-91|rsrq=-14|snr=-6,rsrp=-91|rsrq=-14,-91,-14,-6,ploss=0|noise_power_dB=-5,0,-5,False,ploss=0|noise_power_dB=-5,0,-5,False,False,False,False,False
ucc-static-88f027729cf13aeb,14,88f027729cf13aeb,Netflix,animated-RickandMorty,rsrp=-91|rsrq=-14|snr=-6,rsrp=-91|rsrq=-14,-91,-14,-6,ploss=0|noise_power_dB=-5,0,-5,False,ploss=0|noise_power_dB=-5,0,-5,False,False,False,False,False
ucc-static-88f027729cf13aeb,15,88f027729cf13aeb,Netflix,animated-RickandMorty,rsrp=-89|rsrq=-16|snr=2,rsrp=-89|rsrq=-16,-89,-16,2,ploss=0|noise_power_dB=-5,0,-5,False,ploss=0|noise_power_dB=-5,0,-5,False,False,False,False,False
ucc-static-88f027729cf13aeb,16,88f027729cf13aeb,Netflix,animated-RickandMorty,rsrp=-89|rsrq=-16|snr=2,rsrp=-89|rsrq=-16,-89,-16,2,ploss=0|noise_power_dB=-5,0,-5,False,ploss=0|noise_power_dB=-5,0,-5,False,False,False,False,False
ucc-static-88f027729cf13aeb,17,88f027729cf13aeb,Netflix,animated-RickandMorty,rsrp=-90|rsrq=-12|snr=3,rsrp=-90|rsrq=-12,-90,-12,3,ploss=0|noise_power_dB=-5,0,-5,True,ploss=0|noise_power_dB=-5,0,-5,False,False,True,False,True
ucc-static-88f027729cf13aeb,18,88f027729cf13aeb,Netflix,animated-RickandMorty,rsrp=-90|rsrq=-12|snr=3,rsrp=-90|rsrq=-12,-90,-12,3,ploss=0|noise_power_dB=-5,0,-5,True,ploss=0|noise_power_dB=-5,0,-5,False,False,True,False,True
ucc-static-88f027729cf13aeb,19,88f027729cf13aeb,Netflix,animated-RickandMorty,rsrp=-90|rsrq=-13|snr=1,rsrp=-90|rsrq=-13,-90,-13,1,ploss=0|noise_power_dB=-5,0,-5,False,ploss=0|noise_power_dB=-5,0,-5,False,False,False,False,False
ucc-static-88f027729cf13aeb,20,88f027729cf13aeb,Netflix,animated-RickandMorty,rsrp=-90|rsrq=-13|snr=1,rsrp=-90|rsrq=-13,-90,-13,1,ploss=0|noise_power_dB=-5,0,-5,False,ploss=0|noise_power_dB=-5,0,-5,False,False,False,False,False
ucc-static-88f027729cf13aeb,21,88f027729cf13aeb,Netflix,animated-RickandMorty,rsrp=-91|rsrq=-12|snr=1,rsrp=-91|rsrq=-12,-91,-12,1,ploss=0|noise_power_dB=-5,0,-5,True,ploss=0|noise_power_dB=-5,0,-5,False,False,True,False,True
ucc-static-88f027729cf13aeb,22,88f027729cf13aeb,Netflix,animated-RickandMorty,rsrp=-91|rsrq=-12|snr=1,rsrp=-91|rsrq=-12,-91,-12,1,ploss=0|noise_power_dB=-5,0,-5,True,ploss=0|noise_power_dB=-5,0,-5,False,False,True,False,True
ucc-static-88f027729cf13aeb,23,88f027729cf13aeb,Netflix,animated-RickandMorty,rsrp=-91|rsrq=-13|snr=-4,rsrp=-91|rsrq=-13,-91,-13,-4,ploss=0|noise_power_dB=-5,0,-5,False,ploss=0|noise_power_dB=-5,0,-5,False,False,False,False,False
ucc-static-88f027729cf13aeb,24,88f027729cf13aeb,Netflix,animated-RickandMorty,rsrp=-91|rsrq=-13|snr=-4,rsrp=-91|rsrq=-13,-91,-13,-4,ploss=0|noise_power_dB=-5,0,-5,False,ploss=0|noise_power_dB=-5,0,-5,False,False,False,False,False
ucc-static-88f027729cf13aeb,25,88f027729cf13aeb,Netflix,animated-RickandMorty,rsrp=-92|rsrq=-12|snr=-4,rsrp=-92|rsrq=-12,-92,-12,-4,ploss=0|noise_power_dB=-5,0,-5,True,ploss=0|noise_power_dB=-5,0,-5,False,False,True,False,True
ucc-static-88f027729cf13aeb,26,88f027729cf13aeb,Netflix,animated-RickandMorty,rsrp=-92|rsrq=-12|snr=-4,rsrp=-92|rsrq=-12,-92,-12,-4,ploss=0|noise_power_dB=-5,0,-5,True,ploss=0|noise_power_dB=-5,0,-5,False,False,True,False,True
ucc-static-88f027729cf13aeb,27,88f027729cf13aeb,Netflix,animated-RickandMorty,rsrp=-91|rsrq=-13|snr=0,rsrp=-91|rsrq=-13,-91,-13,0,ploss=0|noise_power_dB=-5,0,-5,False,ploss=0|noise_power_dB=-5,0,-5,False,False,False,False,False
ucc-static-88f027729cf13aeb,28,88f027729cf13aeb,Netflix,animated-RickandMorty,rsrp=-91|rsrq=-13|snr=0,rsrp=-91|rsrq=-13,-91,-13,0,ploss=0|noise_power_dB=-5,0,-5,False,ploss=0|noise_power_dB=-5,0,-5,False,False,False,False,False
ucc-static-88f027729cf13aeb,29,88f027729cf13aeb,Netflix,animated-RickandMorty,rsrp=-92|rsrq=-16|snr=-5,rsrp=-92|rsrq=-16,-92,-16,-5,ploss=0|noise_power_dB=-5,0,-5,False,ploss=0|noise_power_dB=-5,0,-5,False,False,False,False,False
ucc-static-88f027729cf13aeb,30,88f027729cf13aeb,Netflix,animated-RickandMorty,rsrp=-92|rsrq=-16|snr=-5,rsrp=-92|rsrq=-16,-92,-16,-5,ploss=0|noise_power_dB=-5,0,-5,False,ploss=0|noise_power_dB=-5,0,-5,False,False,False,False,False
ucc-static-88f027729cf13aeb,31,88f027729cf13aeb,Netflix,animated-RickandMorty,rsrp=-91|rsrq=-14|snr=-5,rsrp=-91|rsrq=-14,-91,-14,-5,ploss=0|noise_power_dB=-5,0,-5,False,ploss=0|noise_power_dB=-5,0,-5,False,False,False,False,False
ucc-static-88f027729cf13aeb,32,88f027729cf13aeb,Netflix,animated-RickandMorty,rsrp=-91|rsrq=-14|snr=-5,rsrp=-91|rsrq=-14,-91,-14,-5,ploss=0|noise_power_dB=-5,0,-5,False,ploss=0|noise_power_dB=-5,0,-5,False,False,False,False,False
ucc-static-88f027729cf13aeb,33,88f027729cf13aeb,Netflix,animated-RickandMorty,rsrp=-92|rsrq=-11|snr=0,rsrp=-92|rsrq=-11,-92,-11,0,ploss=0|noise_power_dB=-5,0,-5,True,ploss=0|noise_power_dB=-5,0,-5,False,False,True,False,True
ucc-static-88f027729cf13aeb,34,88f027729cf13aeb,Netflix,animated-RickandMorty,rsrp=-92|rsrq=-11|snr=0,rsrp=-92|rsrq=-11,-92,-11,0,ploss=0|noise_power_dB=-5,0,-5,True,ploss=0|noise_power_dB=-5,0,-5,False,False,True,False,True
ucc-static-88f027729cf13aeb,35,88f027729cf13aeb,Netflix,animated-RickandMorty,rsrp=-91|rsrq=-13|snr=1,rsrp=-91|rsrq=-13,-91,-13,1,ploss=0|noise_power_dB=-5,0,-5,False,ploss=0|noise_power_dB=-5,0,-5,False,False,False,False,False
ucc-static-88f027729cf13aeb,36,88f027729cf13aeb,Netflix,animated-RickandMorty,rsrp=-91|rsrq=-13|snr=1,rsrp=-91|rsrq=-13,-91,-13,1,ploss=0|noise_power_dB=-5,0,-5,False,ploss=0|noise_power_dB=-5,0,-5,False,False,False,False,False
ucc-static-88f027729cf13aeb,37,88f027729cf13aeb,Netflix,animated-RickandMorty,rsrp=-91|rsrq=-12|snr=1,rsrp=-91|rsrq=-12,-91,-12,1,ploss=0|noise_power_dB=-5,0,-5,True,ploss=0|noise_power_dB=-5,0,-5,False,False,True,False,True
ucc-static-88f027729cf13aeb,38,88f027729cf13aeb,Netflix,animated-RickandMorty,rsrp=-91|rsrq=-12|snr=1,rsrp=-91|rsrq=-12,-91,-12,1,ploss=0|noise_power_dB=-5,0,-5,True,ploss=0|noise_power_dB=-5,0,-5,False,False,True,False,True
ucc-static-88f027729cf13aeb,39,88f027729cf13aeb,Netflix,animated-RickandMorty,rsrp=-92|rsrq=-12|snr=1,rsrp=-92|rsrq=-12,-92,-12,1,ploss=0|noise_power_dB=-5,0,-5,True,ploss=0|noise_power_dB=-5,0,-5,False,False,True,False,True
ucc-static-88f027729cf13aeb,40,88f027729cf13aeb,Netflix,animated-RickandMorty,rsrp=-92|rsrq=-12|snr=1,rsrp=-92|rsrq=-12,-92,-12,1,ploss=0|noise_power_dB=-5,0,-5,True,ploss=0|noise_power_dB=-5,0,-5,False,False,True,False,True
ucc-static-88f027729cf13aeb,41,88f027729cf13aeb,Netflix,animated-RickandMorty,rsrp=-92|rsrq=-12|snr=-2,rsrp=-92|rsrq=-12,-92,-12,-2,ploss=0|noise_power_dB=-5,0,-5,True,ploss=0|noise_power_dB=-5,0,-5,False,False,True,False,True
ucc-static-88f027729cf13aeb,42,88f027729cf13aeb,Netflix,animated-RickandMorty,rsrp=-92|rsrq=-12|snr=-2,rsrp=-92|rsrq=-12,-92,-12,-2,ploss=0|noise_power_dB=-5,0,-5,True,ploss=0|noise_power_dB=-5,0,-5,False,False,True,False,True
ucc-static-88f027729cf13aeb,43,88f027729cf13aeb,Netflix,animated-RickandMorty,rsrp=-90|rsrq=-11|snr=-7,rsrp=-90|rsrq=-11,-90,-11,-7,ploss=0|noise_power_dB=-5,0,-5,True,ploss=0|noise_power_dB=-5,0,-5,False,False,True,False,True
ucc-static-88f027729cf13aeb,44,88f027729cf13aeb,Netflix,animated-RickandMorty,rsrp=-90|rsrq=-11|snr=-7,rsrp=-90|rsrq=-11,-90,-11,-7,ploss=0|noise_power_dB=-5,0,-5,True,ploss=0|noise_power_dB=-5,0,-5,False,False,True,False,True
ucc-static-88f027729cf13aeb,45,88f027729cf13aeb,Netflix,animated-RickandMorty,rsrp=-91|rsrq=-14|snr=5,rsrp=-91|rsrq=-14,-91,-14,5,ploss=0|noise_power_dB=-5,0,-5,False,ploss=0|noise_power_dB=-5,0,-5,False,False,False,False,False
ucc-static-88f027729cf13aeb,46,88f027729cf13aeb,Netflix,animated-RickandMorty,rsrp=-91|rsrq=-14|snr=5,rsrp=-91|rsrq=-14,-91,-14,5,ploss=0|noise_power_dB=-5,0,-5,False,ploss=0|noise_power_dB=-5,0,-5,False,False,False,False,False
ucc-static-88f027729cf13aeb,47,88f027729cf13aeb,Netflix,animated-RickandMorty,rsrp=-91|rsrq=-10|snr=2,rsrp=-91|rsrq=-10,-91,-10,2,ploss=0|noise_power_dB=-5,0,-5,True,ploss=0|noise_power_dB=-5,0,-5,False,False,True,False,True
ucc-static-88f027729cf13aeb,48,88f027729cf13aeb,Netflix,animated-RickandMorty,rsrp=-91|rsrq=-10|snr=2,rsrp=-91|rsrq=-10,-91,-10,2,ploss=0|noise_power_dB=-5,0,-5,True,ploss=0|noise_power_dB=-5,0,-5,False,False,True,False,True
ucc-static-88f027729cf13aeb,49,88f027729cf13aeb,Netflix,animated-RickandMorty,rsrp=-91|rsrq=-10|snr=0,rsrp=-91|rsrq=-10,-91,-10,0,ploss=0|noise_power_dB=-5,0,-5,True,ploss=0|noise_power_dB=-5,0,-5,False,False,True,False,True
ucc-static-88f027729cf13aeb,50,88f027729cf13aeb,Netflix,animated-RickandMorty,rsrp=-91|rsrq=-10|snr=0,rsrp=-91|rsrq=-10,-91,-10,0,ploss=0|noise_power_dB=-5,0,-5,True,ploss=0|noise_power_dB=-5,0,-5,False,False,True,False,True
ucc-static-88f027729cf13aeb,51,88f027729cf13aeb,Netflix,animated-RickandMorty,rsrp=-90|rsrq=-12|snr=1,rsrp=-90|rsrq=-12,-90,-12,1,ploss=0|noise_power_dB=-5,0,-5,True,ploss=0|noise_power_dB=-5,0,-5,False,False,True,False,True
ucc-static-88f027729cf13aeb,52,88f027729cf13aeb,Netflix,animated-RickandMorty,rsrp=-90|rsrq=-12|snr=1,rsrp=-90|rsrq=-12,-90,-12,1,ploss=0|noise_power_dB=-5,0,-5,True,ploss=0|noise_power_dB=-5,0,-5,False,False,True,False,True
ucc-static-88f027729cf13aeb,53,88f027729cf13aeb,Netflix,animated-RickandMorty,rsrp=-90|rsrq=-12|snr=4,rsrp=-90|rsrq=-12,-90,-12,4,ploss=0|noise_power_dB=-5,0,-5,True,ploss=0|noise_power_dB=-5,0,-5,False,False,True,False,True
ucc-static-88f027729cf13aeb,54,88f027729cf13aeb,Netflix,animated-RickandMorty,rsrp=-90|rsrq=-12|snr=4,rsrp=-90|rsrq=-12,-90,-12,4,ploss=0|noise_power_dB=-5,0,-5,True,ploss=0|noise_power_dB=-5,0,-5,False,False,True,False,True
ucc-static-88f027729cf13aeb,55,88f027729cf13aeb,Netflix,animated-RickandMorty,rsrp=-90|rsrq=-11|snr=3,rsrp=-90|rsrq=-11,-90,-11,3,ploss=0|noise_power_dB=-5,0,-5,True,ploss=0|noise_power_dB=-5,0,-5,False,False,True,False,True
ucc-static-88f027729cf13aeb,56,88f027729cf13aeb,Netflix,animated-RickandMorty,rsrp=-90|rsrq=-11|snr=3,rsrp=-90|rsrq=-11,-90,-11,3,ploss=0|noise_power_dB=-5,0,-5,True,ploss=0|noise_power_dB=-5,0,-5,False,False,True,False,True
ucc-static-88f027729cf13aeb,57,88f027729cf13aeb,Netflix,animated-RickandMorty,rsrp=-89|rsrq=-14|snr=-7,rsrp=-89|rsrq=-14,-89,-14,-7,ploss=0|noise_power_dB=-5,0,-5,False,ploss=0|noise_power_dB=-5,0,-5,False,False,False,False,False
ucc-static-88f027729cf13aeb,58,88f027729cf13aeb,Netflix,animated-RickandMorty,rsrp=-89|rsrq=-14|snr=-7,rsrp=-89|rsrq=-14,-89,-14,-7,ploss=0|noise_power_dB=-5,0,-5,False,ploss=0|noise_power_dB=-5,0,-5,False,False,False,False,False
ucc-static-88f027729cf13aeb,59,88f027729cf13aeb,Netflix,animated-RickandMorty,rsrp=-90|rsrq=-13|snr=2,rsrp=-90|rsrq=-13,-90,-13,2,ploss=0|noise_power_dB=-5,0,-5,False,ploss=0|noise_power_dB=-5,0,-5,False,False,False,False,False
ucc-static-88f027729cf13aeb,60,88f027729cf13aeb,Netflix,animated-RickandMorty,rsrp=-90|rsrq=-13|snr=2,rsrp=-90|rsrq=-13,-90,-13,2,ploss=0|noise_power_dB=-5,0,-5,False,ploss=0|noise_power_dB=-5,0,-5,False,False,False,False,False
ucc-static-88f027729cf13aeb,61,88f027729cf13aeb,Netflix,animated-RickandMorty,rsrp=-89|rsrq=-14|snr=3,rsrp=-89|rsrq=-14,-89,-14,3,ploss=0|noise_power_dB=-5,0,-5,False,ploss=0|noise_power_dB=-5,0,-5,False,False,False,False,False
ucc-static-88f027729cf13aeb,62,88f027729cf13aeb,Netflix,animated-RickandMorty,rsrp=-89|rsrq=-14|snr=3,rsrp=-89|rsrq=-14,-89,-14,3,ploss=0|noise_power_dB=-5,0,-5,False,ploss=0|noise_power_dB=-5,0,-5,False,False,False,False,False
ucc-static-88f027729cf13aeb,63,88f027729cf13aeb,Netflix,animated-RickandMorty,rsrp=-89|rsrq=-15|snr=-7,rsrp=-89|rsrq=-15,-89,-15,-7,ploss=0|noise_power_dB=-5,0,-5,False,ploss=0|noise_power_dB=-5,0,-5,False,False,False,False,False
ucc-static-88f027729cf13aeb,64,88f027729cf13aeb,Netflix,animated-RickandMorty,rsrp=-89|rsrq=-15|snr=-7,rsrp=-89|rsrq=-15,-89,-15,-7,ploss=0|noise_power_dB=-5,0,-5,False,ploss=0|noise_power_dB=-5,0,-5,False,False,False,False,False
ucc-static-88f027729cf13aeb,65,88f027729cf13aeb,Netflix,animated-RickandMorty,rsrp=-89|rsrq=-15|snr=-8,rsrp=-89|rsrq=-15,-89,-15,-8,ploss=0|noise_power_dB=-5,0,-5,False,ploss=0|noise_power_dB=-5,0,-5,False,False,False,False,False
ucc-static-88f027729cf13aeb,66,88f027729cf13aeb,Netflix,animated-RickandMorty,rsrp=-89|rsrq=-15|snr=-8,rsrp=-89|rsrq=-15,-89,-15,-8,ploss=0|noise_power_dB=-5,0,-5,False,ploss=0|noise_power_dB=-5,0,-5,False,False,False,False,False
ucc-static-88f027729cf13aeb,67,88f027729cf13aeb,Netflix,animated-RickandMorty,rsrp=-90|rsrq=-15|snr=-1,rsrp=-90|rsrq=-15,-90,-15,-1,ploss=0|noise_power_dB=-5,0,-5,False,ploss=0|noise_power_dB=-5,0,-5,False,False,False,False,False
ucc-static-88f027729cf13aeb,68,88f027729cf13aeb,Netflix,animated-RickandMorty,rsrp=-90|rsrq=-15|snr=-1,rsrp=-90|rsrq=-15,-90,-15,-1,ploss=0|noise_power_dB=-5,0,-5,False,ploss=0|noise_power_dB=-5,0,-5,False,False,False,False,False
ucc-static-88f027729cf13aeb,69,88f027729cf13aeb,Netflix,animated-RickandMorty,rsrp=-90|rsrq=-12|snr=2,rsrp=-90|rsrq=-12,-90,-12,2,ploss=0|noise_power_dB=-5,0,-5,True,ploss=0|noise_power_dB=-5,0,-5,False,False,True,False,True
ucc-static-88f027729cf13aeb,70,88f027729cf13aeb,Netflix,animated-RickandMorty,rsrp=-90|rsrq=-12|snr=2,rsrp=-90|rsrq=-12,-90,-12,2,ploss=0|noise_power_dB=-5,0,-5,True,ploss=0|noise_power_dB=-5,0,-5,False,False,True,False,True
ucc-static-88f027729cf13aeb,71,88f027729cf13aeb,Netflix,animated-RickandMorty,rsrp=-89|rsrq=-16|snr=-7,rsrp=-89|rsrq=-16,-89,-16,-7,ploss=0|noise_power_dB=-5,0,-5,False,ploss=0|noise_power_dB=-5,0,-5,False,False,False,False,False
ucc-static-88f027729cf13aeb,72,88f027729cf13aeb,Netflix,animated-RickandMorty,rsrp=-89|rsrq=-16|snr=-7,rsrp=-89|rsrq=-16,-89,-16,-7,ploss=0|noise_power_dB=-5,0,-5,False,ploss=0|noise_power_dB=-5,0,-5,False,False,False,False,False
ucc-static-88f027729cf13aeb,73,88f027729cf13aeb,Netflix,animated-RickandMorty,rsrp=-91|rsrq=-13|snr=-1,rsrp=-91|rsrq=-13,-91,-13,-1,ploss=0|noise_power_dB=-5,0,-5,False,ploss=0|noise_power_dB=-5,0,-5,False,False,False,False,False
ucc-static-88f027729cf13aeb,74,88f027729cf13aeb,Netflix,animated-RickandMorty,rsrp=-91|rsrq=-13|snr=-1,rsrp=-91|rsrq=-13,-91,-13,-1,ploss=0|noise_power_dB=-5,0,-5,False,ploss=0|noise_power_dB=-5,0,-5,False,False,False,False,False
ucc-static-88f027729cf13aeb,75,88f027729cf13aeb,Netflix,animated-RickandMorty,rsrp=-90|rsrq=-13|snr=-1,rsrp=-90|rsrq=-13,-90,-13,-1,ploss=0|noise_power_dB=-5,0,-5,False,ploss=0|noise_power_dB=-5,0,-5,False,False,False,False,False
ucc-static-88f027729cf13aeb,76,88f027729cf13aeb,Netflix,animated-RickandMorty,rsrp=-90|rsrq=-13|snr=-1,rsrp=-90|rsrq=-13,-90,-13,-1,ploss=0|noise_power_dB=-5,0,-5,False,ploss=0|noise_power_dB=-5,0,-5,False,False,False,False,False
ucc-static-88f027729cf13aeb,77,88f027729cf13aeb,Netflix,animated-RickandMorty,rsrp=-90|rsrq=-14|snr=-8,rsrp=-90|rsrq=-14,-90,-14,-8,ploss=0|noise_power_dB=-5,0,-5,False,ploss=0|noise_power_dB=-5,0,-5,False,False,False,False,False
ucc-static-88f027729cf13aeb,78,88f027729cf13aeb,Netflix,animated-RickandMorty,rsrp=-90|rsrq=-14|snr=-8,rsrp=-90|rsrq=-14,-90,-14,-8,ploss=0|noise_power_dB=-5,0,-5,False,ploss=0|noise_power_dB=-5,0,-5,False,False,False,False,False
ucc-static-88f027729cf13aeb,79,88f027729cf13aeb,Netflix,animated-RickandMorty,rsrp=-90|rsrq=-14|snr=3,rsrp=-90|rsrq=-14,-90,-14,3,ploss=0|noise_power_dB=-5,0,-5,False,ploss=0|noise_power_dB=-5,0,-5,False,False,False,False,False
ucc-static-88f027729cf13aeb,80,88f027729cf13aeb,Netflix,animated-RickandMorty,rsrp=-90|rsrq=-14|snr=3,rsrp=-90|rsrq=-14,-90,-14,3,ploss=0|noise_power_dB=-5,0,-5,False,ploss=0|noise_power_dB=-5,0,-5,False,False,False,False,False
ucc-static-88f027729cf13aeb,81,88f027729cf13aeb,Netflix,animated-RickandMorty,rsrp=-91|rsrq=-14|snr=-1,rsrp=-91|rsrq=-14,-91,-14,-1,ploss=0|noise_power_dB=-5,0,-5,False,ploss=0|noise_power_dB=-5,0,-5,False,False,False,False,False
ucc-static-88f027729cf13aeb,82,88f027729cf13aeb,Netflix,animated-RickandMorty,rsrp=-91|rsrq=-14|snr=-1,rsrp=-91|rsrq=-14,-91,-14,-1,ploss=0|noise_power_dB=-5,0,-5,False,ploss=0|noise_power_dB=-5,0,-5,False,False,False,False,False
ucc-static-88f027729cf13aeb,83,88f027729cf13aeb,Netflix,animated-RickandMorty,rsrp=-89|rsrq=-16|snr=-5,rsrp=-89|rsrq=-16,-89,-16,-5,ploss=0|noise_power_dB=-5,0,-5,False,ploss=0|noise_power_dB=-5,0,-5,False,False,False,False,False
ucc-static-88f027729cf13aeb,84,88f027729cf13aeb,Netflix,animated-RickandMorty,rsrp=-89|rsrq=-16|snr=-5,rsrp=-89|rsrq=-16,-89,-16,-5,ploss=0|noise_power_dB=-5,0,-5,False,ploss=0|noise_power_dB=-5,0,-5,False,False,False,False,False
ucc-static-88f027729cf13aeb,85,88f027729cf13aeb,Netflix,animated-RickandMorty,rsrp=-92|rsrq=-13|snr=1,rsrp=-92|rsrq=-13,-92,-13,1,ploss=0|noise_power_dB=-5,0,-5,False,ploss=0|noise_power_dB=-5,0,-5,False,False,False,False,False
ucc-static-88f027729cf13aeb,86,88f027729cf13aeb,Netflix,animated-RickandMorty,rsrp=-92|rsrq=-13|snr=1,rsrp=-92|rsrq=-13,-92,-13,1,ploss=0|noise_power_dB=-5,0,-5,False,ploss=0|noise_power_dB=-5,0,-5,False,False,False,False,False
ucc-static-88f027729cf13aeb,87,88f027729cf13aeb,Netflix,animated-RickandMorty,rsrp=-90|rsrq=-13|snr=-2,rsrp=-90|rsrq=-13,-90,-13,-2,ploss=0|noise_power_dB=-5,0,-5,False,ploss=0|noise_power_dB=-5,0,-5,False,False,False,False,False
ucc-static-88f027729cf13aeb,88,88f027729cf13aeb,Netflix,animated-RickandMorty,rsrp=-90|rsrq=-13|snr=-2,rsrp=-90|rsrq=-13,-90,-13,-2,ploss=0|noise_power_dB=-5,0,-5,False,ploss=0|noise_power_dB=-5,0,-5,False,False,False,False,False
ucc-static-88f027729cf13aeb,89,88f027729cf13aeb,Netflix,animated-RickandMorty,rsrp=-91|rsrq=-13|snr=-1,rsrp=-91|rsrq=-13,-91,-13,-1,ploss=0|noise_power_dB=-5,0,-5,False,ploss=0|noise_power_dB=-5,0,-5,False,False,False,False,False
ucc-static-88f027729cf13aeb,90,88f027729cf13aeb,Netflix,animated-RickandMorty,rsrp=-91|rsrq=-13|snr=-1,rsrp=-91|rsrq=-13,-91,-13,-1,ploss=0|noise_power_dB=-5,0,-5,False,ploss=0|noise_power_dB=-5,0,-5,False,False,False,False,False
ucc-static-88f027729cf13aeb,91,88f027729cf13aeb,Netflix,animated-RickandMorty,rsrp=-90|rsrq=-11|snr=3,rsrp=-90|rsrq=-11,-90,-11,3,ploss=0|noise_power_dB=-5,0,-5,True,ploss=0|noise_power_dB=-5,0,-5,False,False,True,False,True
ucc-static-88f027729cf13aeb,92,88f027729cf13aeb,Netflix,animated-RickandMorty,rsrp=-90|rsrq=-11|snr=3,rsrp=-90|rsrq=-11,-90,-11,3,ploss=0|noise_power_dB=-5,0,-5,True,ploss=0|noise_power_dB=-5,0,-5,False,False,True,False,True
ucc-static-88f027729cf13aeb,93,88f027729cf13aeb,Netflix,animated-RickandMorty,rsrp=-90|rsrq=-12|snr=0,rsrp=-90|rsrq=-12,-90,-12,0,ploss=0|noise_power_dB=-5,0,-5,True,ploss=0|noise_power_dB=-5,0,-5,False,False,True,False,True
ucc-static-88f027729cf13aeb,94,88f027729cf13aeb,Netflix,animated-RickandMorty,rsrp=-90|rsrq=-12|snr=0,rsrp=-90|rsrq=-12,-90,-12,0,ploss=0|noise_power_dB=-5,0,-5,True,ploss=0|noise_power_dB=-5,0,-5,False,False,True,False,True
ucc-static-88f027729cf13aeb,95,88f027729cf13aeb,Netflix,animated-RickandMorty,rsrp=-89|rsrq=-15|snr=3,rsrp=-89|rsrq=-15,-89,-15,3,ploss=0|noise_power_dB=-5,0,-5,False,ploss=0|noise_power_dB=-5,0,-5,False,False,False,False,False
ucc-static-88f027729cf13aeb,96,88f027729cf13aeb,Netflix,animated-RickandMorty,rsrp=-89|rsrq=-15|snr=3,rsrp=-89|rsrq=-15,-89,-15,3,ploss=0|noise_power_dB=-5,0,-5,False,ploss=0|noise_power_dB=-5,0,-5,False,False,False,False,False
ucc-static-88f027729cf13aeb,97,88f027729cf13aeb,Netflix,animated-RickandMorty,rsrp=-90|rsrq=-13|snr=-2,rsrp=-90|rsrq=-13,-90,-13,-2,ploss=0|noise_power_dB=-5,0,-5,False,ploss=0|noise_power_dB=-5,0,-5,False,False,False,False,False
ucc-static-88f027729cf13aeb,98,88f027729cf13aeb,Netflix,animated-RickandMorty,rsrp=-90|rsrq=-13|snr=-2,rsrp=-90|rsrq=-13,-90,-13,-2,ploss=0|noise_power_dB=-5,0,-5,False,ploss=0|noise_power_dB=-5,0,-5,False,False,False,False,False
ucc-static-88f027729cf13aeb,99,88f027729cf13aeb,Netflix,animated-RickandMorty,rsrp=-91|rsrq=-12|snr=1,rsrp=-91|rsrq=-12,-91,-12,1,ploss=0|noise_power_dB=-5,0,-5,True,ploss=0|noise_power_dB=-5,0,-5,False,False,True,False,True
ucc-static-88f027729cf13aeb,100,88f027729cf13aeb,Netflix,animated-RickandMorty,rsrp=-91|rsrq=-12|snr=1,rsrp=-91|rsrq=-12,-91,-12,1,ploss=0|noise_power_dB=-5,0,-5,True,ploss=0|noise_power_dB=-5,0,-5,False,False,True,False,True
ucc-static-88f027729cf13aeb,101,88f027729cf13aeb,Netflix,animated-RickandMorty,rsrp=-90|rsrq=-15|snr=-1,rsrp=-90|rsrq=-15,-90,-15,-1,ploss=0|noise_power_dB=-5,0,-5,False,ploss=0|noise_power_dB=-5,0,-5,False,False,False,False,False
ucc-static-88f027729cf13aeb,102,88f027729cf13aeb,Netflix,animated-RickandMorty,rsrp=-90|rsrq=-15|snr=-1,rsrp=-90|rsrq=-15,-90,-15,-1,ploss=0|noise_power_dB=-5,0,-5,False,ploss=0|noise_power_dB=-5,0,-5,False,False,False,False,False
ucc-static-88f027729cf13aeb,103,88f027729cf13aeb,Netflix,animated-RickandMorty,rsrp=-91|rsrq=-13|snr=1,rsrp=-91|rsrq=-13,-91,-13,1,ploss=0|noise_power_dB=-5,0,-5,False,ploss=0|noise_power_dB=-5,0,-5,False,False,False,False,False
ucc-static-88f027729cf13aeb,104,88f027729cf13aeb,Netflix,animated-RickandMorty,rsrp=-91|rsrq=-13|snr=1,rsrp=-91|rsrq=-13,-91,-13,1,ploss=0|noise_power_dB=-5,0,-5,False,ploss=0|noise_power_dB=-5,0,-5,False,False,False,False,False
ucc-static-88f027729cf13aeb,105,88f027729cf13aeb,Netflix,animated-RickandMorty,rsrp=-91|rsrq=-14|snr=-5,rsrp=-91|rsrq=-14,-91,-14,-5,ploss=0|noise_power_dB=-5,0,-5,False,ploss=0|noise_power_dB=-5,0,-5,False,False,False,False,False
ucc-static-88f027729cf13aeb,106,88f027729cf13aeb,Netflix,animated-RickandMorty,rsrp=-91|rsrq=-14|snr=-5,rsrp=-91|rsrq=-14,-91,-14,-5,ploss=0|noise_power_dB=-5,0,-5,False,ploss=0|noise_power_dB=-5,0,-5,False,False,False,False,False
ucc-static-88f027729cf13aeb,107,88f027729cf13aeb,Netflix,animated-RickandMorty,rsrp=-90|rsrq=-12|snr=0,rsrp=-90|rsrq=-12,-90,-12,0,ploss=0|noise_power_dB=-5,0,-5,True,ploss=0|noise_power_dB=-5,0,-5,False,False,True,False,True
ucc-static-88f027729cf13aeb,108,88f027729cf13aeb,Netflix,animated-RickandMorty,rsrp=-90|rsrq=-12|snr=0,rsrp=-90|rsrq=-12,-90,-12,0,ploss=0|noise_power_dB=-5,0,-5,True,ploss=0|noise_power_dB=-5,0,-5,False,False,True,False,True
ucc-static-88f027729cf13aeb,109,88f027729cf13aeb,Netflix,animated-RickandMorty,rsrp=-90|rsrq=-13|snr=-1,rsrp=-90|rsrq=-13,-90,-13,-1,ploss=0|noise_power_dB=-5,0,-5,False,ploss=0|noise_power_dB=-5,0,-5,False,False,False,False,False
ucc-static-88f027729cf13aeb,110,88f027729cf13aeb,Netflix,animated-RickandMorty,rsrp=-90|rsrq=-13|snr=-1,rsrp=-90|rsrq=-13,-90,-13,-1,ploss=0|noise_power_dB=-5,0,-5,False,ploss=0|noise_power_dB=-5,0,-5,False,False,False,False,False
ucc-static-88f027729cf13aeb,111,88f027729cf13aeb,Netflix,animated-RickandMorty,rsrp=-90|rsrq=-12|snr=-1,rsrp=-90|rsrq=-12,-90,-12,-1,ploss=0|noise_power_dB=-5,0,-5,True,ploss=0|noise_power_dB=-5,0,-5,False,False,True,False,True
ucc-static-88f027729cf13aeb,112,88f027729cf13aeb,Netflix,animated-RickandMorty,rsrp=-90|rsrq=-12|snr=-1,rsrp=-90|rsrq=-12,-90,-12,-1,ploss=0|noise_power_dB=-5,0,-5,True,ploss=0|noise_power_dB=-5,0,-5,False,False,True,False,True
ucc-static-88f027729cf13aeb,113,88f027729cf13aeb,Netflix,animated-RickandMorty,rsrp=-93|rsrq=-14|snr=-1,rsrp=-93|rsrq=-14,-93,-14,-1,ploss=0|noise_power_dB=-5,0,-5,False,ploss=0|noise_power_dB=-5,0,-5,False,False,False,False,False
ucc-static-88f027729cf13aeb,114,88f027729cf13aeb,Netflix,animated-RickandMorty,rsrp=-93|rsrq=-14|snr=-1,rsrp=-93|rsrq=-14,-93,-14,-1,ploss=0|noise_power_dB=-5,0,-5,False,ploss=0|noise_power_dB=-5,0,-5,False,False,False,False,False
ucc-static-88f027729cf13aeb,115,88f027729cf13aeb,Netflix,animated-RickandMorty,rsrp=-94|rsrq=-13|snr=-2,rsrp=-94|rsrq=-13,-94,-13,-2,ploss=0|noise_power_dB=-5,0,-5,False,ploss=0|noise_power_dB=-5,0,-5,False,False,False,False,False
ucc-static-88f027729cf13aeb,116,88f027729cf13aeb,Netflix,animated-RickandMorty,rsrp=-94|rsrq=-13|snr=-2,rsrp=-94|rsrq=-13,-94,-13,-2,ploss=0|noise_power_dB=-5,0,-5,False,ploss=0|noise_power_dB=-5,0,-5,False,False,False,False,False
ucc-static-88f027729cf13aeb,117,88f027729cf13aeb,Netflix,animated-RickandMorty,rsrp=-94|rsrq=-15|snr=-2,rsrp=-94|rsrq=-15,-94,-15,-2,ploss=0|noise_power_dB=-5,0,-5,False,ploss=0|noise_power_dB=-5,0,-5,False,False,False,False,False
ucc-static-88f027729cf13aeb,118,88f027729cf13aeb,Netflix,animated-RickandMorty,rsrp=-94|rsrq=-15|snr=-2,rsrp=-94|rsrq=-15,-94,-15,-2,ploss=0|noise_power_dB=-5,0,-5,False,ploss=0|noise_power_dB=-5,0,-5,False,False,False,False,False
ucc-static-88f027729cf13aeb,119,88f027729cf13aeb,Netflix,animated-RickandMorty,rsrp=-92|rsrq=-17|snr=-10,rsrp=-92|rsrq=-17,-92,-17,-10,ploss=0|noise_power_dB=-5,0,-5,False,ploss=0|noise_power_dB=-5,0,-5,False,False,False,False,False
ucc-static-88f027729cf13aeb,120,88f027729cf13aeb,Netflix,animated-RickandMorty,rsrp=-92|rsrq=-17|snr=-10,rsrp=-92|rsrq=-17,-92,-17,-10,ploss=0|noise_power_dB=-5,0,-5,False,ploss=0|noise_power_dB=-5,0,-5,False,False,False,False,False
ucc-static-88f027729cf13aeb,121,88f027729cf13aeb,Netflix,animated-RickandMorty,rsrp=-90|rsrq=-12|snr=0,rsrp=-90|rsrq=-12,-90,-12,0,ploss=0|noise_power_dB=-5,0,-5,True,ploss=0|noise_power_dB=-5,0,-5,False,False,True,False,True
ucc-static-88f027729cf13aeb,122,88f027729cf13aeb,Netflix,animated-RickandMorty,rsrp=-90|rsrq=-12|snr=0,rsrp=-90|rsrq=-12,-90,-12,0,ploss=0|noise_power_dB=-5,0,-5,True,ploss=0|noise_power_dB=-5,0,-5,False,False,True,False,True
ucc-static-88f027729cf13aeb,123,88f027729cf13aeb,Netflix,animated-RickandMorty,rsrp=-90|rsrq=-11|snr=3,rsrp=-90|rsrq=-11,-90,-11,3,ploss=0|noise_power_dB=-5,0,-5,True,ploss=0|noise_power_dB=-5,0,-5,False,False,True,False,True
ucc-static-88f027729cf13aeb,124,88f027729cf13aeb,Netflix,animated-RickandMorty,rsrp=-90|rsrq=-11|snr=3,rsrp=-90|rsrq=-11,-90,-11,3,ploss=0|noise_power_dB=-5,0,-5,True,ploss=0|noise_power_dB=-5,0,-5,False,False,True,False,True
ucc-static-88f027729cf13aeb,125,88f027729cf13aeb,Netflix,animated-RickandMorty,rsrp=-90|rsrq=-10|snr=-1,rsrp=-90|rsrq=-10,-90,-10,-1,ploss=0|noise_power_dB=-5,0,-5,True,ploss=0|noise_power_dB=-5,0,-5,False,False,True,False,True
ucc-static-88f027729cf13aeb,126,88f027729cf13aeb,Netflix,animated-RickandMorty,rsrp=-90|rsrq=-10|snr=-1,rsrp=-90|rsrq=-10,-90,-10,-1,ploss=0|noise_power_dB=-5,0,-5,True,ploss=0|noise_power_dB=-5,0,-5,False,False,True,False,True
ucc-static-88f027729cf13aeb,127,88f027729cf13aeb,Netflix,animated-RickandMorty,rsrp=-90|rsrq=-10|snr=2,rsrp=-90|rsrq=-10,-90,-10,2,ploss=0|noise_power_dB=-5,0,-5,True,ploss=0|noise_power_dB=-5,0,-5,False,False,True,False,True
ucc-static-88f027729cf13aeb,128,88f027729cf13aeb,Netflix,animated-RickandMorty,rsrp=-90|rsrq=-10|snr=2,rsrp=-90|rsrq=-10,-90,-10,2,ploss=0|noise_power_dB=-5,0,-5,True,ploss=0|noise_power_dB=-5,0,-5,False,False,True,False,True
ucc-static-88f027729cf13aeb,129,88f027729cf13aeb,Netflix,animated-RickandMorty,rsrp=-89|rsrq=-13|snr=3,rsrp=-89|rsrq=-13,-89,-13,3,ploss=0|noise_power_dB=-5,0,-5,False,ploss=0|noise_power_dB=-5,0,-5,False,False,False,False,False
ucc-static-88f027729cf13aeb,130,88f027729cf13aeb,Netflix,animated-RickandMorty,rsrp=-89|rsrq=-13|snr=3,rsrp=-89|rsrq=-13,-89,-13,3,ploss=0|noise_power_dB=-5,0,-5,False,ploss=0|noise_power_dB=-5,0,-5,False,False,False,False,False
ucc-static-88f027729cf13aeb,131,88f027729cf13aeb,Netflix,animated-RickandMorty,rsrp=-89|rsrq=-14|snr=-3,rsrp=-89|rsrq=-14,-89,-14,-3,ploss=0|noise_power_dB=-5,0,-5,False,ploss=0|noise_power_dB=-5,0,-5,False,False,False,False,False
ucc-static-88f027729cf13aeb,132,88f027729cf13aeb,Netflix,animated-RickandMorty,rsrp=-89|rsrq=-14|snr=-3,rsrp=-89|rsrq=-14,-89,-14,-3,ploss=0|noise_power_dB=-5,0,-5,False,ploss=0|noise_power_dB=-5,0,-5,False,False,False,False,False
ucc-static-88f027729cf13aeb,133,88f027729cf13aeb,Netflix,animated-RickandMorty,rsrp=-90|rsrq=-12|snr=2,rsrp=-90|rsrq=-12,-90,-12,2,ploss=0|noise_power_dB=-5,0,-5,True,ploss=0|noise_power_dB=-5,0,-5,False,False,True,False,True
ucc-static-88f027729cf13aeb,134,88f027729cf13aeb,Netflix,animated-RickandMorty,rsrp=-90|rsrq=-12|snr=2,rsrp=-90|rsrq=-12,-90,-12,2,ploss=0|noise_power_dB=-5,0,-5,True,ploss=0|noise_power_dB=-5,0,-5,False,False,True,False,True
ucc-static-88f027729cf13aeb,135,88f027729cf13aeb,Netflix,animated-RickandMorty,rsrp=-89|rsrq=-12|snr=1,rsrp=-89|rsrq=-12,-89,-12,1,ploss=0|noise_power_dB=-5,0,-5,False,ploss=0|noise_power_dB=-5,0,-5,False,False,False,False,False
ucc-static-88f027729cf13aeb,136,88f027729cf13aeb,Netflix,animated-RickandMorty,rsrp=-89|rsrq=-12|snr=1,rsrp=-89|rsrq=-12,-89,-12,1,ploss=0|noise_power_dB=-5,0,-5,False,ploss=0|noise_power_dB=-5,0,-5,False,False,False,False,False
ucc-static-88f027729cf13aeb,137,88f027729cf13aeb,Netflix,animated-RickandMorty,rsrp=-89|rsrq=-11|snr=7,rsrp=-89|rsrq=-11,-89,-11,7,ploss=0|noise_power_dB=-5,0,-5,False,ploss=0|noise_power_dB=-5,0,-5,False,False,False,False,False
ucc-static-88f027729cf13aeb,138,88f027729cf13aeb,Netflix,animated-RickandMorty,rsrp=-89|rsrq=-11|snr=7,rsrp=-89|rsrq=-11,-89,-11,7,ploss=0|noise_power_dB=-5,0,-5,False,ploss=0|noise_power_dB=-5,0,-5,False,False,False,False,False
ucc-static-88f027729cf13aeb,139,88f027729cf13aeb,Netflix,animated-RickandMorty,rsrp=-89|rsrq=-16|snr=-8,rsrp=-89|rsrq=-16,-89,-16,-8,ploss=0|noise_power_dB=-5,0,-5,False,ploss=0|noise_power_dB=-5,0,-5,False,False,False,False,False
ucc-static-88f027729cf13aeb,140,88f027729cf13aeb,Netflix,animated-RickandMorty,rsrp=-89|rsrq=-16|snr=-8,rsrp=-89|rsrq=-16,-89,-16,-8,ploss=0|noise_power_dB=-5,0,-5,False,ploss=0|noise_power_dB=-5,0,-5,False,False,False,False,False
ucc-static-88f027729cf13aeb,141,88f027729cf13aeb,Netflix,animated-RickandMorty,rsrp=-90|rsrq=-12|snr=2,rsrp=-90|rsrq=-12,-90,-12,2,ploss=0|noise_power_dB=-5,0,-5,True,ploss=0|noise_power_dB=-5,0,-5,False,False,True,False,True
ucc-static-88f027729cf13aeb,142,88f027729cf13aeb,Netflix,animated-RickandMorty,rsrp=-90|rsrq=-12|snr=2,rsrp=-90|rsrq=-12,-90,-12,2,ploss=0|noise_power_dB=-5,0,-5,True,ploss=0|noise_power_dB=-5,0,-5,False,False,True,False,True
ucc-static-88f027729cf13aeb,143,88f027729cf13aeb,Netflix,animated-RickandMorty,rsrp=-89|rsrq=-12|snr=3,rsrp=-89|rsrq=-12,-89,-12,3,ploss=0|noise_power_dB=-5,0,-5,False,ploss=0|noise_power_dB=-5,0,-5,False,False,False,False,False
ucc-static-88f027729cf13aeb,144,88f027729cf13aeb,Netflix,animated-RickandMorty,rsrp=-89|rsrq=-12|snr=3,rsrp=-89|rsrq=-12,-89,-12,3,ploss=0|noise_power_dB=-5,0,-5,False,ploss=0|noise_power_dB=-5,0,-5,False,False,False,False,False
ucc-static-88f027729cf13aeb,145,88f027729cf13aeb,Netflix,animated-RickandMorty,rsrp=-89|rsrq=-12|snr=3,rsrp=-89|rsrq=-12,-89,-12,3,ploss=0|noise_power_dB=-5,0,-5,False,ploss=0|noise_power_dB=-5,0,-5,False,False,False,False,False
ucc-static-88f027729cf13aeb,146,88f027729cf13aeb,Netflix,animated-RickandMorty,rsrp=-89|rsrq=-12|snr=3,rsrp=-89|rsrq=-12,-89,-12,3,ploss=0|noise_power_dB=-5,0,-5,False,ploss=0|noise_power_dB=-5,0,-5,False,False,False,False,False
ucc-static-88f027729cf13aeb,147,88f027729cf13aeb,Netflix,animated-RickandMorty,rsrp=-89|rsrq=-10|snr=7,rsrp=-89|rsrq=-10,-89,-10,7,ploss=0|noise_power_dB=-5,0,-5,False,ploss=0|noise_power_dB=-5,0,-5,False,False,False,False,False
ucc-static-88f027729cf13aeb,148,88f027729cf13aeb,Netflix,animated-RickandMorty,rsrp=-89|rsrq=-10|snr=7,rsrp=-89|rsrq=-10,-89,-10,7,ploss=0|noise_power_dB=-5,0,-5,False,ploss=0|noise_power_dB=-5,0,-5,False,False,False,False,False
ucc-static-88f027729cf13aeb,149,88f027729cf13aeb,Netflix,animated-RickandMorty,rsrp=-89|rsrq=-13|snr=-4,rsrp=-89|rsrq=-13,-89,-13,-4,ploss=0|noise_power_dB=-5,0,-5,False,ploss=0|noise_power_dB=-5,0,-5,False,False,False,False,False
ucc-static-88f027729cf13aeb,150,88f027729cf13aeb,Netflix,animated-RickandMorty,rsrp=-89|rsrq=-13|snr=-4,rsrp=-89|rsrq=-13,-89,-13,-4,ploss=0|noise_power_dB=-5,0,-5,False,ploss=0|noise_power_dB=-5,0,-5,False,False,False,False,False
ucc-static-88f027729cf13aeb,151,88f027729cf13aeb,Netflix,animated-RickandMorty,rsrp=-89|rsrq=-15|snr=-4,rsrp=-89|rsrq=-15,-89,-15,-4,ploss=0|noise_power_dB=-5,0,-5,False,ploss=0|noise_power_dB=-5,0,-5,False,False,False,False,False
ucc-static-88f027729cf13aeb,152,88f027729cf13aeb,Netflix,animated-RickandMorty,rsrp=-89|rsrq=-15|snr=-4,rsrp=-89|rsrq=-15,-89,-15,-4,ploss=0|noise_power_dB=-5,0,-5,False,ploss=0|noise_power_dB=-5,0,-5,False,False,False,False,False
ucc-static-88f027729cf13aeb,153,88f027729cf13aeb,Netflix,animated-RickandMorty,rsrp=-89|rsrq=-14|snr=-2,rsrp=-89|rsrq=-14,-89,-14,-2,ploss=0|noise_power_dB=-5,0,-5,False,ploss=0|noise_power_dB=-5,0,-5,False,False,False,False,False
ucc-static-88f027729cf13aeb,154,88f027729cf13aeb,Netflix,animated-RickandMorty,rsrp=-89|rsrq=-14|snr=-2,rsrp=-89|rsrq=-14,-89,-14,-2,ploss=0|noise_power_dB=-5,0,-5,False,ploss=0|noise_power_dB=-5,0,-5,False,False,False,False,False
ucc-static-88f027729cf13aeb,155,88f027729cf13aeb,Netflix,animated-RickandMorty,rsrp=-89|rsrq=-13|snr=2,rsrp=-89|rsrq=-13,-89,-13,2,ploss=0|noise_power_dB=-5,0,-5,False,ploss=0|noise_power_dB=-5,0,-5,False,False,False,False,False
ucc-static-88f027729cf13aeb,156,88f027729cf13aeb,Netflix,animated-RickandMorty,rsrp=-89|rsrq=-13|snr=2,rsrp=-89|rsrq=-13,-89,-13,2,ploss=0|noise_power_dB=-5,0,-5,False,ploss=0|noise_power_dB=-5,0,-5,False,False,False,False,False
ucc-static-88f027729cf13aeb,157,88f027729cf13aeb,Netflix,animated-RickandMorty,rsrp=-89|rsrq=-12|snr=-1,rsrp=-89|rsrq=-12,-89,-12,-1,ploss=0|noise_power_dB=-5,0,-5,False,ploss=0|noise_power_dB=-5,0,-5,False,False,False,False,False
ucc-static-88f027729cf13aeb,158,88f027729cf13aeb,Netflix,animated-RickandMorty,rsrp=-89|rsrq=-12|snr=-1,rsrp=-89|rsrq=-12,-89,-12,-1,ploss=0|noise_power_dB=-5,0,-5,False,ploss=0|noise_power_dB=-5,0,-5,False,False,False,False,False
ucc-static-88f027729cf13aeb,159,88f027729cf13aeb,Netflix,animated-RickandMorty,rsrp=-89|rsrq=-14|snr=2,rsrp=-89|rsrq=-14,-89,-14,2,ploss=0|noise_power_dB=-5,0,-5,False,ploss=0|noise_power_dB=-5,0,-5,False,False,False,False,False
ucc-static-88f027729cf13aeb,160,88f027729cf13aeb,Netflix,animated-RickandMorty,rsrp=-89|rsrq=-14|snr=2,rsrp=-89|rsrq=-14,-89,-14,2,ploss=0|noise_power_dB=-5,0,-5,False,ploss=0|noise_power_dB=-5,0,-5,False,False,False,False,False
ucc-static-88f027729cf13aeb,161,88f027729cf13aeb,Netflix,animated-RickandMorty,rsrp=-89|rsrq=-15|snr=-6,rsrp=-89|rsrq=-15,-89,-15,-6,ploss=0|noise_power_dB=-5,0,-5,False,ploss=0|noise_power_dB=-5,0,-5,False,False,False,False,False
ucc-static-88f027729cf13aeb,162,88f027729cf13aeb,Netflix,animated-RickandMorty,rsrp=-89|rsrq=-15|snr=-6,rsrp=-89|rsrq=-15,-89,-15,-6,ploss=0|noise_power_dB=-5,0,-5,False,ploss=0|noise_power_dB=-5,0,-5,False,False,False,False,False
ucc-static-88f027729cf13aeb,163,88f027729cf13aeb,Netflix,animated-RickandMorty,rsrp=-90|rsrq=-15|snr=0,rsrp=-90|rsrq=-15,-90,-15,0,ploss=0|noise_power_dB=-5,0,-5,False,ploss=0|noise_power_dB=-5,0,-5,False,False,False,False,False
ucc-static-88f027729cf13aeb,164,88f027729cf13aeb,Netflix,animated-RickandMorty,rsrp=-90|rsrq=-15|snr=0,rsrp=-90|rsrq=-15,-90,-15,0,ploss=0|noise_power_dB=-5,0,-5,False,ploss=0|noise_power_dB=-5,0,-5,False,False,False,False,False
ucc-static-88f027729cf13aeb,165,88f027729cf13aeb,Netflix,animated-RickandMorty,rsrp=-90|rsrq=-13|snr=1,rsrp=-90|rsrq=-13,-90,-13,1,ploss=0|noise_power_dB=-5,0,-5,False,ploss=0|noise_power_dB=-5,0,-5,False,False,False,False,False
ucc-static-88f027729cf13aeb,166,88f027729cf13aeb,Netflix,animated-RickandMorty,rsrp=-90|rsrq=-13|snr=1,rsrp=-90|rsrq=-13,-90,-13,1,ploss=0|noise_power_dB=-5,0,-5,False,ploss=0|noise_power_dB=-5,0,-5,False,False,False,False,False
ucc-static-88f027729cf13aeb,167,88f027729cf13aeb,Netflix,animated-RickandMorty,rsrp=-89|rsrq=-16|snr=1,rsrp=-89|rsrq=-16,-89,-16,1,ploss=0|noise_power_dB=-5,0,-5,False,ploss=0|noise_power_dB=-5,0,-5,False,False,False,False,False
ucc-static-9879d08c2a797a39,0,9879d08c2a797a39,Amazon_Prime,Season3-TheExpanse,rsrp=-100|rsrq=-11|snr=-2,rsrp=-100|rsrq=-11,-100,-11,-2,ploss=-5|noise_power_dB=-30,-5,-30,False,ploss=0|noise_power_dB=-5,0,-5,True,False,False,True,True
ucc-static-9879d08c2a797a39,1,9879d08c2a797a39,Amazon_Prime,Season3-TheExpanse,rsrp=-100|rsrq=-11|snr=-2,rsrp=-100|rsrq=-11,-100,-11,-2,ploss=-5|noise_power_dB=-30,-5,-30,False,ploss=0|noise_power_dB=-5,0,-5,True,False,False,True,True
ucc-static-9879d08c2a797a39,2,9879d08c2a797a39,Amazon_Prime,Season3-TheExpanse,rsrp=-100|rsrq=-10|snr=-5,rsrp=-100|rsrq=-10,-100,-10,-5,ploss=-5|noise_power_dB=-30,-5,-30,False,ploss=0|noise_power_dB=-5,0,-5,True,False,False,True,True
ucc-static-9879d08c2a797a39,3,9879d08c2a797a39,Amazon_Prime,Season3-TheExpanse,rsrp=-100|rsrq=-10|snr=-5,rsrp=-100|rsrq=-10,-100,-10,-5,ploss=-5|noise_power_dB=-30,-5,-30,False,ploss=0|noise_power_dB=-5,0,-5,True,False,False,True,True
ucc-static-9879d08c2a797a39,4,9879d08c2a797a39,Amazon_Prime,Season3-TheExpanse,rsrp=-99|rsrq=-10|snr=1,rsrp=-99|rsrq=-10,-99,-10,1,ploss=-5|noise_power_dB=-30,-5,-30,False,ploss=0|noise_power_dB=-5,0,-5,True,False,False,True,True
ucc-static-9879d08c2a797a39,5,9879d08c2a797a39,Amazon_Prime,Season3-TheExpanse,rsrp=-99|rsrq=-10|snr=1,rsrp=-99|rsrq=-10,-99,-10,1,ploss=-5|noise_power_dB=-30,-5,-30,False,ploss=0|noise_power_dB=-5,0,-5,True,False,False,True,True
ucc-static-9879d08c2a797a39,6,9879d08c2a797a39,Amazon_Prime,Season3-TheExpanse,rsrp=-101|rsrq=-16|snr=-2,rsrp=-101|rsrq=-16,-101,-16,-2,ploss=-5|noise_power_dB=-30,-5,-30,False,ploss=0|noise_power_dB=-5,0,-5,False,False,False,False,False
ucc-static-9879d08c2a797a39,7,9879d08c2a797a39,Amazon_Prime,Season3-TheExpanse,rsrp=-101|rsrq=-16|snr=-2,rsrp=-101|rsrq=-16,-101,-16,-2,ploss=-5|noise_power_dB=-30,-5,-30,False,ploss=0|noise_power_dB=-5,0,-5,False,False,False,False,False
ucc-static-9879d08c2a797a39,8,9879d08c2a797a39,Amazon_Prime,Season3-TheExpanse,rsrp=-100|rsrq=-11|snr=-4,rsrp=-100|rsrq=-11,-100,-11,-4,ploss=-5|noise_power_dB=-30,-5,-30,False,ploss=0|noise_power_dB=-5,0,-5,True,False,False,True,True
ucc-static-9879d08c2a797a39,9,9879d08c2a797a39,Amazon_Prime,Season3-TheExpanse,rsrp=-100|rsrq=-11|snr=-4,rsrp=-100|rsrq=-11,-100,-11,-4,ploss=-5|noise_power_dB=-30,-5,-30,False,ploss=0|noise_power_dB=-5,0,-5,True,False,False,True,True
ucc-static-9879d08c2a797a39,10,9879d08c2a797a39,Amazon_Prime,Season3-TheExpanse,rsrp=-100|rsrq=-10|snr=1,rsrp=-100|rsrq=-10,-100,-10,1,ploss=-5|noise_power_dB=-30,-5,-30,False,ploss=0|noise_power_dB=-5,0,-5,True,False,False,True,True
ucc-static-9879d08c2a797a39,11,9879d08c2a797a39,Amazon_Prime,Season3-TheExpanse,rsrp=-100|rsrq=-10|snr=1,rsrp=-100|rsrq=-10,-100,-10,1,ploss=-5|noise_power_dB=-30,-5,-30,False,ploss=0|noise_power_dB=-5,0,-5,True,False,False,True,True
ucc-static-9879d08c2a797a39,12,9879d08c2a797a39,Amazon_Prime,Season3-TheExpanse,rsrp=-100|rsrq=-13|snr=3,rsrp=-100|rsrq=-13,-100,-13,3,ploss=-5|noise_power_dB=-30,-5,-30,False,ploss=0|noise_power_dB=-5,0,-5,False,False,False,False,False
ucc-static-9879d08c2a797a39,13,9879d08c2a797a39,Amazon_Prime,Season3-TheExpanse,rsrp=-100|rsrq=-13|snr=3,rsrp=-100|rsrq=-13,-100,-13,3,ploss=-5|noise_power_dB=-30,-5,-30,False,ploss=0|noise_power_dB=-5,0,-5,False,False,False,False,False
ucc-static-9879d08c2a797a39,14,9879d08c2a797a39,Amazon_Prime,Season3-TheExpanse,rsrp=-100|rsrq=-10|snr=7,rsrp=-100|rsrq=-10,-100,-10,7,ploss=-5|noise_power_dB=-30,-5,-30,False,ploss=0|noise_power_dB=-5,0,-5,True,False,False,True,True
ucc-static-9879d08c2a797a39,15,9879d08c2a797a39,Amazon_Prime,Season3-TheExpanse,rsrp=-100|rsrq=-10|snr=7,rsrp=-100|rsrq=-10,-100,-10,7,ploss=-5|noise_power_dB=-30,-5,-30,False,ploss=0|noise_power_dB=-5,0,-5,True,False,False,True,True
ucc-static-9879d08c2a797a39,16,9879d08c2a797a39,Amazon_Prime,Season3-TheExpanse,rsrp=-100|rsrq=-11|snr=4,rsrp=-100|rsrq=-11,-100,-11,4,ploss=-5|noise_power_dB=-30,-5,-30,False,ploss=0|noise_power_dB=-5,0,-5,True,False,False,True,True
ucc-static-9879d08c2a797a39,17,9879d08c2a797a39,Amazon_Prime,Season3-TheExpanse,rsrp=-100|rsrq=-11|snr=4,rsrp=-100|rsrq=-11,-100,-11,4,ploss=-5|noise_power_dB=-30,-5,-30,False,ploss=0|noise_power_dB=-5,0,-5,True,False,False,True,True
ucc-static-9879d08c2a797a39,18,9879d08c2a797a39,Amazon_Prime,Season3-TheExpanse,rsrp=-100|rsrq=-12|snr=4,rsrp=-100|rsrq=-12,-100,-12,4,ploss=-5|noise_power_dB=-30,-5,-30,False,ploss=0|noise_power_dB=-5,0,-5,True,False,False,True,True
ucc-static-9879d08c2a797a39,19,9879d08c2a797a39,Amazon_Prime,Season3-TheExpanse,rsrp=-100|rsrq=-12|snr=4,rsrp=-100|rsrq=-12,-100,-12,4,ploss=-5|noise_power_dB=-30,-5,-30,False,ploss=0|noise_power_dB=-5,0,-5,True,False,False,True,True
ucc-static-9879d08c2a797a39,20,9879d08c2a797a39,Amazon_Prime,Season3-TheExpanse,rsrp=-99|rsrq=-11|snr=8,rsrp=-99|rsrq=-11,-99,-11,8,ploss=-5|noise_power_dB=-30,-5,-30,False,ploss=0|noise_power_dB=-5,0,-5,True,False,False,True,True
ucc-static-9879d08c2a797a39,21,9879d08c2a797a39,Amazon_Prime,Season3-TheExpanse,rsrp=-99|rsrq=-11|snr=8,rsrp=-99|rsrq=-11,-99,-11,8,ploss=-5|noise_power_dB=-30,-5,-30,False,ploss=0|noise_power_dB=-5,0,-5,True,False,False,True,True
ucc-static-9879d08c2a797a39,22,9879d08c2a797a39,Amazon_Prime,Season3-TheExpanse,rsrp=-100|rsrq=-11|snr=10,rsrp=-100|rsrq=-11,-100,-11,10,ploss=-5|noise_power_dB=-30,-5,-30,False,ploss=0|noise_power_dB=-5,0,-5,True,False,False,True,True
ucc-static-9879d08c2a797a39,23,9879d08c2a797a39,Amazon_Prime,Season3-TheExpanse,rsrp=-100|rsrq=-11|snr=10,rsrp=-100|rsrq=-11,-100,-11,10,ploss=-5|noise_power_dB=-30,-5,-30,False,ploss=0|noise_power_dB=-5,0,-5,True,False,False,True,True
ucc-static-9879d08c2a797a39,24,9879d08c2a797a39,Amazon_Prime,Season3-TheExpanse,rsrp=-99|rsrq=-10|snr=-4,rsrp=-99|rsrq=-10,-99,-10,-4,ploss=-5|noise_power_dB=-30,-5,-30,False,ploss=0|noise_power_dB=-5,0,-5,True,False,False,True,True
ucc-static-9879d08c2a797a39,25,9879d08c2a797a39,Amazon_Prime,Season3-TheExpanse,rsrp=-99|rsrq=-10|snr=-4,rsrp=-99|rsrq=-10,-99,-10,-4,ploss=-5|noise_power_dB=-30,-5,-30,False,ploss=0|noise_power_dB=-5,0,-5,True,False,False,True,True
ucc-static-9879d08c2a797a39,26,9879d08c2a797a39,Amazon_Prime,Season3-TheExpanse,rsrp=-99|rsrq=-11|snr=10,rsrp=-99|rsrq=-11,-99,-11,10,ploss=-5|noise_power_dB=-30,-5,-30,False,ploss=0|noise_power_dB=-5,0,-5,True,False,False,True,True
ucc-static-9879d08c2a797a39,27,9879d08c2a797a39,Amazon_Prime,Season3-TheExpanse,rsrp=-99|rsrq=-11|snr=10,rsrp=-99|rsrq=-11,-99,-11,10,ploss=-5|noise_power_dB=-30,-5,-30,False,ploss=0|noise_power_dB=-5,0,-5,True,False,False,True,True
ucc-static-9879d08c2a797a39,28,9879d08c2a797a39,Amazon_Prime,Season3-TheExpanse,rsrp=-99|rsrq=-11|snr=3,rsrp=-99|rsrq=-11,-99,-11,3,ploss=-5|noise_power_dB=-30,-5,-30,False,ploss=0|noise_power_dB=-5,0,-5,True,False,False,True,True
ucc-static-9879d08c2a797a39,29,9879d08c2a797a39,Amazon_Prime,Season3-TheExpanse,rsrp=-99|rsrq=-11|snr=3,rsrp=-99|rsrq=-11,-99,-11,3,ploss=-5|noise_power_dB=-30,-5,-30,False,ploss=0|noise_power_dB=-5,0,-5,True,False,False,True,True
ucc-static-9879d08c2a797a39,30,9879d08c2a797a39,Amazon_Prime,Season3-TheExpanse,rsrp=-99|rsrq=-14|snr=-1,rsrp=-99|rsrq=-14,-99,-14,-1,ploss=-5|noise_power_dB=-30,-5,-30,False,ploss=0|noise_power_dB=-5,0,-5,False,False,False,False,False
ucc-static-9879d08c2a797a39,31,9879d08c2a797a39,Amazon_Prime,Season3-TheExpanse,rsrp=-99|rsrq=-14|snr=-1,rsrp=-99|rsrq=-14,-99,-14,-1,ploss=-5|noise_power_dB=-30,-5,-30,False,ploss=0|noise_power_dB=-5,0,-5,False,False,False,False,False
ucc-static-9879d08c2a797a39,32,9879d08c2a797a39,Amazon_Prime,Season3-TheExpanse,rsrp=-100|rsrq=-12|snr=2,rsrp=-100|rsrq=-12,-100,-12,2,ploss=-5|noise_power_dB=-30,-5,-30,False,ploss=0|noise_power_dB=-5,0,-5,True,False,False,True,True
ucc-static-9879d08c2a797a39,33,9879d08c2a797a39,Amazon_Prime,Season3-TheExpanse,rsrp=-100|rsrq=-12|snr=2,rsrp=-100|rsrq=-12,-100,-12,2,ploss=-5|noise_power_dB=-30,-5,-30,False,ploss=0|noise_power_dB=-5,0,-5,True,False,False,True,True
ucc-static-9879d08c2a797a39,34,9879d08c2a797a39,Amazon_Prime,Season3-TheExpanse,rsrp=-100|rsrq=-11|snr=3,rsrp=-100|rsrq=-11,-100,-11,3,ploss=-5|noise_power_dB=-30,-5,-30,False,ploss=0|noise_power_dB=-5,0,-5,True,False,False,True,True
ucc-static-9879d08c2a797a39,35,9879d08c2a797a39,Amazon_Prime,Season3-TheExpanse,rsrp=-100|rsrq=-11|snr=3,rsrp=-100|rsrq=-11,-100,-11,3,ploss=-5|noise_power_dB=-30,-5,-30,False,ploss=0|noise_power_dB=-5,0,-5,True,False,False,True,True
ucc-static-9879d08c2a797a39,36,9879d08c2a797a39,Amazon_Prime,Season3-TheExpanse,rsrp=-100|rsrq=-11|snr=11,rsrp=-100|rsrq=-11,-100,-11,11,ploss=-5|noise_power_dB=-30,-5,-30,False,ploss=0|noise_power_dB=-5,0,-5,True,False,False,True,True
ucc-static-9879d08c2a797a39,37,9879d08c2a797a39,Amazon_Prime,Season3-TheExpanse,rsrp=-100|rsrq=-11|snr=11,rsrp=-100|rsrq=-11,-100,-11,11,ploss=-5|noise_power_dB=-30,-5,-30,False,ploss=0|noise_power_dB=-5,0,-5,True,False,False,True,True
ucc-static-9879d08c2a797a39,38,9879d08c2a797a39,Amazon_Prime,Season3-TheExpanse,rsrp=-100|rsrq=-11|snr=5,rsrp=-100|rsrq=-11,-100,-11,5,ploss=-5|noise_power_dB=-30,-5,-30,False,ploss=0|noise_power_dB=-5,0,-5,True,False,False,True,True
ucc-static-9879d08c2a797a39,39,9879d08c2a797a39,Amazon_Prime,Season3-TheExpanse,rsrp=-100|rsrq=-11|snr=5,rsrp=-100|rsrq=-11,-100,-11,5,ploss=-5|noise_power_dB=-30,-5,-30,False,ploss=0|noise_power_dB=-5,0,-5,True,False,False,True,True
ucc-static-9879d08c2a797a39,40,9879d08c2a797a39,Amazon_Prime,Season3-TheExpanse,rsrp=-100|rsrq=-14|snr=7,rsrp=-100|rsrq=-14,-100,-14,7,ploss=-5|noise_power_dB=-30,-5,-30,False,ploss=0|noise_power_dB=-5,0,-5,False,False,False,False,False
ucc-static-9879d08c2a797a39,41,9879d08c2a797a39,Amazon_Prime,Season3-TheExpanse,rsrp=-100|rsrq=-14|snr=7,rsrp=-100|rsrq=-14,-100,-14,7,ploss=-5|noise_power_dB=-30,-5,-30,False,ploss=0|noise_power_dB=-5,0,-5,False,False,False,False,False
ucc-static-9879d08c2a797a39,42,9879d08c2a797a39,Amazon_Prime,Season3-TheExpanse,rsrp=-100|rsrq=-10|snr=9,rsrp=-100|rsrq=-10,-100,-10,9,ploss=-5|noise_power_dB=-30,-5,-30,False,ploss=0|noise_power_dB=-5,0,-5,True,False,False,True,True
ucc-static-9879d08c2a797a39,43,9879d08c2a797a39,Amazon_Prime,Season3-TheExpanse,rsrp=-100|rsrq=-10|snr=9,rsrp=-100|rsrq=-10,-100,-10,9,ploss=-5|noise_power_dB=-30,-5,-30,False,ploss=0|noise_power_dB=-5,0,-5,True,False,False,True,True
ucc-static-9879d08c2a797a39,44,9879d08c2a797a39,Amazon_Prime,Season3-TheExpanse,rsrp=-100|rsrq=-10|snr=4,rsrp=-100|rsrq=-10,-100,-10,4,ploss=-5|noise_power_dB=-30,-5,-30,False,ploss=0|noise_power_dB=-5,0,-5,True,False,False,True,True
ucc-static-9879d08c2a797a39,45,9879d08c2a797a39,Amazon_Prime,Season3-TheExpanse,rsrp=-100|rsrq=-10|snr=4,rsrp=-100|rsrq=-10,-100,-10,4,ploss=-5|noise_power_dB=-30,-5,-30,False,ploss=0|noise_power_dB=-5,0,-5,True,False,False,True,True
ucc-static-9879d08c2a797a39,46,9879d08c2a797a39,Amazon_Prime,Season3-TheExpanse,rsrp=-100|rsrq=-11|snr=5,rsrp=-100|rsrq=-11,-100,-11,5,ploss=-5|noise_power_dB=-30,-5,-30,False,ploss=0|noise_power_dB=-5,0,-5,True,False,False,True,True
ucc-static-9879d08c2a797a39,47,9879d08c2a797a39,Amazon_Prime,Season3-TheExpanse,rsrp=-100|rsrq=-11|snr=5,rsrp=-100|rsrq=-11,-100,-11,5,ploss=-5|noise_power_dB=-30,-5,-30,False,ploss=0|noise_power_dB=-5,0,-5,True,False,False,True,True
ucc-static-9879d08c2a797a39,48,9879d08c2a797a39,Amazon_Prime,Season3-TheExpanse,rsrp=-100|rsrq=-12|snr=6,rsrp=-100|rsrq=-12,-100,-12,6,ploss=-5|noise_power_dB=-30,-5,-30,False,ploss=0|noise_power_dB=-5,0,-5,True,False,False,True,True
ucc-static-9879d08c2a797a39,49,9879d08c2a797a39,Amazon_Prime,Season3-TheExpanse,rsrp=-100|rsrq=-12|snr=6,rsrp=-100|rsrq=-12,-100,-12,6,ploss=-5|noise_power_dB=-30,-5,-30,False,ploss=0|noise_power_dB=-5,0,-5,True,False,False,True,True
ucc-static-9879d08c2a797a39,50,9879d08c2a797a39,Amazon_Prime,Season3-TheExpanse,rsrp=-100|rsrq=-11|snr=6,rsrp=-100|rsrq=-11,-100,-11,6,ploss=-5|noise_power_dB=-30,-5,-30,False,ploss=0|noise_power_dB=-5,0,-5,True,False,False,True,True
ucc-static-9879d08c2a797a39,51,9879d08c2a797a39,Amazon_Prime,Season3-TheExpanse,rsrp=-100|rsrq=-11|snr=6,rsrp=-100|rsrq=-11,-100,-11,6,ploss=-5|noise_power_dB=-30,-5,-30,False,ploss=0|noise_power_dB=-5,0,-5,True,False,False,True,True
ucc-static-9879d08c2a797a39,52,9879d08c2a797a39,Amazon_Prime,Season3-TheExpanse,rsrp=-99|rsrq=-15|snr=-1,rsrp=-99|rsrq=-15,-99,-15,-1,ploss=-5|noise_power_dB=-30,-5,-30,False,ploss=0|noise_power_dB=-5,0,-5,False,False,False,False,False
ucc-static-9879d08c2a797a39,53,9879d08c2a797a39,Amazon_Prime,Season3-TheExpanse,rsrp=-99|rsrq=-15|snr=-1,rsrp=-99|rsrq=-15,-99,-15,-1,ploss=-5|noise_power_dB=-30,-5,-30,False,ploss=0|noise_power_dB=-5,0,-5,False,False,False,False,False
ucc-static-9879d08c2a797a39,54,9879d08c2a797a39,Amazon_Prime,Season3-TheExpanse,rsrp=-99|rsrq=-12|snr=3,rsrp=-99|rsrq=-12,-99,-12,3,ploss=-5|noise_power_dB=-30,-5,-30,False,ploss=0|noise_power_dB=-5,0,-5,True,False,False,True,True
ucc-static-9879d08c2a797a39,55,9879d08c2a797a39,Amazon_Prime,Season3-TheExpanse,rsrp=-99|rsrq=-12|snr=3,rsrp=-99|rsrq=-12,-99,-12,3,ploss=-5|noise_power_dB=-30,-5,-30,False,ploss=0|noise_power_dB=-5,0,-5,True,False,False,True,True
ucc-static-9879d08c2a797a39,56,9879d08c2a797a39,Amazon_Prime,Season3-TheExpanse,rsrp=-100|rsrq=-13|snr=-1,rsrp=-100|rsrq=-13,-100,-13,-1,ploss=-5|noise_power_dB=-30,-5,-30,False,ploss=0|noise_power_dB=-5,0,-5,False,False,False,False,False
ucc-static-9879d08c2a797a39,57,9879d08c2a797a39,Amazon_Prime,Season3-TheExpanse,rsrp=-100|rsrq=-13|snr=-1,rsrp=-100|rsrq=-13,-100,-13,-1,ploss=-5|noise_power_dB=-30,-5,-30,False,ploss=0|noise_power_dB=-5,0,-5,False,False,False,False,False
ucc-static-9879d08c2a797a39,58,9879d08c2a797a39,Amazon_Prime,Season3-TheExpanse,rsrp=-98|rsrq=-12|snr=-2,rsrp=-98|rsrq=-12,-98,-12,-2,ploss=0|noise_power_dB=-5,0,-5,False,ploss=0|noise_power_dB=-5,0,-5,True,False,False,True,True
ucc-static-9879d08c2a797a39,59,9879d08c2a797a39,Amazon_Prime,Season3-TheExpanse,rsrp=-98|rsrq=-12|snr=-2,rsrp=-98|rsrq=-12,-98,-12,-2,ploss=0|noise_power_dB=-5,0,-5,False,ploss=0|noise_power_dB=-5,0,-5,True,False,False,True,True
ucc-static-9879d08c2a797a39,60,9879d08c2a797a39,Amazon_Prime,Season3-TheExpanse,rsrp=-98|rsrq=-16|snr=-2,rsrp=-98|rsrq=-16,-98,-16,-2,ploss=0|noise_power_dB=-5,0,-5,False,ploss=0|noise_power_dB=-5,0,-5,False,False,False,False,False
ucc-static-9879d08c2a797a39,61,9879d08c2a797a39,Amazon_Prime,Season3-TheExpanse,rsrp=-98|rsrq=-16|snr=-2,rsrp=-98|rsrq=-16,-98,-16,-2,ploss=0|noise_power_dB=-5,0,-5,False,ploss=0|noise_power_dB=-5,0,-5,False,False,False,False,False
ucc-static-9879d08c2a797a39,62,9879d08c2a797a39,Amazon_Prime,Season3-TheExpanse,rsrp=-99|rsrq=-13|snr=2,rsrp=-99|rsrq=-13,-99,-13,2,ploss=-5|noise_power_dB=-30,-5,-30,False,ploss=0|noise_power_dB=-5,0,-5,False,False,False,False,False
ucc-static-9879d08c2a797a39,63,9879d08c2a797a39,Amazon_Prime,Season3-TheExpanse,rsrp=-99|rsrq=-13|snr=2,rsrp=-99|rsrq=-13,-99,-13,2,ploss=-5|noise_power_dB=-30,-5,-30,False,ploss=0|noise_power_dB=-5,0,-5,False,False,False,False,False
ucc-static-9879d08c2a797a39,64,9879d08c2a797a39,Amazon_Prime,Season3-TheExpanse,rsrp=-99|rsrq=-14|snr=-2,rsrp=-99|rsrq=-14,-99,-14,-2,ploss=-5|noise_power_dB=-30,-5,-30,False,ploss=0|noise_power_dB=-5,0,-5,False,False,False,False,False
ucc-static-9879d08c2a797a39,65,9879d08c2a797a39,Amazon_Prime,Season3-TheExpanse,rsrp=-99|rsrq=-14|snr=-2,rsrp=-99|rsrq=-14,-99,-14,-2,ploss=-5|noise_power_dB=-30,-5,-30,False,ploss=0|noise_power_dB=-5,0,-5,False,False,False,False,False
ucc-static-9879d08c2a797a39,66,9879d08c2a797a39,Amazon_Prime,Season3-TheExpanse,rsrp=-98|rsrq=-11|snr=1,rsrp=-98|rsrq=-11,-98,-11,1,ploss=0|noise_power_dB=-5,0,-5,False,ploss=0|noise_power_dB=-5,0,-5,True,False,False,True,True
ucc-static-9879d08c2a797a39,67,9879d08c2a797a39,Amazon_Prime,Season3-TheExpanse,rsrp=-98|rsrq=-11|snr=1,rsrp=-98|rsrq=-11,-98,-11,1,ploss=0|noise_power_dB=-5,0,-5,False,ploss=0|noise_power_dB=-5,0,-5,True,False,False,True,True
ucc-static-9879d08c2a797a39,68,9879d08c2a797a39,Amazon_Prime,Season3-TheExpanse,rsrp=-98|rsrq=-11|snr=-1,rsrp=-98|rsrq=-11,-98,-11,-1,ploss=0|noise_power_dB=-5,0,-5,False,ploss=0|noise_power_dB=-5,0,-5,True,False,False,True,True
ucc-static-9879d08c2a797a39,69,9879d08c2a797a39,Amazon_Prime,Season3-TheExpanse,rsrp=-98|rsrq=-11|snr=-1,rsrp=-98|rsrq=-11,-98,-11,-1,ploss=0|noise_power_dB=-5,0,-5,False,ploss=0|noise_power_dB=-5,0,-5,True,False,False,True,True
ucc-static-9879d08c2a797a39,70,9879d08c2a797a39,Amazon_Prime,Season3-TheExpanse,rsrp=-99|rsrq=-13|snr=7,rsrp=-99|rsrq=-13,-99,-13,7,ploss=-5|noise_power_dB=-30,-5,-30,False,ploss=0|noise_power_dB=-5,0,-5,False,False,False,False,False
ucc-static-9879d08c2a797a39,71,9879d08c2a797a39,Amazon_Prime,Season3-TheExpanse,rsrp=-99|rsrq=-13|snr=7,rsrp=-99|rsrq=-13,-99,-13,7,ploss=-5|noise_power_dB=-30,-5,-30,False,ploss=0|noise_power_dB=-5,0,-5,False,False,False,False,False
ucc-static-9879d08c2a797a39,72,9879d08c2a797a39,Amazon_Prime,Season3-TheExpanse,rsrp=-99|rsrq=-10|snr=11,rsrp=-99|rsrq=-10,-99,-10,11,ploss=-5|noise_power_dB=-30,-5,-30,False,ploss=0|noise_power_dB=-5,0,-5,True,False,False,True,True
ucc-static-9879d08c2a797a39,73,9879d08c2a797a39,Amazon_Prime,Season3-TheExpanse,rsrp=-99|rsrq=-10|snr=11,rsrp=-99|rsrq=-10,-99,-10,11,ploss=-5|noise_power_dB=-30,-5,-30,False,ploss=0|noise_power_dB=-5,0,-5,True,False,False,True,True
ucc-static-9879d08c2a797a39,74,9879d08c2a797a39,Amazon_Prime,Season3-TheExpanse,rsrp=-99|rsrq=-10|snr=6,rsrp=-99|rsrq=-10,-99,-10,6,ploss=-5|noise_power_dB=-30,-5,-30,False,ploss=0|noise_power_dB=-5,0,-5,True,False,False,True,True
ucc-static-9879d08c2a797a39,75,9879d08c2a797a39,Amazon_Prime,Season3-TheExpanse,rsrp=-99|rsrq=-10|snr=6,rsrp=-99|rsrq=-10,-99,-10,6,ploss=-5|noise_power_dB=-30,-5,-30,False,ploss=0|noise_power_dB=-5,0,-5,True,False,False,True,True
ucc-static-9879d08c2a797a39,76,9879d08c2a797a39,Amazon_Prime,Season3-TheExpanse,rsrp=-99|rsrq=-11|snr=2,rsrp=-99|rsrq=-11,-99,-11,2,ploss=-5|noise_power_dB=-30,-5,-30,False,ploss=0|noise_power_dB=-5,0,-5,True,False,False,True,True
ucc-static-9879d08c2a797a39,77,9879d08c2a797a39,Amazon_Prime,Season3-TheExpanse,rsrp=-99|rsrq=-11|snr=2,rsrp=-99|rsrq=-11,-99,-11,2,ploss=-5|noise_power_dB=-30,-5,-30,False,ploss=0|noise_power_dB=-5,0,-5,True,False,False,True,True
ucc-static-9879d08c2a797a39,78,9879d08c2a797a39,Amazon_Prime,Season3-TheExpanse,rsrp=-100|rsrq=-12|snr=3,rsrp=-100|rsrq=-12,-100,-12,3,ploss=-5|noise_power_dB=-30,-5,-30,False,ploss=0|noise_power_dB=-5,0,-5,True,False,False,True,True
ucc-static-9879d08c2a797a39,79,9879d08c2a797a39,Amazon_Prime,Season3-TheExpanse,rsrp=-100|rsrq=-12|snr=3,rsrp=-100|rsrq=-12,-100,-12,3,ploss=-5|noise_power_dB=-30,-5,-30,False,ploss=0|noise_power_dB=-5,0,-5,True,False,False,True,True
ucc-static-9879d08c2a797a39,80,9879d08c2a797a39,Amazon_Prime,Season3-TheExpanse,rsrp=-100|rsrq=-10|snr=4,rsrp=-100|rsrq=-10,-100,-10,4,ploss=-5|noise_power_dB=-30,-5,-30,False,ploss=0|noise_power_dB=-5,0,-5,True,False,False,True,True
ucc-static-9879d08c2a797a39,81,9879d08c2a797a39,Amazon_Prime,Season3-TheExpanse,rsrp=-100|rsrq=-10|snr=4,rsrp=-100|rsrq=-10,-100,-10,4,ploss=-5|noise_power_dB=-30,-5,-30,False,ploss=0|noise_power_dB=-5,0,-5,True,False,False,True,True
ucc-static-9879d08c2a797a39,82,9879d08c2a797a39,Amazon_Prime,Season3-TheExpanse,rsrp=-99|rsrq=-11|snr=0,rsrp=-99|rsrq=-11,-99,-11,0,ploss=-5|noise_power_dB=-30,-5,-30,False,ploss=0|noise_power_dB=-5,0,-5,True,False,False,True,True
ucc-static-9879d08c2a797a39,83,9879d08c2a797a39,Amazon_Prime,Season3-TheExpanse,rsrp=-99|rsrq=-11|snr=0,rsrp=-99|rsrq=-11,-99,-11,0,ploss=-5|noise_power_dB=-30,-5,-30,False,ploss=0|noise_power_dB=-5,0,-5,True,False,False,True,True
ucc-static-9879d08c2a797a39,84,9879d08c2a797a39,Amazon_Prime,Season3-TheExpanse,rsrp=-100|rsrq=-11|snr=4,rsrp=-100|rsrq=-11,-100,-11,4,ploss=-5|noise_power_dB=-30,-5,-30,False,ploss=0|noise_power_dB=-5,0,-5,True,False,False,True,True
ucc-static-9879d08c2a797a39,85,9879d08c2a797a39,Amazon_Prime,Season3-TheExpanse,rsrp=-100|rsrq=-11|snr=4,rsrp=-100|rsrq=-11,-100,-11,4,ploss=-5|noise_power_dB=-30,-5,-30,False,ploss=0|noise_power_dB=-5,0,-5,True,False,False,True,True
ucc-static-9879d08c2a797a39,86,9879d08c2a797a39,Amazon_Prime,Season3-TheExpanse,rsrp=-99|rsrq=-13|snr=-2,rsrp=-99|rsrq=-13,-99,-13,-2,ploss=-5|noise_power_dB=-30,-5,-30,False,ploss=0|noise_power_dB=-5,0,-5,False,False,False,False,False
ucc-static-9879d08c2a797a39,87,9879d08c2a797a39,Amazon_Prime,Season3-TheExpanse,rsrp=-99|rsrq=-13|snr=-2,rsrp=-99|rsrq=-13,-99,-13,-2,ploss=-5|noise_power_dB=-30,-5,-30,False,ploss=0|noise_power_dB=-5,0,-5,False,False,False,False,False
ucc-static-9879d08c2a797a39,88,9879d08c2a797a39,Amazon_Prime,Season3-TheExpanse,rsrp=-99|rsrq=-10|snr=5,rsrp=-99|rsrq=-10,-99,-10,5,ploss=-5|noise_power_dB=-30,-5,-30,False,ploss=0|noise_power_dB=-5,0,-5,True,False,False,True,True
ucc-static-9879d08c2a797a39,89,9879d08c2a797a39,Amazon_Prime,Season3-TheExpanse,rsrp=-99|rsrq=-10|snr=5,rsrp=-99|rsrq=-10,-99,-10,5,ploss=-5|noise_power_dB=-30,-5,-30,False,ploss=0|noise_power_dB=-5,0,-5,True,False,False,True,True
ucc-static-9879d08c2a797a39,90,9879d08c2a797a39,Amazon_Prime,Season3-TheExpanse,rsrp=-99|rsrq=-11|snr=9,rsrp=-99|rsrq=-11,-99,-11,9,ploss=-5|noise_power_dB=-30,-5,-30,False,ploss=0|noise_power_dB=-5,0,-5,True,False,False,True,True
ucc-static-9879d08c2a797a39,91,9879d08c2a797a39,Amazon_Prime,Season3-TheExpanse,rsrp=-99|rsrq=-11|snr=9,rsrp=-99|rsrq=-11,-99,-11,9,ploss=-5|noise_power_dB=-30,-5,-30,False,ploss=0|noise_power_dB=-5,0,-5,True,False,False,True,True
ucc-static-9879d08c2a797a39,92,9879d08c2a797a39,Amazon_Prime,Season3-TheExpanse,rsrp=-100|rsrq=-12|snr=4,rsrp=-100|rsrq=-12,-100,-12,4,ploss=-5|noise_power_dB=-30,-5,-30,False,ploss=0|noise_power_dB=-5,0,-5,True,False,False,True,True
ucc-static-9879d08c2a797a39,93,9879d08c2a797a39,Amazon_Prime,Season3-TheExpanse,rsrp=-100|rsrq=-12|snr=4,rsrp=-100|rsrq=-12,-100,-12,4,ploss=-5|noise_power_dB=-30,-5,-30,False,ploss=0|noise_power_dB=-5,0,-5,True,False,False,True,True
ucc-static-9879d08c2a797a39,94,9879d08c2a797a39,Amazon_Prime,Season3-TheExpanse,rsrp=-100|rsrq=-11|snr=5,rsrp=-100|rsrq=-11,-100,-11,5,ploss=-5|noise_power_dB=-30,-5,-30,False,ploss=0|noise_power_dB=-5,0,-5,True,False,False,True,True
ucc-static-9879d08c2a797a39,95,9879d08c2a797a39,Amazon_Prime,Season3-TheExpanse,rsrp=-100|rsrq=-11|snr=5,rsrp=-100|rsrq=-11,-100,-11,5,ploss=-5|noise_power_dB=-30,-5,-30,False,ploss=0|noise_power_dB=-5,0,-5,True,False,False,True,True
ucc-static-9879d08c2a797a39,96,9879d08c2a797a39,Amazon_Prime,Season3-TheExpanse,rsrp=-100|rsrq=-11|snr=3,rsrp=-100|rsrq=-11,-100,-11,3,ploss=-5|noise_power_dB=-30,-5,-30,False,ploss=0|noise_power_dB=-5,0,-5,True,False,False,True,True
ucc-static-9879d08c2a797a39,97,9879d08c2a797a39,Amazon_Prime,Season3-TheExpanse,rsrp=-100|rsrq=-11|snr=3,rsrp=-100|rsrq=-11,-100,-11,3,ploss=-5|noise_power_dB=-30,-5,-30,False,ploss=0|noise_power_dB=-5,0,-5,True,False,False,True,True
ucc-static-9879d08c2a797a39,98,9879d08c2a797a39,Amazon_Prime,Season3-TheExpanse,rsrp=-100|rsrq=-9|snr=0,rsrp=-100|rsrq=-9,-100,-9,0,ploss=-5|noise_power_dB=-30,-5,-30,False,ploss=0|noise_power_dB=-5,0,-5,True,False,False,True,True
ucc-static-9879d08c2a797a39,99,9879d08c2a797a39,Amazon_Prime,Season3-TheExpanse,rsrp=-100|rsrq=-9|snr=0,rsrp=-100|rsrq=-9,-100,-9,0,ploss=-5|noise_power_dB=-30,-5,-30,False,ploss=0|noise_power_dB=-5,0,-5,True,False,False,True,True
ucc-static-9879d08c2a797a39,100,9879d08c2a797a39,Amazon_Prime,Season3-TheExpanse,rsrp=-98|rsrq=-10|snr=4,rsrp=-98|rsrq=-10,-98,-10,4,ploss=0|noise_power_dB=-5,0,-5,False,ploss=0|noise_power_dB=-5,0,-5,True,False,False,True,True
ucc-static-9879d08c2a797a39,101,9879d08c2a797a39,Amazon_Prime,Season3-TheExpanse,rsrp=-98|rsrq=-10|snr=4,rsrp=-98|rsrq=-10,-98,-10,4,ploss=0|noise_power_dB=-5,0,-5,False,ploss=0|noise_power_dB=-5,0,-5,True,False,False,True,True
ucc-static-9879d08c2a797a39,102,9879d08c2a797a39,Amazon_Prime,Season3-TheExpanse,rsrp=-98|rsrq=-10|snr=8,rsrp=-98|rsrq=-10,-98,-10,8,ploss=0|noise_power_dB=-5,0,-5,False,ploss=0|noise_power_dB=-5,0,-5,True,False,False,True,True
ucc-static-9879d08c2a797a39,103,9879d08c2a797a39,Amazon_Prime,Season3-TheExpanse,rsrp=-98|rsrq=-10|snr=8,rsrp=-98|rsrq=-10,-98,-10,8,ploss=0|noise_power_dB=-5,0,-5,False,ploss=0|noise_power_dB=-5,0,-5,True,False,False,True,True
ucc-static-9879d08c2a797a39,104,9879d08c2a797a39,Amazon_Prime,Season3-TheExpanse,rsrp=-99|rsrq=-11|snr=4,rsrp=-99|rsrq=-11,-99,-11,4,ploss=-5|noise_power_dB=-30,-5,-30,False,ploss=0|noise_power_dB=-5,0,-5,True,False,False,True,True
ucc-static-9879d08c2a797a39,105,9879d08c2a797a39,Amazon_Prime,Season3-TheExpanse,rsrp=-99|rsrq=-11|snr=4,rsrp=-99|rsrq=-11,-99,-11,4,ploss=-5|noise_power_dB=-30,-5,-30,False,ploss=0|noise_power_dB=-5,0,-5,True,False,False,True,True
ucc-static-9879d08c2a797a39,106,9879d08c2a797a39,Amazon_Prime,Season3-TheExpanse,rsrp=-98|rsrq=-12|snr=9,rsrp=-98|rsrq=-12,-98,-12,9,ploss=0|noise_power_dB=-5,0,-5,False,ploss=0|noise_power_dB=-5,0,-5,True,False,False,True,True
ucc-static-9879d08c2a797a39,107,9879d08c2a797a39,Amazon_Prime,Season3-TheExpanse,rsrp=-98|rsrq=-12|snr=9,rsrp=-98|rsrq=-12,-98,-12,9,ploss=0|noise_power_dB=-5,0,-5,False,ploss=0|noise_power_dB=-5,0,-5,True,False,False,True,True
ucc-static-9879d08c2a797a39,108,9879d08c2a797a39,Amazon_Prime,Season3-TheExpanse,rsrp=-99|rsrq=-12|snr=-1,rsrp=-99|rsrq=-12,-99,-12,-1,ploss=-5|noise_power_dB=-30,-5,-30,False,ploss=0|noise_power_dB=-5,0,-5,True,False,False,True,True
ucc-static-9879d08c2a797a39,109,9879d08c2a797a39,Amazon_Prime,Season3-TheExpanse,rsrp=-99|rsrq=-12|snr=-1,rsrp=-99|rsrq=-12,-99,-12,-1,ploss=-5|noise_power_dB=-30,-5,-30,False,ploss=0|noise_power_dB=-5,0,-5,True,False,False,True,True
ucc-static-9879d08c2a797a39,110,9879d08c2a797a39,Amazon_Prime,Season3-TheExpanse,rsrp=-98|rsrq=-10|snr=1,rsrp=-98|rsrq=-10,-98,-10,1,ploss=0|noise_power_dB=-5,0,-5,False,ploss=0|noise_power_dB=-5,0,-5,True,False,False,True,True
ucc-static-9879d08c2a797a39,111,9879d08c2a797a39,Amazon_Prime,Season3-TheExpanse,rsrp=-98|rsrq=-10|snr=1,rsrp=-98|rsrq=-10,-98,-10,1,ploss=0|noise_power_dB=-5,0,-5,False,ploss=0|noise_power_dB=-5,0,-5,True,False,False,True,True
ucc-static-9879d08c2a797a39,112,9879d08c2a797a39,Amazon_Prime,Season3-TheExpanse,rsrp=-98|rsrq=-10|snr=1,rsrp=-98|rsrq=-10,-98,-10,1,ploss=0|noise_power_dB=-5,0,-5,False,ploss=0|noise_power_dB=-5,0,-5,True,False,False,True,True
ucc-static-9879d08c2a797a39,113,9879d08c2a797a39,Amazon_Prime,Season3-TheExpanse,rsrp=-98|rsrq=-10|snr=1,rsrp=-98|rsrq=-10,-98,-10,1,ploss=0|noise_power_dB=-5,0,-5,False,ploss=0|noise_power_dB=-5,0,-5,True,False,False,True,True
ucc-static-9879d08c2a797a39,114,9879d08c2a797a39,Amazon_Prime,Season3-TheExpanse,rsrp=-98|rsrq=-13|snr=-1,rsrp=-98|rsrq=-13,-98,-13,-1,ploss=0|noise_power_dB=-5,0,-5,False,ploss=0|noise_power_dB=-5,0,-5,False,False,False,False,False
ucc-static-9879d08c2a797a39,115,9879d08c2a797a39,Amazon_Prime,Season3-TheExpanse,rsrp=-98|rsrq=-13|snr=-1,rsrp=-98|rsrq=-13,-98,-13,-1,ploss=0|noise_power_dB=-5,0,-5,False,ploss=0|noise_power_dB=-5,0,-5,False,False,False,False,False
ucc-static-9879d08c2a797a39,116,9879d08c2a797a39,Amazon_Prime,Season3-TheExpanse,rsrp=-98|rsrq=-13|snr=1,rsrp=-98|rsrq=-13,-98,-13,1,ploss=0|noise_power_dB=-5,0,-5,False,ploss=0|noise_power_dB=-5,0,-5,False,False,False,False,False
ucc-static-9879d08c2a797a39,117,9879d08c2a797a39,Amazon_Prime,Season3-TheExpanse,rsrp=-98|rsrq=-13|snr=1,rsrp=-98|rsrq=-13,-98,-13,1,ploss=0|noise_power_dB=-5,0,-5,False,ploss=0|noise_power_dB=-5,0,-5,False,False,False,False,False
ucc-static-9879d08c2a797a39,118,9879d08c2a797a39,Amazon_Prime,Season3-TheExpanse,rsrp=-98|rsrq=-14|snr=1,rsrp=-98|rsrq=-14,-98,-14,1,ploss=0|noise_power_dB=-5,0,-5,False,ploss=0|noise_power_dB=-5,0,-5,False,False,False,False,False
ucc-static-9879d08c2a797a39,119,9879d08c2a797a39,Amazon_Prime,Season3-TheExpanse,rsrp=-98|rsrq=-14|snr=1,rsrp=-98|rsrq=-14,-98,-14,1,ploss=0|noise_power_dB=-5,0,-5,False,ploss=0|noise_power_dB=-5,0,-5,False,False,False,False,False
ucc-static-9879d08c2a797a39,120,9879d08c2a797a39,Amazon_Prime,Season3-TheExpanse,rsrp=-98|rsrq=-13|snr=8,rsrp=-98|rsrq=-13,-98,-13,8,ploss=0|noise_power_dB=-5,0,-5,False,ploss=0|noise_power_dB=-5,0,-5,False,False,False,False,False
ucc-static-9879d08c2a797a39,121,9879d08c2a797a39,Amazon_Prime,Season3-TheExpanse,rsrp=-98|rsrq=-13|snr=8,rsrp=-98|rsrq=-13,-98,-13,8,ploss=0|noise_power_dB=-5,0,-5,False,ploss=0|noise_power_dB=-5,0,-5,False,False,False,False,False
ucc-static-9879d08c2a797a39,122,9879d08c2a797a39,Amazon_Prime,Season3-TheExpanse,rsrp=-99|rsrq=-13|snr=0,rsrp=-99|rsrq=-13,-99,-13,0,ploss=-5|noise_power_dB=-30,-5,-30,False,ploss=0|noise_power_dB=-5,0,-5,False,False,False,False,False
ucc-static-9879d08c2a797a39,123,9879d08c2a797a39,Amazon_Prime,Season3-TheExpanse,rsrp=-99|rsrq=-13|snr=0,rsrp=-99|rsrq=-13,-99,-13,0,ploss=-5|noise_power_dB=-30,-5,-30,False,ploss=0|noise_power_dB=-5,0,-5,False,False,False,False,False
ucc-static-9879d08c2a797a39,124,9879d08c2a797a39,Amazon_Prime,Season3-TheExpanse,rsrp=-99|rsrq=-15|snr=-4,rsrp=-99|rsrq=-15,-99,-15,-4,ploss=-5|noise_power_dB=-30,-5,-30,False,ploss=0|noise_power_dB=-5,0,-5,False,False,False,False,False
ucc-static-9879d08c2a797a39,125,9879d08c2a797a39,Amazon_Prime,Season3-TheExpanse,rsrp=-99|rsrq=-15|snr=-4,rsrp=-99|rsrq=-15,-99,-15,-4,ploss=-5|noise_power_dB=-30,-5,-30,False,ploss=0|noise_power_dB=-5,0,-5,False,False,False,False,False
ucc-static-9879d08c2a797a39,126,9879d08c2a797a39,Amazon_Prime,Season3-TheExpanse,rsrp=-99|rsrq=-13|snr=4,rsrp=-99|rsrq=-13,-99,-13,4,ploss=-5|noise_power_dB=-30,-5,-30,False,ploss=0|noise_power_dB=-5,0,-5,False,False,False,False,False
ucc-static-9879d08c2a797a39,127,9879d08c2a797a39,Amazon_Prime,Season3-TheExpanse,rsrp=-99|rsrq=-13|snr=4,rsrp=-99|rsrq=-13,-99,-13,4,ploss=-5|noise_power_dB=-30,-5,-30,False,ploss=0|noise_power_dB=-5,0,-5,False,False,False,False,False
ucc-static-9879d08c2a797a39,128,9879d08c2a797a39,Amazon_Prime,Season3-TheExpanse,rsrp=-100|rsrq=-15|snr=-1,rsrp=-100|rsrq=-15,-100,-15,-1,ploss=-5|noise_power_dB=-30,-5,-30,False,ploss=0|noise_power_dB=-5,0,-5,False,False,False,False,False
ucc-static-9879d08c2a797a39,129,9879d08c2a797a39,Amazon_Prime,Season3-TheExpanse,rsrp=-100|rsrq=-15|snr=-1,rsrp=-100|rsrq=-15,-100,-15,-1,ploss=-5|noise_power_dB=-30,-5,-30,False,ploss=0|noise_power_dB=-5,0,-5,False,False,False,False,False
ucc-static-9879d08c2a797a39,130,9879d08c2a797a39,Amazon_Prime,Season3-TheExpanse,rsrp=-99|rsrq=-15|snr=1,rsrp=-99|rsrq=-15,-99,-15,1,ploss=-5|noise_power_dB=-30,-5,-30,False,ploss=0|noise_power_dB=-5,0,-5,False,False,False,False,False
ucc-static-9879d08c2a797a39,131,9879d08c2a797a39,Amazon_Prime,Season3-TheExpanse,rsrp=-99|rsrq=-15|snr=1,rsrp=-99|rsrq=-15,-99,-15,1,ploss=-5|noise_power_dB=-30,-5,-30,False,ploss=0|noise_power_dB=-5,0,-5,False,False,False,False,False
ucc-static-9879d08c2a797a39,132,9879d08c2a797a39,Amazon_Prime,Season3-TheExpanse,rsrp=-99|rsrq=-14|snr=2,rsrp=-99|rsrq=-14,-99,-14,2,ploss=-5|noise_power_dB=-30,-5,-30,False,ploss=0|noise_power_dB=-5,0,-5,False,False,False,False,False
ucc-static-9879d08c2a797a39,133,9879d08c2a797a39,Amazon_Prime,Season3-TheExpanse,rsrp=-99|rsrq=-14|snr=2,rsrp=-99|rsrq=-14,-99,-14,2,ploss=-5|noise_power_dB=-30,-5,-30,False,ploss=0|noise_power_dB=-5,0,-5,False,False,False,False,False
ucc-static-9879d08c2a797a39,134,9879d08c2a797a39,Amazon_Prime,Season3-TheExpanse,rsrp=-100|rsrq=-13|snr=0,rsrp=-100|rsrq=-13,-100,-13,0,ploss=-5|noise_power_dB=-30,-5,-30,False,ploss=0|noise_power_dB=-5,0,-5,False,False,False,False,False
ucc-static-9879d08c2a797a39,135,9879d08c2a797a39,Amazon_Prime,Season3-TheExpanse,rsrp=-100|rsrq=-13|snr=0,rsrp=-100|rsrq=-13,-100,-13,0,ploss=-5|noise_power_dB=-30,-5,-30,False,ploss=0|noise_power_dB=-5,0,-5,False,False,False,False,False
ucc-static-9879d08c2a797a39,136,9879d08c2a797a39,Amazon_Prime,Season3-TheExpanse,rsrp=-100|rsrq=-14|snr=-1,rsrp=-100|rsrq=-14,-100,-14,-1,ploss=-5|noise_power_dB=-30,-5,-30,False,ploss=0|noise_power_dB=-5,0,-5,False,False,False,False,False
ucc-static-9879d08c2a797a39,137,9879d08c2a797a39,Amazon_Prime,Season3-TheExpanse,rsrp=-100|rsrq=-14|snr=-1,rsrp=-100|rsrq=-14,-100,-14,-1,ploss=-5|noise_power_dB=-30,-5,-30,False,ploss=0|noise_power_dB=-5,0,-5,False,False,False,False,False
ucc-static-9879d08c2a797a39,138,9879d08c2a797a39,Amazon_Prime,Season3-TheExpanse,rsrp=-100|rsrq=-14|snr=1,rsrp=-100|rsrq=-14,-100,-14,1,ploss=-5|noise_power_dB=-30,-5,-30,False,ploss=0|noise_power_dB=-5,0,-5,False,False,False,False,False
ucc-static-9879d08c2a797a39,139,9879d08c2a797a39,Amazon_Prime,Season3-TheExpanse,rsrp=-100|rsrq=-14|snr=1,rsrp=-100|rsrq=-14,-100,-14,1,ploss=-5|noise_power_dB=-30,-5,-30,False,ploss=0|noise_power_dB=-5,0,-5,False,False,False,False,False
ucc-static-9879d08c2a797a39,140,9879d08c2a797a39,Amazon_Prime,Season3-TheExpanse,rsrp=-100|rsrq=-14|snr=0,rsrp=-100|rsrq=-14,-100,-14,0,ploss=-5|noise_power_dB=-30,-5,-30,False,ploss=0|noise_power_dB=-5,0,-5,False,False,False,False,False
ucc-static-9879d08c2a797a39,141,9879d08c2a797a39,Amazon_Prime,Season3-TheExpanse,rsrp=-100|rsrq=-14|snr=0,rsrp=-100|rsrq=-14,-100,-14,0,ploss=-5|noise_power_dB=-30,-5,-30,False,ploss=0|noise_power_dB=-5,0,-5,False,False,False,False,False
ucc-static-9879d08c2a797a39,142,9879d08c2a797a39,Amazon_Prime,Season3-TheExpanse,rsrp=-99|rsrq=-14|snr=-1,rsrp=-99|rsrq=-14,-99,-14,-1,ploss=-5|noise_power_dB=-30,-5,-30,False,ploss=0|noise_power_dB=-5,0,-5,False,False,False,False,False
ucc-static-9879d08c2a797a39,143,9879d08c2a797a39,Amazon_Prime,Season3-TheExpanse,rsrp=-99|rsrq=-14|snr=-1,rsrp=-99|rsrq=-14,-99,-14,-1,ploss=-5|noise_power_dB=-30,-5,-30,False,ploss=0|noise_power_dB=-5,0,-5,False,False,False,False,False
ucc-static-9879d08c2a797a39,144,9879d08c2a797a39,Amazon_Prime,Season3-TheExpanse,rsrp=-99|rsrq=-13|snr=3,rsrp=-99|rsrq=-13,-99,-13,3,ploss=-5|noise_power_dB=-30,-5,-30,False,ploss=0|noise_power_dB=-5,0,-5,False,False,False,False,False
ucc-static-9879d08c2a797a39,145,9879d08c2a797a39,Amazon_Prime,Season3-TheExpanse,rsrp=-99|rsrq=-13|snr=3,rsrp=-99|rsrq=-13,-99,-13,3,ploss=-5|noise_power_dB=-30,-5,-30,False,ploss=0|noise_power_dB=-5,0,-5,False,False,False,False,False
ucc-static-9879d08c2a797a39,146,9879d08c2a797a39,Amazon_Prime,Season3-TheExpanse,rsrp=-99|rsrq=-13|snr=-2,rsrp=-99|rsrq=-13,-99,-13,-2,ploss=-5|noise_power_dB=-30,-5,-30,False,ploss=0|noise_power_dB=-5,0,-5,False,False,False,False,False
ucc-static-9879d08c2a797a39,147,9879d08c2a797a39,Amazon_Prime,Season3-TheExpanse,rsrp=-99|rsrq=-13|snr=-2,rsrp=-99|rsrq=-13,-99,-13,-2,ploss=-5|noise_power_dB=-30,-5,-30,False,ploss=0|noise_power_dB=-5,0,-5,False,False,False,False,False
ucc-static-9879d08c2a797a39,148,9879d08c2a797a39,Amazon_Prime,Season3-TheExpanse,rsrp=-100|rsrq=-15|snr=3,rsrp=-100|rsrq=-15,-100,-15,3,ploss=-5|noise_power_dB=-30,-5,-30,False,ploss=0|noise_power_dB=-5,0,-5,False,False,False,False,False
ucc-static-9879d08c2a797a39,149,9879d08c2a797a39,Amazon_Prime,Season3-TheExpanse,rsrp=-100|rsrq=-15|snr=3,rsrp=-100|rsrq=-15,-100,-15,3,ploss=-5|noise_power_dB=-30,-5,-30,False,ploss=0|noise_power_dB=-5,0,-5,False,False,False,False,False
ucc-static-9879d08c2a797a39,150,9879d08c2a797a39,Amazon_Prime,Season3-TheExpanse,rsrp=-100|rsrq=-15|snr=-3,rsrp=-100|rsrq=-15,-100,-15,-3,ploss=-5|noise_power_dB=-30,-5,-30,False,ploss=0|noise_power_dB=-5,0,-5,False,False,False,False,False
ucc-static-9879d08c2a797a39,151,9879d08c2a797a39,Amazon_Prime,Season3-TheExpanse,rsrp=-100|rsrq=-15|snr=-3,rsrp=-100|rsrq=-15,-100,-15,-3,ploss=-5|noise_power_dB=-30,-5,-30,False,ploss=0|noise_power_dB=-5,0,-5,False,False,False,False,False
ucc-static-9879d08c2a797a39,152,9879d08c2a797a39,Amazon_Prime,Season3-TheExpanse,rsrp=-100|rsrq=-15|snr=3,rsrp=-100|rsrq=-15,-100,-15,3,ploss=-5|noise_power_dB=-30,-5,-30,False,ploss=0|noise_power_dB=-5,0,-5,False,False,False,False,False
ucc-static-9879d08c2a797a39,153,9879d08c2a797a39,Amazon_Prime,Season3-TheExpanse,rsrp=-100|rsrq=-15|snr=3,rsrp=-100|rsrq=-15,-100,-15,3,ploss=-5|noise_power_dB=-30,-5,-30,False,ploss=0|noise_power_dB=-5,0,-5,False,False,False,False,False
ucc-static-9879d08c2a797a39,154,9879d08c2a797a39,Amazon_Prime,Season3-TheExpanse,rsrp=-99|rsrq=-11|snr=6,rsrp=-99|rsrq=-11,-99,-11,6,ploss=-5|noise_power_dB=-30,-5,-30,False,ploss=0|noise_power_dB=-5,0,-5,True,False,False,True,True
ucc-static-9879d08c2a797a39,155,9879d08c2a797a39,Amazon_Prime,Season3-TheExpanse,rsrp=-99|rsrq=-11|snr=6,rsrp=-99|rsrq=-11,-99,-11,6,ploss=-5|noise_power_dB=-30,-5,-30,False,ploss=0|noise_power_dB=-5,0,-5,True,False,False,True,True
ucc-static-9879d08c2a797a39,156,9879d08c2a797a39,Amazon_Prime,Season3-TheExpanse,rsrp=-100|rsrq=-12|snr=-1,rsrp=-100|rsrq=-12,-100,-12,-1,ploss=-5|noise_power_dB=-30,-5,-30,False,ploss=0|noise_power_dB=-5,0,-5,True,False,False,True,True
ucc-static-9879d08c2a797a39,157,9879d08c2a797a39,Amazon_Prime,Season3-TheExpanse,rsrp=-100|rsrq=-12|snr=-1,rsrp=-100|rsrq=-12,-100,-12,-1,ploss=-5|noise_power_dB=-30,-5,-30,False,ploss=0|noise_power_dB=-5,0,-5,True,False,False,True,True
ucc-static-9879d08c2a797a39,158,9879d08c2a797a39,Amazon_Prime,Season3-TheExpanse,rsrp=-98|rsrq=-12|snr=3,rsrp=-98|rsrq=-12,-98,-12,3,ploss=0|noise_power_dB=-5,0,-5,False,ploss=0|noise_power_dB=-5,0,-5,True,False,False,True,True
ucc-static-9879d08c2a797a39,159,9879d08c2a797a39,Amazon_Prime,Season3-TheExpanse,rsrp=-98|rsrq=-12|snr=3,rsrp=-98|rsrq=-12,-98,-12,3,ploss=0|noise_power_dB=-5,0,-5,False,ploss=0|noise_power_dB=-5,0,-5,True,False,False,True,True
ucc-static-9879d08c2a797a39,160,9879d08c2a797a39,Amazon_Prime,Season3-TheExpanse,rsrp=-98|rsrq=-11|snr=8,rsrp=-98|rsrq=-11,-98,-11,8,ploss=0|noise_power_dB=-5,0,-5,False,ploss=0|noise_power_dB=-5,0,-5,True,False,False,True,True
ucc-static-9879d08c2a797a39,161,9879d08c2a797a39,Amazon_Prime,Season3-TheExpanse,rsrp=-98|rsrq=-11|snr=8,rsrp=-98|rsrq=-11,-98,-11,8,ploss=0|noise_power_dB=-5,0,-5,False,ploss=0|noise_power_dB=-5,0,-5,True,False,False,True,True
ucc-static-9879d08c2a797a39,162,9879d08c2a797a39,Amazon_Prime,Season3-TheExpanse,rsrp=-98|rsrq=-10|snr=5,rsrp=-98|rsrq=-10,-98,-10,5,ploss=0|noise_power_dB=-5,0,-5,False,ploss=0|noise_power_dB=-5,0,-5,True,False,False,True,True
ucc-static-9879d08c2a797a39,163,9879d08c2a797a39,Amazon_Prime,Season3-TheExpanse,rsrp=-98|rsrq=-10|snr=5,rsrp=-98|rsrq=-10,-98,-10,5,ploss=0|noise_power_dB=-5,0,-5,False,ploss=0|noise_power_dB=-5,0,-5,True,False,False,True,True
ucc-static-9879d08c2a797a39,164,9879d08c2a797a39,Amazon_Prime,Season3-TheExpanse,rsrp=-99|rsrq=-11|snr=-1,rsrp=-99|rsrq=-11,-99,-11,-1,ploss=-5|noise_power_dB=-30,-5,-30,False,ploss=0|noise_power_dB=-5,0,-5,True,False,False,True,True
ucc-static-9879d08c2a797a39,165,9879d08c2a797a39,Amazon_Prime,Season3-TheExpanse,rsrp=-99|rsrq=-11|snr=-1,rsrp=-99|rsrq=-11,-99,-11,-1,ploss=-5|noise_power_dB=-30,-5,-30,False,ploss=0|noise_power_dB=-5,0,-5,True,False,False,True,True
ucc-static-9879d08c2a797a39,166,9879d08c2a797a39,Amazon_Prime,Season3-TheExpanse,rsrp=-99|rsrq=-9|snr=2,rsrp=-99|rsrq=-9,-99,-9,2,ploss=-5|noise_power_dB=-30,-5,-30,False,ploss=0|noise_power_dB=-5,0,-5,True,False,False,True,True
ucc-static-98b9b98d701e5aa3,0,98b9b98d701e5aa3,Amazon_Prime,Season3-TheExpanse,rsrp=-99|rsrq=-15|snr=5,rsrp=-99|rsrq=-15,-99,-15,5,ploss=-5|noise_power_dB=-30,-5,-30,False,ploss=0|noise_power_dB=-5,0,-5,False,False,False,False,False
ucc-static-98b9b98d701e5aa3,1,98b9b98d701e5aa3,Amazon_Prime,Season3-TheExpanse,rsrp=-99|rsrq=-15|snr=5,rsrp=-99|rsrq=-15,-99,-15,5,ploss=-5|noise_power_dB=-30,-5,-30,False,ploss=0|noise_power_dB=-5,0,-5,False,False,False,False,False
ucc-static-98b9b98d701e5aa3,2,98b9b98d701e5aa3,Amazon_Prime,Season3-TheExpanse,rsrp=-99|rsrq=-13|snr=7,rsrp=-99|rsrq=-13,-99,-13,7,ploss=-5|noise_power_dB=-30,-5,-30,False,ploss=0|noise_power_dB=-5,0,-5,False,False,False,False,False
ucc-static-98b9b98d701e5aa3,3,98b9b98d701e5aa3,Amazon_Prime,Season3-TheExpanse,rsrp=-99|rsrq=-13|snr=7,rsrp=-99|rsrq=-13,-99,-13,7,ploss=-5|noise_power_dB=-30,-5,-30,False,ploss=0|noise_power_dB=-5,0,-5,False,False,False,False,False
ucc-static-98b9b98d701e5aa3,4,98b9b98d701e5aa3,Amazon_Prime,Season3-TheExpanse,rsrp=-99|rsrq=-15|snr=1,rsrp=-99|rsrq=-15,-99,-15,1,ploss=-5|noise_power_dB=-30,-5,-30,False,ploss=0|noise_power_dB=-5,0,-5,False,False,False,False,False
ucc-static-98b9b98d701e5aa3,5,98b9b98d701e5aa3,Amazon_Prime,Season3-TheExpanse,rsrp=-99|rsrq=-15|snr=1,rsrp=-99|rsrq=-15,-99,-15,1,ploss=-5|noise_power_dB=-30,-5,-30,False,ploss=0|noise_power_dB=-5,0,-5,False,False,False,False,False
ucc-static-98b9b98d701e5aa3,6,98b9b98d701e5aa3,Amazon_Prime,Season3-TheExpanse,rsrp=-99|rsrq=-15|snr=8,rsrp=-99|rsrq=-15,-99,-15,8,ploss=-5|noise_power_dB=-30,-5,-30,False,ploss=0|noise_power_dB=-5,0,-5,False,False,False,False,False
ucc-static-98b9b98d701e5aa3,7,98b9b98d701e5aa3,Amazon_Prime,Season3-TheExpanse,rsrp=-99|rsrq=-15|snr=8,rsrp=-99|rsrq=-15,-99,-15,8,ploss=-5|noise_power_dB=-30,-5,-30,False,ploss=0|noise_power_dB=-5,0,-5,False,False,False,False,False
ucc-static-98b9b98d701e5aa3,8,98b9b98d701e5aa3,Amazon_Prime,Season3-TheExpanse,rsrp=-98|rsrq=-15|snr=4,rsrp=-98|rsrq=-15,-98,-15,4,ploss=0|noise_power_dB=-5,0,-5,False,ploss=0|noise_power_dB=-5,0,-5,False,False,False,False,False
ucc-static-98b9b98d701e5aa3,9,98b9b98d701e5aa3,Amazon_Prime,Season3-TheExpanse,rsrp=-98|rsrq=-15|snr=4,rsrp=-98|rsrq=-15,-98,-15,4,ploss=0|noise_power_dB=-5,0,-5,False,ploss=0|noise_power_dB=-5,0,-5,False,False,False,False,False
ucc-static-98b9b98d701e5aa3,10,98b9b98d701e5aa3,Amazon_Prime,Season3-TheExpanse,rsrp=-99|rsrq=-14|snr=2,rsrp=-99|rsrq=-14,-99,-14,2,ploss=-5|noise_power_dB=-30,-5,-30,False,ploss=0|noise_power_dB=-5,0,-5,False,False,False,False,False
ucc-static-98b9b98d701e5aa3,11,98b9b98d701e5aa3,Amazon_Prime,Season3-TheExpanse,rsrp=-99|rsrq=-14|snr=2,rsrp=-99|rsrq=-14,-99,-14,2,ploss=-5|noise_power_dB=-30,-5,-30,False,ploss=0|noise_power_dB=-5,0,-5,False,False,False,False,False
ucc-static-98b9b98d701e5aa3,12,98b9b98d701e5aa3,Amazon_Prime,Season3-TheExpanse,rsrp=-98|rsrq=-14|snr=3,rsrp=-98|rsrq=-14,-98,-14,3,ploss=0|noise_power_dB=-5,0,-5,False,ploss=0|noise_power_dB=-5,0,-5,False,False,False,False,False
ucc-static-98b9b98d701e5aa3,13,98b9b98d701e5aa3,Amazon_Prime,Season3-TheExpanse,rsrp=-98|rsrq=-14|snr=3,rsrp=-98|rsrq=-14,-98,-14,3,ploss=0|noise_power_dB=-5,0,-5,False,ploss=0|noise_power_dB=-5,0,-5,False,False,False,False,False
ucc-static-98b9b98d701e5aa3,14,98b9b98d701e5aa3,Amazon_Prime,Season3-TheExpanse,rsrp=-98|rsrq=-12|snr=2,rsrp=-98|rsrq=-12,-98,-12,2,ploss=0|noise_power_dB=-5,0,-5,False,ploss=0|noise_power_dB=-5,0,-5,True,False,False,True,True
ucc-static-98b9b98d701e5aa3,15,98b9b98d701e5aa3,Amazon_Prime,Season3-TheExpanse,rsrp=-98|rsrq=-12|snr=2,rsrp=-98|rsrq=-12,-98,-12,2,ploss=0|noise_power_dB=-5,0,-5,False,ploss=0|noise_power_dB=-5,0,-5,True,False,False,True,True
ucc-static-98b9b98d701e5aa3,16,98b9b98d701e5aa3,Amazon_Prime,Season3-TheExpanse,rsrp=-98|rsrq=-13|snr=5,rsrp=-98|rsrq=-13,-98,-13,5,ploss=0|noise_power_dB=-5,0,-5,False,ploss=0|noise_power_dB=-5,0,-5,False,False,False,False,False
ucc-static-98b9b98d701e5aa3,17,98b9b98d701e5aa3,Amazon_Prime,Season3-TheExpanse,rsrp=-98|rsrq=-13|snr=5,rsrp=-98|rsrq=-13,-98,-13,5,ploss=0|noise_power_dB=-5,0,-5,False,ploss=0|noise_power_dB=-5,0,-5,False,False,False,False,False
ucc-static-98b9b98d701e5aa3,18,98b9b98d701e5aa3,Amazon_Prime,Season3-TheExpanse,rsrp=-99|rsrq=-13|snr=6,rsrp=-99|rsrq=-13,-99,-13,6,ploss=-5|noise_power_dB=-30,-5,-30,False,ploss=0|noise_power_dB=-5,0,-5,False,False,False,False,False
ucc-static-98b9b98d701e5aa3,19,98b9b98d701e5aa3,Amazon_Prime,Season3-TheExpanse,rsrp=-99|rsrq=-13|snr=6,rsrp=-99|rsrq=-13,-99,-13,6,ploss=-5|noise_power_dB=-30,-5,-30,False,ploss=0|noise_power_dB=-5,0,-5,False,False,False,False,False
ucc-static-98b9b98d701e5aa3,20,98b9b98d701e5aa3,Amazon_Prime,Season3-TheExpanse,rsrp=-99|rsrq=-12|snr=4,rsrp=-99|rsrq=-12,-99,-12,4,ploss=-5|noise_power_dB=-30,-5,-30,False,ploss=0|noise_power_dB=-5,0,-5,True,False,False,True,True
ucc-static-98b9b98d701e5aa3,21,98b9b98d701e5aa3,Amazon_Prime,Season3-TheExpanse,rsrp=-99|rsrq=-12|snr=4,rsrp=-99|rsrq=-12,-99,-12,4,ploss=-5|noise_power_dB=-30,-5,-30,False,ploss=0|noise_power_dB=-5,0,-5,True,False,False,True,True
ucc-static-98b9b98d701e5aa3,22,98b9b98d701e5aa3,Amazon_Prime,Season3-TheExpanse,rsrp=-98|rsrq=-13|snr=5,rsrp=-98|rsrq=-13,-98,-13,5,ploss=0|noise_power_dB=-5,0,-5,False,ploss=0|noise_power_dB=-5,0,-5,False,False,False,False,False
ucc-static-98b9b98d701e5aa3,23,98b9b98d701e5aa3,Amazon_Prime,Season3-TheExpanse,rsrp=-98|rsrq=-13|snr=5,rsrp=-98|rsrq=-13,-98,-13,5,ploss=0|noise_power_dB=-5,0,-5,False,ploss=0|noise_power_dB=-5,0,-5,False,False,False,False,False
ucc-static-98b9b98d701e5aa3,24,98b9b98d701e5aa3,Amazon_Prime,Season3-TheExpanse,rsrp=-99|rsrq=-14|snr=7,rsrp=-99|rsrq=-14,-99,-14,7,ploss=-5|noise_power_dB=-30,-5,-30,False,ploss=0|noise_power_dB=-5,0,-5,False,False,False,False,False
ucc-static-98b9b98d701e5aa3,25,98b9b98d701e5aa3,Amazon_Prime,Season3-TheExpanse,rsrp=-99|rsrq=-14|snr=7,rsrp=-99|rsrq=-14,-99,-14,7,ploss=-5|noise_power_dB=-30,-5,-30,False,ploss=0|noise_power_dB=-5,0,-5,False,False,False,False,False
ucc-static-98b9b98d701e5aa3,26,98b9b98d701e5aa3,Amazon_Prime,Season3-TheExpanse,rsrp=-99|rsrq=-13|snr=9,rsrp=-99|rsrq=-13,-99,-13,9,ploss=-5|noise_power_dB=-30,-5,-30,False,ploss=0|noise_power_dB=-5,0,-5,False,False,False,False,False
ucc-static-98b9b98d701e5aa3,27,98b9b98d701e5aa3,Amazon_Prime,Season3-TheExpanse,rsrp=-99|rsrq=-13|snr=9,rsrp=-99|rsrq=-13,-99,-13,9,ploss=-5|noise_power_dB=-30,-5,-30,False,ploss=0|noise_power_dB=-5,0,-5,False,False,False,False,False
ucc-static-98b9b98d701e5aa3,28,98b9b98d701e5aa3,Amazon_Prime,Season3-TheExpanse,rsrp=-98|rsrq=-13|snr=4,rsrp=-98|rsrq=-13,-98,-13,4,ploss=0|noise_power_dB=-5,0,-5,False,ploss=0|noise_power_dB=-5,0,-5,False,False,False,False,False
ucc-static-98b9b98d701e5aa3,29,98b9b98d701e5aa3,Amazon_Prime,Season3-TheExpanse,rsrp=-98|rsrq=-13|snr=4,rsrp=-98|rsrq=-13,-98,-13,4,ploss=0|noise_power_dB=-5,0,-5,False,ploss=0|noise_power_dB=-5,0,-5,False,False,False,False,False
ucc-static-98b9b98d701e5aa3,30,98b9b98d701e5aa3,Amazon_Prime,Season3-TheExpanse,rsrp=-98|rsrq=-11|snr=5,rsrp=-98|rsrq=-11,-98,-11,5,ploss=0|noise_power_dB=-5,0,-5,False,ploss=0|noise_power_dB=-5,0,-5,True,False,False,True,True
ucc-static-98b9b98d701e5aa3,31,98b9b98d701e5aa3,Amazon_Prime,Season3-TheExpanse,rsrp=-98|rsrq=-11|snr=5,rsrp=-98|rsrq=-11,-98,-11,5,ploss=0|noise_power_dB=-5,0,-5,False,ploss=0|noise_power_dB=-5,0,-5,True,False,False,True,True
ucc-static-98b9b98d701e5aa3,32,98b9b98d701e5aa3,Amazon_Prime,Season3-TheExpanse,rsrp=-98|rsrq=-13|snr=2,rsrp=-98|rsrq=-13,-98,-13,2,ploss=0|noise_power_dB=-5,0,-5,False,ploss=0|noise_power_dB=-5,0,-5,False,False,False,False,False
ucc-static-98b9b98d701e5aa3,33,98b9b98d701e5aa3,Amazon_Prime,Season3-TheExpanse,rsrp=-98|rsrq=-13|snr=2,rsrp=-98|rsrq=-13,-98,-13,2,ploss=0|noise_power_dB=-5,0,-5,False,ploss=0|noise_power_dB=-5,0,-5,False,False,False,False,False
ucc-static-98b9b98d701e5aa3,34,98b9b98d701e5aa3,Amazon_Prime,Season3-TheExpanse,rsrp=-98|rsrq=-14|snr=9,rsrp=-98|rsrq=-14,-98,-14,9,ploss=0|noise_power_dB=-5,0,-5,False,ploss=0|noise_power_dB=-5,0,-5,False,False,False,False,False
ucc-static-98b9b98d701e5aa3,35,98b9b98d701e5aa3,Amazon_Prime,Season3-TheExpanse,rsrp=-98|rsrq=-14|snr=9,rsrp=-98|rsrq=-14,-98,-14,9,ploss=0|noise_power_dB=-5,0,-5,False,ploss=0|noise_power_dB=-5,0,-5,False,False,False,False,False
ucc-static-98b9b98d701e5aa3,36,98b9b98d701e5aa3,Amazon_Prime,Season3-TheExpanse,rsrp=-98|rsrq=-10|snr=2,rsrp=-98|rsrq=-10,-98,-10,2,ploss=0|noise_power_dB=-5,0,-5,False,ploss=0|noise_power_dB=-5,0,-5,True,False,False,True,True
ucc-static-98b9b98d701e5aa3,37,98b9b98d701e5aa3,Amazon_Prime,Season3-TheExpanse,rsrp=-98|rsrq=-10|snr=2,rsrp=-98|rsrq=-10,-98,-10,2,ploss=0|noise_power_dB=-5,0,-5,False,ploss=0|noise_power_dB=-5,0,-5,True,False,False,True,True
ucc-static-98b9b98d701e5aa3,38,98b9b98d701e5aa3,Amazon_Prime,Season3-TheExpanse,rsrp=-98|rsrq=-14|snr=12,rsrp=-98|rsrq=-14,-98,-14,12,ploss=0|noise_power_dB=-5,0,-5,False,ploss=0|noise_power_dB=-5,0,-5,False,False,False,False,False
ucc-static-98b9b98d701e5aa3,39,98b9b98d701e5aa3,Amazon_Prime,Season3-TheExpanse,rsrp=-98|rsrq=-14|snr=12,rsrp=-98|rsrq=-14,-98,-14,12,ploss=0|noise_power_dB=-5,0,-5,False,ploss=0|noise_power_dB=-5,0,-5,False,False,False,False,False
ucc-static-98b9b98d701e5aa3,40,98b9b98d701e5aa3,Amazon_Prime,Season3-TheExpanse,rsrp=-99|rsrq=-16|snr=9,rsrp=-99|rsrq=-16,-99,-16,9,ploss=-5|noise_power_dB=-30,-5,-30,False,ploss=0|noise_power_dB=-5,0,-5,False,False,False,False,False
ucc-static-98b9b98d701e5aa3,41,98b9b98d701e5aa3,Amazon_Prime,Season3-TheExpanse,rsrp=-99|rsrq=-16|snr=9,rsrp=-99|rsrq=-16,-99,-16,9,ploss=-5|noise_power_dB=-30,-5,-30,False,ploss=0|noise_power_dB=-5,0,-5,False,False,False,False,False
ucc-static-98b9b98d701e5aa3,42,98b9b98d701e5aa3,Amazon_Prime,Season3-TheExpanse,rsrp=-98|rsrq=-14|snr=1,rsrp=-98|rsrq=-14,-98,-14,1,ploss=0|noise_power_dB=-5,0,-5,False,ploss=0|noise_power_dB=-5,0,-5,False,False,False,False,False
ucc-static-98b9b98d701e5aa3,43,98b9b98d701e5aa3,Amazon_Prime,Season3-TheExpanse,rsrp=-98|rsrq=-14|snr=1,rsrp=-98|rsrq=-14,-98,-14,1,ploss=0|noise_power_dB=-5,0,-5,False,ploss=0|noise_power_dB=-5,0,-5,False,False,False,False,False
ucc-static-98b9b98d701e5aa3,44,98b9b98d701e5aa3,Amazon_Prime,Season3-TheExpanse,rsrp=-97|rsrq=-15|snr=4,rsrp=-97|rsrq=-15,-97,-15,4,ploss=0|noise_power_dB=-5,0,-5,False,ploss=0|noise_power_dB=-5,0,-5,False,False,False,False,False
ucc-static-98b9b98d701e5aa3,45,98b9b98d701e5aa3,Amazon_Prime,Season3-TheExpanse,rsrp=-97|rsrq=-15|snr=4,rsrp=-97|rsrq=-15,-97,-15,4,ploss=0|noise_power_dB=-5,0,-5,False,ploss=0|noise_power_dB=-5,0,-5,False,False,False,False,False
ucc-static-98b9b98d701e5aa3,46,98b9b98d701e5aa3,Amazon_Prime,Season3-TheExpanse,rsrp=-98|rsrq=-15|snr=5,rsrp=-98|rsrq=-15,-98,-15,5,ploss=0|noise_power_dB=-5,0,-5,False,ploss=0|noise_power_dB=-5,0,-5,False,False,False,False,False
ucc-static-98b9b98d701e5aa3,47,98b9b98d701e5aa3,Amazon_Prime,Season3-TheExpanse,rsrp=-98|rsrq=-15|snr=5,rsrp=-98|rsrq=-15,-98,-15,5,ploss=0|noise_power_dB=-5,0,-5,False,ploss=0|noise_power_dB=-5,0,-5,False,False,False,False,False
ucc-static-98b9b98d701e5aa3,48,98b9b98d701e5aa3,Amazon_Prime,Season3-TheExpanse,rsrp=-98|rsrq=-15|snr=2,rsrp=-98|rsrq=-15,-98,-15,2,ploss=0|noise_power_dB=-5,0,-5,False,ploss=0|noise_power_dB=-5,0,-5,False,False,False,False,False
ucc-static-98b9b98d701e5aa3,49,98b9b98d701e5aa3,Amazon_Prime,Season3-TheExpanse,rsrp=-98|rsrq=-15|snr=2,rsrp=-98|rsrq=-15,-98,-15,2,ploss=0|noise_power_dB=-5,0,-5,False,ploss=0|noise_power_dB=-5,0,-5,False,False,False,False,False
ucc-static-98b9b98d701e5aa3,50,98b9b98d701e5aa3,Amazon_Prime,Season3-TheExpanse,rsrp=-97|rsrq=-16|snr=10,rsrp=-97|rsrq=-16,-97,-16,10,ploss=0|noise_power_dB=-5,0,-5,False,ploss=0|noise_power_dB=-5,0,-5,False,False,False,False,False
ucc-static-98b9b98d701e5aa3,51,98b9b98d701e5aa3,Amazon_Prime,Season3-TheExpanse,rsrp=-97|rsrq=-16|snr=10,rsrp=-97|rsrq=-16,-97,-16,10,ploss=0|noise_power_dB=-5,0,-5,False,ploss=0|noise_power_dB=-5,0,-5,False,False,False,False,False
ucc-static-98b9b98d701e5aa3,52,98b9b98d701e5aa3,Amazon_Prime,Season3-TheExpanse,rsrp=-97|rsrq=-14|snr=9,rsrp=-97|rsrq=-14,-97,-14,9,ploss=0|noise_power_dB=-5,0,-5,False,ploss=0|noise_power_dB=-5,0,-5,False,False,False,False,False
ucc-static-98b9b98d701e5aa3,53,98b9b98d701e5aa3,Amazon_Prime,Season3-TheExpanse,rsrp=-97|rsrq=-14|snr=9,rsrp=-97|rsrq=-14,-97,-14,9,ploss=0|noise_power_dB=-5,0,-5,False,ploss=0|noise_power_dB=-5,0,-5,False,False,False,False,False
ucc-static-98b9b98d701e5aa3,54,98b9b98d701e5aa3,Amazon_Prime,Season3-TheExpanse,rsrp=-97|rsrq=-12|snr=1,rsrp=-97|rsrq=-12,-97,-12,1,ploss=0|noise_power_dB=-5,0,-5,False,ploss=0|noise_power_dB=-5,0,-5,True,False,False,True,True
ucc-static-98b9b98d701e5aa3,55,98b9b98d701e5aa3,Amazon_Prime,Season3-TheExpanse,rsrp=-97|rsrq=-12|snr=1,rsrp=-97|rsrq=-12,-97,-12,1,ploss=0|noise_power_dB=-5,0,-5,False,ploss=0|noise_power_dB=-5,0,-5,True,False,False,True,True
ucc-static-98b9b98d701e5aa3,56,98b9b98d701e5aa3,Amazon_Prime,Season3-TheExpanse,rsrp=-97|rsrq=-12|snr=4,rsrp=-97|rsrq=-12,-97,-12,4,ploss=0|noise_power_dB=-5,0,-5,False,ploss=0|noise_power_dB=-5,0,-5,True,False,False,True,True
ucc-static-98b9b98d701e5aa3,57,98b9b98d701e5aa3,Amazon_Prime,Season3-TheExpanse,rsrp=-97|rsrq=-12|snr=4,rsrp=-97|rsrq=-12,-97,-12,4,ploss=0|noise_power_dB=-5,0,-5,False,ploss=0|noise_power_dB=-5,0,-5,True,False,False,True,True
ucc-static-98b9b98d701e5aa3,58,98b9b98d701e5aa3,Amazon_Prime,Season3-TheExpanse,rsrp=-97|rsrq=-14|snr=8,rsrp=-97|rsrq=-14,-97,-14,8,ploss=0|noise_power_dB=-5,0,-5,False,ploss=0|noise_power_dB=-5,0,-5,False,False,False,False,False
ucc-static-98b9b98d701e5aa3,59,98b9b98d701e5aa3,Amazon_Prime,Season3-TheExpanse,rsrp=-97|rsrq=-14|snr=8,rsrp=-97|rsrq=-14,-97,-14,8,ploss=0|noise_power_dB=-5,0,-5,False,ploss=0|noise_power_dB=-5,0,-5,False,False,False,False,False
ucc-static-98b9b98d701e5aa3,60,98b9b98d701e5aa3,Amazon_Prime,Season3-TheExpanse,rsrp=-99|rsrq=-15|snr=7,rsrp=-99|rsrq=-15,-99,-15,7,ploss=-5|noise_power_dB=-30,-5,-30,False,ploss=0|noise_power_dB=-5,0,-5,False,False,False,False,False
ucc-static-98b9b98d701e5aa3,61,98b9b98d701e5aa3,Amazon_Prime,Season3-TheExpanse,rsrp=-99|rsrq=-15|snr=7,rsrp=-99|rsrq=-15,-99,-15,7,ploss=-5|noise_power_dB=-30,-5,-30,False,ploss=0|noise_power_dB=-5,0,-5,False,False,False,False,False
ucc-static-98b9b98d701e5aa3,62,98b9b98d701e5aa3,Amazon_Prime,Season3-TheExpanse,rsrp=-99|rsrq=-15|snr=3,rsrp=-99|rsrq=-15,-99,-15,3,ploss=-5|noise_power_dB=-30,-5,-30,False,ploss=0|noise_power_dB=-5,0,-5,False,False,False,False,False
ucc-static-98b9b98d701e5aa3,63,98b9b98d701e5aa3,Amazon_Prime,Season3-TheExpanse,rsrp=-99|rsrq=-15|snr=3,rsrp=-99|rsrq=-15,-99,-15,3,ploss=-5|noise_power_dB=-30,-5,-30,False,ploss=0|noise_power_dB=-5,0,-5,False,False,False,False,False
ucc-static-98b9b98d701e5aa3,64,98b9b98d701e5aa3,Amazon_Prime,Season3-TheExpanse,rsrp=-99|rsrq=-11|snr=4,rsrp=-99|rsrq=-11,-99,-11,4,ploss=-5|noise_power_dB=-30,-5,-30,False,ploss=0|noise_power_dB=-5,0,-5,True,False,False,True,True
ucc-static-98b9b98d701e5aa3,65,98b9b98d701e5aa3,Amazon_Prime,Season3-TheExpanse,rsrp=-99|rsrq=-11|snr=4,rsrp=-99|rsrq=-11,-99,-11,4,ploss=-5|noise_power_dB=-30,-5,-30,False,ploss=0|noise_power_dB=-5,0,-5,True,False,False,True,True
ucc-static-98b9b98d701e5aa3,66,98b9b98d701e5aa3,Amazon_Prime,Season3-TheExpanse,rsrp=-98|rsrq=-11|snr=8,rsrp=-98|rsrq=-11,-98,-11,8,ploss=0|noise_power_dB=-5,0,-5,False,ploss=0|noise_power_dB=-5,0,-5,True,False,False,True,True
ucc-static-98b9b98d701e5aa3,67,98b9b98d701e5aa3,Amazon_Prime,Season3-TheExpanse,rsrp=-98|rsrq=-11|snr=8,rsrp=-98|rsrq=-11,-98,-11,8,ploss=0|noise_power_dB=-5,0,-5,False,ploss=0|noise_power_dB=-5,0,-5,True,False,False,True,True
ucc-static-98b9b98d701e5aa3,68,98b9b98d701e5aa3,Amazon_Prime,Season3-TheExpanse,rsrp=-98|rsrq=-12|snr=9,rsrp=-98|rsrq=-12,-98,-12,9,ploss=0|noise_power_dB=-5,0,-5,False,ploss=0|noise_power_dB=-5,0,-5,True,False,False,True,True
ucc-static-98b9b98d701e5aa3,69,98b9b98d701e5aa3,Amazon_Prime,Season3-TheExpanse,rsrp=-98|rsrq=-12|snr=9,rsrp=-98|rsrq=-12,-98,-12,9,ploss=0|noise_power_dB=-5,0,-5,False,ploss=0|noise_power_dB=-5,0,-5,True,False,False,True,True
ucc-static-98b9b98d701e5aa3,70,98b9b98d701e5aa3,Amazon_Prime,Season3-TheExpanse,rsrp=-98|rsrq=-12|snr=5,rsrp=-98|rsrq=-12,-98,-12,5,ploss=0|noise_power_dB=-5,0,-5,False,ploss=0|noise_power_dB=-5,0,-5,True,False,False,True,True
ucc-static-98b9b98d701e5aa3,71,98b9b98d701e5aa3,Amazon_Prime,Season3-TheExpanse,rsrp=-98|rsrq=-12|snr=5,rsrp=-98|rsrq=-12,-98,-12,5,ploss=0|noise_power_dB=-5,0,-5,False,ploss=0|noise_power_dB=-5,0,-5,True,False,False,True,True
ucc-static-98b9b98d701e5aa3,72,98b9b98d701e5aa3,Amazon_Prime,Season3-TheExpanse,rsrp=-97|rsrq=-13|snr=5,rsrp=-97|rsrq=-13,-97,-13,5,ploss=0|noise_power_dB=-5,0,-5,False,ploss=0|noise_power_dB=-5,0,-5,False,False,False,False,False
ucc-static-98b9b98d701e5aa3,73,98b9b98d701e5aa3,Amazon_Prime,Season3-TheExpanse,rsrp=-97|rsrq=-13|snr=5,rsrp=-97|rsrq=-13,-97,-13,5,ploss=0|noise_power_dB=-5,0,-5,False,ploss=0|noise_power_dB=-5,0,-5,False,False,False,False,False
ucc-static-98b9b98d701e5aa3,74,98b9b98d701e5aa3,Amazon_Prime,Season3-TheExpanse,rsrp=-99|rsrq=-13|snr=2,rsrp=-99|rsrq=-13,-99,-13,2,ploss=-5|noise_power_dB=-30,-5,-30,False,ploss=0|noise_power_dB=-5,0,-5,False,False,False,False,False
ucc-static-98b9b98d701e5aa3,75,98b9b98d701e5aa3,Amazon_Prime,Season3-TheExpanse,rsrp=-99|rsrq=-13|snr=2,rsrp=-99|rsrq=-13,-99,-13,2,ploss=-5|noise_power_dB=-30,-5,-30,False,ploss=0|noise_power_dB=-5,0,-5,False,False,False,False,False
ucc-static-98b9b98d701e5aa3,76,98b9b98d701e5aa3,Amazon_Prime,Season3-TheExpanse,rsrp=-98|rsrq=-11|snr=11,rsrp=-98|rsrq=-11,-98,-11,11,ploss=0|noise_power_dB=-5,0,-5,False,ploss=0|noise_power_dB=-5,0,-5,True,False,False,True,True
ucc-static-98b9b98d701e5aa3,77,98b9b98d701e5aa3,Amazon_Prime,Season3-TheExpanse,rsrp=-98|rsrq=-11|snr=11,rsrp=-98|rsrq=-11,-98,-11,11,ploss=0|noise_power_dB=-5,0,-5,False,ploss=0|noise_power_dB=-5,0,-5,True,False,False,True,True
ucc-static-98b9b98d701e5aa3,78,98b9b98d701e5aa3,Amazon_Prime,Season3-TheExpanse,rsrp=-98|rsrq=-13|snr=12,rsrp=-98|rsrq=-13,-98,-13,12,ploss=0|noise_power_dB=-5,0,-5,False,ploss=0|noise_power_dB=-5,0,-5,False,False,False,False,False
ucc-static-98b9b98d701e5aa3,79,98b9b98d701e5aa3,Amazon_Prime,Season3-TheExpanse,rsrp=-98|rsrq=-13|snr=12,rsrp=-98|rsrq=-13,-98,-13,12,ploss=0|noise_power_dB=-5,0,-5,False,ploss=0|noise_power_dB=-5,0,-5,False,False,False,False,False
ucc-static-98b9b98d701e5aa3,80,98b9b98d701e5aa3,Amazon_Prime,Season3-TheExpanse,rsrp=-98|rsrq=-11|snr=8,rsrp=-98|rsrq=-11,-98,-11,8,ploss=0|noise_power_dB=-5,0,-5,False,ploss=0|noise_power_dB=-5,0,-5,True,False,False,True,True
ucc-static-98b9b98d701e5aa3,81,98b9b98d701e5aa3,Amazon_Prime,Season3-TheExpanse,rsrp=-98|rsrq=-11|snr=8,rsrp=-98|rsrq=-11,-98,-11,8,ploss=0|noise_power_dB=-5,0,-5,False,ploss=0|noise_power_dB=-5,0,-5,True,False,False,True,True
ucc-static-98b9b98d701e5aa3,82,98b9b98d701e5aa3,Amazon_Prime,Season3-TheExpanse,rsrp=-98|rsrq=-14|snr=7,rsrp=-98|rsrq=-14,-98,-14,7,ploss=0|noise_power_dB=-5,0,-5,False,ploss=0|noise_power_dB=-5,0,-5,False,False,False,False,False
ucc-static-98b9b98d701e5aa3,83,98b9b98d701e5aa3,Amazon_Prime,Season3-TheExpanse,rsrp=-98|rsrq=-14|snr=7,rsrp=-98|rsrq=-14,-98,-14,7,ploss=0|noise_power_dB=-5,0,-5,False,ploss=0|noise_power_dB=-5,0,-5,False,False,False,False,False
ucc-static-98b9b98d701e5aa3,84,98b9b98d701e5aa3,Amazon_Prime,Season3-TheExpanse,rsrp=-98|rsrq=-14|snr=4,rsrp=-98|rsrq=-14,-98,-14,4,ploss=0|noise_power_dB=-5,0,-5,False,ploss=0|noise_power_dB=-5,0,-5,False,False,False,False,False
ucc-static-98b9b98d701e5aa3,85,98b9b98d701e5aa3,Amazon_Prime,Season3-TheExpanse,rsrp=-98|rsrq=-14|snr=4,rsrp=-98|rsrq=-14,-98,-14,4,ploss=0|noise_power_dB=-5,0,-5,False,ploss=0|noise_power_dB=-5,0,-5,False,False,False,False,False
ucc-static-98b9b98d701e5aa3,86,98b9b98d701e5aa3,Amazon_Prime,Season3-TheExpanse,rsrp=-98|rsrq=-17|snr=0,rsrp=-98|rsrq=-17,-98,-17,0,ploss=0|noise_power_dB=-5,0,-5,False,ploss=0|noise_power_dB=-5,0,-5,False,False,False,False,False
ucc-static-98b9b98d701e5aa3,87,98b9b98d701e5aa3,Amazon_Prime,Season3-TheExpanse,rsrp=-98|rsrq=-17|snr=0,rsrp=-98|rsrq=-17,-98,-17,0,ploss=0|noise_power_dB=-5,0,-5,False,ploss=0|noise_power_dB=-5,0,-5,False,False,False,False,False
ucc-static-98b9b98d701e5aa3,88,98b9b98d701e5aa3,Amazon_Prime,Season3-TheExpanse,rsrp=-98|rsrq=-17|snr=6,rsrp=-98|rsrq=-17,-98,-17,6,ploss=0|noise_power_dB=-5,0,-5,False,ploss=0|noise_power_dB=-5,0,-5,False,False,False,False,False
ucc-static-98b9b98d701e5aa3,89,98b9b98d701e5aa3,Amazon_Prime,Season3-TheExpanse,rsrp=-98|rsrq=-17|snr=6,rsrp=-98|rsrq=-17,-98,-17,6,ploss=0|noise_power_dB=-5,0,-5,False,ploss=0|noise_power_dB=-5,0,-5,False,False,False,False,False
ucc-static-98b9b98d701e5aa3,90,98b9b98d701e5aa3,Amazon_Prime,Season3-TheExpanse,rsrp=-98|rsrq=-18|snr=1,rsrp=-98|rsrq=-18,-98,-18,1,ploss=0|noise_power_dB=-5,0,-5,False,ploss=0|noise_power_dB=-5,0,-5,False,False,False,False,False
ucc-static-98b9b98d701e5aa3,91,98b9b98d701e5aa3,Amazon_Prime,Season3-TheExpanse,rsrp=-98|rsrq=-18|snr=1,rsrp=-98|rsrq=-18,-98,-18,1,ploss=0|noise_power_dB=-5,0,-5,False,ploss=0|noise_power_dB=-5,0,-5,False,False,False,False,False
ucc-static-98b9b98d701e5aa3,92,98b9b98d701e5aa3,Amazon_Prime,Season3-TheExpanse,rsrp=-98|rsrq=-15|snr=5,rsrp=-98|rsrq=-15,-98,-15,5,ploss=0|noise_power_dB=-5,0,-5,False,ploss=0|noise_power_dB=-5,0,-5,False,False,False,False,False
ucc-static-98b9b98d701e5aa3,93,98b9b98d701e5aa3,Amazon_Prime,Season3-TheExpanse,rsrp=-98|rsrq=-15|snr=5,rsrp=-98|rsrq=-15,-98,-15,5,ploss=0|noise_power_dB=-5,0,-5,False,ploss=0|noise_power_dB=-5,0,-5,False,False,False,False,False
ucc-static-98b9b98d701e5aa3,94,98b9b98d701e5aa3,Amazon_Prime,Season3-TheExpanse,rsrp=-97|rsrq=-16|snr=9,rsrp=-97|rsrq=-16,-97,-16,9,ploss=0|noise_power_dB=-5,0,-5,False,ploss=0|noise_power_dB=-5,0,-5,False,False,False,False,False
ucc-static-98b9b98d701e5aa3,95,98b9b98d701e5aa3,Amazon_Prime,Season3-TheExpanse,rsrp=-97|rsrq=-16|snr=9,rsrp=-97|rsrq=-16,-97,-16,9,ploss=0|noise_power_dB=-5,0,-5,False,ploss=0|noise_power_dB=-5,0,-5,False,False,False,False,False
ucc-static-98b9b98d701e5aa3,96,98b9b98d701e5aa3,Amazon_Prime,Season3-TheExpanse,rsrp=-99|rsrq=-16|snr=3,rsrp=-99|rsrq=-16,-99,-16,3,ploss=-5|noise_power_dB=-30,-5,-30,False,ploss=0|noise_power_dB=-5,0,-5,False,False,False,False,False
ucc-static-98b9b98d701e5aa3,97,98b9b98d701e5aa3,Amazon_Prime,Season3-TheExpanse,rsrp=-99|rsrq=-16|snr=3,rsrp=-99|rsrq=-16,-99,-16,3,ploss=-5|noise_power_dB=-30,-5,-30,False,ploss=0|noise_power_dB=-5,0,-5,False,False,False,False,False
ucc-static-98b9b98d701e5aa3,98,98b9b98d701e5aa3,Amazon_Prime,Season3-TheExpanse,rsrp=-98|rsrq=-16|snr=1,rsrp=-98|rsrq=-16,-98,-16,1,ploss=0|noise_power_dB=-5,0,-5,False,ploss=0|noise_power_dB=-5,0,-5,False,False,False,False,False
ucc-static-98b9b98d701e5aa3,99,98b9b98d701e5aa3,Amazon_Prime,Season3-TheExpanse,rsrp=-98|rsrq=-16|snr=1,rsrp=-98|rsrq=-16,-98,-16,1,ploss=0|noise_power_dB=-5,0,-5,False,ploss=0|noise_power_dB=-5,0,-5,False,False,False,False,False
ucc-static-98b9b98d701e5aa3,100,98b9b98d701e5aa3,Amazon_Prime,Season3-TheExpanse,rsrp=-98|rsrq=-17|snr=3,rsrp=-98|rsrq=-17,-98,-17,3,ploss=0|noise_power_dB=-5,0,-5,False,ploss=0|noise_power_dB=-5,0,-5,False,False,False,False,False
ucc-static-98b9b98d701e5aa3,101,98b9b98d701e5aa3,Amazon_Prime,Season3-TheExpanse,rsrp=-98|rsrq=-17|snr=3,rsrp=-98|rsrq=-17,-98,-17,3,ploss=0|noise_power_dB=-5,0,-5,False,ploss=0|noise_power_dB=-5,0,-5,False,False,False,False,False
ucc-static-98b9b98d701e5aa3,102,98b9b98d701e5aa3,Amazon_Prime,Season3-TheExpanse,rsrp=-98|rsrq=-15|snr=6,rsrp=-98|rsrq=-15,-98,-15,6,ploss=0|noise_power_dB=-5,0,-5,False,ploss=0|noise_power_dB=-5,0,-5,False,False,False,False,False
ucc-static-98b9b98d701e5aa3,103,98b9b98d701e5aa3,Amazon_Prime,Season3-TheExpanse,rsrp=-98|rsrq=-15|snr=6,rsrp=-98|rsrq=-15,-98,-15,6,ploss=0|noise_power_dB=-5,0,-5,False,ploss=0|noise_power_dB=-5,0,-5,False,False,False,False,False
ucc-static-98b9b98d701e5aa3,104,98b9b98d701e5aa3,Amazon_Prime,Season3-TheExpanse,rsrp=-98|rsrq=-14|snr=4,rsrp=-98|rsrq=-14,-98,-14,4,ploss=0|noise_power_dB=-5,0,-5,False,ploss=0|noise_power_dB=-5,0,-5,False,False,False,False,False
ucc-static-98b9b98d701e5aa3,105,98b9b98d701e5aa3,Amazon_Prime,Season3-TheExpanse,rsrp=-98|rsrq=-14|snr=4,rsrp=-98|rsrq=-14,-98,-14,4,ploss=0|noise_power_dB=-5,0,-5,False,ploss=0|noise_power_dB=-5,0,-5,False,False,False,False,False
ucc-static-98b9b98d701e5aa3,106,98b9b98d701e5aa3,Amazon_Prime,Season3-TheExpanse,rsrp=-98|rsrq=-12|snr=2,rsrp=-98|rsrq=-12,-98,-12,2,ploss=0|noise_power_dB=-5,0,-5,False,ploss=0|noise_power_dB=-5,0,-5,True,False,False,True,True
ucc-static-98b9b98d701e5aa3,107,98b9b98d701e5aa3,Amazon_Prime,Season3-TheExpanse,rsrp=-98|rsrq=-12|snr=2,rsrp=-98|rsrq=-12,-98,-12,2,ploss=0|noise_power_dB=-5,0,-5,False,ploss=0|noise_power_dB=-5,0,-5,True,False,False,True,True
ucc-static-98b9b98d701e5aa3,108,98b9b98d701e5aa3,Amazon_Prime,Season3-TheExpanse,rsrp=-97|rsrq=-11|snr=8,rsrp=-97|rsrq=-11,-97,-11,8,ploss=0|noise_power_dB=-5,0,-5,False,ploss=0|noise_power_dB=-5,0,-5,True,False,False,True,True
ucc-static-98b9b98d701e5aa3,109,98b9b98d701e5aa3,Amazon_Prime,Season3-TheExpanse,rsrp=-97|rsrq=-11|snr=8,rsrp=-97|rsrq=-11,-97,-11,8,ploss=0|noise_power_dB=-5,0,-5,False,ploss=0|noise_power_dB=-5,0,-5,True,False,False,True,True
ucc-static-98b9b98d701e5aa3,110,98b9b98d701e5aa3,Amazon_Prime,Season3-TheExpanse,rsrp=-98|rsrq=-12|snr=11,rsrp=-98|rsrq=-12,-98,-12,11,ploss=0|noise_power_dB=-5,0,-5,False,ploss=0|noise_power_dB=-5,0,-5,True,False,False,True,True
ucc-static-98b9b98d701e5aa3,111,98b9b98d701e5aa3,Amazon_Prime,Season3-TheExpanse,rsrp=-98|rsrq=-12|snr=11,rsrp=-98|rsrq=-12,-98,-12,11,ploss=0|noise_power_dB=-5,0,-5,False,ploss=0|noise_power_dB=-5,0,-5,True,False,False,True,True
ucc-static-98b9b98d701e5aa3,112,98b9b98d701e5aa3,Amazon_Prime,Season3-TheExpanse,rsrp=-99|rsrq=-14|snr=9,rsrp=-99|rsrq=-14,-99,-14,9,ploss=-5|noise_power_dB=-30,-5,-30,False,ploss=0|noise_power_dB=-5,0,-5,False,False,False,False,False
ucc-static-98b9b98d701e5aa3,113,98b9b98d701e5aa3,Amazon_Prime,Season3-TheExpanse,rsrp=-99|rsrq=-14|snr=9,rsrp=-99|rsrq=-14,-99,-14,9,ploss=-5|noise_power_dB=-30,-5,-30,False,ploss=0|noise_power_dB=-5,0,-5,False,False,False,False,False
ucc-static-98b9b98d701e5aa3,114,98b9b98d701e5aa3,Amazon_Prime,Season3-TheExpanse,rsrp=-98|rsrq=-13|snr=9,rsrp=-98|rsrq=-13,-98,-13,9,ploss=0|noise_power_dB=-5,0,-5,False,ploss=0|noise_power_dB=-5,0,-5,False,False,False,False,False
ucc-static-98b9b98d701e5aa3,115,98b9b98d701e5aa3,Amazon_Prime,Season3-TheExpanse,rsrp=-98|rsrq=-13|snr=9,rsrp=-98|rsrq=-13,-98,-13,9,ploss=0|noise_power_dB=-5,0,-5,False,ploss=0|noise_power_dB=-5,0,-5,False,False,False,False,False
ucc-static-98b9b98d701e5aa3,116,98b9b98d701e5aa3,Amazon_Prime,Season3-TheExpanse,rsrp=-98|rsrq=-16|snr=9,rsrp=-98|rsrq=-16,-98,-16,9,ploss=0|noise_power_dB=-5,0,-5,False,ploss=0|noise_power_dB=-5,0,-5,False,False,False,False,False
ucc-static-98b9b98d701e5aa3,117,98b9b98d701e5aa3,Amazon_Prime,Season3-TheExpanse,rsrp=-98|rsrq=-16|snr=9,rsrp=-98|rsrq=-16,-98,-16,9,ploss=0|noise_power_dB=-5,0,-5,False,ploss=0|noise_power_dB=-5,0,-5,False,False,False,False,False
ucc-static-98b9b98d701e5aa3,118,98b9b98d701e5aa3,Amazon_Prime,Season3-TheExpanse,rsrp=-98|rsrq=-16|snr=2,rsrp=-98|rsrq=-16,-98,-16,2,ploss=0|noise_power_dB=-5,0,-5,False,ploss=0|noise_power_dB=-5,0,-5,False,False,False,False,False
ucc-static-98b9b98d701e5aa3,119,98b9b98d701e5aa3,Amazon_Prime,Season3-TheExpanse,rsrp=-98|rsrq=-16|snr=2,rsrp=-98|rsrq=-16,-98,-16,2,ploss=0|noise_power_dB=-5,0,-5,False,ploss=0|noise_power_dB=-5,0,-5,False,False,False,False,False
ucc-static-98b9b98d701e5aa3,120,98b9b98d701e5aa3,Amazon_Prime,Season3-TheExpanse,rsrp=-98|rsrq=-16|snr=6,rsrp=-98|rsrq=-16,-98,-16,6,ploss=0|noise_power_dB=-5,0,-5,False,ploss=0|noise_power_dB=-5,0,-5,False,False,False,False,False
ucc-static-98b9b98d701e5aa3,121,98b9b98d701e5aa3,Amazon_Prime,Season3-TheExpanse,rsrp=-98|rsrq=-16|snr=6,rsrp=-98|rsrq=-16,-98,-16,6,ploss=0|noise_power_dB=-5,0,-5,False,ploss=0|noise_power_dB=-5,0,-5,False,False,False,False,False
ucc-static-98b9b98d701e5aa3,122,98b9b98d701e5aa3,Amazon_Prime,Season3-TheExpanse,rsrp=-98|rsrq=-15|snr=2,rsrp=-98|rsrq=-15,-98,-15,2,ploss=0|noise_power_dB=-5,0,-5,False,ploss=0|noise_power_dB=-5,0,-5,False,False,False,False,False
ucc-static-98b9b98d701e5aa3,123,98b9b98d701e5aa3,Amazon_Prime,Season3-TheExpanse,rsrp=-98|rsrq=-15|snr=2,rsrp=-98|rsrq=-15,-98,-15,2,ploss=0|noise_power_dB=-5,0,-5,False,ploss=0|noise_power_dB=-5,0,-5,False,False,False,False,False
ucc-static-98b9b98d701e5aa3,124,98b9b98d701e5aa3,Amazon_Prime,Season3-TheExpanse,rsrp=-99|rsrq=-16|snr=2,rsrp=-99|rsrq=-16,-99,-16,2,ploss=-5|noise_power_dB=-30,-5,-30,False,ploss=0|noise_power_dB=-5,0,-5,False,False,False,False,False
ucc-static-98b9b98d701e5aa3,125,98b9b98d701e5aa3,Amazon_Prime,Season3-TheExpanse,rsrp=-99|rsrq=-16|snr=2,rsrp=-99|rsrq=-16,-99,-16,2,ploss=-5|noise_power_dB=-30,-5,-30,False,ploss=0|noise_power_dB=-5,0,-5,False,False,False,False,False
ucc-static-98b9b98d701e5aa3,126,98b9b98d701e5aa3,Amazon_Prime,Season3-TheExpanse,rsrp=-99|rsrq=-16|snr=3,rsrp=-99|rsrq=-16,-99,-16,3,ploss=-5|noise_power_dB=-30,-5,-30,False,ploss=0|noise_power_dB=-5,0,-5,False,False,False,False,False
ucc-static-98b9b98d701e5aa3,127,98b9b98d701e5aa3,Amazon_Prime,Season3-TheExpanse,rsrp=-99|rsrq=-16|snr=3,rsrp=-99|rsrq=-16,-99,-16,3,ploss=-5|noise_power_dB=-30,-5,-30,False,ploss=0|noise_power_dB=-5,0,-5,False,False,False,False,False
ucc-static-98b9b98d701e5aa3,128,98b9b98d701e5aa3,Amazon_Prime,Season3-TheExpanse,rsrp=-98|rsrq=-17|snr=3,rsrp=-98|rsrq=-17,-98,-17,3,ploss=0|noise_power_dB=-5,0,-5,False,ploss=0|noise_power_dB=-5,0,-5,False,False,False,False,False
ucc-static-98b9b98d701e5aa3,129,98b9b98d701e5aa3,Amazon_Prime,Season3-TheExpanse,rsrp=-98|rsrq=-17|snr=3,rsrp=-98|rsrq=-17,-98,-17,3,ploss=0|noise_power_dB=-5,0,-5,False,ploss=0|noise_power_dB=-5,0,-5,False,False,False,False,False
ucc-static-98b9b98d701e5aa3,130,98b9b98d701e5aa3,Amazon_Prime,Season3-TheExpanse,rsrp=-98|rsrq=-18|snr=2,rsrp=-98|rsrq=-18,-98,-18,2,ploss=0|noise_power_dB=-5,0,-5,False,ploss=0|noise_power_dB=-5,0,-5,False,False,False,False,False
ucc-static-98b9b98d701e5aa3,131,98b9b98d701e5aa3,Amazon_Prime,Season3-TheExpanse,rsrp=-98|rsrq=-18|snr=2,rsrp=-98|rsrq=-18,-98,-18,2,ploss=0|noise_power_dB=-5,0,-5,False,ploss=0|noise_power_dB=-5,0,-5,False,False,False,False,False
ucc-static-98b9b98d701e5aa3,132,98b9b98d701e5aa3,Amazon_Prime,Season3-TheExpanse,rsrp=-98|rsrq=-17|snr=-2,rsrp=-98|rsrq=-17,-98,-17,-2,ploss=0|noise_power_dB=-5,0,-5,False,ploss=0|noise_power_dB=-5,0,-5,False,False,False,False,False
ucc-static-98b9b98d701e5aa3,133,98b9b98d701e5aa3,Amazon_Prime,Season3-TheExpanse,rsrp=-98|rsrq=-17|snr=-2,rsrp=-98|rsrq=-17,-98,-17,-2,ploss=0|noise_power_dB=-5,0,-5,False,ploss=0|noise_power_dB=-5,0,-5,False,False,False,False,False
ucc-static-98b9b98d701e5aa3,134,98b9b98d701e5aa3,Amazon_Prime,Season3-TheExpanse,rsrp=-98|rsrq=-14|snr=2,rsrp=-98|rsrq=-14,-98,-14,2,ploss=0|noise_power_dB=-5,0,-5,False,ploss=0|noise_power_dB=-5,0,-5,False,False,False,False,False
ucc-static-98b9b98d701e5aa3,135,98b9b98d701e5aa3,Amazon_Prime,Season3-TheExpanse,rsrp=-98|rsrq=-14|snr=2,rsrp=-98|rsrq=-14,-98,-14,2,ploss=0|noise_power_dB=-5,0,-5,False,ploss=0|noise_power_dB=-5,0,-5,False,False,False,False,False
ucc-static-98b9b98d701e5aa3,136,98b9b98d701e5aa3,Amazon_Prime,Season3-TheExpanse,rsrp=-98|rsrq=-14|snr=2,rsrp=-98|rsrq=-14,-98,-14,2,ploss=0|noise_power_dB=-5,0,-5,False,ploss=0|noise_power_dB=-5,0,-5,False,False,False,False,False
ucc-static-98b9b98d701e5aa3,137,98b9b98d701e5aa3,Amazon_Prime,Season3-TheExpanse,rsrp=-98|rsrq=-14|snr=2,rsrp=-98|rsrq=-14,-98,-14,2,ploss=0|noise_power_dB=-5,0,-5,False,ploss=0|noise_power_dB=-5,0,-5,False,False,False,False,False
ucc-static-98b9b98d701e5aa3,138,98b9b98d701e5aa3,Amazon_Prime,Season3-TheExpanse,rsrp=-97|rsrq=-14|snr=3,rsrp=-97|rsrq=-14,-97,-14,3,ploss=0|noise_power_dB=-5,0,-5,False,ploss=0|noise_power_dB=-5,0,-5,False,False,False,False,False
ucc-static-98b9b98d701e5aa3,139,98b9b98d701e5aa3,Amazon_Prime,Season3-TheExpanse,rsrp=-97|rsrq=-14|snr=3,rsrp=-97|rsrq=-14,-97,-14,3,ploss=0|noise_power_dB=-5,0,-5,False,ploss=0|noise_power_dB=-5,0,-5,False,False,False,False,False
ucc-static-98b9b98d701e5aa3,140,98b9b98d701e5aa3,Amazon_Prime,Season3-TheExpanse,rsrp=-98|rsrq=-12|snr=2,rsrp=-98|rsrq=-12,-98,-12,2,ploss=0|noise_power_dB=-5,0,-5,False,ploss=0|noise_power_dB=-5,0,-5,True,False,False,True,True
ucc-static-98b9b98d701e5aa3,141,98b9b98d701e5aa3,Amazon_Prime,Season3-TheExpanse,rsrp=-98|rsrq=-12|snr=2,rsrp=-98|rsrq=-12,-98,-12,2,ploss=0|noise_power_dB=-5,0,-5,False,ploss=0|noise_power_dB=-5,0,-5,True,False,False,True,True
ucc-static-98b9b98d701e5aa3,142,98b9b98d701e5aa3,Amazon_Prime,Season3-TheExpanse,rsrp=-98|rsrq=-16|snr=3,rsrp=-98|rsrq=-16,-98,-16,3,ploss=0|noise_power_dB=-5,0,-5,False,ploss=0|noise_power_dB=-5,0,-5,False,False,False,False,False
ucc-static-98b9b98d701e5aa3,143,98b9b98d701e5aa3,Amazon_Prime,Season3-TheExpanse,rsrp=-98|rsrq=-16|snr=3,rsrp=-98|rsrq=-16,-98,-16,3,ploss=0|noise_power_dB=-5,0,-5,False,ploss=0|noise_power_dB=-5,0,-5,False,False,False,False,False
ucc-static-98b9b98d701e5aa3,144,98b9b98d701e5aa3,Amazon_Prime,Season3-TheExpanse,rsrp=-98|rsrq=-18|snr=1,rsrp=-98|rsrq=-18,-98,-18,1,ploss=0|noise_power_dB=-5,0,-5,False,ploss=0|noise_power_dB=-5,0,-5,False,False,False,False,False
ucc-static-98b9b98d701e5aa3,145,98b9b98d701e5aa3,Amazon_Prime,Season3-TheExpanse,rsrp=-98|rsrq=-18|snr=1,rsrp=-98|rsrq=-18,-98,-18,1,ploss=0|noise_power_dB=-5,0,-5,False,ploss=0|noise_power_dB=-5,0,-5,False,False,False,False,False
ucc-static-98b9b98d701e5aa3,146,98b9b98d701e5aa3,Amazon_Prime,Season3-TheExpanse,rsrp=-98|rsrq=-13|snr=4,rsrp=-98|rsrq=-13,-98,-13,4,ploss=0|noise_power_dB=-5,0,-5,False,ploss=0|noise_power_dB=-5,0,-5,False,False,False,False,False
ucc-static-98b9b98d701e5aa3,147,98b9b98d701e5aa3,Amazon_Prime,Season3-TheExpanse,rsrp=-98|rsrq=-13|snr=4,rsrp=-98|rsrq=-13,-98,-13,4,ploss=0|noise_power_dB=-5,0,-5,False,ploss=0|noise_power_dB=-5,0,-5,False,False,False,False,False
ucc-static-98b9b98d701e5aa3,148,98b9b98d701e5aa3,Amazon_Prime,Season3-TheExpanse,rsrp=-98|rsrq=-14|snr=4,rsrp=-98|rsrq=-14,-98,-14,4,ploss=0|noise_power_dB=-5,0,-5,False,ploss=0|noise_power_dB=-5,0,-5,False,False,False,False,False
ucc-static-98b9b98d701e5aa3,149,98b9b98d701e5aa3,Amazon_Prime,Season3-TheExpanse,rsrp=-98|rsrq=-14|snr=4,rsrp=-98|rsrq=-14,-98,-14,4,ploss=0|noise_power_dB=-5,0,-5,False,ploss=0|noise_power_dB=-5,0,-5,False,False,False,False,False
ucc-static-98b9b98d701e5aa3,150,98b9b98d701e5aa3,Amazon_Prime,Season3-TheExpanse,rsrp=-99|rsrq=-14|snr=3,rsrp=-99|rsrq=-14,-99,-14,3,ploss=-5|noise_power_dB=-30,-5,-30,False,ploss=0|noise_power_dB=-5,0,-5,False,False,False,False,False
ucc-static-98b9b98d701e5aa3,151,98b9b98d701e5aa3,Amazon_Prime,Season3-TheExpanse,rsrp=-99|rsrq=-14|snr=3,rsrp=-99|rsrq=-14,-99,-14,3,ploss=-5|noise_power_dB=-30,-5,-30,False,ploss=0|noise_power_dB=-5,0,-5,False,False,False,False,False
ucc-static-98b9b98d701e5aa3,152,98b9b98d701e5aa3,Amazon_Prime,Season3-TheExpanse,rsrp=-101|rsrq=-18|snr=-2,rsrp=-101|rsrq=-18,-101,-18,-2,ploss=-5|noise_power_dB=-30,-5,-30,False,ploss=0|noise_power_dB=-5,0,-5,False,False,False,False,False
ucc-static-98b9b98d701e5aa3,153,98b9b98d701e5aa3,Amazon_Prime,Season3-TheExpanse,rsrp=-101|rsrq=-18|snr=-2,rsrp=-101|rsrq=-18,-101,-18,-2,ploss=-5|noise_power_dB=-30,-5,-30,False,ploss=0|noise_power_dB=-5,0,-5,False,False,False,False,False
ucc-static-98b9b98d701e5aa3,154,98b9b98d701e5aa3,Amazon_Prime,Season3-TheExpanse,rsrp=-100|rsrq=-14|snr=3,rsrp=-100|rsrq=-14,-100,-14,3,ploss=-5|noise_power_dB=-30,-5,-30,False,ploss=0|noise_power_dB=-5,0,-5,False,False,False,False,False
ucc-static-98b9b98d701e5aa3,155,98b9b98d701e5aa3,Amazon_Prime,Season3-TheExpanse,rsrp=-100|rsrq=-14|snr=3,rsrp=-100|rsrq=-14,-100,-14,3,ploss=-5|noise_power_dB=-30,-5,-30,False,ploss=0|noise_power_dB=-5,0,-5,False,False,False,False,False
ucc-static-98b9b98d701e5aa3,156,98b9b98d701e5aa3,Amazon_Prime,Season3-TheExpanse,rsrp=-100|rsrq=-15|snr=2,rsrp=-100|rsrq=-15,-100,-15,2,ploss=-5|noise_power_dB=-30,-5,-30,False,ploss=0|noise_power_dB=-5,0,-5,False,False,False,False,False
ucc-static-98b9b98d701e5aa3,157,98b9b98d701e5aa3,Amazon_Prime,Season3-TheExpanse,rsrp=-100|rsrq=-15|snr=2,rsrp=-100|rsrq=-15,-100,-15,2,ploss=-5|noise_power_dB=-30,-5,-30,False,ploss=0|noise_power_dB=-5,0,-5,False,False,False,False,False
ucc-static-98b9b98d701e5aa3,158,98b9b98d701e5aa3,Amazon_Prime,Season3-TheExpanse,rsrp=-100|rsrq=-13|snr=5,rsrp=-100|rsrq=-13,-100,-13,5,ploss=-5|noise_power_dB=-30,-5,-30,False,ploss=0|noise_power_dB=-5,0,-5,False,False,False,False,False
ucc-static-98b9b98d701e5aa3,159,98b9b98d701e5aa3,Amazon_Prime,Season3-TheExpanse,rsrp=-100|rsrq=-13|snr=5,rsrp=-100|rsrq=-13,-100,-13,5,ploss=-5|noise_power_dB=-30,-5,-30,False,ploss=0|noise_power_dB=-5,0,-5,False,False,False,False,False
ucc-static-98b9b98d701e5aa3,160,98b9b98d701e5aa3,Amazon_Prime,Season3-TheExpanse,rsrp=-100|rsrq=-14|snr=1,rsrp=-100|rsrq=-14,-100,-14,1,ploss=-5|noise_power_dB=-30,-5,-30,False,ploss=0|noise_power_dB=-5,0,-5,False,False,False,False,False
ucc-static-98b9b98d701e5aa3,161,98b9b98d701e5aa3,Amazon_Prime,Season3-TheExpanse,rsrp=-100|rsrq=-14|snr=1,rsrp=-100|rsrq=-14,-100,-14,1,ploss=-5|noise_power_dB=-30,-5,-30,False,ploss=0|noise_power_dB=-5,0,-5,False,False,False,False,False
ucc-static-98b9b98d701e5aa3,162,98b9b98d701e5aa3,Amazon_Prime,Season3-TheExpanse,rsrp=-100|rsrq=-17|snr=2,rsrp=-100|rsrq=-17,-100,-17,2,ploss=-5|noise_power_dB=-30,-5,-30,False,ploss=0|noise_power_dB=-5,0,-5,False,False,False,False,False
ucc-static-98b9b98d701e5aa3,163,98b9b98d701e5aa3,Amazon_Prime,Season3-TheExpanse,rsrp=-100|rsrq=-17|snr=2,rsrp=-100|rsrq=-17,-100,-17,2,ploss=-5|noise_power_dB=-30,-5,-30,False,ploss=0|noise_power_dB=-5,0,-5,False,False,False,False,False
ucc-static-98b9b98d701e5aa3,164,98b9b98d701e5aa3,Amazon_Prime,Season3-TheExpanse,rsrp=-100|rsrq=-13|snr=3,rsrp=-100|rsrq=-13,-100,-13,3,ploss=-5|noise_power_dB=-30,-5,-30,False,ploss=0|noise_power_dB=-5,0,-5,False,False,False,False,False
ucc-static-98b9b98d701e5aa3,165,98b9b98d701e5aa3,Amazon_Prime,Season3-TheExpanse,rsrp=-100|rsrq=-13|snr=3,rsrp=-100|rsrq=-13,-100,-13,3,ploss=-5|noise_power_dB=-30,-5,-30,False,ploss=0|noise_power_dB=-5,0,-5,False,False,False,False,False
ucc-static-98b9b98d701e5aa3,166,98b9b98d701e5aa3,Amazon_Prime,Season3-TheExpanse,rsrp=-100|rsrq=-14|snr=7,rsrp=-100|rsrq=-14,-100,-14,7,ploss=-5|noise_power_dB=-30,-5,-30,False,ploss=0|noise_power_dB=-5,0,-5,False,False,False,False,False
ucc-static-98b9b98d701e5aa3,167,98b9b98d701e5aa3,Amazon_Prime,Season3-TheExpanse,rsrp=-100|rsrq=-14|snr=7,rsrp=-100|rsrq=-14,-100,-14,7,ploss=-5|noise_power_dB=-30,-5,-30,False,ploss=0|noise_power_dB=-5,0,-5,False,False,False,False,False
ucc-static-b3d3737b89de0369,0,b3d3737b89de0369,Netflix,Season3-StrangerThings,rsrp=-106|rsrq=-13|snr=6,rsrp=-106|rsrq=-13,-106,-13,6,ploss=-5|noise_power_dB=-30,-5,-30,False,ploss=0|noise_power_dB=-10,0,-10,False,False,False,False,False
ucc-static-b3d3737b89de0369,1,b3d3737b89de0369,Netflix,Season3-StrangerThings,rsrp=-107|rsrq=-14|snr=4,rsrp=-107|rsrq=-14,-107,-14,4,ploss=-10|noise_power_dB=-30,-10,-30,False,ploss=0|noise_power_dB=-10,0,-10,False,False,False,False,False
ucc-static-b3d3737b89de0369,2,b3d3737b89de0369,Netflix,Season3-StrangerThings,rsrp=-107|rsrq=-14|snr=4,rsrp=-107|rsrq=-14,-107,-14,4,ploss=-10|noise_power_dB=-30,-10,-30,False,ploss=0|noise_power_dB=-10,0,-10,False,False,False,False,False
ucc-static-b3d3737b89de0369,3,b3d3737b89de0369,Netflix,Season3-StrangerThings,rsrp=-106|rsrq=-13|snr=1,rsrp=-106|rsrq=-13,-106,-13,1,ploss=-5|noise_power_dB=-30,-5,-30,False,ploss=0|noise_power_dB=-10,0,-10,False,False,False,False,False
ucc-static-b3d3737b89de0369,4,b3d3737b89de0369,Netflix,Season3-StrangerThings,rsrp=-106|rsrq=-13|snr=1,rsrp=-106|rsrq=-13,-106,-13,1,ploss=-5|noise_power_dB=-30,-5,-30,False,ploss=0|noise_power_dB=-10,0,-10,False,False,False,False,False
ucc-static-b3d3737b89de0369,5,b3d3737b89de0369,Netflix,Season3-StrangerThings,rsrp=-103|rsrq=-14|snr=4,rsrp=-103|rsrq=-14,-103,-14,4,ploss=-5|noise_power_dB=-30,-5,-30,False,ploss=0|noise_power_dB=-5,0,-5,False,False,False,False,False
ucc-static-b3d3737b89de0369,6,b3d3737b89de0369,Netflix,Season3-StrangerThings,rsrp=-103|rsrq=-14|snr=4,rsrp=-103|rsrq=-14,-103,-14,4,ploss=-5|noise_power_dB=-30,-5,-30,False,ploss=0|noise_power_dB=-5,0,-5,False,False,False,False,False
ucc-static-b3d3737b89de0369,7,b3d3737b89de0369,Netflix,Season3-StrangerThings,rsrp=-103|rsrq=-17|snr=2,rsrp=-103|rsrq=-17,-103,-17,2,ploss=-5|noise_power_dB=-30,-5,-30,False,ploss=0|noise_power_dB=-5,0,-5,False,False,False,False,False
ucc-static-b3d3737b89de0369,8,b3d3737b89de0369,Netflix,Season3-StrangerThings,rsrp=-103|rsrq=-17|snr=2,rsrp=-103|rsrq=-17,-103,-17,2,ploss=-5|noise_power_dB=-30,-5,-30,False,ploss=0|noise_power_dB=-5,0,-5,False,False,False,False,False
ucc-static-b3d3737b89de0369,9,b3d3737b89de0369,Netflix,Season3-StrangerThings,rsrp=-103|rsrq=-13|snr=10,rsrp=-103|rsrq=-13,-103,-13,10,ploss=-5|noise_power_dB=-30,-5,-30,False,ploss=0|noise_power_dB=-5,0,-5,False,False,False,False,False
ucc-static-b3d3737b89de0369,10,b3d3737b89de0369,Netflix,Season3-StrangerThings,rsrp=-103|rsrq=-13|snr=10,rsrp=-103|rsrq=-13,-103,-13,10,ploss=-5|noise_power_dB=-30,-5,-30,False,ploss=0|noise_power_dB=-5,0,-5,False,False,False,False,False
ucc-static-b3d3737b89de0369,11,b3d3737b89de0369,Netflix,Season3-StrangerThings,rsrp=-104|rsrq=-14|snr=6,rsrp=-104|rsrq=-14,-104,-14,6,ploss=-5|noise_power_dB=-30,-5,-30,False,ploss=0|noise_power_dB=-10,0,-10,False,False,False,False,False
ucc-static-b3d3737b89de0369,12,b3d3737b89de0369,Netflix,Season3-StrangerThings,rsrp=-104|rsrq=-14|snr=6,rsrp=-104|rsrq=-14,-104,-14,6,ploss=-5|noise_power_dB=-30,-5,-30,False,ploss=0|noise_power_dB=-10,0,-10,False,False,False,False,False
ucc-static-b3d3737b89de0369,13,b3d3737b89de0369,Netflix,Season3-StrangerThings,rsrp=-103|rsrq=-15|snr=2,rsrp=-103|rsrq=-15,-103,-15,2,ploss=-5|noise_power_dB=-30,-5,-30,False,ploss=0|noise_power_dB=-5,0,-5,False,False,False,False,False
ucc-static-b3d3737b89de0369,14,b3d3737b89de0369,Netflix,Season3-StrangerThings,rsrp=-103|rsrq=-15|snr=2,rsrp=-103|rsrq=-15,-103,-15,2,ploss=-5|noise_power_dB=-30,-5,-30,False,ploss=0|noise_power_dB=-5,0,-5,False,False,False,False,False
ucc-static-b3d3737b89de0369,15,b3d3737b89de0369,Netflix,Season3-StrangerThings,rsrp=-102|rsrq=-16|snr=7,rsrp=-102|rsrq=-16,-102,-16,7,ploss=-5|noise_power_dB=-30,-5,-30,False,ploss=0|noise_power_dB=-5,0,-5,False,False,False,False,False
ucc-static-b3d3737b89de0369,16,b3d3737b89de0369,Netflix,Season3-StrangerThings,rsrp=-102|rsrq=-16|snr=7,rsrp=-102|rsrq=-16,-102,-16,7,ploss=-5|noise_power_dB=-30,-5,-30,False,ploss=0|noise_power_dB=-5,0,-5,False,False,False,False,False
ucc-static-b3d3737b89de0369,17,b3d3737b89de0369,Netflix,Season3-StrangerThings,rsrp=-103|rsrq=-11|snr=5,rsrp=-103|rsrq=-11,-103,-11,5,ploss=-5|noise_power_dB=-30,-5,-30,True,ploss=0|noise_power_dB=-5,0,-5,False,False,True,False,True
ucc-static-b3d3737b89de0369,18,b3d3737b89de0369,Netflix,Season3-StrangerThings,rsrp=-103|rsrq=-11|snr=5,rsrp=-103|rsrq=-11,-103,-11,5,ploss=-5|noise_power_dB=-30,-5,-30,True,ploss=0|noise_power_dB=-5,0,-5,False,False,True,False,True
ucc-static-b3d3737b89de0369,19,b3d3737b89de0369,Netflix,Season3-StrangerThings,rsrp=-102|rsrq=-12|snr=7,rsrp=-102|rsrq=-12,-102,-12,7,ploss=-5|noise_power_dB=-30,-5,-30,False,ploss=0|noise_power_dB=-5,0,-5,True,False,False,True,True
ucc-static-b3d3737b89de0369,20,b3d3737b89de0369,Netflix,Season3-StrangerThings,rsrp=-102|rsrq=-12|snr=7,rsrp=-102|rsrq=-12,-102,-12,7,ploss=-5|noise_power_dB=-30,-5,-30,False,ploss=0|noise_power_dB=-5,0,-5,True,False,False,True,True
ucc-static-b3d3737b89de0369,21,b3d3737b89de0369,Netflix,Season3-StrangerThings,rsrp=-102|rsrq=-12|snr=0,rsrp=-102|rsrq=-12,-102,-12,0,ploss=-5|noise_power_dB=-30,-5,-30,False,ploss=0|noise_power_dB=-5,0,-5,True,False,False,True,True
ucc-static-b3d3737b89de0369,22,b3d3737b89de0369,Netflix,Season3-StrangerThings,rsrp=-102|rsrq=-12|snr=0,rsrp=-102|rsrq=-12,-102,-12,0,ploss=-5|noise_power_dB=-30,-5,-30,False,ploss=0|noise_power_dB=-5,0,-5,True,False,False,True,True
ucc-static-b3d3737b89de0369,23,b3d3737b89de0369,Netflix,Season3-StrangerThings,rsrp=-102|rsrq=-12|snr=2,rsrp=-102|rsrq=-12,-102,-12,2,ploss=-5|noise_power_dB=-30,-5,-30,False,ploss=0|noise_power_dB=-5,0,-5,True,False,False,True,True
ucc-static-b3d3737b89de0369,24,b3d3737b89de0369,Netflix,Season3-StrangerThings,rsrp=-102|rsrq=-12|snr=2,rsrp=-102|rsrq=-12,-102,-12,2,ploss=-5|noise_power_dB=-30,-5,-30,False,ploss=0|noise_power_dB=-5,0,-5,True,False,False,True,True
ucc-static-b3d3737b89de0369,25,b3d3737b89de0369,Netflix,Season3-StrangerThings,rsrp=-101|rsrq=-13|snr=3,rsrp=-101|rsrq=-13,-101,-13,3,ploss=-5|noise_power_dB=-30,-5,-30,False,ploss=0|noise_power_dB=-5,0,-5,False,False,False,False,False
ucc-static-b3d3737b89de0369,26,b3d3737b89de0369,Netflix,Season3-StrangerThings,rsrp=-101|rsrq=-13|snr=3,rsrp=-101|rsrq=-13,-101,-13,3,ploss=-5|noise_power_dB=-30,-5,-30,False,ploss=0|noise_power_dB=-5,0,-5,False,False,False,False,False
ucc-static-b3d3737b89de0369,27,b3d3737b89de0369,Netflix,Season3-StrangerThings,rsrp=-101|rsrq=-12|snr=3,rsrp=-101|rsrq=-12,-101,-12,3,ploss=-5|noise_power_dB=-30,-5,-30,False,ploss=0|noise_power_dB=-5,0,-5,True,False,False,True,True
ucc-static-b3d3737b89de0369,28,b3d3737b89de0369,Netflix,Season3-StrangerThings,rsrp=-101|rsrq=-12|snr=3,rsrp=-101|rsrq=-12,-101,-12,3,ploss=-5|noise_power_dB=-30,-5,-30,False,ploss=0|noise_power_dB=-5,0,-5,True,False,False,True,True
ucc-static-b3d3737b89de0369,29,b3d3737b89de0369,Netflix,Season3-StrangerThings,rsrp=-101|rsrq=-12|snr=7,rsrp=-101|rsrq=-12,-101,-12,7,ploss=-5|noise_power_dB=-30,-5,-30,False,ploss=0|noise_power_dB=-5,0,-5,True,False,False,True,True
ucc-static-b3d3737b89de0369,30,b3d3737b89de0369,Netflix,Season3-StrangerThings,rsrp=-101|rsrq=-12|snr=7,rsrp=-101|rsrq=-12,-101,-12,7,ploss=-5|noise_power_dB=-30,-5,-30,False,ploss=0|noise_power_dB=-5,0,-5,True,False,False,True,True
ucc-static-b3d3737b89de0369,31,b3d3737b89de0369,Netflix,Season3-StrangerThings,rsrp=-101|rsrq=-13|snr=7,rsrp=-101|rsrq=-13,-101,-13,7,ploss=-5|noise_power_dB=-30,-5,-30,False,ploss=0|noise_power_dB=-5,0,-5,False,False,False,False,False
ucc-static-b3d3737b89de0369,32,b3d3737b89de0369,Netflix,Season3-StrangerThings,rsrp=-101|rsrq=-13|snr=7,rsrp=-101|rsrq=-13,-101,-13,7,ploss=-5|noise_power_dB=-30,-5,-30,False,ploss=0|noise_power_dB=-5,0,-5,False,False,False,False,False
ucc-static-b3d3737b89de0369,33,b3d3737b89de0369,Netflix,Season3-StrangerThings,rsrp=-101|rsrq=-14|snr=2,rsrp=-101|rsrq=-14,-101,-14,2,ploss=-5|noise_power_dB=-30,-5,-30,False,ploss=0|noise_power_dB=-5,0,-5,False,False,False,False,False
ucc-static-b3d3737b89de0369,34,b3d3737b89de0369,Netflix,Season3-StrangerThings,rsrp=-101|rsrq=-14|snr=2,rsrp=-101|rsrq=-14,-101,-14,2,ploss=-5|noise_power_dB=-30,-5,-30,False,ploss=0|noise_power_dB=-5,0,-5,False,False,False,False,False
ucc-static-b3d3737b89de0369,35,b3d3737b89de0369,Netflix,Season3-StrangerThings,rsrp=-100|rsrq=-16|snr=3,rsrp=-100|rsrq=-16,-100,-16,3,ploss=-5|noise_power_dB=-30,-5,-30,False,ploss=0|noise_power_dB=-5,0,-5,False,False,False,False,False
ucc-static-b3d3737b89de0369,36,b3d3737b89de0369,Netflix,Season3-StrangerThings,rsrp=-100|rsrq=-16|snr=3,rsrp=-100|rsrq=-16,-100,-16,3,ploss=-5|noise_power_dB=-30,-5,-30,False,ploss=0|noise_power_dB=-5,0,-5,False,False,False,False,False
ucc-static-b3d3737b89de0369,37,b3d3737b89de0369,Netflix,Season3-StrangerThings,rsrp=-100|rsrq=-11|snr=1,rsrp=-100|rsrq=-11,-100,-11,1,ploss=-5|noise_power_dB=-30,-5,-30,False,ploss=0|noise_power_dB=-5,0,-5,True,False,False,True,True
ucc-static-b3d3737b89de0369,38,b3d3737b89de0369,Netflix,Season3-StrangerThings,rsrp=-100|rsrq=-11|snr=1,rsrp=-100|rsrq=-11,-100,-11,1,ploss=-5|noise_power_dB=-30,-5,-30,False,ploss=0|noise_power_dB=-5,0,-5,True,False,False,True,True
ucc-static-b3d3737b89de0369,39,b3d3737b89de0369,Netflix,Season3-StrangerThings,rsrp=-101|rsrq=-11|snr=2,rsrp=-101|rsrq=-11,-101,-11,2,ploss=-5|noise_power_dB=-30,-5,-30,False,ploss=0|noise_power_dB=-5,0,-5,True,False,False,True,True
ucc-static-b3d3737b89de0369,40,b3d3737b89de0369,Netflix,Season3-StrangerThings,rsrp=-101|rsrq=-11|snr=2,rsrp=-101|rsrq=-11,-101,-11,2,ploss=-5|noise_power_dB=-30,-5,-30,False,ploss=0|noise_power_dB=-5,0,-5,True,False,False,True,True
ucc-static-b3d3737b89de0369,41,b3d3737b89de0369,Netflix,Season3-StrangerThings,rsrp=-101|rsrq=-15|snr=0,rsrp=-101|rsrq=-15,-101,-15,0,ploss=-5|noise_power_dB=-30,-5,-30,False,ploss=0|noise_power_dB=-5,0,-5,False,False,False,False,False
ucc-static-b3d3737b89de0369,42,b3d3737b89de0369,Netflix,Season3-StrangerThings,rsrp=-101|rsrq=-15|snr=0,rsrp=-101|rsrq=-15,-101,-15,0,ploss=-5|noise_power_dB=-30,-5,-30,False,ploss=0|noise_power_dB=-5,0,-5,False,False,False,False,False
ucc-static-b3d3737b89de0369,43,b3d3737b89de0369,Netflix,Season3-StrangerThings,rsrp=-101|rsrq=-11|snr=5,rsrp=-101|rsrq=-11,-101,-11,5,ploss=-5|noise_power_dB=-30,-5,-30,False,ploss=0|noise_power_dB=-5,0,-5,True,False,False,True,True
ucc-static-b3d3737b89de0369,44,b3d3737b89de0369,Netflix,Season3-StrangerThings,rsrp=-101|rsrq=-11|snr=5,rsrp=-101|rsrq=-11,-101,-11,5,ploss=-5|noise_power_dB=-30,-5,-30,False,ploss=0|noise_power_dB=-5,0,-5,True,False,False,True,True
ucc-static-b3d3737b89de0369,45,b3d3737b89de0369,Netflix,Season3-StrangerThings,rsrp=-100|rsrq=-10|snr=7,rsrp=-100|rsrq=-10,-100,-10,7,ploss=-5|noise_power_dB=-30,-5,-30,False,ploss=0|noise_power_dB=-5,0,-5,True,False,False,True,True
ucc-static-b3d3737b89de0369,46,b3d3737b89de0369,Netflix,Season3-StrangerThings,rsrp=-100|rsrq=-10|snr=7,rsrp=-100|rsrq=-10,-100,-10,7,ploss=-5|noise_power_dB=-30,-5,-30,False,ploss=0|noise_power_dB=-5,0,-5,True,False,False,True,True
ucc-static-b3d3737b89de0369,47,b3d3737b89de0369,Netflix,Season3-StrangerThings,rsrp=-105|rsrq=-12|snr=-5,rsrp=-105|rsrq=-12,-105,-12,-5,ploss=-5|noise_power_dB=-30,-5,-30,True,ploss=0|noise_power_dB=-10,0,-10,True,True,False,False,True
ucc-static-b3d3737b89de0369,48,b3d3737b89de0369,Netflix,Season3-StrangerThings,rsrp=-105|rsrq=-12|snr=-5,rsrp=-105|rsrq=-12,-105,-12,-5,ploss=-5|noise_power_dB=-30,-5,-30,True,ploss=0|noise_power_dB=-10,0,-10,True,True,False,False,True
ucc-static-b3d3737b89de0369,49,b3d3737b89de0369,Netflix,Season3-StrangerThings,rsrp=-104|rsrq=-12|snr=3,rsrp=-104|rsrq=-12,-104,-12,3,ploss=-5|noise_power_dB=-30,-5,-30,True,ploss=0|noise_power_dB=-10,0,-10,False,False,True,False,True
ucc-static-b3d3737b89de0369,50,b3d3737b89de0369,Netflix,Season3-StrangerThings,rsrp=-104|rsrq=-12|snr=3,rsrp=-104|rsrq=-12,-104,-12,3,ploss=-5|noise_power_dB=-30,-5,-30,True,ploss=0|noise_power_dB=-10,0,-10,False,False,True,False,True
ucc-static-b3d3737b89de0369,51,b3d3737b89de0369,Netflix,Season3-StrangerThings,rsrp=-104|rsrq=-11|snr=1,rsrp=-104|rsrq=-11,-104,-11,1,ploss=-5|noise_power_dB=-30,-5,-30,True,ploss=0|noise_power_dB=-10,0,-10,False,False,True,False,True
ucc-static-b3d3737b89de0369,52,b3d3737b89de0369,Netflix,Season3-StrangerThings,rsrp=-104|rsrq=-11|snr=1,rsrp=-104|rsrq=-11,-104,-11,1,ploss=-5|noise_power_dB=-30,-5,-30,True,ploss=0|noise_power_dB=-10,0,-10,False,False,True,False,True
ucc-static-b3d3737b89de0369,53,b3d3737b89de0369,Netflix,Season3-StrangerThings,rsrp=-104|rsrq=-14|snr=2,rsrp=-104|rsrq=-14,-104,-14,2,ploss=-5|noise_power_dB=-30,-5,-30,False,ploss=0|noise_power_dB=-10,0,-10,False,False,False,False,False
ucc-static-b3d3737b89de0369,54,b3d3737b89de0369,Netflix,Season3-StrangerThings,rsrp=-104|rsrq=-14|snr=2,rsrp=-104|rsrq=-14,-104,-14,2,ploss=-5|noise_power_dB=-30,-5,-30,False,ploss=0|noise_power_dB=-10,0,-10,False,False,False,False,False
ucc-static-b3d3737b89de0369,55,b3d3737b89de0369,Netflix,Season3-StrangerThings,rsrp=-104|rsrq=-13|snr=2,rsrp=-104|rsrq=-13,-104,-13,2,ploss=-5|noise_power_dB=-30,-5,-30,False,ploss=0|noise_power_dB=-10,0,-10,False,False,False,False,False
ucc-static-b3d3737b89de0369,56,b3d3737b89de0369,Netflix,Season3-StrangerThings,rsrp=-104|rsrq=-13|snr=2,rsrp=-104|rsrq=-13,-104,-13,2,ploss=-5|noise_power_dB=-30,-5,-30,False,ploss=0|noise_power_dB=-10,0,-10,False,False,False,False,False
ucc-static-b3d3737b89de0369,57,b3d3737b89de0369,Netflix,Season3-StrangerThings,rsrp=-104|rsrq=-11|snr=4,rsrp=-104|rsrq=-11,-104,-11,4,ploss=-5|noise_power_dB=-30,-5,-30,True,ploss=0|noise_power_dB=-10,0,-10,False,False,True,False,True
ucc-static-b3d3737b89de0369,58,b3d3737b89de0369,Netflix,Season3-StrangerThings,rsrp=-104|rsrq=-11|snr=4,rsrp=-104|rsrq=-11,-104,-11,4,ploss=-5|noise_power_dB=-30,-5,-30,True,ploss=0|noise_power_dB=-10,0,-10,False,False,True,False,True
ucc-static-b3d3737b89de0369,59,b3d3737b89de0369,Netflix,Season3-StrangerThings,rsrp=-104|rsrq=-12|snr=1,rsrp=-104|rsrq=-12,-104,-12,1,ploss=-5|noise_power_dB=-30,-5,-30,True,ploss=0|noise_power_dB=-10,0,-10,False,False,True,False,True
ucc-static-b3d3737b89de0369,60,b3d3737b89de0369,Netflix,Season3-StrangerThings,rsrp=-104|rsrq=-12|snr=1,rsrp=-104|rsrq=-12,-104,-12,1,ploss=-5|noise_power_dB=-30,-5,-30,True,ploss=0|noise_power_dB=-10,0,-10,False,False,True,False,True
ucc-static-b3d3737b89de0369,61,b3d3737b89de0369,Netflix,Season3-StrangerThings,rsrp=-100|rsrq=-12|snr=4,rsrp=-100|rsrq=-12,-100,-12,4,ploss=-5|noise_power_dB=-30,-5,-30,False,ploss=0|noise_power_dB=-5,0,-5,True,False,False,True,True
ucc-static-b3d3737b89de0369,62,b3d3737b89de0369,Netflix,Season3-StrangerThings,rsrp=-100|rsrq=-12|snr=4,rsrp=-100|rsrq=-12,-100,-12,4,ploss=-5|noise_power_dB=-30,-5,-30,False,ploss=0|noise_power_dB=-5,0,-5,True,False,False,True,True
ucc-static-b3d3737b89de0369,63,b3d3737b89de0369,Netflix,Season3-StrangerThings,rsrp=-101|rsrq=-10|snr=2,rsrp=-101|rsrq=-10,-101,-10,2,ploss=-5|noise_power_dB=-30,-5,-30,False,ploss=0|noise_power_dB=-5,0,-5,True,False,False,True,True
ucc-static-b3d3737b89de0369,64,b3d3737b89de0369,Netflix,Season3-StrangerThings,rsrp=-101|rsrq=-10|snr=2,rsrp=-101|rsrq=-10,-101,-10,2,ploss=-5|noise_power_dB=-30,-5,-30,False,ploss=0|noise_power_dB=-5,0,-5,True,False,False,True,True
ucc-static-b3d3737b89de0369,65,b3d3737b89de0369,Netflix,Season3-StrangerThings,rsrp=-101|rsrq=-12|snr=-1,rsrp=-101|rsrq=-12,-101,-12,-1,ploss=-5|noise_power_dB=-30,-5,-30,False,ploss=0|noise_power_dB=-5,0,-5,True,False,False,True,True
ucc-static-b3d3737b89de0369,66,b3d3737b89de0369,Netflix,Season3-StrangerThings,rsrp=-101|rsrq=-12|snr=-1,rsrp=-101|rsrq=-12,-101,-12,-1,ploss=-5|noise_power_dB=-30,-5,-30,False,ploss=0|noise_power_dB=-5,0,-5,True,False,False,True,True
ucc-static-b3d3737b89de0369,67,b3d3737b89de0369,Netflix,Season3-StrangerThings,rsrp=-101|rsrq=-11|snr=0,rsrp=-101|rsrq=-11,-101,-11,0,ploss=-5|noise_power_dB=-30,-5,-30,False,ploss=0|noise_power_dB=-5,0,-5,True,False,False,True,True
ucc-static-b3d3737b89de0369,68,b3d3737b89de0369,Netflix,Season3-StrangerThings,rsrp=-101|rsrq=-11|snr=0,rsrp=-101|rsrq=-11,-101,-11,0,ploss=-5|noise_power_dB=-30,-5,-30,False,ploss=0|noise_power_dB=-5,0,-5,True,False,False,True,True
ucc-static-b3d3737b89de0369,69,b3d3737b89de0369,Netflix,Season3-StrangerThings,rsrp=-100|rsrq=-11|snr=1,rsrp=-100|rsrq=-11,-100,-11,1,ploss=-5|noise_power_dB=-30,-5,-30,False,ploss=0|noise_power_dB=-5,0,-5,True,False,False,True,True
ucc-static-b3d3737b89de0369,70,b3d3737b89de0369,Netflix,Season3-StrangerThings,rsrp=-100|rsrq=-11|snr=1,rsrp=-100|rsrq=-11,-100,-11,1,ploss=-5|noise_power_dB=-30,-5,-30,False,ploss=0|noise_power_dB=-5,0,-5,True,False,False,True,True
ucc-static-b3d3737b89de0369,71,b3d3737b89de0369,Netflix,Season3-StrangerThings,rsrp=-101|rsrq=-12|snr=4,rsrp=-101|rsrq=-12,-101,-12,4,ploss=-5|noise_power_dB=-30,-5,-30,False,ploss=0|noise_power_dB=-5,0,-5,True,False,False,True,True
ucc-static-b3d3737b89de0369,72,b3d3737b89de0369,Netflix,Season3-StrangerThings,rsrp=-101|rsrq=-12|snr=4,rsrp=-101|rsrq=-12,-101,-12,4,ploss=-5|noise_power_dB=-30,-5,-30,False,ploss=0|noise_power_dB=-5,0,-5,True,False,False,True,True
ucc-static-b3d3737b89de0369,73,b3d3737b89de0369,Netflix,Season3-StrangerThings,rsrp=-101|rsrq=-11|snr=5,rsrp=-101|rsrq=-11,-101,-11,5,ploss=-5|noise_power_dB=-30,-5,-30,False,ploss=0|noise_power_dB=-5,0,-5,True,False,False,True,True
ucc-static-b3d3737b89de0369,74,b3d3737b89de0369,Netflix,Season3-StrangerThings,rsrp=-101|rsrq=-11|snr=5,rsrp=-101|rsrq=-11,-101,-11,5,ploss=-5|noise_power_dB=-30,-5,-30,False,ploss=0|noise_power_dB=-5,0,-5,True,False,False,True,True
ucc-static-b3d3737b89de0369,75,b3d3737b89de0369,Netflix,Season3-StrangerThings,rsrp=-101|rsrq=-13|snr=-2,rsrp=-101|rsrq=-13,-101,-13,-2,ploss=-5|noise_power_dB=-30,-5,-30,False,ploss=0|noise_power_dB=-5,0,-5,False,False,False,False,False
ucc-static-b3d3737b89de0369,76,b3d3737b89de0369,Netflix,Season3-StrangerThings,rsrp=-101|rsrq=-13|snr=-2,rsrp=-101|rsrq=-13,-101,-13,-2,ploss=-5|noise_power_dB=-30,-5,-30,False,ploss=0|noise_power_dB=-5,0,-5,False,False,False,False,False
ucc-static-b3d3737b89de0369,77,b3d3737b89de0369,Netflix,Season3-StrangerThings,rsrp=-102|rsrq=-12|snr=5,rsrp=-102|rsrq=-12,-102,-12,5,ploss=-5|noise_power_dB=-30,-5,-30,False,ploss=0|noise_power_dB=-5,0,-5,True,False,False,True,True
ucc-static-b3d3737b89de0369,78,b3d3737b89de0369,Netflix,Season3-StrangerThings,rsrp=-102|rsrq=-12|snr=5,rsrp=-102|rsrq=-12,-102,-12,5,ploss=-5|noise_power_dB=-30,-5,-30,False,ploss=0|noise_power_dB=-5,0,-5,True,False,False,True,True
ucc-static-b3d3737b89de0369,79,b3d3737b89de0369,Netflix,Season3-StrangerThings,rsrp=-101|rsrq=-11|snr=3,rsrp=-101|rsrq=-11,-101,-11,3,ploss=-5|noise_power_dB=-30,-5,-30,False,ploss=0|noise_power_dB=-5,0,-5,True,False,False,True,True
ucc-static-b3d3737b89de0369,80,b3d3737b89de0369,Netflix,Season3-StrangerThings,rsrp=-101|rsrq=-11|snr=3,rsrp=-101|rsrq=-11,-101,-11,3,ploss=-5|noise_power_dB=-30,-5,-30,False,ploss=0|noise_power_dB=-5,0,-5,True,False,False,True,True
ucc-static-b3d3737b89de0369,81,b3d3737b89de0369,Netflix,Season3-StrangerThings,rsrp=-101|rsrq=-13|snr=4,rsrp=-101|rsrq=-13,-101,-13,4,ploss=-5|noise_power_dB=-30,-5,-30,False,ploss=0|noise_power_dB=-5,0,-5,False,False,False,False,False
ucc-static-b3d3737b89de0369,82,b3d3737b89de0369,Netflix,Season3-StrangerThings,rsrp=-101|rsrq=-13|snr=4,rsrp=-101|rsrq=-13,-101,-13,4,ploss=-5|noise_power_dB=-30,-5,-30,False,ploss=0|noise_power_dB=-5,0,-5,False,False,False,False,False
ucc-static-b3d3737b89de0369,83,b3d3737b89de0369,Netflix,Season3-StrangerThings,rsrp=-101|rsrq=-13|snr=2,rsrp=-101|rsrq=-13,-101,-13,2,ploss=-5|noise_power_dB=-30,-5,-30,False,ploss=0|noise_power_dB=-5,0,-5,False,False,False,False,False
ucc-static-b3d3737b89de0369,84,b3d3737b89de0369,Netflix,Season3-StrangerThings,rsrp=-101|rsrq=-13|snr=2,rsrp=-101|rsrq=-13,-101,-13,2,ploss=-5|noise_power_dB=-30,-5,-30,False,ploss=0|noise_power_dB=-5,0,-5,False,False,False,False,False
ucc-static-b3d3737b89de0369,85,b3d3737b89de0369,Netflix,Season3-StrangerThings,rsrp=-101|rsrq=-11|snr=-1,rsrp=-101|rsrq=-11,-101,-11,-1,ploss=-5|noise_power_dB=-30,-5,-30,False,ploss=0|noise_power_dB=-5,0,-5,True,False,False,True,True
ucc-static-b3d3737b89de0369,86,b3d3737b89de0369,Netflix,Season3-StrangerThings,rsrp=-101|rsrq=-11|snr=-1,rsrp=-101|rsrq=-11,-101,-11,-1,ploss=-5|noise_power_dB=-30,-5,-30,False,ploss=0|noise_power_dB=-5,0,-5,True,False,False,True,True
ucc-static-b3d3737b89de0369,87,b3d3737b89de0369,Netflix,Season3-StrangerThings,rsrp=-101|rsrq=-13|snr=4,rsrp=-101|rsrq=-13,-101,-13,4,ploss=-5|noise_power_dB=-30,-5,-30,False,ploss=0|noise_power_dB=-5,0,-5,False,False,False,False,False
ucc-static-b3d3737b89de0369,88,b3d3737b89de0369,Netflix,Season3-StrangerThings,rsrp=-101|rsrq=-13|snr=4,rsrp=-101|rsrq=-13,-101,-13,4,ploss=-5|noise_power_dB=-30,-5,-30,False,ploss=0|noise_power_dB=-5,0,-5,False,False,False,False,False
ucc-static-b3d3737b89de0369,89,b3d3737b89de0369,Netflix,Season3-StrangerThings,rsrp=-102|rsrq=-13|snr=6,rsrp=-102|rsrq=-13,-102,-13,6,ploss=-5|noise_power_dB=-30,-5,-30,False,ploss=0|noise_power_dB=-5,0,-5,False,False,False,False,False
ucc-static-b3d3737b89de0369,90,b3d3737b89de0369,Netflix,Season3-StrangerThings,rsrp=-102|rsrq=-13|snr=6,rsrp=-102|rsrq=-13,-102,-13,6,ploss=-5|noise_power_dB=-30,-5,-30,False,ploss=0|noise_power_dB=-5,0,-5,False,False,False,False,False
ucc-static-b3d3737b89de0369,91,b3d3737b89de0369,Netflix,Season3-StrangerThings,rsrp=-101|rsrq=-16|snr=2,rsrp=-101|rsrq=-16,-101,-16,2,ploss=-5|noise_power_dB=-30,-5,-30,False,ploss=0|noise_power_dB=-5,0,-5,False,False,False,False,False
ucc-static-b3d3737b89de0369,92,b3d3737b89de0369,Netflix,Season3-StrangerThings,rsrp=-101|rsrq=-16|snr=2,rsrp=-101|rsrq=-16,-101,-16,2,ploss=-5|noise_power_dB=-30,-5,-30,False,ploss=0|noise_power_dB=-5,0,-5,False,False,False,False,False
ucc-static-b3d3737b89de0369,93,b3d3737b89de0369,Netflix,Season3-StrangerThings,rsrp=-101|rsrq=-15|snr=5,rsrp=-101|rsrq=-15,-101,-15,5,ploss=-5|noise_power_dB=-30,-5,-30,False,ploss=0|noise_power_dB=-5,0,-5,False,False,False,False,False
ucc-static-b3d3737b89de0369,94,b3d3737b89de0369,Netflix,Season3-StrangerThings,rsrp=-101|rsrq=-15|snr=5,rsrp=-101|rsrq=-15,-101,-15,5,ploss=-5|noise_power_dB=-30,-5,-30,False,ploss=0|noise_power_dB=-5,0,-5,False,False,False,False,False
ucc-static-b3d3737b89de0369,95,b3d3737b89de0369,Netflix,Season3-StrangerThings,rsrp=-101|rsrq=-14|snr=0,rsrp=-101|rsrq=-14,-101,-14,0,ploss=-5|noise_power_dB=-30,-5,-30,False,ploss=0|noise_power_dB=-5,0,-5,False,False,False,False,False
ucc-static-b3d3737b89de0369,96,b3d3737b89de0369,Netflix,Season3-StrangerThings,rsrp=-101|rsrq=-14|snr=0,rsrp=-101|rsrq=-14,-101,-14,0,ploss=-5|noise_power_dB=-30,-5,-30,False,ploss=0|noise_power_dB=-5,0,-5,False,False,False,False,False
ucc-static-b3d3737b89de0369,97,b3d3737b89de0369,Netflix,Season3-StrangerThings,rsrp=-101|rsrq=-12|snr=0,rsrp=-101|rsrq=-12,-101,-12,0,ploss=-5|noise_power_dB=-30,-5,-30,False,ploss=0|noise_power_dB=-5,0,-5,True,False,False,True,True
ucc-static-b3d3737b89de0369,98,b3d3737b89de0369,Netflix,Season3-StrangerThings,rsrp=-101|rsrq=-12|snr=0,rsrp=-101|rsrq=-12,-101,-12,0,ploss=-5|noise_power_dB=-30,-5,-30,False,ploss=0|noise_power_dB=-5,0,-5,True,False,False,True,True
ucc-static-b3d3737b89de0369,99,b3d3737b89de0369,Netflix,Season3-StrangerThings,rsrp=-101|rsrq=-17|snr=5,rsrp=-101|rsrq=-17,-101,-17,5,ploss=-5|noise_power_dB=-30,-5,-30,False,ploss=0|noise_power_dB=-5,0,-5,False,False,False,False,False
ucc-static-b3d3737b89de0369,100,b3d3737b89de0369,Netflix,Season3-StrangerThings,rsrp=-101|rsrq=-17|snr=5,rsrp=-101|rsrq=-17,-101,-17,5,ploss=-5|noise_power_dB=-30,-5,-30,False,ploss=0|noise_power_dB=-5,0,-5,False,False,False,False,False
ucc-static-b3d3737b89de0369,101,b3d3737b89de0369,Netflix,Season3-StrangerThings,rsrp=-100|rsrq=-14|snr=-3,rsrp=-100|rsrq=-14,-100,-14,-3,ploss=-5|noise_power_dB=-30,-5,-30,False,ploss=0|noise_power_dB=-5,0,-5,False,False,False,False,False
ucc-static-b3d3737b89de0369,102,b3d3737b89de0369,Netflix,Season3-StrangerThings,rsrp=-100|rsrq=-14|snr=-3,rsrp=-100|rsrq=-14,-100,-14,-3,ploss=-5|noise_power_dB=-30,-5,-30,False,ploss=0|noise_power_dB=-5,0,-5,False,False,False,False,False
ucc-static-b3d3737b89de0369,103,b3d3737b89de0369,Netflix,Season3-StrangerThings,rsrp=-100|rsrq=-13|snr=-2,rsrp=-100|rsrq=-13,-100,-13,-2,ploss=-5|noise_power_dB=-30,-5,-30,False,ploss=0|noise_power_dB=-5,0,-5,False,False,False,False,False
ucc-static-b3d3737b89de0369,104,b3d3737b89de0369,Netflix,Season3-StrangerThings,rsrp=-100|rsrq=-13|snr=-2,rsrp=-100|rsrq=-13,-100,-13,-2,ploss=-5|noise_power_dB=-30,-5,-30,False,ploss=0|noise_power_dB=-5,0,-5,False,False,False,False,False
ucc-static-b3d3737b89de0369,105,b3d3737b89de0369,Netflix,Season3-StrangerThings,rsrp=-100|rsrq=-13|snr=3,rsrp=-100|rsrq=-13,-100,-13,3,ploss=-5|noise_power_dB=-30,-5,-30,False,ploss=0|noise_power_dB=-5,0,-5,False,False,False,False,False
ucc-static-b3d3737b89de0369,106,b3d3737b89de0369,Netflix,Season3-StrangerThings,rsrp=-100|rsrq=-13|snr=3,rsrp=-100|rsrq=-13,-100,-13,3,ploss=-5|noise_power_dB=-30,-5,-30,False,ploss=0|noise_power_dB=-5,0,-5,False,False,False,False,False
ucc-static-b3d3737b89de0369,107,b3d3737b89de0369,Netflix,Season3-StrangerThings,rsrp=-101|rsrq=-14|snr=-4,rsrp=-101|rsrq=-14,-101,-14,-4,ploss=-5|noise_power_dB=-30,-5,-30,False,ploss=0|noise_power_dB=-5,0,-5,False,False,False,False,False
ucc-static-b3d3737b89de0369,108,b3d3737b89de0369,Netflix,Season3-StrangerThings,rsrp=-101|rsrq=-14|snr=-4,rsrp=-101|rsrq=-14,-101,-14,-4,ploss=-5|noise_power_dB=-30,-5,-30,False,ploss=0|noise_power_dB=-5,0,-5,False,False,False,False,False
ucc-static-b3d3737b89de0369,109,b3d3737b89de0369,Netflix,Season3-StrangerThings,rsrp=-101|rsrq=-15|snr=1,rsrp=-101|rsrq=-15,-101,-15,1,ploss=-5|noise_power_dB=-30,-5,-30,False,ploss=0|noise_power_dB=-5,0,-5,False,False,False,False,False
ucc-static-b3d3737b89de0369,110,b3d3737b89de0369,Netflix,Season3-StrangerThings,rsrp=-101|rsrq=-15|snr=1,rsrp=-101|rsrq=-15,-101,-15,1,ploss=-5|noise_power_dB=-30,-5,-30,False,ploss=0|noise_power_dB=-5,0,-5,False,False,False,False,False
ucc-static-b3d3737b89de0369,111,b3d3737b89de0369,Netflix,Season3-StrangerThings,rsrp=-101|rsrq=-13|snr=-3,rsrp=-101|rsrq=-13,-101,-13,-3,ploss=-5|noise_power_dB=-30,-5,-30,False,ploss=0|noise_power_dB=-5,0,-5,False,False,False,False,False
ucc-static-b3d3737b89de0369,112,b3d3737b89de0369,Netflix,Season3-StrangerThings,rsrp=-101|rsrq=-13|snr=-3,rsrp=-101|rsrq=-13,-101,-13,-3,ploss=-5|noise_power_dB=-30,-5,-30,False,ploss=0|noise_power_dB=-5,0,-5,False,False,False,False,False
ucc-static-b3d3737b89de0369,113,b3d3737b89de0369,Netflix,Season3-StrangerThings,rsrp=-101|rsrq=-13|snr=-4,rsrp=-101|rsrq=-13,-101,-13,-4,ploss=-5|noise_power_dB=-30,-5,-30,False,ploss=0|noise_power_dB=-5,0,-5,False,False,False,False,False
ucc-static-b3d3737b89de0369,114,b3d3737b89de0369,Netflix,Season3-StrangerThings,rsrp=-101|rsrq=-13|snr=-4,rsrp=-101|rsrq=-13,-101,-13,-4,ploss=-5|noise_power_dB=-30,-5,-30,False,ploss=0|noise_power_dB=-5,0,-5,False,False,False,False,False
ucc-static-b3d3737b89de0369,115,b3d3737b89de0369,Netflix,Season3-StrangerThings,rsrp=-101|rsrq=-15|snr=2,rsrp=-101|rsrq=-15,-101,-15,2,ploss=-5|noise_power_dB=-30,-5,-30,False,ploss=0|noise_power_dB=-5,0,-5,False,False,False,False,False
ucc-static-b3d3737b89de0369,116,b3d3737b89de0369,Netflix,Season3-StrangerThings,rsrp=-101|rsrq=-15|snr=2,rsrp=-101|rsrq=-15,-101,-15,2,ploss=-5|noise_power_dB=-30,-5,-30,False,ploss=0|noise_power_dB=-5,0,-5,False,False,False,False,False
ucc-static-b3d3737b89de0369,117,b3d3737b89de0369,Netflix,Season3-StrangerThings,rsrp=-101|rsrq=-13|snr=-2,rsrp=-101|rsrq=-13,-101,-13,-2,ploss=-5|noise_power_dB=-30,-5,-30,False,ploss=0|noise_power_dB=-5,0,-5,False,False,False,False,False
ucc-static-b3d3737b89de0369,118,b3d3737b89de0369,Netflix,Season3-StrangerThings,rsrp=-101|rsrq=-13|snr=-2,rsrp=-101|rsrq=-13,-101,-13,-2,ploss=-5|noise_power_dB=-30,-5,-30,False,ploss=0|noise_power_dB=-5,0,-5,False,False,False,False,False
ucc-static-b3d3737b89de0369,119,b3d3737b89de0369,Netflix,Season3-StrangerThings,rsrp=-101|rsrq=-15|snr=-1,rsrp=-101|rsrq=-15,-101,-15,-1,ploss=-5|noise_power_dB=-30,-5,-30,False,ploss=0|noise_power_dB=-5,0,-5,False,False,False,False,False
ucc-static-b3d3737b89de0369,120,b3d3737b89de0369,Netflix,Season3-StrangerThings,rsrp=-101|rsrq=-15|snr=-1,rsrp=-101|rsrq=-15,-101,-15,-1,ploss=-5|noise_power_dB=-30,-5,-30,False,ploss=0|noise_power_dB=-5,0,-5,False,False,False,False,False
ucc-static-b3d3737b89de0369,121,b3d3737b89de0369,Netflix,Season3-StrangerThings,rsrp=-101|rsrq=-14|snr=-1,rsrp=-101|rsrq=-14,-101,-14,-1,ploss=-5|noise_power_dB=-30,-5,-30,False,ploss=0|noise_power_dB=-5,0,-5,False,False,False,False,False
ucc-static-b3d3737b89de0369,122,b3d3737b89de0369,Netflix,Season3-StrangerThings,rsrp=-101|rsrq=-14|snr=-1,rsrp=-101|rsrq=-14,-101,-14,-1,ploss=-5|noise_power_dB=-30,-5,-30,False,ploss=0|noise_power_dB=-5,0,-5,False,False,False,False,False
ucc-static-b3d3737b89de0369,123,b3d3737b89de0369,Netflix,Season3-StrangerThings,rsrp=-101|rsrq=-13|snr=-4,rsrp=-101|rsrq=-13,-101,-13,-4,ploss=-5|noise_power_dB=-30,-5,-30,False,ploss=0|noise_power_dB=-5,0,-5,False,False,False,False,False
ucc-static-b3d3737b89de0369,124,b3d3737b89de0369,Netflix,Season3-StrangerThings,rsrp=-101|rsrq=-13|snr=-4,rsrp=-101|rsrq=-13,-101,-13,-4,ploss=-5|noise_power_dB=-30,-5,-30,False,ploss=0|noise_power_dB=-5,0,-5,False,False,False,False,False
ucc-static-b3d3737b89de0369,125,b3d3737b89de0369,Netflix,Season3-StrangerThings,rsrp=-101|rsrq=-12|snr=2,rsrp=-101|rsrq=-12,-101,-12,2,ploss=-5|noise_power_dB=-30,-5,-30,False,ploss=0|noise_power_dB=-5,0,-5,True,False,False,True,True
ucc-static-b3d3737b89de0369,126,b3d3737b89de0369,Netflix,Season3-StrangerThings,rsrp=-101|rsrq=-12|snr=2,rsrp=-101|rsrq=-12,-101,-12,2,ploss=-5|noise_power_dB=-30,-5,-30,False,ploss=0|noise_power_dB=-5,0,-5,True,False,False,True,True
ucc-static-b3d3737b89de0369,127,b3d3737b89de0369,Netflix,Season3-StrangerThings,rsrp=-100|rsrq=-11|snr=1,rsrp=-100|rsrq=-11,-100,-11,1,ploss=-5|noise_power_dB=-30,-5,-30,False,ploss=0|noise_power_dB=-5,0,-5,True,False,False,True,True
ucc-static-b3d3737b89de0369,128,b3d3737b89de0369,Netflix,Season3-StrangerThings,rsrp=-100|rsrq=-11|snr=1,rsrp=-100|rsrq=-11,-100,-11,1,ploss=-5|noise_power_dB=-30,-5,-30,False,ploss=0|noise_power_dB=-5,0,-5,True,False,False,True,True
ucc-static-b3d3737b89de0369,129,b3d3737b89de0369,Netflix,Season3-StrangerThings,rsrp=-101|rsrq=-12|snr=4,rsrp=-101|rsrq=-12,-101,-12,4,ploss=-5|noise_power_dB=-30,-5,-30,False,ploss=0|noise_power_dB=-5,0,-5,True,False,False,True,True
ucc-static-b3d3737b89de0369,130,b3d3737b89de0369,Netflix,Season3-StrangerThings,rsrp=-101|rsrq=-12|snr=4,rsrp=-101|rsrq=-12,-101,-12,4,ploss=-5|noise_power_dB=-30,-5,-30,False,ploss=0|noise_power_dB=-5,0,-5,True,False,False,True,True
ucc-static-b3d3737b89de0369,131,b3d3737b89de0369,Netflix,Season3-StrangerThings,rsrp=-101|rsrq=-14|snr=3,rsrp=-101|rsrq=-14,-101,-14,3,ploss=-5|noise_power_dB=-30,-5,-30,False,ploss=0|noise_power_dB=-5,0,-5,False,False,False,False,False
ucc-static-b3d3737b89de0369,132,b3d3737b89de0369,Netflix,Season3-StrangerThings,rsrp=-101|rsrq=-14|snr=3,rsrp=-101|rsrq=-14,-101,-14,3,ploss=-5|noise_power_dB=-30,-5,-30,False,ploss=0|noise_power_dB=-5,0,-5,False,False,False,False,False
ucc-static-b3d3737b89de0369,133,b3d3737b89de0369,Netflix,Season3-StrangerThings,rsrp=-101|rsrq=-13|snr=0,rsrp=-101|rsrq=-13,-101,-13,0,ploss=-5|noise_power_dB=-30,-5,-30,False,ploss=0|noise_power_dB=-5,0,-5,False,False,False,False,False
ucc-static-b3d3737b89de0369,134,b3d3737b89de0369,Netflix,Season3-StrangerThings,rsrp=-101|rsrq=-13|snr=0,rsrp=-101|rsrq=-13,-101,-13,0,ploss=-5|noise_power_dB=-30,-5,-30,False,ploss=0|noise_power_dB=-5,0,-5,False,False,False,False,False
ucc-static-b3d3737b89de0369,135,b3d3737b89de0369,Netflix,Season3-StrangerThings,rsrp=-101|rsrq=-12|snr=2,rsrp=-101|rsrq=-12,-101,-12,2,ploss=-5|noise_power_dB=-30,-5,-30,False,ploss=0|noise_power_dB=-5,0,-5,True,False,False,True,True
ucc-static-b3d3737b89de0369,136,b3d3737b89de0369,Netflix,Season3-StrangerThings,rsrp=-101|rsrq=-12|snr=2,rsrp=-101|rsrq=-12,-101,-12,2,ploss=-5|noise_power_dB=-30,-5,-30,False,ploss=0|noise_power_dB=-5,0,-5,True,False,False,True,True
ucc-static-b3d3737b89de0369,137,b3d3737b89de0369,Netflix,Season3-StrangerThings,rsrp=-101|rsrq=-11|snr=5,rsrp=-101|rsrq=-11,-101,-11,5,ploss=-5|noise_power_dB=-30,-5,-30,False,ploss=0|noise_power_dB=-5,0,-5,True,False,False,True,True
ucc-static-b3d3737b89de0369,138,b3d3737b89de0369,Netflix,Season3-StrangerThings,rsrp=-101|rsrq=-11|snr=5,rsrp=-101|rsrq=-11,-101,-11,5,ploss=-5|noise_power_dB=-30,-5,-30,False,ploss=0|noise_power_dB=-5,0,-5,True,False,False,True,True
ucc-static-b3d3737b89de0369,139,b3d3737b89de0369,Netflix,Season3-StrangerThings,rsrp=-100|rsrq=-12|snr=4,rsrp=-100|rsrq=-12,-100,-12,4,ploss=-5|noise_power_dB=-30,-5,-30,False,ploss=0|noise_power_dB=-5,0,-5,True,False,False,True,True
ucc-static-b3d3737b89de0369,140,b3d3737b89de0369,Netflix,Season3-StrangerThings,rsrp=-100|rsrq=-12|snr=4,rsrp=-100|rsrq=-12,-100,-12,4,ploss=-5|noise_power_dB=-30,-5,-30,False,ploss=0|noise_power_dB=-5,0,-5,True,False,False,True,True
ucc-static-b3d3737b89de0369,141,b3d3737b89de0369,Netflix,Season3-StrangerThings,rsrp=-101|rsrq=-11|snr=1,rsrp=-101|rsrq=-11,-101,-11,1,ploss=-5|noise_power_dB=-30,-5,-30,False,ploss=0|noise_power_dB=-5,0,-5,True,False,False,True,True
ucc-static-b3d3737b89de0369,142,b3d3737b89de0369,Netflix,Season3-StrangerThings,rsrp=-101|rsrq=-11|snr=1,rsrp=-101|rsrq=-11,-101,-11,1,ploss=-5|noise_power_dB=-30,-5,-30,False,ploss=0|noise_power_dB=-5,0,-5,True,False,False,True,True
ucc-static-b3d3737b89de0369,143,b3d3737b89de0369,Netflix,Season3-StrangerThings,rsrp=-101|rsrq=-12|snr=2,rsrp=-101|rsrq=-12,-101,-12,2,ploss=-5|noise_power_dB=-30,-5,-30,False,ploss=0|noise_power_dB=-5,0,-5,True,False,False,True,True
ucc-static-b3d3737b89de0369,144,b3d3737b89de0369,Netflix,Season3-StrangerThings,rsrp=-101|rsrq=-12|snr=2,rsrp=-101|rsrq=-12,-101,-12,2,ploss=-5|noise_power_dB=-30,-5,-30,False,ploss=0|noise_power_dB=-5,0,-5,True,False,False,True,True
ucc-static-b3d3737b89de0369,145,b3d3737b89de0369,Netflix,Season3-StrangerThings,rsrp=-100|rsrq=-14|snr=-2,rsrp=-100|rsrq=-14,-100,-14,-2,ploss=-5|noise_power_dB=-30,-5,-30,False,ploss=0|noise_power_dB=-5,0,-5,False,False,False,False,False
ucc-static-b3d3737b89de0369,146,b3d3737b89de0369,Netflix,Season3-StrangerThings,rsrp=-100|rsrq=-14|snr=-2,rsrp=-100|rsrq=-14,-100,-14,-2,ploss=-5|noise_power_dB=-30,-5,-30,False,ploss=0|noise_power_dB=-5,0,-5,False,False,False,False,False
ucc-static-b3d3737b89de0369,147,b3d3737b89de0369,Netflix,Season3-StrangerThings,rsrp=-101|rsrq=-12|snr=2,rsrp=-101|rsrq=-12,-101,-12,2,ploss=-5|noise_power_dB=-30,-5,-30,False,ploss=0|noise_power_dB=-5,0,-5,True,False,False,True,True
ucc-static-b3d3737b89de0369,148,b3d3737b89de0369,Netflix,Season3-StrangerThings,rsrp=-101|rsrq=-12|snr=2,rsrp=-101|rsrq=-12,-101,-12,2,ploss=-5|noise_power_dB=-30,-5,-30,False,ploss=0|noise_power_dB=-5,0,-5,True,False,False,True,True
ucc-static-b3d3737b89de0369,149,b3d3737b89de0369,Netflix,Season3-StrangerThings,rsrp=-101|rsrq=-14|snr=5,rsrp=-101|rsrq=-14,-101,-14,5,ploss=-5|noise_power_dB=-30,-5,-30,False,ploss=0|noise_power_dB=-5,0,-5,False,False,False,False,False
ucc-static-b3d3737b89de0369,150,b3d3737b89de0369,Netflix,Season3-StrangerThings,rsrp=-101|rsrq=-14|snr=5,rsrp=-101|rsrq=-14,-101,-14,5,ploss=-5|noise_power_dB=-30,-5,-30,False,ploss=0|noise_power_dB=-5,0,-5,False,False,False,False,False
ucc-static-b3d3737b89de0369,151,b3d3737b89de0369,Netflix,Season3-StrangerThings,rsrp=-100|rsrq=-12|snr=4,rsrp=-100|rsrq=-12,-100,-12,4,ploss=-5|noise_power_dB=-30,-5,-30,False,ploss=0|noise_power_dB=-5,0,-5,True,False,False,True,True
ucc-static-b3d3737b89de0369,152,b3d3737b89de0369,Netflix,Season3-StrangerThings,rsrp=-100|rsrq=-12|snr=4,rsrp=-100|rsrq=-12,-100,-12,4,ploss=-5|noise_power_dB=-30,-5,-30,False,ploss=0|noise_power_dB=-5,0,-5,True,False,False,True,True
ucc-static-b3d3737b89de0369,153,b3d3737b89de0369,Netflix,Season3-StrangerThings,rsrp=-100|rsrq=-12|snr=0,rsrp=-100|rsrq=-12,-100,-12,0,ploss=-5|noise_power_dB=-30,-5,-30,False,ploss=0|noise_power_dB=-5,0,-5,True,False,False,True,True
ucc-static-b3d3737b89de0369,154,b3d3737b89de0369,Netflix,Season3-StrangerThings,rsrp=-100|rsrq=-12|snr=0,rsrp=-100|rsrq=-12,-100,-12,0,ploss=-5|noise_power_dB=-30,-5,-30,False,ploss=0|noise_power_dB=-5,0,-5,True,False,False,True,True
ucc-static-b3d3737b89de0369,155,b3d3737b89de0369,Netflix,Season3-StrangerThings,rsrp=-101|rsrq=-11|snr=0,rsrp=-101|rsrq=-11,-101,-11,0,ploss=-5|noise_power_dB=-30,-5,-30,False,ploss=0|noise_power_dB=-5,0,-5,True,False,False,True,True
ucc-static-b3d3737b89de0369,156,b3d3737b89de0369,Netflix,Season3-StrangerThings,rsrp=-101|rsrq=-11|snr=0,rsrp=-101|rsrq=-11,-101,-11,0,ploss=-5|noise_power_dB=-30,-5,-30,False,ploss=0|noise_power_dB=-5,0,-5,True,False,False,True,True
ucc-static-b3d3737b89de0369,157,b3d3737b89de0369,Netflix,Season3-StrangerThings,rsrp=-101|rsrq=-10|snr=4,rsrp=-101|rsrq=-10,-101,-10,4,ploss=-5|noise_power_dB=-30,-5,-30,False,ploss=0|noise_power_dB=-5,0,-5,True,False,False,True,True
ucc-static-b3d3737b89de0369,158,b3d3737b89de0369,Netflix,Season3-StrangerThings,rsrp=-101|rsrq=-10|snr=4,rsrp=-101|rsrq=-10,-101,-10,4,ploss=-5|noise_power_dB=-30,-5,-30,False,ploss=0|noise_power_dB=-5,0,-5,True,False,False,True,True
ucc-static-b3d3737b89de0369,159,b3d3737b89de0369,Netflix,Season3-StrangerThings,rsrp=-101|rsrq=-13|snr=1,rsrp=-101|rsrq=-13,-101,-13,1,ploss=-5|noise_power_dB=-30,-5,-30,False,ploss=0|noise_power_dB=-5,0,-5,False,False,False,False,False
ucc-static-b3d3737b89de0369,160,b3d3737b89de0369,Netflix,Season3-StrangerThings,rsrp=-101|rsrq=-13|snr=1,rsrp=-101|rsrq=-13,-101,-13,1,ploss=-5|noise_power_dB=-30,-5,-30,False,ploss=0|noise_power_dB=-5,0,-5,False,False,False,False,False
ucc-static-b3d3737b89de0369,161,b3d3737b89de0369,Netflix,Season3-StrangerThings,rsrp=-101|rsrq=-14|snr=1,rsrp=-101|rsrq=-14,-101,-14,1,ploss=-5|noise_power_dB=-30,-5,-30,False,ploss=0|noise_power_dB=-5,0,-5,False,False,False,False,False
ucc-static-b3d3737b89de0369,162,b3d3737b89de0369,Netflix,Season3-StrangerThings,rsrp=-101|rsrq=-14|snr=1,rsrp=-101|rsrq=-14,-101,-14,1,ploss=-5|noise_power_dB=-30,-5,-30,False,ploss=0|noise_power_dB=-5,0,-5,False,False,False,False,False
ucc-static-b3d3737b89de0369,163,b3d3737b89de0369,Netflix,Season3-StrangerThings,rsrp=-101|rsrq=-12|snr=6,rsrp=-101|rsrq=-12,-101,-12,6,ploss=-5|noise_power_dB=-30,-5,-30,False,ploss=0|noise_power_dB=-5,0,-5,True,False,False,True,True
ucc-static-b3d3737b89de0369,164,b3d3737b89de0369,Netflix,Season3-StrangerThings,rsrp=-101|rsrq=-12|snr=6,rsrp=-101|rsrq=-12,-101,-12,6,ploss=-5|noise_power_dB=-30,-5,-30,False,ploss=0|noise_power_dB=-5,0,-5,True,False,False,True,True
ucc-static-b3d3737b89de0369,165,b3d3737b89de0369,Netflix,Season3-StrangerThings,rsrp=-101|rsrq=-11|snr=2,rsrp=-101|rsrq=-11,-101,-11,2,ploss=-5|noise_power_dB=-30,-5,-30,False,ploss=0|noise_power_dB=-5,0,-5,True,False,False,True,True
ucc-static-b3d3737b89de0369,166,b3d3737b89de0369,Netflix,Season3-StrangerThings,rsrp=-101|rsrq=-11|snr=2,rsrp=-101|rsrq=-11,-101,-11,2,ploss=-5|noise_power_dB=-30,-5,-30,False,ploss=0|noise_power_dB=-5,0,-5,True,False,False,True,True
ucc-static-c029943772ad455f,0,c029943772ad455f,Download,,rsrp=-103|rsrq=-14|snr=-4,rsrp=-103|rsrq=-14,-103,-14,-4,ploss=-5|noise_power_dB=-30,-5,-30,False,ploss=0|noise_power_dB=-5,0,-5,False,False,False,False,False
ucc-static-c029943772ad455f,1,c029943772ad455f,Download,,rsrp=-104|rsrq=-17|snr=-1,rsrp=-104|rsrq=-17,-104,-17,-1,ploss=-5|noise_power_dB=-30,-5,-30,False,ploss=0|noise_power_dB=-10,0,-10,False,False,False,False,False
ucc-static-c029943772ad455f,2,c029943772ad455f,Download,,rsrp=-104|rsrq=-17|snr=-1,rsrp=-104|rsrq=-17,-104,-17,-1,ploss=-5|noise_power_dB=-30,-5,-30,False,ploss=0|noise_power_dB=-10,0,-10,False,False,False,False,False
ucc-static-c029943772ad455f,3,c029943772ad455f,Download,,rsrp=-104|rsrq=-17|snr=1,rsrp=-104|rsrq=-17,-104,-17,1,ploss=-5|noise_power_dB=-30,-5,-30,False,ploss=0|noise_power_dB=-10,0,-10,False,False,False,False,False
ucc-static-c029943772ad455f,4,c029943772ad455f,Download,,rsrp=-104|rsrq=-17|snr=1,rsrp=-104|rsrq=-17,-104,-17,1,ploss=-5|noise_power_dB=-30,-5,-30,False,ploss=0|noise_power_dB=-10,0,-10,False,False,False,False,False
ucc-static-c029943772ad455f,5,c029943772ad455f,Download,,rsrp=-103|rsrq=-18|snr=-4,rsrp=-103|rsrq=-18,-103,-18,-4,ploss=-5|noise_power_dB=-30,-5,-30,False,ploss=0|noise_power_dB=-5,0,-5,False,False,False,False,False
ucc-static-c029943772ad455f,6,c029943772ad455f,Download,,rsrp=-103|rsrq=-18|snr=-4,rsrp=-103|rsrq=-18,-103,-18,-4,ploss=-5|noise_power_dB=-30,-5,-30,False,ploss=0|noise_power_dB=-5,0,-5,False,False,False,False,False
ucc-static-c029943772ad455f,7,c029943772ad455f,Download,,rsrp=-103|rsrq=-16|snr=1,rsrp=-103|rsrq=-16,-103,-16,1,ploss=-5|noise_power_dB=-30,-5,-30,False,ploss=0|noise_power_dB=-5,0,-5,False,False,False,False,False
ucc-static-c029943772ad455f,8,c029943772ad455f,Download,,rsrp=-103|rsrq=-13|snr=1,rsrp=-103|rsrq=-13,-103,-13,1,ploss=-5|noise_power_dB=-30,-5,-30,False,ploss=0|noise_power_dB=-5,0,-5,False,False,False,False,False
ucc-static-c029943772ad455f,9,c029943772ad455f,Download,,rsrp=-103|rsrq=-13|snr=1,rsrp=-103|rsrq=-13,-103,-13,1,ploss=-5|noise_power_dB=-30,-5,-30,False,ploss=0|noise_power_dB=-5,0,-5,False,False,False,False,False
ucc-static-c029943772ad455f,10,c029943772ad455f,Download,,rsrp=-103|rsrq=-12|snr=1,rsrp=-103|rsrq=-12,-103,-12,1,ploss=-5|noise_power_dB=-30,-5,-30,True,ploss=0|noise_power_dB=-5,0,-5,False,False,True,False,True
ucc-static-c029943772ad455f,11,c029943772ad455f,Download,,rsrp=-103|rsrq=-12|snr=1,rsrp=-103|rsrq=-12,-103,-12,1,ploss=-5|noise_power_dB=-30,-5,-30,True,ploss=0|noise_power_dB=-5,0,-5,False,False,True,False,True
ucc-static-c029943772ad455f,12,c029943772ad455f,Download,,rsrp=-103|rsrq=-12|snr=4,rsrp=-103|rsrq=-12,-103,-12,4,ploss=-5|noise_power_dB=-30,-5,-30,True,ploss=0|noise_power_dB=-5,0,-5,False,False,True,False,True
ucc-static-c029943772ad455f,13,c029943772ad455f,Download,,rsrp=-103|rsrq=-12|snr=4,rsrp=-103|rsrq=-12,-103,-12,4,ploss=-5|noise_power_dB=-30,-5,-30,True,ploss=0|noise_power_dB=-5,0,-5,False,False,True,False,True
ucc-static-c029943772ad455f,14,c029943772ad455f,Download,,rsrp=-103|rsrq=-17|snr=0,rsrp=-103|rsrq=-17,-103,-17,0,ploss=-5|noise_power_dB=-30,-5,-30,False,ploss=0|noise_power_dB=-5,0,-5,False,False,False,False,False
ucc-static-c029943772ad455f,15,c029943772ad455f,Download,,rsrp=-103|rsrq=-17|snr=0,rsrp=-103|rsrq=-17,-103,-17,0,ploss=-5|noise_power_dB=-30,-5,-30,False,ploss=0|noise_power_dB=-5,0,-5,False,False,False,False,False
ucc-static-c029943772ad455f,16,c029943772ad455f,Download,,rsrp=-103|rsrq=-15|snr=2,rsrp=-103|rsrq=-15,-103,-15,2,ploss=-5|noise_power_dB=-30,-5,-30,False,ploss=0|noise_power_dB=-5,0,-5,False,False,False,False,False
ucc-static-c029943772ad455f,17,c029943772ad455f,Download,,rsrp=-103|rsrq=-15|snr=2,rsrp=-103|rsrq=-15,-103,-15,2,ploss=-5|noise_power_dB=-30,-5,-30,False,ploss=0|noise_power_dB=-5,0,-5,False,False,False,False,False
ucc-static-c029943772ad455f,18,c029943772ad455f,Download,,rsrp=-104|rsrq=-18|snr=0,rsrp=-104|rsrq=-18,-104,-18,0,ploss=-5|noise_power_dB=-30,-5,-30,False,ploss=0|noise_power_dB=-10,0,-10,False,False,False,False,False
ucc-static-c029943772ad455f,19,c029943772ad455f,Download,,rsrp=-104|rsrq=-18|snr=0,rsrp=-104|rsrq=-18,-104,-18,0,ploss=-5|noise_power_dB=-30,-5,-30,False,ploss=0|noise_power_dB=-10,0,-10,False,False,False,False,False
ucc-static-c029943772ad455f,20,c029943772ad455f,Download,,rsrp=-102|rsrq=-17|snr=1,rsrp=-102|rsrq=-17,-102,-17,1,ploss=-5|noise_power_dB=-30,-5,-30,False,ploss=0|noise_power_dB=-5,0,-5,False,False,False,False,False
ucc-static-c029943772ad455f,21,c029943772ad455f,Download,,rsrp=-102|rsrq=-17|snr=1,rsrp=-102|rsrq=-17,-102,-17,1,ploss=-5|noise_power_dB=-30,-5,-30,False,ploss=0|noise_power_dB=-5,0,-5,False,False,False,False,False
ucc-static-c029943772ad455f,22,c029943772ad455f,Download,,rsrp=-102|rsrq=-17|snr=1,rsrp=-102|rsrq=-17,-102,-17,1,ploss=-5|noise_power_dB=-30,-5,-30,False,ploss=0|noise_power_dB=-5,0,-5,False,False,False,False,False
ucc-static-c029943772ad455f,23,c029943772ad455f,Download,,rsrp=-103|rsrq=-14|snr=-1,rsrp=-103|rsrq=-14,-103,-14,-1,ploss=-5|noise_power_dB=-30,-5,-30,False,ploss=0|noise_power_dB=-5,0,-5,False,False,False,False,False
ucc-static-c029943772ad455f,24,c029943772ad455f,Download,,rsrp=-103|rsrq=-14|snr=-1,rsrp=-103|rsrq=-14,-103,-14,-1,ploss=-5|noise_power_dB=-30,-5,-30,False,ploss=0|noise_power_dB=-5,0,-5,False,False,False,False,False
ucc-static-c029943772ad455f,25,c029943772ad455f,Download,,rsrp=-103|rsrq=-14|snr=7,rsrp=-103|rsrq=-14,-103,-14,7,ploss=-5|noise_power_dB=-30,-5,-30,False,ploss=0|noise_power_dB=-5,0,-5,False,False,False,False,False
ucc-static-c029943772ad455f,26,c029943772ad455f,Download,,rsrp=-103|rsrq=-14|snr=7,rsrp=-103|rsrq=-14,-103,-14,7,ploss=-5|noise_power_dB=-30,-5,-30,False,ploss=0|noise_power_dB=-5,0,-5,False,False,False,False,False
ucc-static-c029943772ad455f,27,c029943772ad455f,Download,,rsrp=-104|rsrq=-17|snr=-2,rsrp=-104|rsrq=-17,-104,-17,-2,ploss=-5|noise_power_dB=-30,-5,-30,False,ploss=0|noise_power_dB=-10,0,-10,False,False,False,False,False
ucc-static-c029943772ad455f,28,c029943772ad455f,Download,,rsrp=-104|rsrq=-17|snr=-2,rsrp=-104|rsrq=-17,-104,-17,-2,ploss=-5|noise_power_dB=-30,-5,-30,False,ploss=0|noise_power_dB=-10,0,-10,False,False,False,False,False
ucc-static-c029943772ad455f,29,c029943772ad455f,Download,,rsrp=-104|rsrq=-14|snr=-1,rsrp=-104|rsrq=-14,-104,-14,-1,ploss=-5|noise_power_dB=-30,-5,-30,False,ploss=0|noise_power_dB=-10,0,-10,False,False,False,False,False
ucc-static-c029943772ad455f,30,c029943772ad455f,Download,,rsrp=-104|rsrq=-14|snr=-1,rsrp=-104|rsrq=-14,-104,-14,-1,ploss=-5|noise_power_dB=-30,-5,-30,False,ploss=0|noise_power_dB=-10,0,-10,False,False,False,False,False
ucc-static-c029943772ad455f,31,c029943772ad455f,Download,,rsrp=-104|rsrq=-16|snr=-1,rsrp=-104|rsrq=-16,-104,-16,-1,ploss=-5|noise_power_dB=-30,-5,-30,False,ploss=0|noise_power_dB=-10,0,-10,False,False,False,False,False
ucc-static-c029943772ad455f,32,c029943772ad455f,Download,,rsrp=-104|rsrq=-16|snr=-1,rsrp=-104|rsrq=-16,-104,-16,-1,ploss=-5|noise_power_dB=-30,-5,-30,False,ploss=0|noise_power_dB=-10,0,-10,False,False,False,False,False
ucc-static-c029943772ad455f,33,c029943772ad455f,Download,,rsrp=-103|rsrq=-15|snr=-1,rsrp=-103|rsrq=-15,-103,-15,-1,ploss=-5|noise_power_dB=-30,-5,-30,False,ploss=0|noise_power_dB=-5,0,-5,False,False,False,False,False
ucc-static-c029943772ad455f,34,c029943772ad455f,Download,,rsrp=-103|rsrq=-15|snr=-1,rsrp=-103|rsrq=-15,-103,-15,-1,ploss=-5|noise_power_dB=-30,-5,-30,False,ploss=0|noise_power_dB=-5,0,-5,False,False,False,False,False
ucc-static-c029943772ad455f,35,c029943772ad455f,Download,,rsrp=-103|rsrq=-16|snr=-1,rsrp=-103|rsrq=-16,-103,-16,-1,ploss=-5|noise_power_dB=-30,-5,-30,False,ploss=0|noise_power_dB=-5,0,-5,False,False,False,False,False
ucc-static-c029943772ad455f,36,c029943772ad455f,Download,,rsrp=-103|rsrq=-16|snr=-1,rsrp=-103|rsrq=-16,-103,-16,-1,ploss=-5|noise_power_dB=-30,-5,-30,False,ploss=0|noise_power_dB=-5,0,-5,False,False,False,False,False
ucc-static-c029943772ad455f,37,c029943772ad455f,Download,,rsrp=-103|rsrq=-16|snr=3,rsrp=-103|rsrq=-16,-103,-16,3,ploss=-5|noise_power_dB=-30,-5,-30,False,ploss=0|noise_power_dB=-5,0,-5,False,False,False,False,False
ucc-static-c029943772ad455f,38,c029943772ad455f,Download,,rsrp=-103|rsrq=-16|snr=3,rsrp=-103|rsrq=-16,-103,-16,3,ploss=-5|noise_power_dB=-30,-5,-30,False,ploss=0|noise_power_dB=-5,0,-5,False,False,False,False,False
ucc-static-c029943772ad455f,39,c029943772ad455f,Download,,rsrp=-104|rsrq=-14|snr=5,rsrp=-104|rsrq=-14,-104,-14,5,ploss=-5|noise_power_dB=-30,-5,-30,False,ploss=0|noise_power_dB=-10,0,-10,False,False,False,False,False
ucc-static-c029943772ad455f,40,c029943772ad455f,Download,,rsrp=-104|rsrq=-14|snr=5,rsrp=-104|rsrq=-14,-104,-14,5,ploss=-5|noise_power_dB=-30,-5,-30,False,ploss=0|noise_power_dB=-10,0,-10,False,False,False,False,False
ucc-static-c029943772ad455f,41,c029943772ad455f,Download,,rsrp=-103|rsrq=-17|snr=-3,rsrp=-103|rsrq=-17,-103,-17,-3,ploss=-5|noise_power_dB=-30,-5,-30,False,ploss=0|noise_power_dB=-5,0,-5,False,False,False,False,False
ucc-static-c029943772ad455f,42,c029943772ad455f,Download,,rsrp=-103|rsrq=-17|snr=-3,rsrp=-103|rsrq=-17,-103,-17,-3,ploss=-5|noise_power_dB=-30,-5,-30,False,ploss=0|noise_power_dB=-5,0,-5,False,False,False,False,False
ucc-static-c029943772ad455f,43,c029943772ad455f,Download,,rsrp=-103|rsrq=-13|snr=3,rsrp=-103|rsrq=-13,-103,-13,3,ploss=-5|noise_power_dB=-30,-5,-30,False,ploss=0|noise_power_dB=-5,0,-5,False,False,False,False,False
ucc-static-c029943772ad455f,44,c029943772ad455f,Download,,rsrp=-103|rsrq=-13|snr=3,rsrp=-103|rsrq=-13,-103,-13,3,ploss=-5|noise_power_dB=-30,-5,-30,False,ploss=0|noise_power_dB=-5,0,-5,False,False,False,False,False
ucc-static-c029943772ad455f,45,c029943772ad455f,Download,,rsrp=-103|rsrq=-17|snr=1,rsrp=-103|rsrq=-17,-103,-17,1,ploss=-5|noise_power_dB=-30,-5,-30,False,ploss=0|noise_power_dB=-5,0,-5,False,False,False,False,False
ucc-static-c029943772ad455f,46,c029943772ad455f,Download,,rsrp=-103|rsrq=-17|snr=1,rsrp=-103|rsrq=-17,-103,-17,1,ploss=-5|noise_power_dB=-30,-5,-30,False,ploss=0|noise_power_dB=-5,0,-5,False,False,False,False,False
ucc-static-c029943772ad455f,47,c029943772ad455f,Download,,rsrp=-104|rsrq=-15|snr=-2,rsrp=-104|rsrq=-15,-104,-15,-2,ploss=-5|noise_power_dB=-30,-5,-30,False,ploss=0|noise_power_dB=-10,0,-10,False,False,False,False,False
ucc-static-c029943772ad455f,48,c029943772ad455f,Download,,rsrp=-104|rsrq=-15|snr=-2,rsrp=-104|rsrq=-15,-104,-15,-2,ploss=-5|noise_power_dB=-30,-5,-30,False,ploss=0|noise_power_dB=-10,0,-10,False,False,False,False,False
ucc-static-c029943772ad455f,49,c029943772ad455f,Download,,rsrp=-104|rsrq=-14|snr=-4,rsrp=-104|rsrq=-14,-104,-14,-4,ploss=-5|noise_power_dB=-30,-5,-30,False,ploss=0|noise_power_dB=-10,0,-10,False,False,False,False,False
ucc-static-c029943772ad455f,50,c029943772ad455f,Download,,rsrp=-104|rsrq=-14|snr=-4,rsrp=-104|rsrq=-14,-104,-14,-4,ploss=-5|noise_power_dB=-30,-5,-30,False,ploss=0|noise_power_dB=-10,0,-10,False,False,False,False,False
ucc-static-c029943772ad455f,51,c029943772ad455f,Download,,rsrp=-104|rsrq=-17|snr=-3,rsrp=-104|rsrq=-17,-104,-17,-3,ploss=-5|noise_power_dB=-30,-5,-30,False,ploss=0|noise_power_dB=-10,0,-10,False,False,False,False,False
ucc-static-c029943772ad455f,52,c029943772ad455f,Download,,rsrp=-104|rsrq=-17|snr=-3,rsrp=-104|rsrq=-17,-104,-17,-3,ploss=-5|noise_power_dB=-30,-5,-30,False,ploss=0|noise_power_dB=-10,0,-10,False,False,False,False,False
ucc-static-c029943772ad455f,53,c029943772ad455f,Download,,rsrp=-104|rsrq=-13|snr=-4,rsrp=-104|rsrq=-13,-104,-13,-4,ploss=-5|noise_power_dB=-30,-5,-30,False,ploss=0|noise_power_dB=-10,0,-10,False,False,False,False,False
ucc-static-c029943772ad455f,54,c029943772ad455f,Download,,rsrp=-104|rsrq=-13|snr=-4,rsrp=-104|rsrq=-13,-104,-13,-4,ploss=-5|noise_power_dB=-30,-5,-30,False,ploss=0|noise_power_dB=-10,0,-10,False,False,False,False,False
ucc-static-c029943772ad455f,55,c029943772ad455f,Download,,rsrp=-103|rsrq=-14|snr=3,rsrp=-103|rsrq=-14,-103,-14,3,ploss=-5|noise_power_dB=-30,-5,-30,False,ploss=0|noise_power_dB=-5,0,-5,False,False,False,False,False
ucc-static-c029943772ad455f,56,c029943772ad455f,Download,,rsrp=-105|rsrq=-14|snr=0,rsrp=-105|rsrq=-14,-105,-14,0,ploss=-5|noise_power_dB=-30,-5,-30,False,ploss=0|noise_power_dB=-10,0,-10,False,False,False,False,False
ucc-static-c029943772ad455f,57,c029943772ad455f,Download,,rsrp=-105|rsrq=-14|snr=0,rsrp=-105|rsrq=-14,-105,-14,0,ploss=-5|noise_power_dB=-30,-5,-30,False,ploss=0|noise_power_dB=-10,0,-10,False,False,False,False,False
ucc-static-c029943772ad455f,58,c029943772ad455f,Download,,rsrp=-104|rsrq=-13|snr=4,rsrp=-104|rsrq=-13,-104,-13,4,ploss=-5|noise_power_dB=-30,-5,-30,False,ploss=0|noise_power_dB=-10,0,-10,False,False,False,False,False
ucc-static-c029943772ad455f,59,c029943772ad455f,Download,,rsrp=-104|rsrq=-13|snr=4,rsrp=-104|rsrq=-13,-104,-13,4,ploss=-5|noise_power_dB=-30,-5,-30,False,ploss=0|noise_power_dB=-10,0,-10,False,False,False,False,False
ucc-static-c029943772ad455f,60,c029943772ad455f,Download,,rsrp=-105|rsrq=-14|snr=2,rsrp=-105|rsrq=-14,-105,-14,2,ploss=-5|noise_power_dB=-30,-5,-30,False,ploss=0|noise_power_dB=-10,0,-10,False,False,False,False,False
ucc-static-c029943772ad455f,61,c029943772ad455f,Download,,rsrp=-105|rsrq=-14|snr=2,rsrp=-105|rsrq=-14,-105,-14,2,ploss=-5|noise_power_dB=-30,-5,-30,False,ploss=0|noise_power_dB=-10,0,-10,False,False,False,False,False
ucc-static-c029943772ad455f,62,c029943772ad455f,Download,,rsrp=-104|rsrq=-17|snr=-3,rsrp=-104|rsrq=-17,-104,-17,-3,ploss=-5|noise_power_dB=-30,-5,-30,False,ploss=0|noise_power_dB=-10,0,-10,False,False,False,False,False
ucc-static-c029943772ad455f,63,c029943772ad455f,Download,,rsrp=-104|rsrq=-17|snr=-3,rsrp=-104|rsrq=-17,-104,-17,-3,ploss=-5|noise_power_dB=-30,-5,-30,False,ploss=0|noise_power_dB=-10,0,-10,False,False,False,False,False
ucc-static-c029943772ad455f,64,c029943772ad455f,Download,,rsrp=-104|rsrq=-18|snr=-3,rsrp=-104|rsrq=-18,-104,-18,-3,ploss=-5|noise_power_dB=-30,-5,-30,False,ploss=0|noise_power_dB=-10,0,-10,False,False,False,False,False
ucc-static-c029943772ad455f,65,c029943772ad455f,Download,,rsrp=-104|rsrq=-18|snr=-3,rsrp=-104|rsrq=-18,-104,-18,-3,ploss=-5|noise_power_dB=-30,-5,-30,False,ploss=0|noise_power_dB=-10,0,-10,False,False,False,False,False
ucc-static-c029943772ad455f,66,c029943772ad455f,Download,,rsrp=-104|rsrq=-18|snr=-1,rsrp=-104|rsrq=-18,-104,-18,-1,ploss=-5|noise_power_dB=-30,-5,-30,False,ploss=0|noise_power_dB=-10,0,-10,False,False,False,False,False
ucc-static-c029943772ad455f,67,c029943772ad455f,Download,,rsrp=-104|rsrq=-18|snr=-1,rsrp=-104|rsrq=-18,-104,-18,-1,ploss=-5|noise_power_dB=-30,-5,-30,False,ploss=0|noise_power_dB=-10,0,-10,False,False,False,False,False
ucc-static-c029943772ad455f,68,c029943772ad455f,Download,,rsrp=-103|rsrq=-19|snr=-2,rsrp=-103|rsrq=-19,-103,-19,-2,ploss=-5|noise_power_dB=-30,-5,-30,False,ploss=0|noise_power_dB=-5,0,-5,False,False,False,False,False
ucc-static-c029943772ad455f,69,c029943772ad455f,Download,,rsrp=-103|rsrq=-19|snr=-2,rsrp=-103|rsrq=-19,-103,-19,-2,ploss=-5|noise_power_dB=-30,-5,-30,False,ploss=0|noise_power_dB=-5,0,-5,False,False,False,False,False
ucc-static-c029943772ad455f,70,c029943772ad455f,Download,,rsrp=-104|rsrq=-17|snr=-5,rsrp=-104|rsrq=-17,-104,-17,-5,ploss=-5|noise_power_dB=-30,-5,-30,False,ploss=0|noise_power_dB=-10,0,-10,False,False,False,False,False
ucc-static-c029943772ad455f,71,c029943772ad455f,Download,,rsrp=-104|rsrq=-17|snr=-5,rsrp=-104|rsrq=-17,-104,-17,-5,ploss=-5|noise_power_dB=-30,-5,-30,False,ploss=0|noise_power_dB=-10,0,-10,False,False,False,False,False
ucc-static-c029943772ad455f,72,c029943772ad455f,Download,,rsrp=-103|rsrq=-17|snr=0,rsrp=-103|rsrq=-17,-103,-17,0,ploss=-5|noise_power_dB=-30,-5,-30,False,ploss=0|noise_power_dB=-5,0,-5,False,False,False,False,False
ucc-static-c029943772ad455f,73,c029943772ad455f,Download,,rsrp=-103|rsrq=-17|snr=0,rsrp=-103|rsrq=-17,-103,-17,0,ploss=-5|noise_power_dB=-30,-5,-30,False,ploss=0|noise_power_dB=-5,0,-5,False,False,False,False,False
ucc-static-c029943772ad455f,74,c029943772ad455f,Download,,rsrp=-104|rsrq=-13|snr=0,rsrp=-104|rsrq=-13,-104,-13,0,ploss=-5|noise_power_dB=-30,-5,-30,False,ploss=0|noise_power_dB=-10,0,-10,False,False,False,False,False
ucc-static-c029943772ad455f,75,c029943772ad455f,Download,,rsrp=-104|rsrq=-13|snr=0,rsrp=-104|rsrq=-13,-104,-13,0,ploss=-5|noise_power_dB=-30,-5,-30,False,ploss=0|noise_power_dB=-10,0,-10,False,False,False,False,False
ucc-static-c029943772ad455f,76,c029943772ad455f,Download,,rsrp=-103|rsrq=-13|snr=-1,rsrp=-103|rsrq=-13,-103,-13,-1,ploss=-5|noise_power_dB=-30,-5,-30,False,ploss=0|noise_power_dB=-5,0,-5,False,False,False,False,False
ucc-static-c029943772ad455f,77,c029943772ad455f,Download,,rsrp=-103|rsrq=-13|snr=-1,rsrp=-103|rsrq=-13,-103,-13,-1,ploss=-5|noise_power_dB=-30,-5,-30,False,ploss=0|noise_power_dB=-5,0,-5,False,False,False,False,False
ucc-static-c029943772ad455f,78,c029943772ad455f,Download,,rsrp=-103|rsrq=-14|snr=-7,rsrp=-103|rsrq=-14,-103,-14,-7,ploss=-5|noise_power_dB=-30,-5,-30,False,ploss=0|noise_power_dB=-5,0,-5,False,False,False,False,False
ucc-static-c029943772ad455f,79,c029943772ad455f,Download,,rsrp=-103|rsrq=-14|snr=-7,rsrp=-103|rsrq=-14,-103,-14,-7,ploss=-5|noise_power_dB=-30,-5,-30,False,ploss=0|noise_power_dB=-5,0,-5,False,False,False,False,False
ucc-static-c029943772ad455f,80,c029943772ad455f,Download,,rsrp=-104|rsrq=-12|snr=-3,rsrp=-104|rsrq=-12,-104,-12,-3,ploss=-5|noise_power_dB=-30,-5,-30,True,ploss=0|noise_power_dB=-10,0,-10,False,False,True,False,True
ucc-static-c029943772ad455f,81,c029943772ad455f,Download,,rsrp=-104|rsrq=-12|snr=-3,rsrp=-104|rsrq=-12,-104,-12,-3,ploss=-5|noise_power_dB=-30,-5,-30,True,ploss=0|noise_power_dB=-10,0,-10,False,False,True,False,True
ucc-static-c029943772ad455f,82,c029943772ad455f,Download,,rsrp=-104|rsrq=-12|snr=-3,rsrp=-104|rsrq=-12,-104,-12,-3,ploss=-5|noise_power_dB=-30,-5,-30,True,ploss=0|noise_power_dB=-10,0,-10,False,False,True,False,True
ucc-static-c029943772ad455f,83,c029943772ad455f,Download,,rsrp=-104|rsrq=-11|snr=-2,rsrp=-104|rsrq=-11,-104,-11,-2,ploss=-5|noise_power_dB=-30,-5,-30,True,ploss=0|noise_power_dB=-10,0,-10,False,False,True,False,True
ucc-static-c029943772ad455f,84,c029943772ad455f,Download,,rsrp=-104|rsrq=-11|snr=-2,rsrp=-104|rsrq=-11,-104,-11,-2,ploss=-5|noise_power_dB=-30,-5,-30,True,ploss=0|noise_power_dB=-10,0,-10,False,False,True,False,True
ucc-static-c029943772ad455f,85,c029943772ad455f,Download,,rsrp=-103|rsrq=-12|snr=-3,rsrp=-103|rsrq=-12,-103,-12,-3,ploss=-5|noise_power_dB=-30,-5,-30,True,ploss=0|noise_power_dB=-5,0,-5,False,False,True,False,True
ucc-static-c029943772ad455f,86,c029943772ad455f,Download,,rsrp=-103|rsrq=-12|snr=-3,rsrp=-103|rsrq=-12,-103,-12,-3,ploss=-5|noise_power_dB=-30,-5,-30,True,ploss=0|noise_power_dB=-5,0,-5,False,False,True,False,True
ucc-static-c029943772ad455f,87,c029943772ad455f,Download,,rsrp=-103|rsrq=-12|snr=0,rsrp=-103|rsrq=-12,-103,-12,0,ploss=-5|noise_power_dB=-30,-5,-30,True,ploss=0|noise_power_dB=-5,0,-5,False,False,True,False,True
ucc-static-c029943772ad455f,88,c029943772ad455f,Download,,rsrp=-103|rsrq=-12|snr=0,rsrp=-103|rsrq=-12,-103,-12,0,ploss=-5|noise_power_dB=-30,-5,-30,True,ploss=0|noise_power_dB=-5,0,-5,False,False,True,False,True
ucc-static-c029943772ad455f,89,c029943772ad455f,Download,,rsrp=-103|rsrq=-12|snr=-5,rsrp=-103|rsrq=-12,-103,-12,-5,ploss=-5|noise_power_dB=-30,-5,-30,True,ploss=0|noise_power_dB=-5,0,-5,False,False,True,False,True
ucc-static-c029943772ad455f,90,c029943772ad455f,Download,,rsrp=-103|rsrq=-12|snr=-5,rsrp=-103|rsrq=-12,-103,-12,-5,ploss=-5|noise_power_dB=-30,-5,-30,True,ploss=0|noise_power_dB=-5,0,-5,False,False,True,False,True
ucc-static-c029943772ad455f,91,c029943772ad455f,Download,,rsrp=-104|rsrq=-14|snr=-5,rsrp=-104|rsrq=-14,-104,-14,-5,ploss=-5|noise_power_dB=-30,-5,-30,False,ploss=0|noise_power_dB=-10,0,-10,False,False,False,False,False
ucc-static-c029943772ad455f,92,c029943772ad455f,Download,,rsrp=-104|rsrq=-14|snr=-5,rsrp=-104|rsrq=-14,-104,-14,-5,ploss=-5|noise_power_dB=-30,-5,-30,False,ploss=0|noise_power_dB=-10,0,-10,False,False,False,False,False
ucc-static-c029943772ad455f,93,c029943772ad455f,Download,,rsrp=-103|rsrq=-15|snr=0,rsrp=-103|rsrq=-15,-103,-15,0,ploss=-5|noise_power_dB=-30,-5,-30,False,ploss=0|noise_power_dB=-5,0,-5,False,False,False,False,False
ucc-static-c029943772ad455f,94,c029943772ad455f,Download,,rsrp=-103|rsrq=-15|snr=0,rsrp=-103|rsrq=-15,-103,-15,0,ploss=-5|noise_power_dB=-30,-5,-30,False,ploss=0|noise_power_dB=-5,0,-5,False,False,False,False,False
ucc-static-c029943772ad455f,95,c029943772ad455f,Download,,rsrp=-103|rsrq=-15|snr=0,rsrp=-103|rsrq=-15,-103,-15,0,ploss=-5|noise_power_dB=-30,-5,-30,False,ploss=0|noise_power_dB=-5,0,-5,False,False,False,False,False
ucc-static-c029943772ad455f,96,c029943772ad455f,Download,,rsrp=-102|rsrq=-16|snr=-4,rsrp=-102|rsrq=-16,-102,-16,-4,ploss=-5|noise_power_dB=-30,-5,-30,False,ploss=0|noise_power_dB=-5,0,-5,False,False,False,False,False
ucc-static-c029943772ad455f,97,c029943772ad455f,Download,,rsrp=-102|rsrq=-16|snr=-4,rsrp=-102|rsrq=-16,-102,-16,-4,ploss=-5|noise_power_dB=-30,-5,-30,False,ploss=0|noise_power_dB=-5,0,-5,False,False,False,False,False
ucc-static-c029943772ad455f,98,c029943772ad455f,Download,,rsrp=-102|rsrq=-13|snr=-6,rsrp=-102|rsrq=-13,-102,-13,-6,ploss=-5|noise_power_dB=-30,-5,-30,False,ploss=0|noise_power_dB=-5,0,-5,False,False,False,False,False
ucc-static-c029943772ad455f,99,c029943772ad455f,Download,,rsrp=-102|rsrq=-13|snr=-6,rsrp=-102|rsrq=-13,-102,-13,-6,ploss=-5|noise_power_dB=-30,-5,-30,False,ploss=0|noise_power_dB=-5,0,-5,False,False,False,False,False
ucc-static-c029943772ad455f,100,c029943772ad455f,Download,,rsrp=-104|rsrq=-12|snr=-4,rsrp=-104|rsrq=-12,-104,-12,-4,ploss=-5|noise_power_dB=-30,-5,-30,True,ploss=0|noise_power_dB=-10,0,-10,False,False,True,False,True
ucc-static-c029943772ad455f,101,c029943772ad455f,Download,,rsrp=-104|rsrq=-12|snr=-4,rsrp=-104|rsrq=-12,-104,-12,-4,ploss=-5|noise_power_dB=-30,-5,-30,True,ploss=0|noise_power_dB=-10,0,-10,False,False,True,False,True
ucc-static-c029943772ad455f,102,c029943772ad455f,Download,,rsrp=-104|rsrq=-11|snr=-5,rsrp=-104|rsrq=-11,-104,-11,-5,ploss=-5|noise_power_dB=-30,-5,-30,True,ploss=0|noise_power_dB=-10,0,-10,False,False,True,False,True
ucc-static-c029943772ad455f,103,c029943772ad455f,Download,,rsrp=-104|rsrq=-11|snr=-5,rsrp=-104|rsrq=-11,-104,-11,-5,ploss=-5|noise_power_dB=-30,-5,-30,True,ploss=0|noise_power_dB=-10,0,-10,False,False,True,False,True
ucc-static-c029943772ad455f,104,c029943772ad455f,Download,,rsrp=-103|rsrq=-11|snr=-4,rsrp=-103|rsrq=-11,-103,-11,-4,ploss=-5|noise_power_dB=-30,-5,-30,True,ploss=0|noise_power_dB=-5,0,-5,False,False,True,False,True
ucc-static-c029943772ad455f,105,c029943772ad455f,Download,,rsrp=-103|rsrq=-11|snr=-4,rsrp=-103|rsrq=-11,-103,-11,-4,ploss=-5|noise_power_dB=-30,-5,-30,True,ploss=0|noise_power_dB=-5,0,-5,False,False,True,False,True
ucc-static-c029943772ad455f,106,c029943772ad455f,Download,,rsrp=-104|rsrq=-11|snr=5,rsrp=-104|rsrq=-11,-104,-11,5,ploss=-5|noise_power_dB=-30,-5,-30,True,ploss=0|noise_power_dB=-10,0,-10,False,False,True,False,True
ucc-static-c029943772ad455f,107,c029943772ad455f,Download,,rsrp=-104|rsrq=-11|snr=5,rsrp=-104|rsrq=-11,-104,-11,5,ploss=-5|noise_power_dB=-30,-5,-30,True,ploss=0|noise_power_dB=-10,0,-10,False,False,True,False,True
ucc-static-c029943772ad455f,108,c029943772ad455f,Download,,rsrp=-104|rsrq=-11|snr=2,rsrp=-104|rsrq=-11,-104,-11,2,ploss=-5|noise_power_dB=-30,-5,-30,True,ploss=0|noise_power_dB=-10,0,-10,False,False,True,False,True
ucc-static-c029943772ad455f,109,c029943772ad455f,Download,,rsrp=-104|rsrq=-11|snr=2,rsrp=-104|rsrq=-11,-104,-11,2,ploss=-5|noise_power_dB=-30,-5,-30,True,ploss=0|noise_power_dB=-10,0,-10,False,False,True,False,True
ucc-static-c029943772ad455f,110,c029943772ad455f,Download,,rsrp=-103|rsrq=-17|snr=0,rsrp=-103|rsrq=-17,-103,-17,0,ploss=-5|noise_power_dB=-30,-5,-30,False,ploss=0|noise_power_dB=-5,0,-5,False,False,False,False,False
ucc-static-c029943772ad455f,111,c029943772ad455f,Download,,rsrp=-103|rsrq=-17|snr=0,rsrp=-103|rsrq=-17,-103,-17,0,ploss=-5|noise_power_dB=-30,-5,-30,False,ploss=0|noise_power_dB=-5,0,-5,False,False,False,False,False
ucc-static-c029943772ad455f,112,c029943772ad455f,Download,,rsrp=-103|rsrq=-14|snr=-1,rsrp=-103|rsrq=-14,-103,-14,-1,ploss=-5|noise_power_dB=-30,-5,-30,False,ploss=0|noise_power_dB=-5,0,-5,False,False,False,False,False
ucc-static-c029943772ad455f,113,c029943772ad455f,Download,,rsrp=-103|rsrq=-14|snr=-1,rsrp=-103|rsrq=-14,-103,-14,-1,ploss=-5|noise_power_dB=-30,-5,-30,False,ploss=0|noise_power_dB=-5,0,-5,False,False,False,False,False
ucc-static-c029943772ad455f,114,c029943772ad455f,Download,,rsrp=-103|rsrq=-16|snr=-3,rsrp=-103|rsrq=-16,-103,-16,-3,ploss=-5|noise_power_dB=-30,-5,-30,False,ploss=0|noise_power_dB=-5,0,-5,False,False,False,False,False
ucc-static-c029943772ad455f,115,c029943772ad455f,Download,,rsrp=-103|rsrq=-16|snr=-3,rsrp=-103|rsrq=-16,-103,-16,-3,ploss=-5|noise_power_dB=-30,-5,-30,False,ploss=0|noise_power_dB=-5,0,-5,False,False,False,False,False
ucc-static-c029943772ad455f,116,c029943772ad455f,Download,,rsrp=-101|rsrq=-13|snr=-3,rsrp=-101|rsrq=-13,-101,-13,-3,ploss=-5|noise_power_dB=-30,-5,-30,False,ploss=0|noise_power_dB=-5,0,-5,False,False,False,False,False
ucc-static-c029943772ad455f,117,c029943772ad455f,Download,,rsrp=-101|rsrq=-13|snr=-3,rsrp=-101|rsrq=-13,-101,-13,-3,ploss=-5|noise_power_dB=-30,-5,-30,False,ploss=0|noise_power_dB=-5,0,-5,False,False,False,False,False
ucc-static-c029943772ad455f,118,c029943772ad455f,Download,,rsrp=-102|rsrq=-10|snr=2,rsrp=-102|rsrq=-10,-102,-10,2,ploss=-5|noise_power_dB=-30,-5,-30,False,ploss=0|noise_power_dB=-5,0,-5,True,False,False,True,True
ucc-static-c029943772ad455f,119,c029943772ad455f,Download,,rsrp=-102|rsrq=-10|snr=2,rsrp=-102|rsrq=-10,-102,-10,2,ploss=-5|noise_power_dB=-30,-5,-30,False,ploss=0|noise_power_dB=-5,0,-5,True,False,False,True,True
ucc-static-c029943772ad455f,120,c029943772ad455f,Download,,rsrp=-103|rsrq=-12|snr=1,rsrp=-103|rsrq=-12,-103,-12,1,ploss=-5|noise_power_dB=-30,-5,-30,True,ploss=0|noise_power_dB=-5,0,-5,False,False,True,False,True
ucc-static-c029943772ad455f,121,c029943772ad455f,Download,,rsrp=-103|rsrq=-12|snr=1,rsrp=-103|rsrq=-12,-103,-12,1,ploss=-5|noise_power_dB=-30,-5,-30,True,ploss=0|noise_power_dB=-5,0,-5,False,False,True,False,True
ucc-static-c029943772ad455f,122,c029943772ad455f,Download,,rsrp=-102|rsrq=-15|snr=0,rsrp=-102|rsrq=-15,-102,-15,0,ploss=-5|noise_power_dB=-30,-5,-30,False,ploss=0|noise_power_dB=-5,0,-5,False,False,False,False,False
ucc-static-c029943772ad455f,123,c029943772ad455f,Download,,rsrp=-102|rsrq=-15|snr=0,rsrp=-102|rsrq=-15,-102,-15,0,ploss=-5|noise_power_dB=-30,-5,-30,False,ploss=0|noise_power_dB=-5,0,-5,False,False,False,False,False
ucc-static-c029943772ad455f,124,c029943772ad455f,Download,,rsrp=-103|rsrq=-15|snr=0,rsrp=-103|rsrq=-15,-103,-15,0,ploss=-5|noise_power_dB=-30,-5,-30,False,ploss=0|noise_power_dB=-5,0,-5,False,False,False,False,False
ucc-static-c029943772ad455f,125,c029943772ad455f,Download,,rsrp=-103|rsrq=-15|snr=0,rsrp=-103|rsrq=-15,-103,-15,0,ploss=-5|noise_power_dB=-30,-5,-30,False,ploss=0|noise_power_dB=-5,0,-5,False,False,False,False,False
ucc-static-c029943772ad455f,126,c029943772ad455f,Download,,rsrp=-103|rsrq=-11|snr=2,rsrp=-103|rsrq=-11,-103,-11,2,ploss=-5|noise_power_dB=-30,-5,-30,True,ploss=0|noise_power_dB=-5,0,-5,False,False,True,False,True
ucc-static-c029943772ad455f,127,c029943772ad455f,Download,,rsrp=-103|rsrq=-11|snr=2,rsrp=-103|rsrq=-11,-103,-11,2,ploss=-5|noise_power_dB=-30,-5,-30,True,ploss=0|noise_power_dB=-5,0,-5,False,False,True,False,True
ucc-static-c029943772ad455f,128,c029943772ad455f,Download,,rsrp=-102|rsrq=-14|snr=0,rsrp=-102|rsrq=-14,-102,-14,0,ploss=-5|noise_power_dB=-30,-5,-30,False,ploss=0|noise_power_dB=-5,0,-5,False,False,False,False,False
ucc-static-c029943772ad455f,129,c029943772ad455f,Download,,rsrp=-102|rsrq=-15|snr=2,rsrp=-102|rsrq=-15,-102,-15,2,ploss=-5|noise_power_dB=-30,-5,-30,False,ploss=0|noise_power_dB=-5,0,-5,False,False,False,False,False
ucc-static-c029943772ad455f,130,c029943772ad455f,Download,,rsrp=-102|rsrq=-15|snr=2,rsrp=-102|rsrq=-15,-102,-15,2,ploss=-5|noise_power_dB=-30,-5,-30,False,ploss=0|noise_power_dB=-5,0,-5,False,False,False,False,False
ucc-static-c029943772ad455f,131,c029943772ad455f,Download,,rsrp=-102|rsrq=-12|snr=6,rsrp=-102|rsrq=-12,-102,-12,6,ploss=-5|noise_power_dB=-30,-5,-30,False,ploss=0|noise_power_dB=-5,0,-5,True,False,False,True,True
ucc-static-c029943772ad455f,132,c029943772ad455f,Download,,rsrp=-102|rsrq=-12|snr=6,rsrp=-102|rsrq=-12,-102,-12,6,ploss=-5|noise_power_dB=-30,-5,-30,False,ploss=0|noise_power_dB=-5,0,-5,True,False,False,True,True
ucc-static-c029943772ad455f,133,c029943772ad455f,Download,,rsrp=-102|rsrq=-18|snr=3,rsrp=-102|rsrq=-18,-102,-18,3,ploss=-5|noise_power_dB=-30,-5,-30,False,ploss=0|noise_power_dB=-5,0,-5,False,False,False,False,False
ucc-static-c029943772ad455f,134,c029943772ad455f,Download,,rsrp=-102|rsrq=-18|snr=3,rsrp=-102|rsrq=-18,-102,-18,3,ploss=-5|noise_power_dB=-30,-5,-30,False,ploss=0|noise_power_dB=-5,0,-5,False,False,False,False,False
ucc-static-c029943772ad455f,135,c029943772ad455f,Download,,rsrp=-102|rsrq=-16|snr=1,rsrp=-102|rsrq=-16,-102,-16,1,ploss=-5|noise_power_dB=-30,-5,-30,False,ploss=0|noise_power_dB=-5,0,-5,False,False,False,False,False
ucc-static-c029943772ad455f,136,c029943772ad455f,Download,,rsrp=-102|rsrq=-16|snr=1,rsrp=-102|rsrq=-16,-102,-16,1,ploss=-5|noise_power_dB=-30,-5,-30,False,ploss=0|noise_power_dB=-5,0,-5,False,False,False,False,False
ucc-static-c029943772ad455f,137,c029943772ad455f,Download,,rsrp=-103|rsrq=-12|snr=2,rsrp=-103|rsrq=-12,-103,-12,2,ploss=-5|noise_power_dB=-30,-5,-30,True,ploss=0|noise_power_dB=-5,0,-5,False,False,True,False,True
ucc-static-c029943772ad455f,138,c029943772ad455f,Download,,rsrp=-103|rsrq=-12|snr=2,rsrp=-103|rsrq=-12,-103,-12,2,ploss=-5|noise_power_dB=-30,-5,-30,True,ploss=0|noise_power_dB=-5,0,-5,False,False,True,False,True
ucc-static-c029943772ad455f,139,c029943772ad455f,Download,,rsrp=-102|rsrq=-12|snr=5,rsrp=-102|rsrq=-12,-102,-12,5,ploss=-5|noise_power_dB=-30,-5,-30,False,ploss=0|noise_power_dB=-5,0,-5,True,False,False,True,True
ucc-static-c029943772ad455f,140,c029943772ad455f,Download,,rsrp=-102|rsrq=-12|snr=5,rsrp=-102|rsrq=-12,-102,-12,5,ploss=-5|noise_power_dB=-30,-5,-30,False,ploss=0|noise_power_dB=-5,0,-5,True,False,False,True,True
ucc-static-c029943772ad455f,141,c029943772ad455f,Download,,rsrp=-102|rsrq=-17|snr=5,rsrp=-102|rsrq=-17,-102,-17,5,ploss=-5|noise_power_dB=-30,-5,-30,False,ploss=0|noise_power_dB=-5,0,-5,False,False,False,False,False
ucc-static-c029943772ad455f,142,c029943772ad455f,Download,,rsrp=-102|rsrq=-17|snr=5,rsrp=-102|rsrq=-17,-102,-17,5,ploss=-5|noise_power_dB=-30,-5,-30,False,ploss=0|noise_power_dB=-5,0,-5,False,False,False,False,False
ucc-static-c029943772ad455f,143,c029943772ad455f,Download,,rsrp=-102|rsrq=-16|snr=4,rsrp=-102|rsrq=-16,-102,-16,4,ploss=-5|noise_power_dB=-30,-5,-30,False,ploss=0|noise_power_dB=-5,0,-5,False,False,False,False,False
ucc-static-c029943772ad455f,144,c029943772ad455f,Download,,rsrp=-102|rsrq=-16|snr=4,rsrp=-102|rsrq=-16,-102,-16,4,ploss=-5|noise_power_dB=-30,-5,-30,False,ploss=0|noise_power_dB=-5,0,-5,False,False,False,False,False
ucc-static-c029943772ad455f,145,c029943772ad455f,Download,,rsrp=-102|rsrq=-17|snr=0,rsrp=-102|rsrq=-17,-102,-17,0,ploss=-5|noise_power_dB=-30,-5,-30,False,ploss=0|noise_power_dB=-5,0,-5,False,False,False,False,False
ucc-static-c029943772ad455f,146,c029943772ad455f,Download,,rsrp=-102|rsrq=-17|snr=0,rsrp=-102|rsrq=-17,-102,-17,0,ploss=-5|noise_power_dB=-30,-5,-30,False,ploss=0|noise_power_dB=-5,0,-5,False,False,False,False,False
ucc-static-c029943772ad455f,147,c029943772ad455f,Download,,rsrp=-101|rsrq=-14|snr=-4,rsrp=-101|rsrq=-14,-101,-14,-4,ploss=-5|noise_power_dB=-30,-5,-30,False,ploss=0|noise_power_dB=-5,0,-5,False,False,False,False,False
ucc-static-c029943772ad455f,148,c029943772ad455f,Download,,rsrp=-101|rsrq=-14|snr=-4,rsrp=-101|rsrq=-14,-101,-14,-4,ploss=-5|noise_power_dB=-30,-5,-30,False,ploss=0|noise_power_dB=-5,0,-5,False,False,False,False,False
ucc-static-c029943772ad455f,149,c029943772ad455f,Download,,rsrp=-103|rsrq=-20|snr=-3,rsrp=-103|rsrq=-20,-103,-20,-3,ploss=-5|noise_power_dB=-30,-5,-30,False,ploss=0|noise_power_dB=-5,0,-5,False,False,False,False,False
ucc-static-c029943772ad455f,150,c029943772ad455f,Download,,rsrp=-103|rsrq=-20|snr=-3,rsrp=-103|rsrq=-20,-103,-20,-3,ploss=-5|noise_power_dB=-30,-5,-30,False,ploss=0|noise_power_dB=-5,0,-5,False,False,False,False,False
ucc-static-c029943772ad455f,151,c029943772ad455f,Download,,rsrp=-102|rsrq=-15|snr=0,rsrp=-102|rsrq=-15,-102,-15,0,ploss=-5|noise_power_dB=-30,-5,-30,False,ploss=0|noise_power_dB=-5,0,-5,False,False,False,False,False
ucc-static-c029943772ad455f,152,c029943772ad455f,Download,,rsrp=-102|rsrq=-15|snr=0,rsrp=-102|rsrq=-15,-102,-15,0,ploss=-5|noise_power_dB=-30,-5,-30,False,ploss=0|noise_power_dB=-5,0,-5,False,False,False,False,False
ucc-static-c029943772ad455f,153,c029943772ad455f,Download,,rsrp=-103|rsrq=-16|snr=-5,rsrp=-103|rsrq=-16,-103,-16,-5,ploss=-5|noise_power_dB=-30,-5,-30,False,ploss=0|noise_power_dB=-5,0,-5,False,False,False,False,False
ucc-static-c029943772ad455f,154,c029943772ad455f,Download,,rsrp=-103|rsrq=-16|snr=-5,rsrp=-103|rsrq=-16,-103,-16,-5,ploss=-5|noise_power_dB=-30,-5,-30,False,ploss=0|noise_power_dB=-5,0,-5,False,False,False,False,False
ucc-static-c029943772ad455f,155,c029943772ad455f,Download,,rsrp=-103|rsrq=-16|snr=-5,rsrp=-103|rsrq=-16,-103,-16,-5,ploss=-5|noise_power_dB=-30,-5,-30,False,ploss=0|noise_power_dB=-5,0,-5,False,False,False,False,False
ucc-static-c029943772ad455f,156,c029943772ad455f,Download,,rsrp=-102|rsrq=-13|snr=-2,rsrp=-102|rsrq=-13,-102,-13,-2,ploss=-5|noise_power_dB=-30,-5,-30,False,ploss=0|noise_power_dB=-5,0,-5,False,False,False,False,False
ucc-static-c029943772ad455f,157,c029943772ad455f,Download,,rsrp=-102|rsrq=-13|snr=-2,rsrp=-102|rsrq=-13,-102,-13,-2,ploss=-5|noise_power_dB=-30,-5,-30,False,ploss=0|noise_power_dB=-5,0,-5,False,False,False,False,False
ucc-static-c672dae122ab5731,0,c672dae122ab5731,Amazon_Prime,Season3-TheExpanse,rsrp=-100|rsrq=-11|snr=12,rsrp=-100|rsrq=-11,-100,-11,12,ploss=-5|noise_power_dB=-30,-5,-30,False,ploss=0|noise_power_dB=-5,0,-5,True,False,False,True,True
ucc-static-c672dae122ab5731,1,c672dae122ab5731,Amazon_Prime,Season3-TheExpanse,rsrp=-99|rsrq=-10|snr=-8,rsrp=-99|rsrq=-10,-99,-10,-8,ploss=-5|noise_power_dB=-30,-5,-30,False,ploss=0|noise_power_dB=-5,0,-5,True,False,False,True,True
ucc-static-c672dae122ab5731,2,c672dae122ab5731,Amazon_Prime,Season3-TheExpanse,rsrp=-99|rsrq=-10|snr=-8,rsrp=-99|rsrq=-10,-99,-10,-8,ploss=-5|noise_power_dB=-30,-5,-30,False,ploss=0|noise_power_dB=-5,0,-5,True,False,False,True,True
ucc-static-c672dae122ab5731,3,c672dae122ab5731,Amazon_Prime,Season3-TheExpanse,rsrp=-99|rsrq=-12|snr=4,rsrp=-99|rsrq=-12,-99,-12,4,ploss=-5|noise_power_dB=-30,-5,-30,False,ploss=0|noise_power_dB=-5,0,-5,True,False,False,True,True
ucc-static-c672dae122ab5731,4,c672dae122ab5731,Amazon_Prime,Season3-TheExpanse,rsrp=-99|rsrq=-12|snr=4,rsrp=-99|rsrq=-12,-99,-12,4,ploss=-5|noise_power_dB=-30,-5,-30,False,ploss=0|noise_power_dB=-5,0,-5,True,False,False,True,True
ucc-static-c672dae122ab5731,5,c672dae122ab5731,Amazon_Prime,Season3-TheExpanse,rsrp=-99|rsrq=-13|snr=8,rsrp=-99|rsrq=-13,-99,-13,8,ploss=-5|noise_power_dB=-30,-5,-30,False,ploss=0|noise_power_dB=-5,0,-5,False,False,False,False,False
ucc-static-c672dae122ab5731,6,c672dae122ab5731,Amazon_Prime,Season3-TheExpanse,rsrp=-99|rsrq=-13|snr=8,rsrp=-99|rsrq=-13,-99,-13,8,ploss=-5|noise_power_dB=-30,-5,-30,False,ploss=0|noise_power_dB=-5,0,-5,False,False,False,False,False
ucc-static-c672dae122ab5731,7,c672dae122ab5731,Amazon_Prime,Season3-TheExpanse,rsrp=-99|rsrq=-11|snr=10,rsrp=-99|rsrq=-11,-99,-11,10,ploss=-5|noise_power_dB=-30,-5,-30,False,ploss=0|noise_power_dB=-5,0,-5,True,False,False,True,True
ucc-static-c672dae122ab5731,8,c672dae122ab5731,Amazon_Prime,Season3-TheExpanse,rsrp=-99|rsrq=-11|snr=10,rsrp=-99|rsrq=-11,-99,-11,10,ploss=-5|noise_power_dB=-30,-5,-30,False,ploss=0|noise_power_dB=-5,0,-5,True,False,False,True,True
ucc-static-c672dae122ab5731,9,c672dae122ab5731,Amazon_Prime,Season3-TheExpanse,rsrp=-101|rsrq=-12|snr=2,rsrp=-101|rsrq=-12,-101,-12,2,ploss=-5|noise_power_dB=-30,-5,-30,False,ploss=0|noise_power_dB=-5,0,-5,True,False,False,True,True
ucc-static-c672dae122ab5731,10,c672dae122ab5731,Amazon_Prime,Season3-TheExpanse,rsrp=-101|rsrq=-12|snr=2,rsrp=-101|rsrq=-12,-101,-12,2,ploss=-5|noise_power_dB=-30,-5,-30,False,ploss=0|noise_power_dB=-5,0,-5,True,False,False,True,True
ucc-static-c672dae122ab5731,11,c672dae122ab5731,Amazon_Prime,Season3-TheExpanse,rsrp=-101|rsrq=-10|snr=7,rsrp=-101|rsrq=-10,-101,-10,7,ploss=-5|noise_power_dB=-30,-5,-30,False,ploss=0|noise_power_dB=-5,0,-5,True,False,False,True,True
ucc-static-c672dae122ab5731,12,c672dae122ab5731,Amazon_Prime,Season3-TheExpanse,rsrp=-101|rsrq=-10|snr=7,rsrp=-101|rsrq=-10,-101,-10,7,ploss=-5|noise_power_dB=-30,-5,-30,False,ploss=0|noise_power_dB=-5,0,-5,True,False,False,True,True
ucc-static-c672dae122ab5731,13,c672dae122ab5731,Amazon_Prime,Season3-TheExpanse,rsrp=-99|rsrq=-10|snr=7,rsrp=-99|rsrq=-10,-99,-10,7,ploss=-5|noise_power_dB=-30,-5,-30,False,ploss=0|noise_power_dB=-5,0,-5,True,False,False,True,True
ucc-static-c672dae122ab5731,14,c672dae122ab5731,Amazon_Prime,Season3-TheExpanse,rsrp=-99|rsrq=-10|snr=7,rsrp=-99|rsrq=-10,-99,-10,7,ploss=-5|noise_power_dB=-30,-5,-30,False,ploss=0|noise_power_dB=-5,0,-5,True,False,False,True,True
ucc-static-c672dae122ab5731,15,c672dae122ab5731,Amazon_Prime,Season3-TheExpanse,rsrp=-98|rsrq=-12|snr=3,rsrp=-98|rsrq=-12,-98,-12,3,ploss=0|noise_power_dB=-5,0,-5,False,ploss=0|noise_power_dB=-5,0,-5,True,False,False,True,True
ucc-static-c672dae122ab5731,16,c672dae122ab5731,Amazon_Prime,Season3-TheExpanse,rsrp=-98|rsrq=-12|snr=3,rsrp=-98|rsrq=-12,-98,-12,3,ploss=0|noise_power_dB=-5,0,-5,False,ploss=0|noise_power_dB=-5,0,-5,True,False,False,True,True
ucc-static-c672dae122ab5731,17,c672dae122ab5731,Amazon_Prime,Season3-TheExpanse,rsrp=-99|rsrq=-12|snr=-6,rsrp=-99|rsrq=-12,-99,-12,-6,ploss=-5|noise_power_dB=-30,-5,-30,False,ploss=0|noise_power_dB=-5,0,-5,True,False,False,True,True
ucc-static-c672dae122ab5731,18,c672dae122ab5731,Amazon_Prime,Season3-TheExpanse,rsrp=-99|rsrq=-12|snr=-6,rsrp=-99|rsrq=-12,-99,-12,-6,ploss=-5|noise_power_dB=-30,-5,-30,False,ploss=0|noise_power_dB=-5,0,-5,True,False,False,True,True
ucc-static-c672dae122ab5731,19,c672dae122ab5731,Amazon_Prime,Season3-TheExpanse,rsrp=-99|rsrq=-10|snr=2,rsrp=-99|rsrq=-10,-99,-10,2,ploss=-5|noise_power_dB=-30,-5,-30,False,ploss=0|noise_power_dB=-5,0,-5,True,False,False,True,True
ucc-static-c672dae122ab5731,20,c672dae122ab5731,Amazon_Prime,Season3-TheExpanse,rsrp=-99|rsrq=-10|snr=2,rsrp=-99|rsrq=-10,-99,-10,2,ploss=-5|noise_power_dB=-30,-5,-30,False,ploss=0|noise_power_dB=-5,0,-5,True,False,False,True,True
ucc-static-c672dae122ab5731,21,c672dae122ab5731,Amazon_Prime,Season3-TheExpanse,rsrp=-98|rsrq=-13|snr=13,rsrp=-98|rsrq=-13,-98,-13,13,ploss=0|noise_power_dB=-5,0,-5,False,ploss=0|noise_power_dB=-5,0,-5,False,False,False,False,False
ucc-static-c672dae122ab5731,22,c672dae122ab5731,Amazon_Prime,Season3-TheExpanse,rsrp=-98|rsrq=-13|snr=13,rsrp=-98|rsrq=-13,-98,-13,13,ploss=0|noise_power_dB=-5,0,-5,False,ploss=0|noise_power_dB=-5,0,-5,False,False,False,False,False
ucc-static-c672dae122ab5731,23,c672dae122ab5731,Amazon_Prime,Season3-TheExpanse,rsrp=-98|rsrq=-11|snr=6,rsrp=-98|rsrq=-11,-98,-11,6,ploss=0|noise_power_dB=-5,0,-5,False,ploss=0|noise_power_dB=-5,0,-5,True,False,False,True,True
ucc-static-c672dae122ab5731,24,c672dae122ab5731,Amazon_Prime,Season3-TheExpanse,rsrp=-98|rsrq=-11|snr=6,rsrp=-98|rsrq=-11,-98,-11,6,ploss=0|noise_power_dB=-5,0,-5,False,ploss=0|noise_power_dB=-5,0,-5,True,False,False,True,True
ucc-static-c672dae122ab5731,25,c672dae122ab5731,Amazon_Prime,Season3-TheExpanse,rsrp=-98|rsrq=-11|snr=0,rsrp=-98|rsrq=-11,-98,-11,0,ploss=0|noise_power_dB=-5,0,-5,False,ploss=0|noise_power_dB=-5,0,-5,True,False,False,True,True
ucc-static-c672dae122ab5731,26,c672dae122ab5731,Amazon_Prime,Season3-TheExpanse,rsrp=-98|rsrq=-11|snr=0,rsrp=-98|rsrq=-11,-98,-11,0,ploss=0|noise_power_dB=-5,0,-5,False,ploss=0|noise_power_dB=-5,0,-5,True,False,False,True,True
ucc-static-c672dae122ab5731,27,c672dae122ab5731,Amazon_Prime,Season3-TheExpanse,rsrp=-100|rsrq=-10|snr=-6,rsrp=-100|rsrq=-10,-100,-10,-6,ploss=-5|noise_power_dB=-30,-5,-30,False,ploss=0|noise_power_dB=-5,0,-5,True,False,False,True,True
ucc-static-c672dae122ab5731,28,c672dae122ab5731,Amazon_Prime,Season3-TheExpanse,rsrp=-100|rsrq=-10|snr=-6,rsrp=-100|rsrq=-10,-100,-10,-6,ploss=-5|noise_power_dB=-30,-5,-30,False,ploss=0|noise_power_dB=-5,0,-5,True,False,False,True,True
ucc-static-c672dae122ab5731,29,c672dae122ab5731,Amazon_Prime,Season3-TheExpanse,rsrp=-99|rsrq=-10|snr=3,rsrp=-99|rsrq=-10,-99,-10,3,ploss=-5|noise_power_dB=-30,-5,-30,False,ploss=0|noise_power_dB=-5,0,-5,True,False,False,True,True
ucc-static-c672dae122ab5731,30,c672dae122ab5731,Amazon_Prime,Season3-TheExpanse,rsrp=-99|rsrq=-10|snr=3,rsrp=-99|rsrq=-10,-99,-10,3,ploss=-5|noise_power_dB=-30,-5,-30,False,ploss=0|noise_power_dB=-5,0,-5,True,False,False,True,True
ucc-static-c672dae122ab5731,31,c672dae122ab5731,Amazon_Prime,Season3-TheExpanse,rsrp=-100|rsrq=-11|snr=3,rsrp=-100|rsrq=-11,-100,-11,3,ploss=-5|noise_power_dB=-30,-5,-30,False,ploss=0|noise_power_dB=-5,0,-5,True,False,False,True,True
ucc-static-c672dae122ab5731,32,c672dae122ab5731,Amazon_Prime,Season3-TheExpanse,rsrp=-100|rsrq=-11|snr=3,rsrp=-100|rsrq=-11,-100,-11,3,ploss=-5|noise_power_dB=-30,-5,-30,False,ploss=0|noise_power_dB=-5,0,-5,True,False,False,True,True
ucc-static-c672dae122ab5731,33,c672dae122ab5731,Amazon_Prime,Season3-TheExpanse,rsrp=-100|rsrq=-10|snr=3,rsrp=-100|rsrq=-10,-100,-10,3,ploss=-5|noise_power_dB=-30,-5,-30,False,ploss=0|noise_power_dB=-5,0,-5,True,False,False,True,True
ucc-static-c672dae122ab5731,34,c672dae122ab5731,Amazon_Prime,Season3-TheExpanse,rsrp=-100|rsrq=-10|snr=3,rsrp=-100|rsrq=-10,-100,-10,3,ploss=-5|noise_power_dB=-30,-5,-30,False,ploss=0|noise_power_dB=-5,0,-5,True,False,False,True,True
ucc-static-c672dae122ab5731,35,c672dae122ab5731,Amazon_Prime,Season3-TheExpanse,rsrp=-100|rsrq=-18|snr=2,rsrp=-100|rsrq=-18,-100,-18,2,ploss=-5|noise_power_dB=-30,-5,-30,False,ploss=0|noise_power_dB=-5,0,-5,False,False,False,False,False
ucc-static-c672dae122ab5731,36,c672dae122ab5731,Amazon_Prime,Season3-TheExpanse,rsrp=-100|rsrq=-18|snr=2,rsrp=-100|rsrq=-18,-100,-18,2,ploss=-5|noise_power_dB=-30,-5,-30,False,ploss=0|noise_power_dB=-5,0,-5,False,False,False,False,False
ucc-static-c672dae122ab5731,37,c672dae122ab5731,Amazon_Prime,Season3-TheExpanse,rsrp=-100|rsrq=-10|snr=7,rsrp=-100|rsrq=-10,-100,-10,7,ploss=-5|noise_power_dB=-30,-5,-30,False,ploss=0|noise_power_dB=-5,0,-5,True,False,False,True,True
ucc-static-c672dae122ab5731,38,c672dae122ab5731,Amazon_Prime,Season3-TheExpanse,rsrp=-100|rsrq=-10|snr=7,rsrp=-100|rsrq=-10,-100,-10,7,ploss=-5|noise_power_dB=-30,-5,-30,False,ploss=0|noise_power_dB=-5,0,-5,True,False,False,True,True
ucc-static-c672dae122ab5731,39,c672dae122ab5731,Amazon_Prime,Season3-TheExpanse,rsrp=-99|rsrq=-9|snr=7,rsrp=-99|rsrq=-9,-99,-9,7,ploss=-5|noise_power_dB=-30,-5,-30,False,ploss=0|noise_power_dB=-5,0,-5,True,False,False,True,True
ucc-static-c672dae122ab5731,40,c672dae122ab5731,Amazon_Prime,Season3-TheExpanse,rsrp=-99|rsrq=-9|snr=7,rsrp=-99|rsrq=-9,-99,-9,7,ploss=-5|noise_power_dB=-30,-5,-30,False,ploss=0|noise_power_dB=-5,0,-5,True,False,False,True,True
ucc-static-c672dae122ab5731,41,c672dae122ab5731,Amazon_Prime,Season3-TheExpanse,rsrp=-100|rsrq=-11|snr=10,rsrp=-100|rsrq=-11,-100,-11,10,ploss=-5|noise_power_dB=-30,-5,-30,False,ploss=0|noise_power_dB=-5,0,-5,True,False,False,True,True
ucc-static-c672dae122ab5731,42,c672dae122ab5731,Amazon_Prime,Season3-TheExpanse,rsrp=-100|rsrq=-11|snr=10,rsrp=-100|rsrq=-11,-100,-11,10,ploss=-5|noise_power_dB=-30,-5,-30,False,ploss=0|noise_power_dB=-5,0,-5,True,False,False,True,True
ucc-static-c672dae122ab5731,43,c672dae122ab5731,Amazon_Prime,Season3-TheExpanse,rsrp=-99|rsrq=-12|snr=9,rsrp=-99|rsrq=-12,-99,-12,9,ploss=-5|noise_power_dB=-30,-5,-30,False,ploss=0|noise_power_dB=-5,0,-5,True,False,False,True,True
ucc-static-c672dae122ab5731,44,c672dae122ab5731,Amazon_Prime,Season3-TheExpanse,rsrp=-99|rsrq=-12|snr=9,rsrp=-99|rsrq=-12,-99,-12,9,ploss=-5|noise_power_dB=-30,-5,-30,False,ploss=0|noise_power_dB=-5,0,-5,True,False,False,True,True
ucc-static-c672dae122ab5731,45,c672dae122ab5731,Amazon_Prime,Season3-TheExpanse,rsrp=-99|rsrq=-10|snr=9,rsrp=-99|rsrq=-10,-99,-10,9,ploss=-5|noise_power_dB=-30,-5,-30,False,ploss=0|noise_power_dB=-5,0,-5,True,False,False,True,True
ucc-static-c672dae122ab5731,46,c672dae122ab5731,Amazon_Prime,Season3-TheExpanse,rsrp=-99|rsrq=-10|snr=9,rsrp=-99|rsrq=-10,-99,-10,9,ploss=-5|noise_power_dB=-30,-5,-30,False,ploss=0|noise_power_dB=-5,0,-5,True,False,False,True,True
ucc-static-c672dae122ab5731,47,c672dae122ab5731,Amazon_Prime,Season3-TheExpanse,rsrp=-100|rsrq=-10|snr=-7,rsrp=-100|rsrq=-10,-100,-10,-7,ploss=-5|noise_power_dB=-30,-5,-30,False,ploss=0|noise_power_dB=-5,0,-5,True,False,False,True,True
ucc-static-c672dae122ab5731,48,c672dae122ab5731,Amazon_Prime,Season3-TheExpanse,rsrp=-100|rsrq=-10|snr=-7,rsrp=-100|rsrq=-10,-100,-10,-7,ploss=-5|noise_power_dB=-30,-5,-30,False,ploss=0|noise_power_dB=-5,0,-5,True,False,False,True,True
ucc-static-c672dae122ab5731,49,c672dae122ab5731,Amazon_Prime,Season3-TheExpanse,rsrp=-100|rsrq=-11|snr=4,rsrp=-100|rsrq=-11,-100,-11,4,ploss=-5|noise_power_dB=-30,-5,-30,False,ploss=0|noise_power_dB=-5,0,-5,True,False,False,True,True
ucc-static-c672dae122ab5731,50,c672dae122ab5731,Amazon_Prime,Season3-TheExpanse,rsrp=-100|rsrq=-11|snr=4,rsrp=-100|rsrq=-11,-100,-11,4,ploss=-5|noise_power_dB=-30,-5,-30,False,ploss=0|noise_power_dB=-5,0,-5,True,False,False,True,True
ucc-static-c672dae122ab5731,51,c672dae122ab5731,Amazon_Prime,Season3-TheExpanse,rsrp=-102|rsrq=-16|snr=6,rsrp=-102|rsrq=-16,-102,-16,6,ploss=-5|noise_power_dB=-30,-5,-30,False,ploss=0|noise_power_dB=-5,0,-5,False,False,False,False,False
ucc-static-c672dae122ab5731,52,c672dae122ab5731,Amazon_Prime,Season3-TheExpanse,rsrp=-102|rsrq=-16|snr=6,rsrp=-102|rsrq=-16,-102,-16,6,ploss=-5|noise_power_dB=-30,-5,-30,False,ploss=0|noise_power_dB=-5,0,-5,False,False,False,False,False
ucc-static-c672dae122ab5731,53,c672dae122ab5731,Amazon_Prime,Season3-TheExpanse,rsrp=-101|rsrq=-11|snr=2,rsrp=-101|rsrq=-11,-101,-11,2,ploss=-5|noise_power_dB=-30,-5,-30,False,ploss=0|noise_power_dB=-5,0,-5,True,False,False,True,True
ucc-static-c672dae122ab5731,54,c672dae122ab5731,Amazon_Prime,Season3-TheExpanse,rsrp=-101|rsrq=-11|snr=2,rsrp=-101|rsrq=-11,-101,-11,2,ploss=-5|noise_power_dB=-30,-5,-30,False,ploss=0|noise_power_dB=-5,0,-5,True,False,False,True,True
ucc-static-c672dae122ab5731,55,c672dae122ab5731,Amazon_Prime,Season3-TheExpanse,rsrp=-102|rsrq=-10|snr=8,rsrp=-102|rsrq=-10,-102,-10,8,ploss=-5|noise_power_dB=-30,-5,-30,False,ploss=0|noise_power_dB=-5,0,-5,True,False,False,True,True
ucc-static-c672dae122ab5731,56,c672dae122ab5731,Amazon_Prime,Season3-TheExpanse,rsrp=-102|rsrq=-10|snr=8,rsrp=-102|rsrq=-10,-102,-10,8,ploss=-5|noise_power_dB=-30,-5,-30,False,ploss=0|noise_power_dB=-5,0,-5,True,False,False,True,True
ucc-static-c672dae122ab5731,57,c672dae122ab5731,Amazon_Prime,Season3-TheExpanse,rsrp=-100|rsrq=-10|snr=2,rsrp=-100|rsrq=-10,-100,-10,2,ploss=-5|noise_power_dB=-30,-5,-30,False,ploss=0|noise_power_dB=-5,0,-5,True,False,False,True,True
ucc-static-c672dae122ab5731,58,c672dae122ab5731,Amazon_Prime,Season3-TheExpanse,rsrp=-100|rsrq=-10|snr=2,rsrp=-100|rsrq=-10,-100,-10,2,ploss=-5|noise_power_dB=-30,-5,-30,False,ploss=0|noise_power_dB=-5,0,-5,True,False,False,True,True
ucc-static-c672dae122ab5731,59,c672dae122ab5731,Amazon_Prime,Season3-TheExpanse,rsrp=-100|rsrq=-10|snr=-1,rsrp=-100|rsrq=-10,-100,-10,-1,ploss=-5|noise_power_dB=-30,-5,-30,False,ploss=0|noise_power_dB=-5,0,-5,True,False,False,True,True
ucc-static-c672dae122ab5731,60,c672dae122ab5731,Amazon_Prime,Season3-TheExpanse,rsrp=-100|rsrq=-10|snr=-1,rsrp=-100|rsrq=-10,-100,-10,-1,ploss=-5|noise_power_dB=-30,-5,-30,False,ploss=0|noise_power_dB=-5,0,-5,True,False,False,True,True
ucc-static-c672dae122ab5731,61,c672dae122ab5731,Amazon_Prime,Season3-TheExpanse,rsrp=-100|rsrq=-11|snr=0,rsrp=-100|rsrq=-11,-100,-11,0,ploss=-5|noise_power_dB=-30,-5,-30,False,ploss=0|noise_power_dB=-5,0,-5,True,False,False,True,True
ucc-static-c672dae122ab5731,62,c672dae122ab5731,Amazon_Prime,Season3-TheExpanse,rsrp=-100|rsrq=-11|snr=0,rsrp=-100|rsrq=-11,-100,-11,0,ploss=-5|noise_power_dB=-30,-5,-30,False,ploss=0|noise_power_dB=-5,0,-5,True,False,False,True,True
ucc-static-c672dae122ab5731,63,c672dae122ab5731,Amazon_Prime,Season3-TheExpanse,rsrp=-99|rsrq=-11|snr=2,rsrp=-99|rsrq=-11,-99,-11,2,ploss=-5|noise_power_dB=-30,-5,-30,False,ploss=0|noise_power_dB=-5,0,-5,True,False,False,True,True
ucc-static-c672dae122ab5731,64,c672dae122ab5731,Amazon_Prime,Season3-TheExpanse,rsrp=-99|rsrq=-11|snr=2,rsrp=-99|rsrq=-11,-99,-11,2,ploss=-5|noise_power_dB=-30,-5,-30,False,ploss=0|noise_power_dB=-5,0,-5,True,False,False,True,True
ucc-static-c672dae122ab5731,65,c672dae122ab5731,Amazon_Prime,Season3-TheExpanse,rsrp=-100|rsrq=-12|snr=1,rsrp=-100|rsrq=-12,-100,-12,1,ploss=-5|noise_power_dB=-30,-5,-30,False,ploss=0|noise_power_dB=-5,0,-5,True,False,False,True,True
ucc-static-c672dae122ab5731,66,c672dae122ab5731,Amazon_Prime,Season3-TheExpanse,rsrp=-100|rsrq=-12|snr=1,rsrp=-100|rsrq=-12,-100,-12,1,ploss=-5|noise_power_dB=-30,-5,-30,False,ploss=0|noise_power_dB=-5,0,-5,True,False,False,True,True
ucc-static-c672dae122ab5731,67,c672dae122ab5731,Amazon_Prime,Season3-TheExpanse,rsrp=-100|rsrq=-11|snr=3,rsrp=-100|rsrq=-11,-100,-11,3,ploss=-5|noise_power_dB=-30,-5,-30,False,ploss=0|noise_power_dB=-5,0,-5,True,False,False,True,True
ucc-static-c672dae122ab5731,68,c672dae122ab5731,Amazon_Prime,Season3-TheExpanse,rsrp=-100|rsrq=-11|snr=3,rsrp=-100|rsrq=-11,-100,-11,3,ploss=-5|noise_power_dB=-30,-5,-30,False,ploss=0|noise_power_dB=-5,0,-5,True,False,False,True,True
ucc-static-c672dae122ab5731,69,c672dae122ab5731,Amazon_Prime,Season3-TheExpanse,rsrp=-100|rsrq=-12|snr=0,rsrp=-100|rsrq=-12,-100,-12,0,ploss=-5|noise_power_dB=-30,-5,-30,False,ploss=0|noise_power_dB=-5,0,-5,True,False,False,True,True
ucc-static-c672dae122ab5731,70,c672dae122ab5731,Amazon_Prime,Season3-TheExpanse,rsrp=-100|rsrq=-12|snr=0,rsrp=-100|rsrq=-12,-100,-12,0,ploss=-5|noise_power_dB=-30,-5,-30,False,ploss=0|noise_power_dB=-5,0,-5,True,False,False,True,True
ucc-static-c672dae122ab5731,71,c672dae122ab5731,Amazon_Prime,Season3-TheExpanse,rsrp=-100|rsrq=-14|snr=4,rsrp=-100|rsrq=-14,-100,-14,4,ploss=-5|noise_power_dB=-30,-5,-30,False,ploss=0|noise_power_dB=-5,0,-5,False,False,False,False,False
ucc-static-c672dae122ab5731,72,c672dae122ab5731,Amazon_Prime,Season3-TheExpanse,rsrp=-100|rsrq=-14|snr=4,rsrp=-100|rsrq=-14,-100,-14,4,ploss=-5|noise_power_dB=-30,-5,-30,False,ploss=0|noise_power_dB=-5,0,-5,False,False,False,False,False
ucc-static-c672dae122ab5731,73,c672dae122ab5731,Amazon_Prime,Season3-TheExpanse,rsrp=-100|rsrq=-15|snr=2,rsrp=-100|rsrq=-15,-100,-15,2,ploss=-5|noise_power_dB=-30,-5,-30,False,ploss=0|noise_power_dB=-5,0,-5,False,False,False,False,False
ucc-static-c672dae122ab5731,74,c672dae122ab5731,Amazon_Prime,Season3-TheExpanse,rsrp=-100|rsrq=-15|snr=2,rsrp=-100|rsrq=-15,-100,-15,2,ploss=-5|noise_power_dB=-30,-5,-30,False,ploss=0|noise_power_dB=-5,0,-5,False,False,False,False,False
ucc-static-c672dae122ab5731,75,c672dae122ab5731,Amazon_Prime,Season3-TheExpanse,rsrp=-100|rsrq=-10|snr=1,rsrp=-100|rsrq=-10,-100,-10,1,ploss=-5|noise_power_dB=-30,-5,-30,False,ploss=0|noise_power_dB=-5,0,-5,True,False,False,True,True
ucc-static-c672dae122ab5731,76,c672dae122ab5731,Amazon_Prime,Season3-TheExpanse,rsrp=-100|rsrq=-10|snr=1,rsrp=-100|rsrq=-10,-100,-10,1,ploss=-5|noise_power_dB=-30,-5,-30,False,ploss=0|noise_power_dB=-5,0,-5,True,False,False,True,True
ucc-static-c672dae122ab5731,77,c672dae122ab5731,Amazon_Prime,Season3-TheExpanse,rsrp=-100|rsrq=-10|snr=-4,rsrp=-100|rsrq=-10,-100,-10,-4,ploss=-5|noise_power_dB=-30,-5,-30,False,ploss=0|noise_power_dB=-5,0,-5,True,False,False,True,True
ucc-static-c672dae122ab5731,78,c672dae122ab5731,Amazon_Prime,Season3-TheExpanse,rsrp=-100|rsrq=-10|snr=-4,rsrp=-100|rsrq=-10,-100,-10,-4,ploss=-5|noise_power_dB=-30,-5,-30,False,ploss=0|noise_power_dB=-5,0,-5,True,False,False,True,True
ucc-static-c672dae122ab5731,79,c672dae122ab5731,Amazon_Prime,Season3-TheExpanse,rsrp=-99|rsrq=-10|snr=3,rsrp=-99|rsrq=-10,-99,-10,3,ploss=-5|noise_power_dB=-30,-5,-30,False,ploss=0|noise_power_dB=-5,0,-5,True,False,False,True,True
ucc-static-c672dae122ab5731,80,c672dae122ab5731,Amazon_Prime,Season3-TheExpanse,rsrp=-99|rsrq=-10|snr=3,rsrp=-99|rsrq=-10,-99,-10,3,ploss=-5|noise_power_dB=-30,-5,-30,False,ploss=0|noise_power_dB=-5,0,-5,True,False,False,True,True
ucc-static-c672dae122ab5731,81,c672dae122ab5731,Amazon_Prime,Season3-TheExpanse,rsrp=-99|rsrq=-10|snr=8,rsrp=-99|rsrq=-10,-99,-10,8,ploss=-5|noise_power_dB=-30,-5,-30,False,ploss=0|noise_power_dB=-5,0,-5,True,False,False,True,True
ucc-static-c672dae122ab5731,82,c672dae122ab5731,Amazon_Prime,Season3-TheExpanse,rsrp=-99|rsrq=-10|snr=8,rsrp=-99|rsrq=-10,-99,-10,8,ploss=-5|noise_power_dB=-30,-5,-30,False,ploss=0|noise_power_dB=-5,0,-5,True,False,False,True,True
ucc-static-c672dae122ab5731,83,c672dae122ab5731,Amazon_Prime,Season3-TheExpanse,rsrp=-99|rsrq=-12|snr=7,rsrp=-99|rsrq=-12,-99,-12,7,ploss=-5|noise_power_dB=-30,-5,-30,False,ploss=0|noise_power_dB=-5,0,-5,True,False,False,True,True
ucc-static-c672dae122ab5731,84,c672dae122ab5731,Amazon_Prime,Season3-TheExpanse,rsrp=-99|rsrq=-12|snr=7,rsrp=-99|rsrq=-12,-99,-12,7,ploss=-5|noise_power_dB=-30,-5,-30,False,ploss=0|noise_power_dB=-5,0,-5,True,False,False,True,True
ucc-static-c672dae122ab5731,85,c672dae122ab5731,Amazon_Prime,Season3-TheExpanse,rsrp=-100|rsrq=-12|snr=7,rsrp=-100|rsrq=-12,-100,-12,7,ploss=-5|noise_power_dB=-30,-5,-30,False,ploss=0|noise_power_dB=-5,0,-5,True,False,False,True,True
ucc-static-c672dae122ab5731,86,c672dae122ab5731,Amazon_Prime,Season3-TheExpanse,rsrp=-100|rsrq=-12|snr=7,rsrp=-100|rsrq=-12,-100,-12,7,ploss=-5|noise_power_dB=-30,-5,-30,False,ploss=0|noise_power_dB=-5,0,-5,True,False,False,True,True
ucc-static-c672dae122ab5731,87,c672dae122ab5731,Amazon_Prime,Season3-TheExpanse,rsrp=-100|rsrq=-15|snr=1,rsrp=-100|rsrq=-15,-100,-15,1,ploss=-5|noise_power_dB=-30,-5,-30,False,ploss=0|noise_power_dB=-5,0,-5,False,False,False,False,False
ucc-static-c672dae122ab5731,88,c672dae122ab5731,Amazon_Prime,Season3-TheExpanse,rsrp=-100|rsrq=-15|snr=1,rsrp=-100|rsrq=-15,-100,-15,1,ploss=-5|noise_power_dB=-30,-5,-30,False,ploss=0|noise_power_dB=-5,0,-5,False,False,False,False,False
ucc-static-c672dae122ab5731,89,c672dae122ab5731,Amazon_Prime,Season3-TheExpanse,rsrp=-100|rsrq=-10|snr=2,rsrp=-100|rsrq=-10,-100,-10,2,ploss=-5|noise_power_dB=-30,-5,-30,False,ploss=0|noise_power_dB=-5,0,-5,True,False,False,True,True
ucc-static-c672dae122ab5731,90,c672dae122ab5731,Amazon_Prime,Season3-TheExpanse,rsrp=-100|rsrq=-10|snr=2,rsrp=-100|rsrq=-10,-100,-10,2,ploss=-5|noise_power_dB=-30,-5,-30,False,ploss=0|noise_power_dB=-5,0,-5,True,False,False,True,True
ucc-static-c672dae122ab5731,91,c672dae122ab5731,Amazon_Prime,Season3-TheExpanse,rsrp=-99|rsrq=-11|snr=5,rsrp=-99|rsrq=-11,-99,-11,5,ploss=-5|noise_power_dB=-30,-5,-30,False,ploss=0|noise_power_dB=-5,0,-5,True,False,False,True,True
ucc-static-c672dae122ab5731,92,c672dae122ab5731,Amazon_Prime,Season3-TheExpanse,rsrp=-99|rsrq=-11|snr=5,rsrp=-99|rsrq=-11,-99,-11,5,ploss=-5|noise_power_dB=-30,-5,-30,False,ploss=0|noise_power_dB=-5,0,-5,True,False,False,True,True
ucc-static-c672dae122ab5731,93,c672dae122ab5731,Amazon_Prime,Season3-TheExpanse,rsrp=-99|rsrq=-11|snr=1,rsrp=-99|rsrq=-11,-99,-11,1,ploss=-5|noise_power_dB=-30,-5,-30,False,ploss=0|noise_power_dB=-5,0,-5,True,False,False,True,True
ucc-static-c672dae122ab5731,94,c672dae122ab5731,Amazon_Prime,Season3-TheExpanse,rsrp=-99|rsrq=-11|snr=1,rsrp=-99|rsrq=-11,-99,-11,1,ploss=-5|noise_power_dB=-30,-5,-30,False,ploss=0|noise_power_dB=-5,0,-5,True,False,False,True,True
ucc-static-c672dae122ab5731,95,c672dae122ab5731,Amazon_Prime,Season3-TheExpanse,rsrp=-99|rsrq=-9|snr=8,rsrp=-99|rsrq=-9,-99,-9,8,ploss=-5|noise_power_dB=-30,-5,-30,False,ploss=0|noise_power_dB=-5,0,-5,True,False,False,True,True
ucc-static-c672dae122ab5731,96,c672dae122ab5731,Amazon_Prime,Season3-TheExpanse,rsrp=-99|rsrq=-9|snr=8,rsrp=-99|rsrq=-9,-99,-9,8,ploss=-5|noise_power_dB=-30,-5,-30,False,ploss=0|noise_power_dB=-5,0,-5,True,False,False,True,True
ucc-static-c672dae122ab5731,97,c672dae122ab5731,Amazon_Prime,Season3-TheExpanse,rsrp=-99|rsrq=-9|snr=8,rsrp=-99|rsrq=-9,-99,-9,8,ploss=-5|noise_power_dB=-30,-5,-30,False,ploss=0|noise_power_dB=-5,0,-5,True,False,False,True,True
ucc-static-c672dae122ab5731,98,c672dae122ab5731,Amazon_Prime,Season3-TheExpanse,rsrp=-99|rsrq=-9|snr=8,rsrp=-99|rsrq=-9,-99,-9,8,ploss=-5|noise_power_dB=-30,-5,-30,False,ploss=0|noise_power_dB=-5,0,-5,True,False,False,True,True
ucc-static-c672dae122ab5731,99,c672dae122ab5731,Amazon_Prime,Season3-TheExpanse,rsrp=-100|rsrq=-10|snr=0,rsrp=-100|rsrq=-10,-100,-10,0,ploss=-5|noise_power_dB=-30,-5,-30,False,ploss=0|noise_power_dB=-5,0,-5,True,False,False,True,True
ucc-static-c672dae122ab5731,100,c672dae122ab5731,Amazon_Prime,Season3-TheExpanse,rsrp=-100|rsrq=-10|snr=0,rsrp=-100|rsrq=-10,-100,-10,0,ploss=-5|noise_power_dB=-30,-5,-30,False,ploss=0|noise_power_dB=-5,0,-5,True,False,False,True,True
ucc-static-c672dae122ab5731,101,c672dae122ab5731,Amazon_Prime,Season3-TheExpanse,rsrp=-99|rsrq=-11|snr=-1,rsrp=-99|rsrq=-11,-99,-11,-1,ploss=-5|noise_power_dB=-30,-5,-30,False,ploss=0|noise_power_dB=-5,0,-5,True,False,False,True,True
ucc-static-c672dae122ab5731,102,c672dae122ab5731,Amazon_Prime,Season3-TheExpanse,rsrp=-99|rsrq=-11|snr=-1,rsrp=-99|rsrq=-11,-99,-11,-1,ploss=-5|noise_power_dB=-30,-5,-30,False,ploss=0|noise_power_dB=-5,0,-5,True,False,False,True,True
ucc-static-c672dae122ab5731,103,c672dae122ab5731,Amazon_Prime,Season3-TheExpanse,rsrp=-99|rsrq=-10|snr=0,rsrp=-99|rsrq=-10,-99,-10,0,ploss=-5|noise_power_dB=-30,-5,-30,False,ploss=0|noise_power_dB=-5,0,-5,True,False,False,True,True
ucc-static-c672dae122ab5731,104,c672dae122ab5731,Amazon_Prime,Season3-TheExpanse,rsrp=-99|rsrq=-10|snr=0,rsrp=-99|rsrq=-10,-99,-10,0,ploss=-5|noise_power_dB=-30,-5,-30,False,ploss=0|noise_power_dB=-5,0,-5,True,False,False,True,True
ucc-static-c672dae122ab5731,105,c672dae122ab5731,Amazon_Prime,Season3-TheExpanse,rsrp=-100|rsrq=-11|snr=4,rsrp=-100|rsrq=-11,-100,-11,4,ploss=-5|noise_power_dB=-30,-5,-30,False,ploss=0|noise_power_dB=-5,0,-5,True,False,False,True,True
ucc-static-c672dae122ab5731,106,c672dae122ab5731,Amazon_Prime,Season3-TheExpanse,rsrp=-100|rsrq=-11|snr=4,rsrp=-100|rsrq=-11,-100,-11,4,ploss=-5|noise_power_dB=-30,-5,-30,False,ploss=0|noise_power_dB=-5,0,-5,True,False,False,True,True
ucc-static-c672dae122ab5731,107,c672dae122ab5731,Amazon_Prime,Season3-TheExpanse,rsrp=-100|rsrq=-10|snr=1,rsrp=-100|rsrq=-10,-100,-10,1,ploss=-5|noise_power_dB=-30,-5,-30,False,ploss=0|noise_power_dB=-5,0,-5,True,False,False,True,True
ucc-static-c672dae122ab5731,108,c672dae122ab5731,Amazon_Prime,Season3-TheExpanse,rsrp=-100|rsrq=-10|snr=1,rsrp=-100|rsrq=-10,-100,-10,1,ploss=-5|noise_power_dB=-30,-5,-30,False,ploss=0|noise_power_dB=-5,0,-5,True,False,False,True,True
ucc-static-c672dae122ab5731,109,c672dae122ab5731,Amazon_Prime,Season3-TheExpanse,rsrp=-100|rsrq=-10|snr=8,rsrp=-100|rsrq=-10,-100,-10,8,ploss=-5|noise_power_dB=-30,-5,-30,False,ploss=0|noise_power_dB=-5,0,-5,True,False,False,True,True
ucc-static-c672dae122ab5731,110,c672dae122ab5731,Amazon_Prime,Season3-TheExpanse,rsrp=-100|rsrq=-10|snr=8,rsrp=-100|rsrq=-10,-100,-10,8,ploss=-5|noise_power_dB=-30,-5,-30,False,ploss=0|noise_power_dB=-5,0,-5,True,False,False,True,True
ucc-static-c672dae122ab5731,111,c672dae122ab5731,Amazon_Prime,Season3-TheExpanse,rsrp=-101|rsrq=-11|snr=3,rsrp=-101|rsrq=-11,-101,-11,3,ploss=-5|noise_power_dB=-30,-5,-30,False,ploss=0|noise_power_dB=-5,0,-5,True,False,False,True,True
ucc-static-c672dae122ab5731,112,c672dae122ab5731,Amazon_Prime,Season3-TheExpanse,rsrp=-101|rsrq=-11|snr=3,rsrp=-101|rsrq=-11,-101,-11,3,ploss=-5|noise_power_dB=-30,-5,-30,False,ploss=0|noise_power_dB=-5,0,-5,True,False,False,True,True
ucc-static-c672dae122ab5731,113,c672dae122ab5731,Amazon_Prime,Season3-TheExpanse,rsrp=-99|rsrq=-11|snr=1,rsrp=-99|rsrq=-11,-99,-11,1,ploss=-5|noise_power_dB=-30,-5,-30,False,ploss=0|noise_power_dB=-5,0,-5,True,False,False,True,True
ucc-static-c672dae122ab5731,114,c672dae122ab5731,Amazon_Prime,Season3-TheExpanse,rsrp=-99|rsrq=-11|snr=1,rsrp=-99|rsrq=-11,-99,-11,1,ploss=-5|noise_power_dB=-30,-5,-30,False,ploss=0|noise_power_dB=-5,0,-5,True,False,False,True,True
ucc-static-c672dae122ab5731,115,c672dae122ab5731,Amazon_Prime,Season3-TheExpanse,rsrp=-99|rsrq=-10|snr=11,rsrp=-99|rsrq=-10,-99,-10,11,ploss=-5|noise_power_dB=-30,-5,-30,False,ploss=0|noise_power_dB=-5,0,-5,True,False,False,True,True
ucc-static-c672dae122ab5731,116,c672dae122ab5731,Amazon_Prime,Season3-TheExpanse,rsrp=-99|rsrq=-10|snr=11,rsrp=-99|rsrq=-10,-99,-10,11,ploss=-5|noise_power_dB=-30,-5,-30,False,ploss=0|noise_power_dB=-5,0,-5,True,False,False,True,True
ucc-static-c672dae122ab5731,117,c672dae122ab5731,Amazon_Prime,Season3-TheExpanse,rsrp=-100|rsrq=-10|snr=0,rsrp=-100|rsrq=-10,-100,-10,0,ploss=-5|noise_power_dB=-30,-5,-30,False,ploss=0|noise_power_dB=-5,0,-5,True,False,False,True,True
ucc-static-c672dae122ab5731,118,c672dae122ab5731,Amazon_Prime,Season3-TheExpanse,rsrp=-100|rsrq=-10|snr=0,rsrp=-100|rsrq=-10,-100,-10,0,ploss=-5|noise_power_dB=-30,-5,-30,False,ploss=0|noise_power_dB=-5,0,-5,True,False,False,True,True
ucc-static-c672dae122ab5731,119,c672dae122ab5731,Amazon_Prime,Season3-TheExpanse,rsrp=-99|rsrq=-10|snr=6,rsrp=-99|rsrq=-10,-99,-10,6,ploss=-5|noise_power_dB=-30,-5,-30,False,ploss=0|noise_power_dB=-5,0,-5,True,False,False,True,True
ucc-static-c672dae122ab5731,120,c672dae122ab5731,Amazon_Prime,Season3-TheExpanse,rsrp=-99|rsrq=-10|snr=6,rsrp=-99|rsrq=-10,-99,-10,6,ploss=-5|noise_power_dB=-30,-5,-30,False,ploss=0|noise_power_dB=-5,0,-5,True,False,False,True,True
ucc-static-c672dae122ab5731,121,c672dae122ab5731,Amazon_Prime,Season3-TheExpanse,rsrp=-99|rsrq=-11|snr=3,rsrp=-99|rsrq=-11,-99,-11,3,ploss=-5|noise_power_dB=-30,-5,-30,False,ploss=0|noise_power_dB=-5,0,-5,True,False,False,True,True
ucc-static-c672dae122ab5731,122,c672dae122ab5731,Amazon_Prime,Season3-TheExpanse,rsrp=-99|rsrq=-11|snr=3,rsrp=-99|rsrq=-11,-99,-11,3,ploss=-5|noise_power_dB=-30,-5,-30,False,ploss=0|noise_power_dB=-5,0,-5,True,False,False,True,True
ucc-static-c672dae122ab5731,123,c672dae122ab5731,Amazon_Prime,Season3-TheExpanse,rsrp=-100|rsrq=-16|snr=0,rsrp=-100|rsrq=-16,-100,-16,0,ploss=-5|noise_power_dB=-30,-5,-30,False,ploss=0|noise_power_dB=-5,0,-5,False,False,False,False,False
ucc-static-c672dae122ab5731,124,c672dae122ab5731,Amazon_Prime,Season3-TheExpanse,rsrp=-100|rsrq=-16|snr=0,rsrp=-100|rsrq=-16,-100,-16,0,ploss=-5|noise_power_dB=-30,-5,-30,False,ploss=0|noise_power_dB=-5,0,-5,False,False,False,False,False
ucc-static-c672dae122ab5731,125,c672dae122ab5731,Amazon_Prime,Season3-TheExpanse,rsrp=-100|rsrq=-15|snr=1,rsrp=-100|rsrq=-15,-100,-15,1,ploss=-5|noise_power_dB=-30,-5,-30,False,ploss=0|noise_power_dB=-5,0,-5,False,False,False,False,False
ucc-static-c672dae122ab5731,126,c672dae122ab5731,Amazon_Prime,Season3-TheExpanse,rsrp=-100|rsrq=-15|snr=1,rsrp=-100|rsrq=-15,-100,-15,1,ploss=-5|noise_power_dB=-30,-5,-30,False,ploss=0|noise_power_dB=-5,0,-5,False,False,False,False,False
ucc-static-c672dae122ab5731,127,c672dae122ab5731,Amazon_Prime,Season3-TheExpanse,rsrp=-100|rsrq=-13|snr=-7,rsrp=-100|rsrq=-13,-100,-13,-7,ploss=-5|noise_power_dB=-30,-5,-30,False,ploss=0|noise_power_dB=-5,0,-5,False,False,False,False,False
ucc-static-c672dae122ab5731,128,c672dae122ab5731,Amazon_Prime,Season3-TheExpanse,rsrp=-100|rsrq=-13|snr=-7,rsrp=-100|rsrq=-13,-100,-13,-7,ploss=-5|noise_power_dB=-30,-5,-30,False,ploss=0|noise_power_dB=-5,0,-5,False,False,False,False,False
ucc-static-c672dae122ab5731,129,c672dae122ab5731,Amazon_Prime,Season3-TheExpanse,rsrp=-100|rsrq=-10|snr=7,rsrp=-100|rsrq=-10,-100,-10,7,ploss=-5|noise_power_dB=-30,-5,-30,False,ploss=0|noise_power_dB=-5,0,-5,True,False,False,True,True
ucc-static-c672dae122ab5731,130,c672dae122ab5731,Amazon_Prime,Season3-TheExpanse,rsrp=-100|rsrq=-10|snr=7,rsrp=-100|rsrq=-10,-100,-10,7,ploss=-5|noise_power_dB=-30,-5,-30,False,ploss=0|noise_power_dB=-5,0,-5,True,False,False,True,True
ucc-static-c672dae122ab5731,131,c672dae122ab5731,Amazon_Prime,Season3-TheExpanse,rsrp=-100|rsrq=-12|snr=6,rsrp=-100|rsrq=-12,-100,-12,6,ploss=-5|noise_power_dB=-30,-5,-30,False,ploss=0|noise_power_dB=-5,0,-5,True,False,False,True,True
ucc-static-c672dae122ab5731,132,c672dae122ab5731,Amazon_Prime,Season3-TheExpanse,rsrp=-100|rsrq=-12|snr=6,rsrp=-100|rsrq=-12,-100,-12,6,ploss=-5|noise_power_dB=-30,-5,-30,False,ploss=0|noise_power_dB=-5,0,-5,True,False,False,True,True
ucc-static-c672dae122ab5731,133,c672dae122ab5731,Amazon_Prime,Season3-TheExpanse,rsrp=-99|rsrq=-10|snr=8,rsrp=-99|rsrq=-10,-99,-10,8,ploss=-5|noise_power_dB=-30,-5,-30,False,ploss=0|noise_power_dB=-5,0,-5,True,False,False,True,True
ucc-static-c672dae122ab5731,134,c672dae122ab5731,Amazon_Prime,Season3-TheExpanse,rsrp=-99|rsrq=-10|snr=8,rsrp=-99|rsrq=-10,-99,-10,8,ploss=-5|noise_power_dB=-30,-5,-30,False,ploss=0|noise_power_dB=-5,0,-5,True,False,False,True,True
ucc-static-c672dae122ab5731,135,c672dae122ab5731,Amazon_Prime,Season3-TheExpanse,rsrp=-100|rsrq=-9|snr=5,rsrp=-100|rsrq=-9,-100,-9,5,ploss=-5|noise_power_dB=-30,-5,-30,False,ploss=0|noise_power_dB=-5,0,-5,True,False,False,True,True
ucc-static-c672dae122ab5731,136,c672dae122ab5731,Amazon_Prime,Season3-TheExpanse,rsrp=-100|rsrq=-9|snr=5,rsrp=-100|rsrq=-9,-100,-9,5,ploss=-5|noise_power_dB=-30,-5,-30,False,ploss=0|noise_power_dB=-5,0,-5,True,False,False,True,True
ucc-static-c672dae122ab5731,137,c672dae122ab5731,Amazon_Prime,Season3-TheExpanse,rsrp=-99|rsrq=-13|snr=4,rsrp=-99|rsrq=-13,-99,-13,4,ploss=-5|noise_power_dB=-30,-5,-30,False,ploss=0|noise_power_dB=-5,0,-5,False,False,False,False,False
ucc-static-c672dae122ab5731,138,c672dae122ab5731,Amazon_Prime,Season3-TheExpanse,rsrp=-99|rsrq=-13|snr=4,rsrp=-99|rsrq=-13,-99,-13,4,ploss=-5|noise_power_dB=-30,-5,-30,False,ploss=0|noise_power_dB=-5,0,-5,False,False,False,False,False
ucc-static-c672dae122ab5731,139,c672dae122ab5731,Amazon_Prime,Season3-TheExpanse,rsrp=-100|rsrq=-10|snr=7,rsrp=-100|rsrq=-10,-100,-10,7,ploss=-5|noise_power_dB=-30,-5,-30,False,ploss=0|noise_power_dB=-5,0,-5,True,False,False,True,True
ucc-static-c672dae122ab5731,140,c672dae122ab5731,Amazon_Prime,Season3-TheExpanse,rsrp=-100|rsrq=-10|snr=7,rsrp=-100|rsrq=-10,-100,-10,7,ploss=-5|noise_power_dB=-30,-5,-30,False,ploss=0|noise_power_dB=-5,0,-5,True,False,False,True,True
ucc-static-c672dae122ab5731,141,c672dae122ab5731,Amazon_Prime,Season3-TheExpanse,rsrp=-100|rsrq=-10|snr=4,rsrp=-100|rsrq=-10,-100,-10,4,ploss=-5|noise_power_dB=-30,-5,-30,False,ploss=0|noise_power_dB=-5,0,-5,True,False,False,True,True
ucc-static-c672dae122ab5731,142,c672dae122ab5731,Amazon_Prime,Season3-TheExpanse,rsrp=-100|rsrq=-10|snr=4,rsrp=-100|rsrq=-10,-100,-10,4,ploss=-5|noise_power_dB=-30,-5,-30,False,ploss=0|noise_power_dB=-5,0,-5,True,False,False,True,True
ucc-static-c672dae122ab5731,143,c672dae122ab5731,Amazon_Prime,Season3-TheExpanse,rsrp=-100|rsrq=-14|snr=3,rsrp=-100|rsrq=-14,-100,-14,3,ploss=-5|noise_power_dB=-30,-5,-30,False,ploss=0|noise_power_dB=-5,0,-5,False,False,False,False,False
ucc-static-c672dae122ab5731,144,c672dae122ab5731,Amazon_Prime,Season3-TheExpanse,rsrp=-100|rsrq=-14|snr=3,rsrp=-100|rsrq=-14,-100,-14,3,ploss=-5|noise_power_dB=-30,-5,-30,False,ploss=0|noise_power_dB=-5,0,-5,False,False,False,False,False
ucc-static-c672dae122ab5731,145,c672dae122ab5731,Amazon_Prime,Season3-TheExpanse,rsrp=-100|rsrq=-10|snr=-1,rsrp=-100|rsrq=-10,-100,-10,-1,ploss=-5|noise_power_dB=-30,-5,-30,False,ploss=0|noise_power_dB=-5,0,-5,True,False,False,True,True
ucc-static-c672dae122ab5731,146,c672dae122ab5731,Amazon_Prime,Season3-TheExpanse,rsrp=-100|rsrq=-10|snr=-1,rsrp=-100|rsrq=-10,-100,-10,-1,ploss=-5|noise_power_dB=-30,-5,-30,False,ploss=0|noise_power_dB=-5,0,-5,True,False,False,True,True
ucc-static-c672dae122ab5731,147,c672dae122ab5731,Amazon_Prime,Season3-TheExpanse,rsrp=-100|rsrq=-11|snr=5,rsrp=-100|rsrq=-11,-100,-11,5,ploss=-5|noise_power_dB=-30,-5,-30,False,ploss=0|noise_power_dB=-5,0,-5,True,False,False,True,True
ucc-static-c672dae122ab5731,148,c672dae122ab5731,Amazon_Prime,Season3-TheExpanse,rsrp=-100|rsrq=-11|snr=5,rsrp=-100|rsrq=-11,-100,-11,5,ploss=-5|noise_power_dB=-30,-5,-30,False,ploss=0|noise_power_dB=-5,0,-5,True,False,False,True,True
ucc-static-c672dae122ab5731,149,c672dae122ab5731,Amazon_Prime,Season3-TheExpanse,rsrp=-100|rsrq=-11|snr=7,rsrp=-100|rsrq=-11,-100,-11,7,ploss=-5|noise_power_dB=-30,-5,-30,False,ploss=0|noise_power_dB=-5,0,-5,True,False,False,True,True
ucc-static-c672dae122ab5731,150,c672dae122ab5731,Amazon_Prime,Season3-TheExpanse,rsrp=-100|rsrq=-11|snr=7,rsrp=-100|rsrq=-11,-100,-11,7,ploss=-5|noise_power_dB=-30,-5,-30,False,ploss=0|noise_power_dB=-5,0,-5,True,False,False,True,True
ucc-static-c672dae122ab5731,151,c672dae122ab5731,Amazon_Prime,Season3-TheExpanse,rsrp=-99|rsrq=-13|snr=1,rsrp=-99|rsrq=-13,-99,-13,1,ploss=-5|noise_power_dB=-30,-5,-30,False,ploss=0|noise_power_dB=-5,0,-5,False,False,False,False,False
ucc-static-c672dae122ab5731,152,c672dae122ab5731,Amazon_Prime,Season3-TheExpanse,rsrp=-99|rsrq=-13|snr=1,rsrp=-99|rsrq=-13,-99,-13,1,ploss=-5|noise_power_dB=-30,-5,-30,False,ploss=0|noise_power_dB=-5,0,-5,False,False,False,False,False
ucc-static-c672dae122ab5731,153,c672dae122ab5731,Amazon_Prime,Season3-TheExpanse,rsrp=-99|rsrq=-9|snr=8,rsrp=-99|rsrq=-9,-99,-9,8,ploss=-5|noise_power_dB=-30,-5,-30,False,ploss=0|noise_power_dB=-5,0,-5,True,False,False,True,True
ucc-static-c672dae122ab5731,154,c672dae122ab5731,Amazon_Prime,Season3-TheExpanse,rsrp=-99|rsrq=-9|snr=8,rsrp=-99|rsrq=-9,-99,-9,8,ploss=-5|noise_power_dB=-30,-5,-30,False,ploss=0|noise_power_dB=-5,0,-5,True,False,False,True,True
ucc-static-c672dae122ab5731,155,c672dae122ab5731,Amazon_Prime,Season3-TheExpanse,rsrp=-98|rsrq=-9|snr=13,rsrp=-98|rsrq=-9,-98,-9,13,ploss=0|noise_power_dB=-5,0,-5,False,ploss=0|noise_power_dB=-5,0,-5,True,False,False,True,True
ucc-static-c672dae122ab5731,156,c672dae122ab5731,Amazon_Prime,Season3-TheExpanse,rsrp=-98|rsrq=-9|snr=13,rsrp=-98|rsrq=-9,-98,-9,13,ploss=0|noise_power_dB=-5,0,-5,False,ploss=0|noise_power_dB=-5,0,-5,True,False,False,True,True
ucc-static-c672dae122ab5731,157,c672dae122ab5731,Amazon_Prime,Season3-TheExpanse,rsrp=-99|rsrq=-10|snr=3,rsrp=-99|rsrq=-10,-99,-10,3,ploss=-5|noise_power_dB=-30,-5,-30,False,ploss=0|noise_power_dB=-5,0,-5,True,False,False,True,True
ucc-static-c672dae122ab5731,158,c672dae122ab5731,Amazon_Prime,Season3-TheExpanse,rsrp=-99|rsrq=-10|snr=3,rsrp=-99|rsrq=-10,-99,-10,3,ploss=-5|noise_power_dB=-30,-5,-30,False,ploss=0|noise_power_dB=-5,0,-5,True,False,False,True,True
ucc-static-c672dae122ab5731,159,c672dae122ab5731,Amazon_Prime,Season3-TheExpanse,rsrp=-99|rsrq=-9|snr=8,rsrp=-99|rsrq=-9,-99,-9,8,ploss=-5|noise_power_dB=-30,-5,-30,False,ploss=0|noise_power_dB=-5,0,-5,True,False,False,True,True
ucc-static-c672dae122ab5731,160,c672dae122ab5731,Amazon_Prime,Season3-TheExpanse,rsrp=-99|rsrq=-9|snr=8,rsrp=-99|rsrq=-9,-99,-9,8,ploss=-5|noise_power_dB=-30,-5,-30,False,ploss=0|noise_power_dB=-5,0,-5,True,False,False,True,True
ucc-static-c672dae122ab5731,161,c672dae122ab5731,Amazon_Prime,Season3-TheExpanse,rsrp=-99|rsrq=-9|snr=1,rsrp=-99|rsrq=-9,-99,-9,1,ploss=-5|noise_power_dB=-30,-5,-30,False,ploss=0|noise_power_dB=-5,0,-5,True,False,False,True,True
ucc-static-c672dae122ab5731,162,c672dae122ab5731,Amazon_Prime,Season3-TheExpanse,rsrp=-99|rsrq=-9|snr=1,rsrp=-99|rsrq=-9,-99,-9,1,ploss=-5|noise_power_dB=-30,-5,-30,False,ploss=0|noise_power_dB=-5,0,-5,True,False,False,True,True
ucc-static-c672dae122ab5731,163,c672dae122ab5731,Amazon_Prime,Season3-TheExpanse,rsrp=-100|rsrq=-11|snr=4,rsrp=-100|rsrq=-11,-100,-11,4,ploss=-5|noise_power_dB=-30,-5,-30,False,ploss=0|noise_power_dB=-5,0,-5,True,False,False,True,True
ucc-static-c672dae122ab5731,164,c672dae122ab5731,Amazon_Prime,Season3-TheExpanse,rsrp=-100|rsrq=-11|snr=4,rsrp=-100|rsrq=-11,-100,-11,4,ploss=-5|noise_power_dB=-30,-5,-30,False,ploss=0|noise_power_dB=-5,0,-5,True,False,False,True,True
ucc-static-c672dae122ab5731,165,c672dae122ab5731,Amazon_Prime,Season3-TheExpanse,rsrp=-99|rsrq=-10|snr=2,rsrp=-99|rsrq=-10,-99,-10,2,ploss=-5|noise_power_dB=-30,-5,-30,False,ploss=0|noise_power_dB=-5,0,-5,True,False,False,True,True
ucc-static-d5c8cfbdaef26f64,0,d5c8cfbdaef26f64,Download,,rsrp=-96|rsrq=-18|snr=0,rsrp=-96|rsrq=-18,-96,-18,0,ploss=0|noise_power_dB=-5,0,-5,False,ploss=0|noise_power_dB=-5,0,-5,False,False,False,False,False
ucc-static-d5c8cfbdaef26f64,1,d5c8cfbdaef26f64,Download,,rsrp=-96|rsrq=-11|snr=0,rsrp=-96|rsrq=-11,-96,-11,0,ploss=0|noise_power_dB=-5,0,-5,False,ploss=0|noise_power_dB=-5,0,-5,False,False,False,False,False
ucc-static-d5c8cfbdaef26f64,2,d5c8cfbdaef26f64,Download,,rsrp=-96|rsrq=-11|snr=0,rsrp=-96|rsrq=-11,-96,-11,0,ploss=0|noise_power_dB=-5,0,-5,False,ploss=0|noise_power_dB=-5,0,-5,False,False,False,False,False
ucc-static-d5c8cfbdaef26f64,3,d5c8cfbdaef26f64,Download,,rsrp=-96|rsrq=-14|snr=2,rsrp=-96|rsrq=-14,-96,-14,2,ploss=0|noise_power_dB=-5,0,-5,False,ploss=0|noise_power_dB=-5,0,-5,False,False,False,False,False
ucc-static-d5c8cfbdaef26f64,4,d5c8cfbdaef26f64,Download,,rsrp=-96|rsrq=-14|snr=2,rsrp=-96|rsrq=-14,-96,-14,2,ploss=0|noise_power_dB=-5,0,-5,False,ploss=0|noise_power_dB=-5,0,-5,False,False,False,False,False
ucc-static-d5c8cfbdaef26f64,5,d5c8cfbdaef26f64,Download,,rsrp=-96|rsrq=-15|snr=4,rsrp=-96|rsrq=-15,-96,-15,4,ploss=0|noise_power_dB=-5,0,-5,False,ploss=0|noise_power_dB=-5,0,-5,False,False,False,False,False
ucc-static-d5c8cfbdaef26f64,6,d5c8cfbdaef26f64,Download,,rsrp=-96|rsrq=-15|snr=4,rsrp=-96|rsrq=-15,-96,-15,4,ploss=0|noise_power_dB=-5,0,-5,False,ploss=0|noise_power_dB=-5,0,-5,False,False,False,False,False
ucc-static-d5c8cfbdaef26f64,7,d5c8cfbdaef26f64,Download,,rsrp=-96|rsrq=-17|snr=5,rsrp=-96|rsrq=-17,-96,-17,5,ploss=0|noise_power_dB=-5,0,-5,False,ploss=0|noise_power_dB=-5,0,-5,False,False,False,False,False
ucc-static-d5c8cfbdaef26f64,8,d5c8cfbdaef26f64,Download,,rsrp=-96|rsrq=-17|snr=5,rsrp=-96|rsrq=-17,-96,-17,5,ploss=0|noise_power_dB=-5,0,-5,False,ploss=0|noise_power_dB=-5,0,-5,False,False,False,False,False
ucc-static-d5c8cfbdaef26f64,9,d5c8cfbdaef26f64,Download,,rsrp=-96|rsrq=-17|snr=5,rsrp=-96|rsrq=-17,-96,-17,5,ploss=0|noise_power_dB=-5,0,-5,False,ploss=0|noise_power_dB=-5,0,-5,False,False,False,False,False
ucc-static-d5c8cfbdaef26f64,10,d5c8cfbdaef26f64,Download,,rsrp=-96|rsrq=-17|snr=5,rsrp=-96|rsrq=-17,-96,-17,5,ploss=0|noise_power_dB=-5,0,-5,False,ploss=0|noise_power_dB=-5,0,-5,False,False,False,False,False
ucc-static-d5c8cfbdaef26f64,11,d5c8cfbdaef26f64,Download,,rsrp=-96|rsrq=-17|snr=6,rsrp=-96|rsrq=-17,-96,-17,6,ploss=0|noise_power_dB=-5,0,-5,False,ploss=0|noise_power_dB=-5,0,-5,False,False,False,False,False
ucc-static-d5c8cfbdaef26f64,12,d5c8cfbdaef26f64,Download,,rsrp=-96|rsrq=-17|snr=6,rsrp=-96|rsrq=-17,-96,-17,6,ploss=0|noise_power_dB=-5,0,-5,False,ploss=0|noise_power_dB=-5,0,-5,False,False,False,False,False
ucc-static-d5c8cfbdaef26f64,13,d5c8cfbdaef26f64,Download,,rsrp=-95|rsrq=-12|snr=8,rsrp=-95|rsrq=-12,-95,-12,8,ploss=0|noise_power_dB=-5,0,-5,True,ploss=0|noise_power_dB=-5,0,-5,False,False,True,False,True
ucc-static-d5c8cfbdaef26f64,14,d5c8cfbdaef26f64,Download,,rsrp=-95|rsrq=-12|snr=8,rsrp=-95|rsrq=-12,-95,-12,8,ploss=0|noise_power_dB=-5,0,-5,True,ploss=0|noise_power_dB=-5,0,-5,False,False,True,False,True
ucc-static-d5c8cfbdaef26f64,15,d5c8cfbdaef26f64,Download,,rsrp=-96|rsrq=-10|snr=6,rsrp=-96|rsrq=-10,-96,-10,6,ploss=0|noise_power_dB=-5,0,-5,False,ploss=0|noise_power_dB=-5,0,-5,False,False,False,False,False
ucc-static-d5c8cfbdaef26f64,16,d5c8cfbdaef26f64,Download,,rsrp=-96|rsrq=-10|snr=6,rsrp=-96|rsrq=-10,-96,-10,6,ploss=0|noise_power_dB=-5,0,-5,False,ploss=0|noise_power_dB=-5,0,-5,False,False,False,False,False
ucc-static-d5c8cfbdaef26f64,17,d5c8cfbdaef26f64,Download,,rsrp=-96|rsrq=-15|snr=5,rsrp=-96|rsrq=-15,-96,-15,5,ploss=0|noise_power_dB=-5,0,-5,False,ploss=0|noise_power_dB=-5,0,-5,False,False,False,False,False
ucc-static-d5c8cfbdaef26f64,18,d5c8cfbdaef26f64,Download,,rsrp=-96|rsrq=-15|snr=5,rsrp=-96|rsrq=-15,-96,-15,5,ploss=0|noise_power_dB=-5,0,-5,False,ploss=0|noise_power_dB=-5,0,-5,False,False,False,False,False
ucc-static-d5c8cfbdaef26f64,19,d5c8cfbdaef26f64,Download,,rsrp=-96|rsrq=-16|snr=4,rsrp=-96|rsrq=-16,-96,-16,4,ploss=0|noise_power_dB=-5,0,-5,False,ploss=0|noise_power_dB=-5,0,-5,False,False,False,False,False
ucc-static-d5c8cfbdaef26f64,20,d5c8cfbdaef26f64,Download,,rsrp=-96|rsrq=-16|snr=4,rsrp=-96|rsrq=-16,-96,-16,4,ploss=0|noise_power_dB=-5,0,-5,False,ploss=0|noise_power_dB=-5,0,-5,False,False,False,False,False
ucc-static-d5c8cfbdaef26f64,21,d5c8cfbdaef26f64,Download,,rsrp=-96|rsrq=-16|snr=5,rsrp=-96|rsrq=-16,-96,-16,5,ploss=0|noise_power_dB=-5,0,-5,False,ploss=0|noise_power_dB=-5,0,-5,False,False,False,False,False
ucc-static-d5c8cfbdaef26f64,22,d5c8cfbdaef26f64,Download,,rsrp=-96|rsrq=-16|snr=5,rsrp=-96|rsrq=-16,-96,-16,5,ploss=0|noise_power_dB=-5,0,-5,False,ploss=0|noise_power_dB=-5,0,-5,False,False,False,False,False
ucc-static-d5c8cfbdaef26f64,23,d5c8cfbdaef26f64,Download,,rsrp=-96|rsrq=-16|snr=5,rsrp=-96|rsrq=-16,-96,-16,5,ploss=0|noise_power_dB=-5,0,-5,False,ploss=0|noise_power_dB=-5,0,-5,False,False,False,False,False
ucc-static-d5c8cfbdaef26f64,24,d5c8cfbdaef26f64,Download,,rsrp=-96|rsrq=-16|snr=5,rsrp=-96|rsrq=-16,-96,-16,5,ploss=0|noise_power_dB=-5,0,-5,False,ploss=0|noise_power_dB=-5,0,-5,False,False,False,False,False
ucc-static-d5c8cfbdaef26f64,25,d5c8cfbdaef26f64,Download,,rsrp=-96|rsrq=-17|snr=6,rsrp=-96|rsrq=-17,-96,-17,6,ploss=0|noise_power_dB=-5,0,-5,False,ploss=0|noise_power_dB=-5,0,-5,False,False,False,False,False
ucc-static-d5c8cfbdaef26f64,26,d5c8cfbdaef26f64,Download,,rsrp=-96|rsrq=-17|snr=6,rsrp=-96|rsrq=-17,-96,-17,6,ploss=0|noise_power_dB=-5,0,-5,False,ploss=0|noise_power_dB=-5,0,-5,False,False,False,False,False
ucc-static-d5c8cfbdaef26f64,27,d5c8cfbdaef26f64,Download,,rsrp=-96|rsrq=-13|snr=6,rsrp=-96|rsrq=-13,-96,-13,6,ploss=0|noise_power_dB=-5,0,-5,False,ploss=0|noise_power_dB=-5,0,-5,False,False,False,False,False
ucc-static-d5c8cfbdaef26f64,28,d5c8cfbdaef26f64,Download,,rsrp=-96|rsrq=-13|snr=6,rsrp=-96|rsrq=-13,-96,-13,6,ploss=0|noise_power_dB=-5,0,-5,False,ploss=0|noise_power_dB=-5,0,-5,False,False,False,False,False
ucc-static-d5c8cfbdaef26f64,29,d5c8cfbdaef26f64,Download,,rsrp=-96|rsrq=-13|snr=6,rsrp=-96|rsrq=-13,-96,-13,6,ploss=0|noise_power_dB=-5,0,-5,False,ploss=0|noise_power_dB=-5,0,-5,False,False,False,False,False
ucc-static-d5c8cfbdaef26f64,30,d5c8cfbdaef26f64,Download,,rsrp=-96|rsrq=-13|snr=6,rsrp=-96|rsrq=-13,-96,-13,6,ploss=0|noise_power_dB=-5,0,-5,False,ploss=0|noise_power_dB=-5,0,-5,False,False,False,False,False
ucc-static-d5c8cfbdaef26f64,31,d5c8cfbdaef26f64,Download,,rsrp=-95|rsrq=-16|snr=5,rsrp=-95|rsrq=-16,-95,-16,5,ploss=0|noise_power_dB=-5,0,-5,False,ploss=0|noise_power_dB=-5,0,-5,False,False,False,False,False
ucc-static-d5c8cfbdaef26f64,32,d5c8cfbdaef26f64,Download,,rsrp=-95|rsrq=-16|snr=5,rsrp=-95|rsrq=-16,-95,-16,5,ploss=0|noise_power_dB=-5,0,-5,False,ploss=0|noise_power_dB=-5,0,-5,False,False,False,False,False
ucc-static-d5c8cfbdaef26f64,33,d5c8cfbdaef26f64,Download,,rsrp=-95|rsrq=-15|snr=11,rsrp=-95|rsrq=-15,-95,-15,11,ploss=0|noise_power_dB=-5,0,-5,False,ploss=0|noise_power_dB=-5,0,-5,False,False,False,False,False
ucc-static-d5c8cfbdaef26f64,34,d5c8cfbdaef26f64,Download,,rsrp=-95|rsrq=-15|snr=11,rsrp=-95|rsrq=-15,-95,-15,11,ploss=0|noise_power_dB=-5,0,-5,False,ploss=0|noise_power_dB=-5,0,-5,False,False,False,False,False
ucc-static-d5c8cfbdaef26f64,35,d5c8cfbdaef26f64,Download,,rsrp=-96|rsrq=-15|snr=6,rsrp=-96|rsrq=-15,-96,-15,6,ploss=0|noise_power_dB=-5,0,-5,False,ploss=0|noise_power_dB=-5,0,-5,False,False,False,False,False
ucc-static-d5c8cfbdaef26f64,36,d5c8cfbdaef26f64,Download,,rsrp=-96|rsrq=-15|snr=6,rsrp=-96|rsrq=-15,-96,-15,6,ploss=0|noise_power_dB=-5,0,-5,False,ploss=0|noise_power_dB=-5,0,-5,False,False,False,False,False
ucc-static-d5c8cfbdaef26f64,37,d5c8cfbdaef26f64,Download,,rsrp=-96|rsrq=-17|snr=4,rsrp=-96|rsrq=-17,-96,-17,4,ploss=0|noise_power_dB=-5,0,-5,False,ploss=0|noise_power_dB=-5,0,-5,False,False,False,False,False
ucc-static-d5c8cfbdaef26f64,38,d5c8cfbdaef26f64,Download,,rsrp=-96|rsrq=-17|snr=4,rsrp=-96|rsrq=-17,-96,-17,4,ploss=0|noise_power_dB=-5,0,-5,False,ploss=0|noise_power_dB=-5,0,-5,False,False,False,False,False
ucc-static-d5c8cfbdaef26f64,39,d5c8cfbdaef26f64,Download,,rsrp=-96|rsrq=-9|snr=5,rsrp=-96|rsrq=-9,-96,-9,5,ploss=0|noise_power_dB=-5,0,-5,False,ploss=0|noise_power_dB=-5,0,-5,False,False,False,False,False
ucc-static-d5c8cfbdaef26f64,40,d5c8cfbdaef26f64,Download,,rsrp=-96|rsrq=-9|snr=5,rsrp=-96|rsrq=-9,-96,-9,5,ploss=0|noise_power_dB=-5,0,-5,False,ploss=0|noise_power_dB=-5,0,-5,False,False,False,False,False
ucc-static-d5c8cfbdaef26f64,41,d5c8cfbdaef26f64,Download,,rsrp=-96|rsrq=-15|snr=1,rsrp=-96|rsrq=-15,-96,-15,1,ploss=0|noise_power_dB=-5,0,-5,False,ploss=0|noise_power_dB=-5,0,-5,False,False,False,False,False
ucc-static-d5c8cfbdaef26f64,42,d5c8cfbdaef26f64,Download,,rsrp=-96|rsrq=-15|snr=1,rsrp=-96|rsrq=-15,-96,-15,1,ploss=0|noise_power_dB=-5,0,-5,False,ploss=0|noise_power_dB=-5,0,-5,False,False,False,False,False
ucc-static-d5c8cfbdaef26f64,43,d5c8cfbdaef26f64,Download,,rsrp=-96|rsrq=-17|snr=2,rsrp=-96|rsrq=-17,-96,-17,2,ploss=0|noise_power_dB=-5,0,-5,False,ploss=0|noise_power_dB=-5,0,-5,False,False,False,False,False
ucc-static-d5c8cfbdaef26f64,44,d5c8cfbdaef26f64,Download,,rsrp=-96|rsrq=-17|snr=2,rsrp=-96|rsrq=-17,-96,-17,2,ploss=0|noise_power_dB=-5,0,-5,False,ploss=0|noise_power_dB=-5,0,-5,False,False,False,False,False
ucc-static-d5c8cfbdaef26f64,45,d5c8cfbdaef26f64,Download,,rsrp=-95|rsrq=-15|snr=6,rsrp=-95|rsrq=-15,-95,-15,6,ploss=0|noise_power_dB=-5,0,-5,False,ploss=0|noise_power_dB=-5,0,-5,False,False,False,False,False
ucc-static-d5c8cfbdaef26f64,46,d5c8cfbdaef26f64,Download,,rsrp=-95|rsrq=-15|snr=6,rsrp=-95|rsrq=-15,-95,-15,6,ploss=0|noise_power_dB=-5,0,-5,False,ploss=0|noise_power_dB=-5,0,-5,False,False,False,False,False
ucc-static-d5c8cfbdaef26f64,47,d5c8cfbdaef26f64,Download,,rsrp=-95|rsrq=-15|snr=6,rsrp=-95|rsrq=-15,-95,-15,6,ploss=0|noise_power_dB=-5,0,-5,False,ploss=0|noise_power_dB=-5,0,-5,False,False,False,False,False
ucc-static-d5c8cfbdaef26f64,48,d5c8cfbdaef26f64,Download,,rsrp=-95|rsrq=-15|snr=6,rsrp=-95|rsrq=-15,-95,-15,6,ploss=0|noise_power_dB=-5,0,-5,False,ploss=0|noise_power_dB=-5,0,-5,False,False,False,False,False
ucc-static-d5c8cfbdaef26f64,49,d5c8cfbdaef26f64,Download,,rsrp=-96|rsrq=-15|snr=5,rsrp=-96|rsrq=-15,-96,-15,5,ploss=0|noise_power_dB=-5,0,-5,False,ploss=0|noise_power_dB=-5,0,-5,False,False,False,False,False
ucc-static-d5c8cfbdaef26f64,50,d5c8cfbdaef26f64,Download,,rsrp=-96|rsrq=-15|snr=5,rsrp=-96|rsrq=-15,-96,-15,5,ploss=0|noise_power_dB=-5,0,-5,False,ploss=0|noise_power_dB=-5,0,-5,False,False,False,False,False
ucc-static-d5c8cfbdaef26f64,51,d5c8cfbdaef26f64,Download,,rsrp=-96|rsrq=-15|snr=5,rsrp=-96|rsrq=-15,-96,-15,5,ploss=0|noise_power_dB=-5,0,-5,False,ploss=0|noise_power_dB=-5,0,-5,False,False,False,False,False
ucc-static-d5c8cfbdaef26f64,52,d5c8cfbdaef26f64,Download,,rsrp=-94|rsrq=-15|snr=3,rsrp=-94|rsrq=-15,-94,-15,3,ploss=0|noise_power_dB=-5,0,-5,False,ploss=0|noise_power_dB=-5,0,-5,False,False,False,False,False
ucc-static-d5c8cfbdaef26f64,53,d5c8cfbdaef26f64,Download,,rsrp=-94|rsrq=-15|snr=3,rsrp=-94|rsrq=-15,-94,-15,3,ploss=0|noise_power_dB=-5,0,-5,False,ploss=0|noise_power_dB=-5,0,-5,False,False,False,False,False
ucc-static-d5c8cfbdaef26f64,54,d5c8cfbdaef26f64,Download,,rsrp=-95|rsrq=-16|snr=9,rsrp=-95|rsrq=-16,-95,-16,9,ploss=0|noise_power_dB=-5,0,-5,False,ploss=0|noise_power_dB=-5,0,-5,False,False,False,False,False
ucc-static-d5c8cfbdaef26f64,55,d5c8cfbdaef26f64,Download,,rsrp=-95|rsrq=-16|snr=9,rsrp=-95|rsrq=-16,-95,-16,9,ploss=0|noise_power_dB=-5,0,-5,False,ploss=0|noise_power_dB=-5,0,-5,False,False,False,False,False
ucc-static-d5c8cfbdaef26f64,56,d5c8cfbdaef26f64,Download,,rsrp=-95|rsrq=-16|snr=5,rsrp=-95|rsrq=-16,-95,-16,5,ploss=0|noise_power_dB=-5,0,-5,False,ploss=0|noise_power_dB=-5,0,-5,False,False,False,False,False
ucc-static-d5c8cfbdaef26f64,57,d5c8cfbdaef26f64,Download,,rsrp=-95|rsrq=-16|snr=5,rsrp=-95|rsrq=-16,-95,-16,5,ploss=0|noise_power_dB=-5,0,-5,False,ploss=0|noise_power_dB=-5,0,-5,False,False,False,False,False
ucc-static-d5c8cfbdaef26f64,58,d5c8cfbdaef26f64,Download,,rsrp=-94|rsrq=-15|snr=5,rsrp=-94|rsrq=-15,-94,-15,5,ploss=0|noise_power_dB=-5,0,-5,False,ploss=0|noise_power_dB=-5,0,-5,False,False,False,False,False
ucc-static-d5c8cfbdaef26f64,59,d5c8cfbdaef26f64,Download,,rsrp=-94|rsrq=-15|snr=5,rsrp=-94|rsrq=-15,-94,-15,5,ploss=0|noise_power_dB=-5,0,-5,False,ploss=0|noise_power_dB=-5,0,-5,False,False,False,False,False
ucc-static-d5c8cfbdaef26f64,60,d5c8cfbdaef26f64,Download,,rsrp=-94|rsrq=-16|snr=6,rsrp=-94|rsrq=-16,-94,-16,6,ploss=0|noise_power_dB=-5,0,-5,False,ploss=0|noise_power_dB=-5,0,-5,False,False,False,False,False
ucc-static-d5c8cfbdaef26f64,61,d5c8cfbdaef26f64,Download,,rsrp=-94|rsrq=-16|snr=6,rsrp=-94|rsrq=-16,-94,-16,6,ploss=0|noise_power_dB=-5,0,-5,False,ploss=0|noise_power_dB=-5,0,-5,False,False,False,False,False
ucc-static-d5c8cfbdaef26f64,62,d5c8cfbdaef26f64,Download,,rsrp=-95|rsrq=-16|snr=3,rsrp=-95|rsrq=-16,-95,-16,3,ploss=0|noise_power_dB=-5,0,-5,False,ploss=0|noise_power_dB=-5,0,-5,False,False,False,False,False
ucc-static-d5c8cfbdaef26f64,63,d5c8cfbdaef26f64,Download,,rsrp=-94|rsrq=-10|snr=10,rsrp=-94|rsrq=-10,-94,-10,10,ploss=0|noise_power_dB=-5,0,-5,True,ploss=0|noise_power_dB=-5,0,-5,False,False,True,False,True
ucc-static-d5c8cfbdaef26f64,64,d5c8cfbdaef26f64,Download,,rsrp=-94|rsrq=-10|snr=10,rsrp=-94|rsrq=-10,-94,-10,10,ploss=0|noise_power_dB=-5,0,-5,True,ploss=0|noise_power_dB=-5,0,-5,False,False,True,False,True
ucc-static-d5c8cfbdaef26f64,65,d5c8cfbdaef26f64,Download,,rsrp=-94|rsrq=-9|snr=6,rsrp=-94|rsrq=-9,-94,-9,6,ploss=0|noise_power_dB=-5,0,-5,True,ploss=0|noise_power_dB=-5,0,-5,False,False,True,False,True
ucc-static-d5c8cfbdaef26f64,66,d5c8cfbdaef26f64,Download,,rsrp=-94|rsrq=-9|snr=6,rsrp=-94|rsrq=-9,-94,-9,6,ploss=0|noise_power_dB=-5,0,-5,True,ploss=0|noise_power_dB=-5,0,-5,False,False,True,False,True
ucc-static-d5c8cfbdaef26f64,67,d5c8cfbdaef26f64,Download,,rsrp=-94|rsrq=-11|snr=7,rsrp=-94|rsrq=-11,-94,-11,7,ploss=0|noise_power_dB=-5,0,-5,True,ploss=0|noise_power_dB=-5,0,-5,False,False,True,False,True
ucc-static-d5c8cfbdaef26f64,68,d5c8cfbdaef26f64,Download,,rsrp=-94|rsrq=-11|snr=7,rsrp=-94|rsrq=-11,-94,-11,7,ploss=0|noise_power_dB=-5,0,-5,True,ploss=0|noise_power_dB=-5,0,-5,False,False,True,False,True
ucc-static-d5c8cfbdaef26f64,69,d5c8cfbdaef26f64,Download,,rsrp=-94|rsrq=-16|snr=1,rsrp=-94|rsrq=-16,-94,-16,1,ploss=0|noise_power_dB=-5,0,-5,False,ploss=0|noise_power_dB=-5,0,-5,False,False,False,False,False
ucc-static-d5c8cfbdaef26f64,70,d5c8cfbdaef26f64,Download,,rsrp=-94|rsrq=-16|snr=1,rsrp=-94|rsrq=-16,-94,-16,1,ploss=0|noise_power_dB=-5,0,-5,False,ploss=0|noise_power_dB=-5,0,-5,False,False,False,False,False
ucc-static-d5c8cfbdaef26f64,71,d5c8cfbdaef26f64,Download,,rsrp=-94|rsrq=-17|snr=3,rsrp=-94|rsrq=-17,-94,-17,3,ploss=0|noise_power_dB=-5,0,-5,False,ploss=0|noise_power_dB=-5,0,-5,False,False,False,False,False
ucc-static-d5c8cfbdaef26f64,72,d5c8cfbdaef26f64,Download,,rsrp=-94|rsrq=-17|snr=3,rsrp=-94|rsrq=-17,-94,-17,3,ploss=0|noise_power_dB=-5,0,-5,False,ploss=0|noise_power_dB=-5,0,-5,False,False,False,False,False
ucc-static-d5c8cfbdaef26f64,73,d5c8cfbdaef26f64,Download,,rsrp=-94|rsrq=-16|snr=3,rsrp=-94|rsrq=-16,-94,-16,3,ploss=0|noise_power_dB=-5,0,-5,False,ploss=0|noise_power_dB=-5,0,-5,False,False,False,False,False
ucc-static-d5c8cfbdaef26f64,74,d5c8cfbdaef26f64,Download,,rsrp=-94|rsrq=-17|snr=4,rsrp=-94|rsrq=-17,-94,-17,4,ploss=0|noise_power_dB=-5,0,-5,False,ploss=0|noise_power_dB=-5,0,-5,False,False,False,False,False
ucc-static-d5c8cfbdaef26f64,75,d5c8cfbdaef26f64,Download,,rsrp=-94|rsrq=-17|snr=4,rsrp=-94|rsrq=-17,-94,-17,4,ploss=0|noise_power_dB=-5,0,-5,False,ploss=0|noise_power_dB=-5,0,-5,False,False,False,False,False
ucc-static-d5c8cfbdaef26f64,76,d5c8cfbdaef26f64,Download,,rsrp=-94|rsrq=-17|snr=4,rsrp=-94|rsrq=-17,-94,-17,4,ploss=0|noise_power_dB=-5,0,-5,False,ploss=0|noise_power_dB=-5,0,-5,False,False,False,False,False
ucc-static-d5c8cfbdaef26f64,77,d5c8cfbdaef26f64,Download,,rsrp=-95|rsrq=-14|snr=3,rsrp=-95|rsrq=-14,-95,-14,3,ploss=0|noise_power_dB=-5,0,-5,False,ploss=0|noise_power_dB=-5,0,-5,False,False,False,False,False
ucc-static-d5c8cfbdaef26f64,78,d5c8cfbdaef26f64,Download,,rsrp=-95|rsrq=-14|snr=3,rsrp=-95|rsrq=-14,-95,-14,3,ploss=0|noise_power_dB=-5,0,-5,False,ploss=0|noise_power_dB=-5,0,-5,False,False,False,False,False
ucc-static-d5c8cfbdaef26f64,79,d5c8cfbdaef26f64,Download,,rsrp=-94|rsrq=-16|snr=3,rsrp=-94|rsrq=-16,-94,-16,3,ploss=0|noise_power_dB=-5,0,-5,False,ploss=0|noise_power_dB=-5,0,-5,False,False,False,False,False
ucc-static-d5c8cfbdaef26f64,80,d5c8cfbdaef26f64,Download,,rsrp=-94|rsrq=-16|snr=3,rsrp=-94|rsrq=-16,-94,-16,3,ploss=0|noise_power_dB=-5,0,-5,False,ploss=0|noise_power_dB=-5,0,-5,False,False,False,False,False
ucc-static-d5c8cfbdaef26f64,81,d5c8cfbdaef26f64,Download,,rsrp=-94|rsrq=-16|snr=4,rsrp=-94|rsrq=-16,-94,-16,4,ploss=0|noise_power_dB=-5,0,-5,False,ploss=0|noise_power_dB=-5,0,-5,False,False,False,False,False
ucc-static-d5c8cfbdaef26f64,82,d5c8cfbdaef26f64,Download,,rsrp=-94|rsrq=-16|snr=4,rsrp=-94|rsrq=-16,-94,-16,4,ploss=0|noise_power_dB=-5,0,-5,False,ploss=0|noise_power_dB=-5,0,-5,False,False,False,False,False
ucc-static-d5c8cfbdaef26f64,83,d5c8cfbdaef26f64,Download,,rsrp=-98|rsrq=-16|snr=4,rsrp=-98|rsrq=-16,-98,-16,4,ploss=0|noise_power_dB=-5,0,-5,False,ploss=0|noise_power_dB=-5,0,-5,False,False,False,False,False
ucc-static-d5c8cfbdaef26f64,84,d5c8cfbdaef26f64,Download,,rsrp=-98|rsrq=-16|snr=4,rsrp=-98|rsrq=-16,-98,-16,4,ploss=0|noise_power_dB=-5,0,-5,False,ploss=0|noise_power_dB=-5,0,-5,False,False,False,False,False
ucc-static-d5c8cfbdaef26f64,85,d5c8cfbdaef26f64,Download,,rsrp=-95|rsrq=-16|snr=3,rsrp=-95|rsrq=-16,-95,-16,3,ploss=0|noise_power_dB=-5,0,-5,False,ploss=0|noise_power_dB=-5,0,-5,False,False,False,False,False
ucc-static-d5c8cfbdaef26f64,86,d5c8cfbdaef26f64,Download,,rsrp=-96|rsrq=-16|snr=3,rsrp=-96|rsrq=-16,-96,-16,3,ploss=0|noise_power_dB=-5,0,-5,False,ploss=0|noise_power_dB=-5,0,-5,False,False,False,False,False
ucc-static-d5c8cfbdaef26f64,87,d5c8cfbdaef26f64,Download,,rsrp=-96|rsrq=-16|snr=3,rsrp=-96|rsrq=-16,-96,-16,3,ploss=0|noise_power_dB=-5,0,-5,False,ploss=0|noise_power_dB=-5,0,-5,False,False,False,False,False
ucc-static-d5c8cfbdaef26f64,88,d5c8cfbdaef26f64,Download,,rsrp=-97|rsrq=-15|snr=7,rsrp=-97|rsrq=-15,-97,-15,7,ploss=0|noise_power_dB=-5,0,-5,False,ploss=0|noise_power_dB=-5,0,-5,False,False,False,False,False
ucc-static-d5c8cfbdaef26f64,89,d5c8cfbdaef26f64,Download,,rsrp=-97|rsrq=-15|snr=7,rsrp=-97|rsrq=-15,-97,-15,7,ploss=0|noise_power_dB=-5,0,-5,False,ploss=0|noise_power_dB=-5,0,-5,False,False,False,False,False
ucc-static-d5c8cfbdaef26f64,90,d5c8cfbdaef26f64,Download,,rsrp=-96|rsrq=-15|snr=5,rsrp=-96|rsrq=-15,-96,-15,5,ploss=0|noise_power_dB=-5,0,-5,False,ploss=0|noise_power_dB=-5,0,-5,False,False,False,False,False
ucc-static-d5c8cfbdaef26f64,91,d5c8cfbdaef26f64,Download,,rsrp=-96|rsrq=-15|snr=5,rsrp=-96|rsrq=-15,-96,-15,5,ploss=0|noise_power_dB=-5,0,-5,False,ploss=0|noise_power_dB=-5,0,-5,False,False,False,False,False
ucc-static-d5c8cfbdaef26f64,92,d5c8cfbdaef26f64,Download,,rsrp=-96|rsrq=-13|snr=4,rsrp=-96|rsrq=-13,-96,-13,4,ploss=0|noise_power_dB=-5,0,-5,False,ploss=0|noise_power_dB=-5,0,-5,False,False,False,False,False
ucc-static-d5c8cfbdaef26f64,93,d5c8cfbdaef26f64,Download,,rsrp=-96|rsrq=-13|snr=4,rsrp=-96|rsrq=-13,-96,-13,4,ploss=0|noise_power_dB=-5,0,-5,False,ploss=0|noise_power_dB=-5,0,-5,False,False,False,False,False
ucc-static-d5c8cfbdaef26f64,94,d5c8cfbdaef26f64,Download,,rsrp=-96|rsrq=-12|snr=1,rsrp=-96|rsrq=-12,-96,-12,1,ploss=0|noise_power_dB=-5,0,-5,False,ploss=0|noise_power_dB=-5,0,-5,False,False,False,False,False
ucc-static-d5c8cfbdaef26f64,95,d5c8cfbdaef26f64,Download,,rsrp=-96|rsrq=-12|snr=1,rsrp=-96|rsrq=-12,-96,-12,1,ploss=0|noise_power_dB=-5,0,-5,False,ploss=0|noise_power_dB=-5,0,-5,False,False,False,False,False
ucc-static-d5c8cfbdaef26f64,96,d5c8cfbdaef26f64,Download,,rsrp=-95|rsrq=-13|snr=3,rsrp=-95|rsrq=-13,-95,-13,3,ploss=0|noise_power_dB=-5,0,-5,False,ploss=0|noise_power_dB=-5,0,-5,False,False,False,False,False
ucc-static-d5c8cfbdaef26f64,97,d5c8cfbdaef26f64,Download,,rsrp=-95|rsrq=-13|snr=3,rsrp=-95|rsrq=-13,-95,-13,3,ploss=0|noise_power_dB=-5,0,-5,False,ploss=0|noise_power_dB=-5,0,-5,False,False,False,False,False
ucc-static-d5c8cfbdaef26f64,98,d5c8cfbdaef26f64,Download,,rsrp=-96|rsrq=-12|snr=4,rsrp=-96|rsrq=-12,-96,-12,4,ploss=0|noise_power_dB=-5,0,-5,False,ploss=0|noise_power_dB=-5,0,-5,False,False,False,False,False
ucc-static-d5c8cfbdaef26f64,99,d5c8cfbdaef26f64,Download,,rsrp=-96|rsrq=-12|snr=4,rsrp=-96|rsrq=-12,-96,-12,4,ploss=0|noise_power_dB=-5,0,-5,False,ploss=0|noise_power_dB=-5,0,-5,False,False,False,False,False
ucc-static-d5c8cfbdaef26f64,100,d5c8cfbdaef26f64,Download,,rsrp=-96|rsrq=-12|snr=9,rsrp=-96|rsrq=-12,-96,-12,9,ploss=0|noise_power_dB=-5,0,-5,False,ploss=0|noise_power_dB=-5,0,-5,False,False,False,False,False
ucc-static-d5c8cfbdaef26f64,101,d5c8cfbdaef26f64,Download,,rsrp=-96|rsrq=-12|snr=9,rsrp=-96|rsrq=-12,-96,-12,9,ploss=0|noise_power_dB=-5,0,-5,False,ploss=0|noise_power_dB=-5,0,-5,False,False,False,False,False
ucc-static-d5c8cfbdaef26f64,102,d5c8cfbdaef26f64,Download,,rsrp=-96|rsrq=-11|snr=5,rsrp=-96|rsrq=-11,-96,-11,5,ploss=0|noise_power_dB=-5,0,-5,False,ploss=0|noise_power_dB=-5,0,-5,False,False,False,False,False
ucc-static-d5c8cfbdaef26f64,103,d5c8cfbdaef26f64,Download,,rsrp=-96|rsrq=-11|snr=5,rsrp=-96|rsrq=-11,-96,-11,5,ploss=0|noise_power_dB=-5,0,-5,False,ploss=0|noise_power_dB=-5,0,-5,False,False,False,False,False
ucc-static-d5c8cfbdaef26f64,104,d5c8cfbdaef26f64,Download,,rsrp=-96|rsrq=-15|snr=1,rsrp=-96|rsrq=-15,-96,-15,1,ploss=0|noise_power_dB=-5,0,-5,False,ploss=0|noise_power_dB=-5,0,-5,False,False,False,False,False
ucc-static-d5c8cfbdaef26f64,105,d5c8cfbdaef26f64,Download,,rsrp=-96|rsrq=-15|snr=1,rsrp=-96|rsrq=-15,-96,-15,1,ploss=0|noise_power_dB=-5,0,-5,False,ploss=0|noise_power_dB=-5,0,-5,False,False,False,False,False
ucc-static-d5c8cfbdaef26f64,106,d5c8cfbdaef26f64,Download,,rsrp=-95|rsrq=-14|snr=2,rsrp=-95|rsrq=-14,-95,-14,2,ploss=0|noise_power_dB=-5,0,-5,False,ploss=0|noise_power_dB=-5,0,-5,False,False,False,False,False
ucc-static-d5c8cfbdaef26f64,107,d5c8cfbdaef26f64,Download,,rsrp=-95|rsrq=-14|snr=2,rsrp=-95|rsrq=-14,-95,-14,2,ploss=0|noise_power_dB=-5,0,-5,False,ploss=0|noise_power_dB=-5,0,-5,False,False,False,False,False
ucc-static-d5c8cfbdaef26f64,108,d5c8cfbdaef26f64,Download,,rsrp=-96|rsrq=-15|snr=4,rsrp=-96|rsrq=-15,-96,-15,4,ploss=0|noise_power_dB=-5,0,-5,False,ploss=0|noise_power_dB=-5,0,-5,False,False,False,False,False
ucc-static-d5c8cfbdaef26f64,109,d5c8cfbdaef26f64,Download,,rsrp=-96|rsrq=-15|snr=4,rsrp=-96|rsrq=-15,-96,-15,4,ploss=0|noise_power_dB=-5,0,-5,False,ploss=0|noise_power_dB=-5,0,-5,False,False,False,False,False
ucc-static-d5c8cfbdaef26f64,110,d5c8cfbdaef26f64,Download,,rsrp=-95|rsrq=-16|snr=2,rsrp=-95|rsrq=-16,-95,-16,2,ploss=0|noise_power_dB=-5,0,-5,False,ploss=0|noise_power_dB=-5,0,-5,False,False,False,False,False
ucc-static-d5c8cfbdaef26f64,111,d5c8cfbdaef26f64,Download,,rsrp=-95|rsrq=-16|snr=2,rsrp=-95|rsrq=-16,-95,-16,2,ploss=0|noise_power_dB=-5,0,-5,False,ploss=0|noise_power_dB=-5,0,-5,False,False,False,False,False
ucc-static-d5c8cfbdaef26f64,112,d5c8cfbdaef26f64,Download,,rsrp=-95|rsrq=-11|snr=1,rsrp=-95|rsrq=-11,-95,-11,1,ploss=0|noise_power_dB=-5,0,-5,True,ploss=0|noise_power_dB=-5,0,-5,False,False,True,False,True
ucc-static-d5c8cfbdaef26f64,113,d5c8cfbdaef26f64,Download,,rsrp=-95|rsrq=-11|snr=1,rsrp=-95|rsrq=-11,-95,-11,1,ploss=0|noise_power_dB=-5,0,-5,True,ploss=0|noise_power_dB=-5,0,-5,False,False,True,False,True
ucc-static-d5c8cfbdaef26f64,114,d5c8cfbdaef26f64,Download,,rsrp=-97|rsrq=-14|snr=-1,rsrp=-97|rsrq=-14,-97,-14,-1,ploss=0|noise_power_dB=-5,0,-5,False,ploss=0|noise_power_dB=-5,0,-5,False,False,False,False,False
ucc-static-d5c8cfbdaef26f64,115,d5c8cfbdaef26f64,Download,,rsrp=-97|rsrq=-14|snr=-1,rsrp=-97|rsrq=-14,-97,-14,-1,ploss=0|noise_power_dB=-5,0,-5,False,ploss=0|noise_power_dB=-5,0,-5,False,False,False,False,False
ucc-static-d5c8cfbdaef26f64,116,d5c8cfbdaef26f64,Download,,rsrp=-96|rsrq=-14|snr=0,rsrp=-96|rsrq=-14,-96,-14,0,ploss=0|noise_power_dB=-5,0,-5,False,ploss=0|noise_power_dB=-5,0,-5,False,False,False,False,False
ucc-static-d5c8cfbdaef26f64,117,d5c8cfbdaef26f64,Download,,rsrp=-96|rsrq=-14|snr=0,rsrp=-96|rsrq=-14,-96,-14,0,ploss=0|noise_power_dB=-5,0,-5,False,ploss=0|noise_power_dB=-5,0,-5,False,False,False,False,False
ucc-static-d5c8cfbdaef26f64,118,d5c8cfbdaef26f64,Download,,rsrp=-95|rsrq=-14|snr=0,rsrp=-95|rsrq=-14,-95,-14,0,ploss=0|noise_power_dB=-5,0,-5,False,ploss=0|noise_power_dB=-5,0,-5,False,False,False,False,False
ucc-static-d5c8cfbdaef26f64,119,d5c8cfbdaef26f64,Download,,rsrp=-95|rsrq=-14|snr=0,rsrp=-95|rsrq=-14,-95,-14,0,ploss=0|noise_power_dB=-5,0,-5,False,ploss=0|noise_power_dB=-5,0,-5,False,False,False,False,False
ucc-static-d5c8cfbdaef26f64,120,d5c8cfbdaef26f64,Download,,rsrp=-95|rsrq=-13|snr=3,rsrp=-95|rsrq=-13,-95,-13,3,ploss=0|noise_power_dB=-5,0,-5,False,ploss=0|noise_power_dB=-5,0,-5,False,False,False,False,False
ucc-static-d5c8cfbdaef26f64,121,d5c8cfbdaef26f64,Download,,rsrp=-95|rsrq=-13|snr=3,rsrp=-95|rsrq=-13,-95,-13,3,ploss=0|noise_power_dB=-5,0,-5,False,ploss=0|noise_power_dB=-5,0,-5,False,False,False,False,False
ucc-static-d5c8cfbdaef26f64,122,d5c8cfbdaef26f64,Download,,rsrp=-95|rsrq=-13|snr=1,rsrp=-95|rsrq=-13,-95,-13,1,ploss=0|noise_power_dB=-5,0,-5,False,ploss=0|noise_power_dB=-5,0,-5,False,False,False,False,False
ucc-static-d5c8cfbdaef26f64,123,d5c8cfbdaef26f64,Download,,rsrp=-95|rsrq=-11|snr=1,rsrp=-95|rsrq=-11,-95,-11,1,ploss=0|noise_power_dB=-5,0,-5,True,ploss=0|noise_power_dB=-5,0,-5,False,False,True,False,True
ucc-static-d5c8cfbdaef26f64,124,d5c8cfbdaef26f64,Download,,rsrp=-95|rsrq=-11|snr=1,rsrp=-95|rsrq=-11,-95,-11,1,ploss=0|noise_power_dB=-5,0,-5,True,ploss=0|noise_power_dB=-5,0,-5,False,False,True,False,True
ucc-static-d5c8cfbdaef26f64,125,d5c8cfbdaef26f64,Download,,rsrp=-96|rsrq=-14|snr=4,rsrp=-96|rsrq=-14,-96,-14,4,ploss=0|noise_power_dB=-5,0,-5,False,ploss=0|noise_power_dB=-5,0,-5,False,False,False,False,False
ucc-static-d5c8cfbdaef26f64,126,d5c8cfbdaef26f64,Download,,rsrp=-96|rsrq=-14|snr=4,rsrp=-96|rsrq=-14,-96,-14,4,ploss=0|noise_power_dB=-5,0,-5,False,ploss=0|noise_power_dB=-5,0,-5,False,False,False,False,False
ucc-static-d5c8cfbdaef26f64,127,d5c8cfbdaef26f64,Download,,rsrp=-97|rsrq=-12|snr=4,rsrp=-97|rsrq=-12,-97,-12,4,ploss=0|noise_power_dB=-5,0,-5,False,ploss=0|noise_power_dB=-5,0,-5,True,False,False,True,True
ucc-static-d5c8cfbdaef26f64,128,d5c8cfbdaef26f64,Download,,rsrp=-97|rsrq=-12|snr=4,rsrp=-97|rsrq=-12,-97,-12,4,ploss=0|noise_power_dB=-5,0,-5,False,ploss=0|noise_power_dB=-5,0,-5,True,False,False,True,True
ucc-static-d5c8cfbdaef26f64,129,d5c8cfbdaef26f64,Download,,rsrp=-96|rsrq=-14|snr=-3,rsrp=-96|rsrq=-14,-96,-14,-3,ploss=0|noise_power_dB=-5,0,-5,False,ploss=0|noise_power_dB=-5,0,-5,False,False,False,False,False
ucc-static-d5c8cfbdaef26f64,130,d5c8cfbdaef26f64,Download,,rsrp=-96|rsrq=-14|snr=-3,rsrp=-96|rsrq=-14,-96,-14,-3,ploss=0|noise_power_dB=-5,0,-5,False,ploss=0|noise_power_dB=-5,0,-5,False,False,False,False,False
ucc-static-d5c8cfbdaef26f64,131,d5c8cfbdaef26f64,Download,,rsrp=-96|rsrq=-16|snr=0,rsrp=-96|rsrq=-16,-96,-16,0,ploss=0|noise_power_dB=-5,0,-5,False,ploss=0|noise_power_dB=-5,0,-5,False,False,False,False,False
ucc-static-d5c8cfbdaef26f64,132,d5c8cfbdaef26f64,Download,,rsrp=-96|rsrq=-16|snr=0,rsrp=-96|rsrq=-16,-96,-16,0,ploss=0|noise_power_dB=-5,0,-5,False,ploss=0|noise_power_dB=-5,0,-5,False,False,False,False,False
ucc-static-d5c8cfbdaef26f64,133,d5c8cfbdaef26f64,Download,,rsrp=-96|rsrq=-16|snr=2,rsrp=-96|rsrq=-16,-96,-16,2,ploss=0|noise_power_dB=-5,0,-5,False,ploss=0|noise_power_dB=-5,0,-5,False,False,False,False,False
ucc-static-d5c8cfbdaef26f64,134,d5c8cfbdaef26f64,Download,,rsrp=-96|rsrq=-16|snr=2,rsrp=-96|rsrq=-16,-96,-16,2,ploss=0|noise_power_dB=-5,0,-5,False,ploss=0|noise_power_dB=-5,0,-5,False,False,False,False,False
ucc-static-d5c8cfbdaef26f64,135,d5c8cfbdaef26f64,Download,,rsrp=-97|rsrq=-13|snr=-2,rsrp=-97|rsrq=-13,-97,-13,-2,ploss=0|noise_power_dB=-5,0,-5,False,ploss=0|noise_power_dB=-5,0,-5,False,False,False,False,False
ucc-static-d5c8cfbdaef26f64,136,d5c8cfbdaef26f64,Download,,rsrp=-97|rsrq=-13|snr=-2,rsrp=-97|rsrq=-13,-97,-13,-2,ploss=0|noise_power_dB=-5,0,-5,False,ploss=0|noise_power_dB=-5,0,-5,False,False,False,False,False
ucc-static-d5c8cfbdaef26f64,137,d5c8cfbdaef26f64,Download,,rsrp=-97|rsrq=-13|snr=-2,rsrp=-97|rsrq=-13,-97,-13,-2,ploss=0|noise_power_dB=-5,0,-5,False,ploss=0|noise_power_dB=-5,0,-5,False,False,False,False,False
ucc-static-d5c8cfbdaef26f64,138,d5c8cfbdaef26f64,Download,,rsrp=-97|rsrq=-11|snr=6,rsrp=-97|rsrq=-11,-97,-11,6,ploss=0|noise_power_dB=-5,0,-5,False,ploss=0|noise_power_dB=-5,0,-5,True,False,False,True,True
ucc-static-d5c8cfbdaef26f64,139,d5c8cfbdaef26f64,Download,,rsrp=-97|rsrq=-11|snr=6,rsrp=-97|rsrq=-11,-97,-11,6,ploss=0|noise_power_dB=-5,0,-5,False,ploss=0|noise_power_dB=-5,0,-5,True,False,False,True,True
ucc-static-d5c8cfbdaef26f64,140,d5c8cfbdaef26f64,Download,,rsrp=-97|rsrq=-12|snr=12,rsrp=-97|rsrq=-12,-97,-12,12,ploss=0|noise_power_dB=-5,0,-5,False,ploss=0|noise_power_dB=-5,0,-5,True,False,False,True,True
ucc-static-d5c8cfbdaef26f64,141,d5c8cfbdaef26f64,Download,,rsrp=-97|rsrq=-12|snr=12,rsrp=-97|rsrq=-12,-97,-12,12,ploss=0|noise_power_dB=-5,0,-5,False,ploss=0|noise_power_dB=-5,0,-5,True,False,False,True,True
ucc-static-d5c8cfbdaef26f64,142,d5c8cfbdaef26f64,Download,,rsrp=-97|rsrq=-11|snr=0,rsrp=-97|rsrq=-11,-97,-11,0,ploss=0|noise_power_dB=-5,0,-5,False,ploss=0|noise_power_dB=-5,0,-5,True,False,False,True,True
ucc-static-d5c8cfbdaef26f64,143,d5c8cfbdaef26f64,Download,,rsrp=-97|rsrq=-11|snr=0,rsrp=-97|rsrq=-11,-97,-11,0,ploss=0|noise_power_dB=-5,0,-5,False,ploss=0|noise_power_dB=-5,0,-5,True,False,False,True,True
ucc-static-d5c8cfbdaef26f64,144,d5c8cfbdaef26f64,Download,,rsrp=-97|rsrq=-12|snr=4,rsrp=-97|rsrq=-12,-97,-12,4,ploss=0|noise_power_dB=-5,0,-5,False,ploss=0|noise_power_dB=-5,0,-5,True,False,False,True,True
ucc-static-d5c8cfbdaef26f64,145,d5c8cfbdaef26f64,Download,,rsrp=-97|rsrq=-12|snr=4,rsrp=-97|rsrq=-12,-97,-12,4,ploss=0|noise_power_dB=-5,0,-5,False,ploss=0|noise_power_dB=-5,0,-5,True,False,False,True,True
ucc-static-d5c8cfbdaef26f64,146,d5c8cfbdaef26f64,Download,,rsrp=-97|rsrq=-14|snr=0,rsrp=-97|rsrq=-14,-97,-14,0,ploss=0|noise_power_dB=-5,0,-5,False,ploss=0|noise_power_dB=-5,0,-5,False,False,False,False,False
ucc-static-d5c8cfbdaef26f64,147,d5c8cfbdaef26f64,Download,,rsrp=-97|rsrq=-14|snr=0,rsrp=-97|rsrq=-14,-97,-14,0,ploss=0|noise_power_dB=-5,0,-5,False,ploss=0|noise_power_dB=-5,0,-5,False,False,False,False,False
ucc-static-d5c8cfbdaef26f64,148,d5c8cfbdaef26f64,Download,,rsrp=-96|rsrq=-16|snr=8,rsrp=-96|rsrq=-16,-96,-16,8,ploss=0|noise_power_dB=-5,0,-5,False,ploss=0|noise_power_dB=-5,0,-5,False,False,False,False,False
ucc-static-d5c8cfbdaef26f64,149,d5c8cfbdaef26f64,Download,,rsrp=-96|rsrq=-16|snr=8,rsrp=-96|rsrq=-16,-96,-16,8,ploss=0|noise_power_dB=-5,0,-5,False,ploss=0|noise_power_dB=-5,0,-5,False,False,False,False,False
ucc-static-d5c8cfbdaef26f64,150,d5c8cfbdaef26f64,Download,,rsrp=-97|rsrq=-11|snr=2,rsrp=-97|rsrq=-11,-97,-11,2,ploss=0|noise_power_dB=-5,0,-5,False,ploss=0|noise_power_dB=-5,0,-5,True,False,False,True,True
ucc-static-d5c8cfbdaef26f64,151,d5c8cfbdaef26f64,Download,,rsrp=-97|rsrq=-11|snr=2,rsrp=-97|rsrq=-11,-97,-11,2,ploss=0|noise_power_dB=-5,0,-5,False,ploss=0|noise_power_dB=-5,0,-5,True,False,False,True,True
ucc-static-d5c8cfbdaef26f64,152,d5c8cfbdaef26f64,Download,,rsrp=-96|rsrq=-11|snr=2,rsrp=-96|rsrq=-11,-96,-11,2,ploss=0|noise_power_dB=-5,0,-5,False,ploss=0|noise_power_dB=-5,0,-5,False,False,False,False,False
ucc-static-d5c8cfbdaef26f64,153,d5c8cfbdaef26f64,Download,,rsrp=-96|rsrq=-11|snr=2,rsrp=-96|rsrq=-11,-96,-11,2,ploss=0|noise_power_dB=-5,0,-5,False,ploss=0|noise_power_dB=-5,0,-5,False,False,False,False,False
ucc-static-d5c8cfbdaef26f64,154,d5c8cfbdaef26f64,Download,,rsrp=-98|rsrq=-11|snr=-1,rsrp=-98|rsrq=-11,-98,-11,-1,ploss=0|noise_power_dB=-5,0,-5,False,ploss=0|noise_power_dB=-5,0,-5,True,False,False,True,True
ucc-static-d5c8cfbdaef26f64,155,d5c8cfbdaef26f64,Download,,rsrp=-98|rsrq=-11|snr=-1,rsrp=-98|rsrq=-11,-98,-11,-1,ploss=0|noise_power_dB=-5,0,-5,False,ploss=0|noise_power_dB=-5,0,-5,True,False,False,True,True
ucc-static-d5c8cfbdaef26f64,156,d5c8cfbdaef26f64,Download,,rsrp=-98|rsrq=-12|snr=1,rsrp=-98|rsrq=-12,-98,-12,1,ploss=0|noise_power_dB=-5,0,-5,False,ploss=0|noise_power_dB=-5,0,-5,True,False,False,True,True
ucc-static-d5c8cfbdaef26f64,157,d5c8cfbdaef26f64,Download,,rsrp=-98|rsrq=-12|snr=1,rsrp=-98|rsrq=-12,-98,-12,1,ploss=0|noise_power_dB=-5,0,-5,False,ploss=0|noise_power_dB=-5,0,-5,True,False,False,True,True
ucc-static-d5c8cfbdaef26f64,158,d5c8cfbdaef26f64,Download,,rsrp=-98|rsrq=-12|snr=3,rsrp=-98|rsrq=-12,-98,-12,3,ploss=0|noise_power_dB=-5,0,-5,False,ploss=0|noise_power_dB=-5,0,-5,True,False,False,True,True
ucc-static-d5c8cfbdaef26f64,159,d5c8cfbdaef26f64,Download,,rsrp=-98|rsrq=-12|snr=3,rsrp=-98|rsrq=-12,-98,-12,3,ploss=0|noise_power_dB=-5,0,-5,False,ploss=0|noise_power_dB=-5,0,-5,True,False,False,True,True
ucc-static-d5c8cfbdaef26f64,160,d5c8cfbdaef26f64,Download,,rsrp=-98|rsrq=-11|snr=2,rsrp=-98|rsrq=-11,-98,-11,2,ploss=0|noise_power_dB=-5,0,-5,False,ploss=0|noise_power_dB=-5,0,-5,True,False,False,True,True
ucc-static-e6dc9af174051f0c,0,e6dc9af174051f0c,Netflix,Season3-StrangerThings,rsrp=-80|rsrq=-10|snr=0,rsrp=-80|rsrq=-10,-80,-10,0,ploss=0|noise_power_dB=-5,0,-5,False,ploss=0|noise_power_dB=-5,0,-5,False,False,False,False,False
ucc-static-e6dc9af174051f0c,1,e6dc9af174051f0c,Netflix,Season3-StrangerThings,rsrp=-80|rsrq=-10|snr=0,rsrp=-80|rsrq=-10,-80,-10,0,ploss=0|noise_power_dB=-5,0,-5,False,ploss=0|noise_power_dB=-5,0,-5,False,False,False,False,False
ucc-static-e6dc9af174051f0c,2,e6dc9af174051f0c,Netflix,Season3-StrangerThings,rsrp=-81|rsrq=-11|snr=4,rsrp=-81|rsrq=-11,-81,-11,4,ploss=0|noise_power_dB=-5,0,-5,False,ploss=0|noise_power_dB=-5,0,-5,False,False,False,False,False
ucc-static-e6dc9af174051f0c,3,e6dc9af174051f0c,Netflix,Season3-StrangerThings,rsrp=-81|rsrq=-11|snr=4,rsrp=-81|rsrq=-11,-81,-11,4,ploss=0|noise_power_dB=-5,0,-5,False,ploss=0|noise_power_dB=-5,0,-5,False,False,False,False,False
ucc-static-e6dc9af174051f0c,4,e6dc9af174051f0c,Netflix,Season3-StrangerThings,rsrp=-80|rsrq=-11|snr=0,rsrp=-80|rsrq=-11,-80,-11,0,ploss=0|noise_power_dB=-5,0,-5,False,ploss=0|noise_power_dB=-5,0,-5,False,False,False,False,False
ucc-static-e6dc9af174051f0c,5,e6dc9af174051f0c,Netflix,Season3-StrangerThings,rsrp=-80|rsrq=-11|snr=0,rsrp=-80|rsrq=-11,-80,-11,0,ploss=0|noise_power_dB=-5,0,-5,False,ploss=0|noise_power_dB=-5,0,-5,False,False,False,False,False
ucc-static-e6dc9af174051f0c,6,e6dc9af174051f0c,Netflix,Season3-StrangerThings,rsrp=-80|rsrq=-10|snr=3,rsrp=-80|rsrq=-10,-80,-10,3,ploss=0|noise_power_dB=-5,0,-5,False,ploss=0|noise_power_dB=-5,0,-5,False,False,False,False,False
ucc-static-e6dc9af174051f0c,7,e6dc9af174051f0c,Netflix,Season3-StrangerThings,rsrp=-80|rsrq=-10|snr=3,rsrp=-80|rsrq=-10,-80,-10,3,ploss=0|noise_power_dB=-5,0,-5,False,ploss=0|noise_power_dB=-5,0,-5,False,False,False,False,False
ucc-static-e6dc9af174051f0c,8,e6dc9af174051f0c,Netflix,Season3-StrangerThings,rsrp=-80|rsrq=-10|snr=2,rsrp=-80|rsrq=-10,-80,-10,2,ploss=0|noise_power_dB=-5,0,-5,False,ploss=0|noise_power_dB=-5,0,-5,False,False,False,False,False
ucc-static-e6dc9af174051f0c,9,e6dc9af174051f0c,Netflix,Season3-StrangerThings,rsrp=-80|rsrq=-10|snr=2,rsrp=-80|rsrq=-10,-80,-10,2,ploss=0|noise_power_dB=-5,0,-5,False,ploss=0|noise_power_dB=-5,0,-5,False,False,False,False,False
ucc-static-e6dc9af174051f0c,10,e6dc9af174051f0c,Netflix,Season3-StrangerThings,rsrp=-80|rsrq=-11|snr=-4,rsrp=-80|rsrq=-11,-80,-11,-4,ploss=0|noise_power_dB=-5,0,-5,False,ploss=0|noise_power_dB=-5,0,-5,False,False,False,False,False
ucc-static-e6dc9af174051f0c,11,e6dc9af174051f0c,Netflix,Season3-StrangerThings,rsrp=-80|rsrq=-11|snr=-4,rsrp=-80|rsrq=-11,-80,-11,-4,ploss=0|noise_power_dB=-5,0,-5,False,ploss=0|noise_power_dB=-5,0,-5,False,False,False,False,False
ucc-static-e6dc9af174051f0c,12,e6dc9af174051f0c,Netflix,Season3-StrangerThings,rsrp=-80|rsrq=-11|snr=1,rsrp=-80|rsrq=-11,-80,-11,1,ploss=0|noise_power_dB=-5,0,-5,False,ploss=0|noise_power_dB=-5,0,-5,False,False,False,False,False
ucc-static-e6dc9af174051f0c,13,e6dc9af174051f0c,Netflix,Season3-StrangerThings,rsrp=-80|rsrq=-11|snr=1,rsrp=-80|rsrq=-11,-80,-11,1,ploss=0|noise_power_dB=-5,0,-5,False,ploss=0|noise_power_dB=-5,0,-5,False,False,False,False,False
ucc-static-e6dc9af174051f0c,14,e6dc9af174051f0c,Netflix,Season3-StrangerThings,rsrp=-80|rsrq=-10|snr=-1,rsrp=-80|rsrq=-10,-80,-10,-1,ploss=0|noise_power_dB=-5,0,-5,False,ploss=0|noise_power_dB=-5,0,-5,False,False,False,False,False
ucc-static-e6dc9af174051f0c,15,e6dc9af174051f0c,Netflix,Season3-StrangerThings,rsrp=-80|rsrq=-10|snr=-1,rsrp=-80|rsrq=-10,-80,-10,-1,ploss=0|noise_power_dB=-5,0,-5,False,ploss=0|noise_power_dB=-5,0,-5,False,False,False,False,False
ucc-static-e6dc9af174051f0c,16,e6dc9af174051f0c,Netflix,Season3-StrangerThings,rsrp=-80|rsrq=-10|snr=2,rsrp=-80|rsrq=-10,-80,-10,2,ploss=0|noise_power_dB=-5,0,-5,False,ploss=0|noise_power_dB=-5,0,-5,False,False,False,False,False
ucc-static-e6dc9af174051f0c,17,e6dc9af174051f0c,Netflix,Season3-StrangerThings,rsrp=-80|rsrq=-10|snr=2,rsrp=-80|rsrq=-10,-80,-10,2,ploss=0|noise_power_dB=-5,0,-5,False,ploss=0|noise_power_dB=-5,0,-5,False,False,False,False,False
ucc-static-e6dc9af174051f0c,18,e6dc9af174051f0c,Netflix,Season3-StrangerThings,rsrp=-80|rsrq=-13|snr=2,rsrp=-80|rsrq=-13,-80,-13,2,ploss=0|noise_power_dB=-5,0,-5,False,ploss=0|noise_power_dB=-5,0,-5,False,False,False,False,False
ucc-static-e6dc9af174051f0c,19,e6dc9af174051f0c,Netflix,Season3-StrangerThings,rsrp=-80|rsrq=-13|snr=2,rsrp=-80|rsrq=-13,-80,-13,2,ploss=0|noise_power_dB=-5,0,-5,False,ploss=0|noise_power_dB=-5,0,-5,False,False,False,False,False
ucc-static-e6dc9af174051f0c,20,e6dc9af174051f0c,Netflix,Season3-StrangerThings,rsrp=-80|rsrq=-11|snr=-3,rsrp=-80|rsrq=-11,-80,-11,-3,ploss=0|noise_power_dB=-5,0,-5,False,ploss=0|noise_power_dB=-5,0,-5,False,False,False,False,False
ucc-static-e6dc9af174051f0c,21,e6dc9af174051f0c,Netflix,Season3-StrangerThings,rsrp=-80|rsrq=-11|snr=-3,rsrp=-80|rsrq=-11,-80,-11,-3,ploss=0|noise_power_dB=-5,0,-5,False,ploss=0|noise_power_dB=-5,0,-5,False,False,False,False,False
ucc-static-e6dc9af174051f0c,22,e6dc9af174051f0c,Netflix,Season3-StrangerThings,rsrp=-80|rsrq=-10|snr=1,rsrp=-80|rsrq=-10,-80,-10,1,ploss=0|noise_power_dB=-5,0,-5,False,ploss=0|noise_power_dB=-5,0,-5,False,False,False,False,False
ucc-static-e6dc9af174051f0c,23,e6dc9af174051f0c,Netflix,Season3-StrangerThings,rsrp=-80|rsrq=-10|snr=1,rsrp=-80|rsrq=-10,-80,-10,1,ploss=0|noise_power_dB=-5,0,-5,False,ploss=0|noise_power_dB=-5,0,-5,False,False,False,False,False
ucc-static-e6dc9af174051f0c,24,e6dc9af174051f0c,Netflix,Season3-StrangerThings,rsrp=-80|rsrq=-16|snr=1,rsrp=-80|rsrq=-16,-80,-16,1,ploss=0|noise_power_dB=-5,0,-5,False,ploss=0|noise_power_dB=-5,0,-5,False,False,False,False,False
ucc-static-e6dc9af174051f0c,25,e6dc9af174051f0c,Netflix,Season3-StrangerThings,rsrp=-80|rsrq=-16|snr=1,rsrp=-80|rsrq=-16,-80,-16,1,ploss=0|noise_power_dB=-5,0,-5,False,ploss=0|noise_power_dB=-5,0,-5,False,False,False,False,False
ucc-static-e6dc9af174051f0c,26,e6dc9af174051f0c,Netflix,Season3-StrangerThings,rsrp=-79|rsrq=-10|snr=2,rsrp=-79|rsrq=-10,-79,-10,2,ploss=0|noise_power_dB=-5,0,-5,False,ploss=0|noise_power_dB=-5,0,-5,False,False,False,False,False
ucc-static-e6dc9af174051f0c,27,e6dc9af174051f0c,Netflix,Season3-StrangerThings,rsrp=-79|rsrq=-10|snr=2,rsrp=-79|rsrq=-10,-79,-10,2,ploss=0|noise_power_dB=-5,0,-5,False,ploss=0|noise_power_dB=-5,0,-5,False,False,False,False,False
ucc-static-e6dc9af174051f0c,28,e6dc9af174051f0c,Netflix,Season3-StrangerThings,rsrp=-79|rsrq=-11|snr=-5,rsrp=-79|rsrq=-11,-79,-11,-5,ploss=0|noise_power_dB=-5,0,-5,False,ploss=0|noise_power_dB=-5,0,-5,False,False,False,False,False
ucc-static-e6dc9af174051f0c,29,e6dc9af174051f0c,Netflix,Season3-StrangerThings,rsrp=-79|rsrq=-11|snr=-5,rsrp=-79|rsrq=-11,-79,-11,-5,ploss=0|noise_power_dB=-5,0,-5,False,ploss=0|noise_power_dB=-5,0,-5,False,False,False,False,False
ucc-static-e6dc9af174051f0c,30,e6dc9af174051f0c,Netflix,Season3-StrangerThings,rsrp=-81|rsrq=-10|snr=-3,rsrp=-81|rsrq=-10,-81,-10,-3,ploss=0|noise_power_dB=-5,0,-5,False,ploss=0|noise_power_dB=-5,0,-5,False,False,False,False,False
ucc-static-e6dc9af174051f0c,31,e6dc9af174051f0c,Netflix,Season3-StrangerThings,rsrp=-81|rsrq=-10|snr=-3,rsrp=-81|rsrq=-10,-81,-10,-3,ploss=0|noise_power_dB=-5,0,-5,False,ploss=0|noise_power_dB=-5,0,-5,False,False,False,False,False
ucc-static-e6dc9af174051f0c,32,e6dc9af174051f0c,Netflix,Season3-StrangerThings,rsrp=-80|rsrq=-10|snr=-4,rsrp=-80|rsrq=-10,-80,-10,-4,ploss=0|noise_power_dB=-5,0,-5,False,ploss=0|noise_power_dB=-5,0,-5,False,False,False,False,False
ucc-static-e6dc9af174051f0c,33,e6dc9af174051f0c,Netflix,Season3-StrangerThings,rsrp=-80|rsrq=-10|snr=-4,rsrp=-80|rsrq=-10,-80,-10,-4,ploss=0|noise_power_dB=-5,0,-5,False,ploss=0|noise_power_dB=-5,0,-5,False,False,False,False,False
ucc-static-e6dc9af174051f0c,34,e6dc9af174051f0c,Netflix,Season3-StrangerThings,rsrp=-80|rsrq=-14|snr=-1,rsrp=-80|rsrq=-14,-80,-14,-1,ploss=0|noise_power_dB=-5,0,-5,False,ploss=0|noise_power_dB=-5,0,-5,False,False,False,False,False
ucc-static-e6dc9af174051f0c,35,e6dc9af174051f0c,Netflix,Season3-StrangerThings,rsrp=-80|rsrq=-14|snr=-1,rsrp=-80|rsrq=-14,-80,-14,-1,ploss=0|noise_power_dB=-5,0,-5,False,ploss=0|noise_power_dB=-5,0,-5,False,False,False,False,False
ucc-static-e6dc9af174051f0c,36,e6dc9af174051f0c,Netflix,Season3-StrangerThings,rsrp=-81|rsrq=-11|snr=1,rsrp=-81|rsrq=-11,-81,-11,1,ploss=0|noise_power_dB=-5,0,-5,False,ploss=0|noise_power_dB=-5,0,-5,False,False,False,False,False
ucc-static-e6dc9af174051f0c,37,e6dc9af174051f0c,Netflix,Season3-StrangerThings,rsrp=-81|rsrq=-11|snr=1,rsrp=-81|rsrq=-11,-81,-11,1,ploss=0|noise_power_dB=-5,0,-5,False,ploss=0|noise_power_dB=-5,0,-5,False,False,False,False,False
ucc-static-e6dc9af174051f0c,38,e6dc9af174051f0c,Netflix,Season3-StrangerThings,rsrp=-80|rsrq=-11|snr=0,rsrp=-80|rsrq=-11,-80,-11,0,ploss=0|noise_power_dB=-5,0,-5,False,ploss=0|noise_power_dB=-5,0,-5,False,False,False,False,False
ucc-static-e6dc9af174051f0c,39,e6dc9af174051f0c,Netflix,Season3-StrangerThings,rsrp=-80|rsrq=-11|snr=0,rsrp=-80|rsrq=-11,-80,-11,0,ploss=0|noise_power_dB=-5,0,-5,False,ploss=0|noise_power_dB=-5,0,-5,False,False,False,False,False
ucc-static-e6dc9af174051f0c,40,e6dc9af174051f0c,Netflix,Season3-StrangerThings,rsrp=-79|rsrq=-11|snr=-6,rsrp=-79|rsrq=-11,-79,-11,-6,ploss=0|noise_power_dB=-5,0,-5,False,ploss=0|noise_power_dB=-5,0,-5,False,False,False,False,False
ucc-static-e6dc9af174051f0c,41,e6dc9af174051f0c,Netflix,Season3-StrangerThings,rsrp=-79|rsrq=-11|snr=-6,rsrp=-79|rsrq=-11,-79,-11,-6,ploss=0|noise_power_dB=-5,0,-5,False,ploss=0|noise_power_dB=-5,0,-5,False,False,False,False,False
ucc-static-e6dc9af174051f0c,42,e6dc9af174051f0c,Netflix,Season3-StrangerThings,rsrp=-80|rsrq=-13|snr=-1,rsrp=-80|rsrq=-13,-80,-13,-1,ploss=0|noise_power_dB=-5,0,-5,False,ploss=0|noise_power_dB=-5,0,-5,False,False,False,False,False
ucc-static-e6dc9af174051f0c,43,e6dc9af174051f0c,Netflix,Season3-StrangerThings,rsrp=-80|rsrq=-13|snr=-1,rsrp=-80|rsrq=-13,-80,-13,-1,ploss=0|noise_power_dB=-5,0,-5,False,ploss=0|noise_power_dB=-5,0,-5,False,False,False,False,False
ucc-static-e6dc9af174051f0c,44,e6dc9af174051f0c,Netflix,Season3-StrangerThings,rsrp=-80|rsrq=-10|snr=0,rsrp=-80|rsrq=-10,-80,-10,0,ploss=0|noise_power_dB=-5,0,-5,False,ploss=0|noise_power_dB=-5,0,-5,False,False,False,False,False
ucc-static-e6dc9af174051f0c,45,e6dc9af174051f0c,Netflix,Season3-StrangerThings,rsrp=-80|rsrq=-10|snr=0,rsrp=-80|rsrq=-10,-80,-10,0,ploss=0|noise_power_dB=-5,0,-5,False,ploss=0|noise_power_dB=-5,0,-5,False,False,False,False,False
ucc-static-e6dc9af174051f0c,46,e6dc9af174051f0c,Netflix,Season3-StrangerThings,rsrp=-80|rsrq=-10|snr=0,rsrp=-80|rsrq=-10,-80,-10,0,ploss=0|noise_power_dB=-5,0,-5,False,ploss=0|noise_power_dB=-5,0,-5,False,False,False,False,False
ucc-static-e6dc9af174051f0c,47,e6dc9af174051f0c,Netflix,Season3-StrangerThings,rsrp=-80|rsrq=-10|snr=0,rsrp=-80|rsrq=-10,-80,-10,0,ploss=0|noise_power_dB=-5,0,-5,False,ploss=0|noise_power_dB=-5,0,-5,False,False,False,False,False
ucc-static-e6dc9af174051f0c,48,e6dc9af174051f0c,Netflix,Season3-StrangerThings,rsrp=-80|rsrq=-10|snr=0,rsrp=-80|rsrq=-10,-80,-10,0,ploss=0|noise_power_dB=-5,0,-5,False,ploss=0|noise_power_dB=-5,0,-5,False,False,False,False,False
ucc-static-e6dc9af174051f0c,49,e6dc9af174051f0c,Netflix,Season3-StrangerThings,rsrp=-80|rsrq=-10|snr=0,rsrp=-80|rsrq=-10,-80,-10,0,ploss=0|noise_power_dB=-5,0,-5,False,ploss=0|noise_power_dB=-5,0,-5,False,False,False,False,False
ucc-static-e6dc9af174051f0c,50,e6dc9af174051f0c,Netflix,Season3-StrangerThings,rsrp=-80|rsrq=-11|snr=0,rsrp=-80|rsrq=-11,-80,-11,0,ploss=0|noise_power_dB=-5,0,-5,False,ploss=0|noise_power_dB=-5,0,-5,False,False,False,False,False
ucc-static-e6dc9af174051f0c,51,e6dc9af174051f0c,Netflix,Season3-StrangerThings,rsrp=-80|rsrq=-11|snr=0,rsrp=-80|rsrq=-11,-80,-11,0,ploss=0|noise_power_dB=-5,0,-5,False,ploss=0|noise_power_dB=-5,0,-5,False,False,False,False,False
ucc-static-e6dc9af174051f0c,52,e6dc9af174051f0c,Netflix,Season3-StrangerThings,rsrp=-81|rsrq=-11|snr=3,rsrp=-81|rsrq=-11,-81,-11,3,ploss=0|noise_power_dB=-5,0,-5,False,ploss=0|noise_power_dB=-5,0,-5,False,False,False,False,False
ucc-static-e6dc9af174051f0c,53,e6dc9af174051f0c,Netflix,Season3-StrangerThings,rsrp=-81|rsrq=-11|snr=3,rsrp=-81|rsrq=-11,-81,-11,3,ploss=0|noise_power_dB=-5,0,-5,False,ploss=0|noise_power_dB=-5,0,-5,False,False,False,False,False
ucc-static-e6dc9af174051f0c,54,e6dc9af174051f0c,Netflix,Season3-StrangerThings,rsrp=-81|rsrq=-10|snr=0,rsrp=-81|rsrq=-10,-81,-10,0,ploss=0|noise_power_dB=-5,0,-5,False,ploss=0|noise_power_dB=-5,0,-5,False,False,False,False,False
ucc-static-e6dc9af174051f0c,55,e6dc9af174051f0c,Netflix,Season3-StrangerThings,rsrp=-81|rsrq=-10|snr=0,rsrp=-81|rsrq=-10,-81,-10,0,ploss=0|noise_power_dB=-5,0,-5,False,ploss=0|noise_power_dB=-5,0,-5,False,False,False,False,False
ucc-static-e6dc9af174051f0c,56,e6dc9af174051f0c,Netflix,Season3-StrangerThings,rsrp=-81|rsrq=-10|snr=2,rsrp=-81|rsrq=-10,-81,-10,2,ploss=0|noise_power_dB=-5,0,-5,False,ploss=0|noise_power_dB=-5,0,-5,False,False,False,False,False
ucc-static-e6dc9af174051f0c,57,e6dc9af174051f0c,Netflix,Season3-StrangerThings,rsrp=-81|rsrq=-10|snr=2,rsrp=-81|rsrq=-10,-81,-10,2,ploss=0|noise_power_dB=-5,0,-5,False,ploss=0|noise_power_dB=-5,0,-5,False,False,False,False,False
ucc-static-e6dc9af174051f0c,58,e6dc9af174051f0c,Netflix,Season3-StrangerThings,rsrp=-80|rsrq=-10|snr=4,rsrp=-80|rsrq=-10,-80,-10,4,ploss=0|noise_power_dB=-5,0,-5,False,ploss=0|noise_power_dB=-5,0,-5,False,False,False,False,False
ucc-static-e6dc9af174051f0c,59,e6dc9af174051f0c,Netflix,Season3-StrangerThings,rsrp=-80|rsrq=-10|snr=4,rsrp=-80|rsrq=-10,-80,-10,4,ploss=0|noise_power_dB=-5,0,-5,False,ploss=0|noise_power_dB=-5,0,-5,False,False,False,False,False
ucc-static-e6dc9af174051f0c,60,e6dc9af174051f0c,Netflix,Season3-StrangerThings,rsrp=-80|rsrq=-16|snr=3,rsrp=-80|rsrq=-16,-80,-16,3,ploss=0|noise_power_dB=-5,0,-5,False,ploss=0|noise_power_dB=-5,0,-5,False,False,False,False,False
ucc-static-e6dc9af174051f0c,61,e6dc9af174051f0c,Netflix,Season3-StrangerThings,rsrp=-80|rsrq=-16|snr=3,rsrp=-80|rsrq=-16,-80,-16,3,ploss=0|noise_power_dB=-5,0,-5,False,ploss=0|noise_power_dB=-5,0,-5,False,False,False,False,False
ucc-static-e6dc9af174051f0c,62,e6dc9af174051f0c,Netflix,Season3-StrangerThings,rsrp=-81|rsrq=-13|snr=2,rsrp=-81|rsrq=-13,-81,-13,2,ploss=0|noise_power_dB=-5,0,-5,False,ploss=0|noise_power_dB=-5,0,-5,False,False,False,False,False
ucc-static-e6dc9af174051f0c,63,e6dc9af174051f0c,Netflix,Season3-StrangerThings,rsrp=-81|rsrq=-13|snr=2,rsrp=-81|rsrq=-13,-81,-13,2,ploss=0|noise_power_dB=-5,0,-5,False,ploss=0|noise_power_dB=-5,0,-5,False,False,False,False,False
ucc-static-e6dc9af174051f0c,64,e6dc9af174051f0c,Netflix,Season3-StrangerThings,rsrp=-81|rsrq=-12|snr=3,rsrp=-81|rsrq=-12,-81,-12,3,ploss=0|noise_power_dB=-5,0,-5,False,ploss=0|noise_power_dB=-5,0,-5,False,False,False,False,False
ucc-static-e6dc9af174051f0c,65,e6dc9af174051f0c,Netflix,Season3-StrangerThings,rsrp=-81|rsrq=-12|snr=3,rsrp=-81|rsrq=-12,-81,-12,3,ploss=0|noise_power_dB=-5,0,-5,False,ploss=0|noise_power_dB=-5,0,-5,False,False,False,False,False
ucc-static-e6dc9af174051f0c,66,e6dc9af174051f0c,Netflix,Season3-StrangerThings,rsrp=-84|rsrq=-11|snr=2,rsrp=-84|rsrq=-11,-84,-11,2,ploss=0|noise_power_dB=-5,0,-5,False,ploss=0|noise_power_dB=-5,0,-5,False,False,False,False,False
ucc-static-e6dc9af174051f0c,67,e6dc9af174051f0c,Netflix,Season3-StrangerThings,rsrp=-84|rsrq=-11|snr=2,rsrp=-84|rsrq=-11,-84,-11,2,ploss=0|noise_power_dB=-5,0,-5,False,ploss=0|noise_power_dB=-5,0,-5,False,False,False,False,False
ucc-static-e6dc9af174051f0c,68,e6dc9af174051f0c,Netflix,Season3-StrangerThings,rsrp=-81|rsrq=-11|snr=2,rsrp=-81|rsrq=-11,-81,-11,2,ploss=0|noise_power_dB=-5,0,-5,False,ploss=0|noise_power_dB=-5,0,-5,False,False,False,False,False
ucc-static-e6dc9af174051f0c,69,e6dc9af174051f0c,Netflix,Season3-StrangerThings,rsrp=-81|rsrq=-11|snr=2,rsrp=-81|rsrq=-11,-81,-11,2,ploss=0|noise_power_dB=-5,0,-5,False,ploss=0|noise_power_dB=-5,0,-5,False,False,False,False,False
ucc-static-e6dc9af174051f0c,70,e6dc9af174051f0c,Netflix,Season3-StrangerThings,rsrp=-80|rsrq=-9|snr=2,rsrp=-80|rsrq=-9,-80,-9,2,ploss=0|noise_power_dB=-5,0,-5,False,ploss=0|noise_power_dB=-5,0,-5,False,False,False,False,False
ucc-static-e6dc9af174051f0c,71,e6dc9af174051f0c,Netflix,Season3-StrangerThings,rsrp=-80|rsrq=-9|snr=2,rsrp=-80|rsrq=-9,-80,-9,2,ploss=0|noise_power_dB=-5,0,-5,False,ploss=0|noise_power_dB=-5,0,-5,False,False,False,False,False
ucc-static-e6dc9af174051f0c,72,e6dc9af174051f0c,Netflix,Season3-StrangerThings,rsrp=-80|rsrq=-10|snr=5,rsrp=-80|rsrq=-10,-80,-10,5,ploss=0|noise_power_dB=-5,0,-5,False,ploss=0|noise_power_dB=-5,0,-5,False,False,False,False,False
ucc-static-e6dc9af174051f0c,73,e6dc9af174051f0c,Netflix,Season3-StrangerThings,rsrp=-80|rsrq=-10|snr=5,rsrp=-80|rsrq=-10,-80,-10,5,ploss=0|noise_power_dB=-5,0,-5,False,ploss=0|noise_power_dB=-5,0,-5,False,False,False,False,False
ucc-static-e6dc9af174051f0c,74,e6dc9af174051f0c,Netflix,Season3-StrangerThings,rsrp=-81|rsrq=-10|snr=2,rsrp=-81|rsrq=-10,-81,-10,2,ploss=0|noise_power_dB=-5,0,-5,False,ploss=0|noise_power_dB=-5,0,-5,False,False,False,False,False
ucc-static-e6dc9af174051f0c,75,e6dc9af174051f0c,Netflix,Season3-StrangerThings,rsrp=-81|rsrq=-10|snr=2,rsrp=-81|rsrq=-10,-81,-10,2,ploss=0|noise_power_dB=-5,0,-5,False,ploss=0|noise_power_dB=-5,0,-5,False,False,False,False,False
ucc-static-e6dc9af174051f0c,76,e6dc9af174051f0c,Netflix,Season3-StrangerThings,rsrp=-81|rsrq=-15|snr=0,rsrp=-81|rsrq=-15,-81,-15,0,ploss=0|noise_power_dB=-5,0,-5,False,ploss=0|noise_power_dB=-5,0,-5,False,False,False,False,False
ucc-static-e6dc9af174051f0c,77,e6dc9af174051f0c,Netflix,Season3-StrangerThings,rsrp=-81|rsrq=-15|snr=0,rsrp=-81|rsrq=-15,-81,-15,0,ploss=0|noise_power_dB=-5,0,-5,False,ploss=0|noise_power_dB=-5,0,-5,False,False,False,False,False
ucc-static-e6dc9af174051f0c,78,e6dc9af174051f0c,Netflix,Season3-StrangerThings,rsrp=-81|rsrq=-13|snr=-1,rsrp=-81|rsrq=-13,-81,-13,-1,ploss=0|noise_power_dB=-5,0,-5,False,ploss=0|noise_power_dB=-5,0,-5,False,False,False,False,False
ucc-static-e6dc9af174051f0c,79,e6dc9af174051f0c,Netflix,Season3-StrangerThings,rsrp=-81|rsrq=-13|snr=-1,rsrp=-81|rsrq=-13,-81,-13,-1,ploss=0|noise_power_dB=-5,0,-5,False,ploss=0|noise_power_dB=-5,0,-5,False,False,False,False,False
ucc-static-e6dc9af174051f0c,80,e6dc9af174051f0c,Netflix,Season3-StrangerThings,rsrp=-81|rsrq=-10|snr=6,rsrp=-81|rsrq=-10,-81,-10,6,ploss=0|noise_power_dB=-5,0,-5,False,ploss=0|noise_power_dB=-5,0,-5,False,False,False,False,False
ucc-static-e6dc9af174051f0c,81,e6dc9af174051f0c,Netflix,Season3-StrangerThings,rsrp=-81|rsrq=-10|snr=6,rsrp=-81|rsrq=-10,-81,-10,6,ploss=0|noise_power_dB=-5,0,-5,False,ploss=0|noise_power_dB=-5,0,-5,False,False,False,False,False
ucc-static-e6dc9af174051f0c,82,e6dc9af174051f0c,Netflix,Season3-StrangerThings,rsrp=-81|rsrq=-10|snr=4,rsrp=-81|rsrq=-10,-81,-10,4,ploss=0|noise_power_dB=-5,0,-5,False,ploss=0|noise_power_dB=-5,0,-5,False,False,False,False,False
ucc-static-e6dc9af174051f0c,83,e6dc9af174051f0c,Netflix,Season3-StrangerThings,rsrp=-81|rsrq=-10|snr=4,rsrp=-81|rsrq=-10,-81,-10,4,ploss=0|noise_power_dB=-5,0,-5,False,ploss=0|noise_power_dB=-5,0,-5,False,False,False,False,False
ucc-static-e6dc9af174051f0c,84,e6dc9af174051f0c,Netflix,Season3-StrangerThings,rsrp=-81|rsrq=-11|snr=2,rsrp=-81|rsrq=-11,-81,-11,2,ploss=0|noise_power_dB=-5,0,-5,False,ploss=0|noise_power_dB=-5,0,-5,False,False,False,False,False
ucc-static-e6dc9af174051f0c,85,e6dc9af174051f0c,Netflix,Season3-StrangerThings,rsrp=-81|rsrq=-11|snr=2,rsrp=-81|rsrq=-11,-81,-11,2,ploss=0|noise_power_dB=-5,0,-5,False,ploss=0|noise_power_dB=-5,0,-5,False,False,False,False,False
ucc-static-e6dc9af174051f0c,86,e6dc9af174051f0c,Netflix,Season3-StrangerThings,rsrp=-81|rsrq=-10|snr=3,rsrp=-81|rsrq=-10,-81,-10,3,ploss=0|noise_power_dB=-5,0,-5,False,ploss=0|noise_power_dB=-5,0,-5,False,False,False,False,False
ucc-static-e6dc9af174051f0c,87,e6dc9af174051f0c,Netflix,Season3-StrangerThings,rsrp=-81|rsrq=-10|snr=3,rsrp=-81|rsrq=-10,-81,-10,3,ploss=0|noise_power_dB=-5,0,-5,False,ploss=0|noise_power_dB=-5,0,-5,False,False,False,False,False
ucc-static-e6dc9af174051f0c,88,e6dc9af174051f0c,Netflix,Season3-StrangerThings,rsrp=-83|rsrq=-11|snr=3,rsrp=-83|rsrq=-11,-83,-11,3,ploss=0|noise_power_dB=-5,0,-5,False,ploss=0|noise_power_dB=-5,0,-5,False,False,False,False,False
ucc-static-e6dc9af174051f0c,89,e6dc9af174051f0c,Netflix,Season3-StrangerThings,rsrp=-83|rsrq=-11|snr=3,rsrp=-83|rsrq=-11,-83,-11,3,ploss=0|noise_power_dB=-5,0,-5,False,ploss=0|noise_power_dB=-5,0,-5,False,False,False,False,False
ucc-static-e6dc9af174051f0c,90,e6dc9af174051f0c,Netflix,Season3-StrangerThings,rsrp=-80|rsrq=-11|snr=1,rsrp=-80|rsrq=-11,-80,-11,1,ploss=0|noise_power_dB=-5,0,-5,False,ploss=0|noise_power_dB=-5,0,-5,False,False,False,False,False
ucc-static-e6dc9af174051f0c,91,e6dc9af174051f0c,Netflix,Season3-StrangerThings,rsrp=-80|rsrq=-11|snr=1,rsrp=-80|rsrq=-11,-80,-11,1,ploss=0|noise_power_dB=-5,0,-5,False,ploss=0|noise_power_dB=-5,0,-5,False,False,False,False,False
ucc-static-e6dc9af174051f0c,92,e6dc9af174051f0c,Netflix,Season3-StrangerThings,rsrp=-82|rsrq=-10|snr=2,rsrp=-82|rsrq=-10,-82,-10,2,ploss=0|noise_power_dB=-5,0,-5,False,ploss=0|noise_power_dB=-5,0,-5,False,False,False,False,False
ucc-static-e6dc9af174051f0c,93,e6dc9af174051f0c,Netflix,Season3-StrangerThings,rsrp=-82|rsrq=-10|snr=2,rsrp=-82|rsrq=-10,-82,-10,2,ploss=0|noise_power_dB=-5,0,-5,False,ploss=0|noise_power_dB=-5,0,-5,False,False,False,False,False
ucc-static-e6dc9af174051f0c,94,e6dc9af174051f0c,Netflix,Season3-StrangerThings,rsrp=-81|rsrq=-12|snr=3,rsrp=-81|rsrq=-12,-81,-12,3,ploss=0|noise_power_dB=-5,0,-5,False,ploss=0|noise_power_dB=-5,0,-5,False,False,False,False,False
ucc-static-e6dc9af174051f0c,95,e6dc9af174051f0c,Netflix,Season3-StrangerThings,rsrp=-81|rsrq=-12|snr=3,rsrp=-81|rsrq=-12,-81,-12,3,ploss=0|noise_power_dB=-5,0,-5,False,ploss=0|noise_power_dB=-5,0,-5,False,False,False,False,False
ucc-static-e6dc9af174051f0c,96,e6dc9af174051f0c,Netflix,Season3-StrangerThings,rsrp=-81|rsrq=-14|snr=1,rsrp=-81|rsrq=-14,-81,-14,1,ploss=0|noise_power_dB=-5,0,-5,False,ploss=0|noise_power_dB=-5,0,-5,False,False,False,False,False
ucc-static-e6dc9af174051f0c,97,e6dc9af174051f0c,Netflix,Season3-StrangerThings,rsrp=-81|rsrq=-14|snr=1,rsrp=-81|rsrq=-14,-81,-14,1,ploss=0|noise_power_dB=-5,0,-5,False,ploss=0|noise_power_dB=-5,0,-5,False,False,False,False,False
ucc-static-e6dc9af174051f0c,98,e6dc9af174051f0c,Netflix,Season3-StrangerThings,rsrp=-81|rsrq=-12|snr=1,rsrp=-81|rsrq=-12,-81,-12,1,ploss=0|noise_power_dB=-5,0,-5,False,ploss=0|noise_power_dB=-5,0,-5,False,False,False,False,False
ucc-static-e6dc9af174051f0c,99,e6dc9af174051f0c,Netflix,Season3-StrangerThings,rsrp=-81|rsrq=-12|snr=1,rsrp=-81|rsrq=-12,-81,-12,1,ploss=0|noise_power_dB=-5,0,-5,False,ploss=0|noise_power_dB=-5,0,-5,False,False,False,False,False
ucc-static-e6dc9af174051f0c,100,e6dc9af174051f0c,Netflix,Season3-StrangerThings,rsrp=-81|rsrq=-11|snr=4,rsrp=-81|rsrq=-11,-81,-11,4,ploss=0|noise_power_dB=-5,0,-5,False,ploss=0|noise_power_dB=-5,0,-5,False,False,False,False,False
ucc-static-e6dc9af174051f0c,101,e6dc9af174051f0c,Netflix,Season3-StrangerThings,rsrp=-81|rsrq=-11|snr=4,rsrp=-81|rsrq=-11,-81,-11,4,ploss=0|noise_power_dB=-5,0,-5,False,ploss=0|noise_power_dB=-5,0,-5,False,False,False,False,False
ucc-static-e6dc9af174051f0c,102,e6dc9af174051f0c,Netflix,Season3-StrangerThings,rsrp=-81|rsrq=-10|snr=4,rsrp=-81|rsrq=-10,-81,-10,4,ploss=0|noise_power_dB=-5,0,-5,False,ploss=0|noise_power_dB=-5,0,-5,False,False,False,False,False
ucc-static-e6dc9af174051f0c,103,e6dc9af174051f0c,Netflix,Season3-StrangerThings,rsrp=-81|rsrq=-10|snr=4,rsrp=-81|rsrq=-10,-81,-10,4,ploss=0|noise_power_dB=-5,0,-5,False,ploss=0|noise_power_dB=-5,0,-5,False,False,False,False,False
ucc-static-e6dc9af174051f0c,104,e6dc9af174051f0c,Netflix,Season3-StrangerThings,rsrp=-81|rsrq=-10|snr=3,rsrp=-81|rsrq=-10,-81,-10,3,ploss=0|noise_power_dB=-5,0,-5,False,ploss=0|noise_power_dB=-5,0,-5,False,False,False,False,False
ucc-static-e6dc9af174051f0c,105,e6dc9af174051f0c,Netflix,Season3-StrangerThings,rsrp=-81|rsrq=-10|snr=3,rsrp=-81|rsrq=-10,-81,-10,3,ploss=0|noise_power_dB=-5,0,-5,False,ploss=0|noise_power_dB=-5,0,-5,False,False,False,False,False
ucc-static-e6dc9af174051f0c,106,e6dc9af174051f0c,Netflix,Season3-StrangerThings,rsrp=-81|rsrq=-9|snr=4,rsrp=-81|rsrq=-9,-81,-9,4,ploss=0|noise_power_dB=-5,0,-5,False,ploss=0|noise_power_dB=-5,0,-5,False,False,False,False,False
ucc-static-e6dc9af174051f0c,107,e6dc9af174051f0c,Netflix,Season3-StrangerThings,rsrp=-81|rsrq=-9|snr=4,rsrp=-81|rsrq=-9,-81,-9,4,ploss=0|noise_power_dB=-5,0,-5,False,ploss=0|noise_power_dB=-5,0,-5,False,False,False,False,False
ucc-static-e6dc9af174051f0c,108,e6dc9af174051f0c,Netflix,Season3-StrangerThings,rsrp=-81|rsrq=-10|snr=4,rsrp=-81|rsrq=-10,-81,-10,4,ploss=0|noise_power_dB=-5,0,-5,False,ploss=0|noise_power_dB=-5,0,-5,False,False,False,False,False
ucc-static-e6dc9af174051f0c,109,e6dc9af174051f0c,Netflix,Season3-StrangerThings,rsrp=-81|rsrq=-10|snr=4,rsrp=-81|rsrq=-10,-81,-10,4,ploss=0|noise_power_dB=-5,0,-5,False,ploss=0|noise_power_dB=-5,0,-5,False,False,False,False,False
ucc-static-e6dc9af174051f0c,110,e6dc9af174051f0c,Netflix,Season3-StrangerThings,rsrp=-81|rsrq=-10|snr=4,rsrp=-81|rsrq=-10,-81,-10,4,ploss=0|noise_power_dB=-5,0,-5,False,ploss=0|noise_power_dB=-5,0,-5,False,False,False,False,False
ucc-static-e6dc9af174051f0c,111,e6dc9af174051f0c,Netflix,Season3-StrangerThings,rsrp=-81|rsrq=-10|snr=4,rsrp=-81|rsrq=-10,-81,-10,4,ploss=0|noise_power_dB=-5,0,-5,False,ploss=0|noise_power_dB=-5,0,-5,False,False,False,False,False
ucc-static-e6dc9af174051f0c,112,e6dc9af174051f0c,Netflix,Season3-StrangerThings,rsrp=-81|rsrq=-9|snr=4,rsrp=-81|rsrq=-9,-81,-9,4,ploss=0|noise_power_dB=-5,0,-5,False,ploss=0|noise_power_dB=-5,0,-5,False,False,False,False,False
ucc-static-e6dc9af174051f0c,113,e6dc9af174051f0c,Netflix,Season3-StrangerThings,rsrp=-81|rsrq=-9|snr=4,rsrp=-81|rsrq=-9,-81,-9,4,ploss=0|noise_power_dB=-5,0,-5,False,ploss=0|noise_power_dB=-5,0,-5,False,False,False,False,False
ucc-static-e6dc9af174051f0c,114,e6dc9af174051f0c,Netflix,Season3-StrangerThings,rsrp=-81|rsrq=-10|snr=3,rsrp=-81|rsrq=-10,-81,-10,3,ploss=0|noise_power_dB=-5,0,-5,False,ploss=0|noise_power_dB=-5,0,-5,False,False,False,False,False
ucc-static-e6dc9af174051f0c,115,e6dc9af174051f0c,Netflix,Season3-StrangerThings,rsrp=-81|rsrq=-10|snr=3,rsrp=-81|rsrq=-10,-81,-10,3,ploss=0|noise_power_dB=-5,0,-5,False,ploss=0|noise_power_dB=-5,0,-5,False,False,False,False,False
ucc-static-e6dc9af174051f0c,116,e6dc9af174051f0c,Netflix,Season3-StrangerThings,rsrp=-80|rsrq=-9|snr=5,rsrp=-80|rsrq=-9,-80,-9,5,ploss=0|noise_power_dB=-5,0,-5,False,ploss=0|noise_power_dB=-5,0,-5,False,False,False,False,False
ucc-static-e6dc9af174051f0c,117,e6dc9af174051f0c,Netflix,Season3-StrangerThings,rsrp=-80|rsrq=-9|snr=5,rsrp=-80|rsrq=-9,-80,-9,5,ploss=0|noise_power_dB=-5,0,-5,False,ploss=0|noise_power_dB=-5,0,-5,False,False,False,False,False
ucc-static-e6dc9af174051f0c,118,e6dc9af174051f0c,Netflix,Season3-StrangerThings,rsrp=-80|rsrq=-9|snr=2,rsrp=-80|rsrq=-9,-80,-9,2,ploss=0|noise_power_dB=-5,0,-5,False,ploss=0|noise_power_dB=-5,0,-5,False,False,False,False,False
ucc-static-e6dc9af174051f0c,119,e6dc9af174051f0c,Netflix,Season3-StrangerThings,rsrp=-80|rsrq=-9|snr=2,rsrp=-80|rsrq=-9,-80,-9,2,ploss=0|noise_power_dB=-5,0,-5,False,ploss=0|noise_power_dB=-5,0,-5,False,False,False,False,False
ucc-static-e6dc9af174051f0c,120,e6dc9af174051f0c,Netflix,Season3-StrangerThings,rsrp=-81|rsrq=-10|snr=-1,rsrp=-81|rsrq=-10,-81,-10,-1,ploss=0|noise_power_dB=-5,0,-5,False,ploss=0|noise_power_dB=-5,0,-5,False,False,False,False,False
ucc-static-e6dc9af174051f0c,121,e6dc9af174051f0c,Netflix,Season3-StrangerThings,rsrp=-81|rsrq=-10|snr=-1,rsrp=-81|rsrq=-10,-81,-10,-1,ploss=0|noise_power_dB=-5,0,-5,False,ploss=0|noise_power_dB=-5,0,-5,False,False,False,False,False
ucc-static-e6dc9af174051f0c,122,e6dc9af174051f0c,Netflix,Season3-StrangerThings,rsrp=-81|rsrq=-9|snr=1,rsrp=-81|rsrq=-9,-81,-9,1,ploss=0|noise_power_dB=-5,0,-5,False,ploss=0|noise_power_dB=-5,0,-5,False,False,False,False,False
ucc-static-e6dc9af174051f0c,123,e6dc9af174051f0c,Netflix,Season3-StrangerThings,rsrp=-81|rsrq=-9|snr=1,rsrp=-81|rsrq=-9,-81,-9,1,ploss=0|noise_power_dB=-5,0,-5,False,ploss=0|noise_power_dB=-5,0,-5,False,False,False,False,False
ucc-static-e6dc9af174051f0c,124,e6dc9af174051f0c,Netflix,Season3-StrangerThings,rsrp=-80|rsrq=-10|snr=3,rsrp=-80|rsrq=-10,-80,-10,3,ploss=0|noise_power_dB=-5,0,-5,False,ploss=0|noise_power_dB=-5,0,-5,False,False,False,False,False
ucc-static-e6dc9af174051f0c,125,e6dc9af174051f0c,Netflix,Season3-StrangerThings,rsrp=-80|rsrq=-10|snr=3,rsrp=-80|rsrq=-10,-80,-10,3,ploss=0|noise_power_dB=-5,0,-5,False,ploss=0|noise_power_dB=-5,0,-5,False,False,False,False,False
ucc-static-e6dc9af174051f0c,126,e6dc9af174051f0c,Netflix,Season3-StrangerThings,rsrp=-80|rsrq=-9|snr=1,rsrp=-80|rsrq=-9,-80,-9,1,ploss=0|noise_power_dB=-5,0,-5,False,ploss=0|noise_power_dB=-5,0,-5,False,False,False,False,False
ucc-static-e6dc9af174051f0c,127,e6dc9af174051f0c,Netflix,Season3-StrangerThings,rsrp=-80|rsrq=-9|snr=1,rsrp=-80|rsrq=-9,-80,-9,1,ploss=0|noise_power_dB=-5,0,-5,False,ploss=0|noise_power_dB=-5,0,-5,False,False,False,False,False
ucc-static-e6dc9af174051f0c,128,e6dc9af174051f0c,Netflix,Season3-StrangerThings,rsrp=-81|rsrq=-10|snr=-2,rsrp=-81|rsrq=-10,-81,-10,-2,ploss=0|noise_power_dB=-5,0,-5,False,ploss=0|noise_power_dB=-5,0,-5,False,False,False,False,False
ucc-static-e6dc9af174051f0c,129,e6dc9af174051f0c,Netflix,Season3-StrangerThings,rsrp=-81|rsrq=-10|snr=-2,rsrp=-81|rsrq=-10,-81,-10,-2,ploss=0|noise_power_dB=-5,0,-5,False,ploss=0|noise_power_dB=-5,0,-5,False,False,False,False,False
ucc-static-e6dc9af174051f0c,130,e6dc9af174051f0c,Netflix,Season3-StrangerThings,rsrp=-80|rsrq=-10|snr=0,rsrp=-80|rsrq=-10,-80,-10,0,ploss=0|noise_power_dB=-5,0,-5,False,ploss=0|noise_power_dB=-5,0,-5,False,False,False,False,False
ucc-static-e6dc9af174051f0c,131,e6dc9af174051f0c,Netflix,Season3-StrangerThings,rsrp=-80|rsrq=-10|snr=0,rsrp=-80|rsrq=-10,-80,-10,0,ploss=0|noise_power_dB=-5,0,-5,False,ploss=0|noise_power_dB=-5,0,-5,False,False,False,False,False
ucc-static-e6dc9af174051f0c,132,e6dc9af174051f0c,Netflix,Season3-StrangerThings,rsrp=-80|rsrq=-11|snr=1,rsrp=-80|rsrq=-11,-80,-11,1,ploss=0|noise_power_dB=-5,0,-5,False,ploss=0|noise_power_dB=-5,0,-5,False,False,False,False,False
ucc-static-e6dc9af174051f0c,133,e6dc9af174051f0c,Netflix,Season3-StrangerThings,rsrp=-80|rsrq=-11|snr=1,rsrp=-80|rsrq=-11,-80,-11,1,ploss=0|noise_power_dB=-5,0,-5,False,ploss=0|noise_power_dB=-5,0,-5,False,False,False,False,False
ucc-static-e6dc9af174051f0c,134,e6dc9af174051f0c,Netflix,Season3-StrangerThings,rsrp=-81|rsrq=-10|snr=1,rsrp=-81|rsrq=-10,-81,-10,1,ploss=0|noise_power_dB=-5,0,-5,False,ploss=0|noise_power_dB=-5,0,-5,False,False,False,False,False
ucc-static-e6dc9af174051f0c,135,e6dc9af174051f0c,Netflix,Season3-StrangerThings,rsrp=-81|rsrq=-10|snr=1,rsrp=-81|rsrq=-10,-81,-10,1,ploss=0|noise_power_dB=-5,0,-5,False,ploss=0|noise_power_dB=-5,0,-5,False,False,False,False,False
ucc-static-e6dc9af174051f0c,136,e6dc9af174051f0c,Netflix,Season3-StrangerThings,rsrp=-81|rsrq=-10|snr=1,rsrp=-81|rsrq=-10,-81,-10,1,ploss=0|noise_power_dB=-5,0,-5,False,ploss=0|noise_power_dB=-5,0,-5,False,False,False,False,False
ucc-static-e6dc9af174051f0c,137,e6dc9af174051f0c,Netflix,Season3-StrangerThings,rsrp=-81|rsrq=-10|snr=1,rsrp=-81|rsrq=-10,-81,-10,1,ploss=0|noise_power_dB=-5,0,-5,False,ploss=0|noise_power_dB=-5,0,-5,False,False,False,False,False
ucc-static-e6dc9af174051f0c,138,e6dc9af174051f0c,Netflix,Season3-StrangerThings,rsrp=-81|rsrq=-11|snr=-1,rsrp=-81|rsrq=-11,-81,-11,-1,ploss=0|noise_power_dB=-5,0,-5,False,ploss=0|noise_power_dB=-5,0,-5,False,False,False,False,False
ucc-static-e6dc9af174051f0c,139,e6dc9af174051f0c,Netflix,Season3-StrangerThings,rsrp=-81|rsrq=-11|snr=-1,rsrp=-81|rsrq=-11,-81,-11,-1,ploss=0|noise_power_dB=-5,0,-5,False,ploss=0|noise_power_dB=-5,0,-5,False,False,False,False,False
ucc-static-e6dc9af174051f0c,140,e6dc9af174051f0c,Netflix,Season3-StrangerThings,rsrp=-81|rsrq=-10|snr=3,rsrp=-81|rsrq=-10,-81,-10,3,ploss=0|noise_power_dB=-5,0,-5,False,ploss=0|noise_power_dB=-5,0,-5,False,False,False,False,False
ucc-static-e6dc9af174051f0c,141,e6dc9af174051f0c,Netflix,Season3-StrangerThings,rsrp=-81|rsrq=-10|snr=3,rsrp=-81|rsrq=-10,-81,-10,3,ploss=0|noise_power_dB=-5,0,-5,False,ploss=0|noise_power_dB=-5,0,-5,False,False,False,False,False
ucc-static-e6dc9af174051f0c,142,e6dc9af174051f0c,Netflix,Season3-StrangerThings,rsrp=-80|rsrq=-10|snr=3,rsrp=-80|rsrq=-10,-80,-10,3,ploss=0|noise_power_dB=-5,0,-5,False,ploss=0|noise_power_dB=-5,0,-5,False,False,False,False,False
ucc-static-e6dc9af174051f0c,143,e6dc9af174051f0c,Netflix,Season3-StrangerThings,rsrp=-80|rsrq=-10|snr=3,rsrp=-80|rsrq=-10,-80,-10,3,ploss=0|noise_power_dB=-5,0,-5,False,ploss=0|noise_power_dB=-5,0,-5,False,False,False,False,False
ucc-static-e6dc9af174051f0c,144,e6dc9af174051f0c,Netflix,Season3-StrangerThings,rsrp=-80|rsrq=-10|snr=2,rsrp=-80|rsrq=-10,-80,-10,2,ploss=0|noise_power_dB=-5,0,-5,False,ploss=0|noise_power_dB=-5,0,-5,False,False,False,False,False
ucc-static-e6dc9af174051f0c,145,e6dc9af174051f0c,Netflix,Season3-StrangerThings,rsrp=-80|rsrq=-10|snr=2,rsrp=-80|rsrq=-10,-80,-10,2,ploss=0|noise_power_dB=-5,0,-5,False,ploss=0|noise_power_dB=-5,0,-5,False,False,False,False,False
ucc-static-e6dc9af174051f0c,146,e6dc9af174051f0c,Netflix,Season3-StrangerThings,rsrp=-81|rsrq=-9|snr=2,rsrp=-81|rsrq=-9,-81,-9,2,ploss=0|noise_power_dB=-5,0,-5,False,ploss=0|noise_power_dB=-5,0,-5,False,False,False,False,False
ucc-static-e6dc9af174051f0c,147,e6dc9af174051f0c,Netflix,Season3-StrangerThings,rsrp=-81|rsrq=-9|snr=2,rsrp=-81|rsrq=-9,-81,-9,2,ploss=0|noise_power_dB=-5,0,-5,False,ploss=0|noise_power_dB=-5,0,-5,False,False,False,False,False
ucc-static-e6dc9af174051f0c,148,e6dc9af174051f0c,Netflix,Season3-StrangerThings,rsrp=-81|rsrq=-10|snr=2,rsrp=-81|rsrq=-10,-81,-10,2,ploss=0|noise_power_dB=-5,0,-5,False,ploss=0|noise_power_dB=-5,0,-5,False,False,False,False,False
ucc-static-e6dc9af174051f0c,149,e6dc9af174051f0c,Netflix,Season3-StrangerThings,rsrp=-81|rsrq=-10|snr=2,rsrp=-81|rsrq=-10,-81,-10,2,ploss=0|noise_power_dB=-5,0,-5,False,ploss=0|noise_power_dB=-5,0,-5,False,False,False,False,False
ucc-static-e6dc9af174051f0c,150,e6dc9af174051f0c,Netflix,Season3-StrangerThings,rsrp=-80|rsrq=-10|snr=1,rsrp=-80|rsrq=-10,-80,-10,1,ploss=0|noise_power_dB=-5,0,-5,False,ploss=0|noise_power_dB=-5,0,-5,False,False,False,False,False
ucc-static-e6dc9af174051f0c,151,e6dc9af174051f0c,Netflix,Season3-StrangerThings,rsrp=-80|rsrq=-10|snr=1,rsrp=-80|rsrq=-10,-80,-10,1,ploss=0|noise_power_dB=-5,0,-5,False,ploss=0|noise_power_dB=-5,0,-5,False,False,False,False,False
ucc-static-e6dc9af174051f0c,152,e6dc9af174051f0c,Netflix,Season3-StrangerThings,rsrp=-81|rsrq=-11|snr=2,rsrp=-81|rsrq=-11,-81,-11,2,ploss=0|noise_power_dB=-5,0,-5,False,ploss=0|noise_power_dB=-5,0,-5,False,False,False,False,False
ucc-static-e6dc9af174051f0c,153,e6dc9af174051f0c,Netflix,Season3-StrangerThings,rsrp=-81|rsrq=-11|snr=2,rsrp=-81|rsrq=-11,-81,-11,2,ploss=0|noise_power_dB=-5,0,-5,False,ploss=0|noise_power_dB=-5,0,-5,False,False,False,False,False
ucc-static-e6dc9af174051f0c,154,e6dc9af174051f0c,Netflix,Season3-StrangerThings,rsrp=-81|rsrq=-10|snr=3,rsrp=-81|rsrq=-10,-81,-10,3,ploss=0|noise_power_dB=-5,0,-5,False,ploss=0|noise_power_dB=-5,0,-5,False,False,False,False,False
ucc-static-e6dc9af174051f0c,155,e6dc9af174051f0c,Netflix,Season3-StrangerThings,rsrp=-81|rsrq=-10|snr=3,rsrp=-81|rsrq=-10,-81,-10,3,ploss=0|noise_power_dB=-5,0,-5,False,ploss=0|noise_power_dB=-5,0,-5,False,False,False,False,False
ucc-static-e6dc9af174051f0c,156,e6dc9af174051f0c,Netflix,Season3-StrangerThings,rsrp=-80|rsrq=-10|snr=2,rsrp=-80|rsrq=-10,-80,-10,2,ploss=0|noise_power_dB=-5,0,-5,False,ploss=0|noise_power_dB=-5,0,-5,False,False,False,False,False
ucc-static-e6dc9af174051f0c,157,e6dc9af174051f0c,Netflix,Season3-StrangerThings,rsrp=-80|rsrq=-10|snr=2,rsrp=-80|rsrq=-10,-80,-10,2,ploss=0|noise_power_dB=-5,0,-5,False,ploss=0|noise_power_dB=-5,0,-5,False,False,False,False,False
ucc-static-e6dc9af174051f0c,158,e6dc9af174051f0c,Netflix,Season3-StrangerThings,rsrp=-81|rsrq=-11|snr=0,rsrp=-81|rsrq=-11,-81,-11,0,ploss=0|noise_power_dB=-5,0,-5,False,ploss=0|noise_power_dB=-5,0,-5,False,False,False,False,False
ucc-static-e6dc9af174051f0c,159,e6dc9af174051f0c,Netflix,Season3-StrangerThings,rsrp=-81|rsrq=-11|snr=0,rsrp=-81|rsrq=-11,-81,-11,0,ploss=0|noise_power_dB=-5,0,-5,False,ploss=0|noise_power_dB=-5,0,-5,False,False,False,False,False
ucc-static-e6dc9af174051f0c,160,e6dc9af174051f0c,Netflix,Season3-StrangerThings,rsrp=-80|rsrq=-10|snr=-1,rsrp=-80|rsrq=-10,-80,-10,-1,ploss=0|noise_power_dB=-5,0,-5,False,ploss=0|noise_power_dB=-5,0,-5,False,False,False,False,False
ucc-static-e6dc9af174051f0c,161,e6dc9af174051f0c,Netflix,Season3-StrangerThings,rsrp=-80|rsrq=-10|snr=-1,rsrp=-80|rsrq=-10,-80,-10,-1,ploss=0|noise_power_dB=-5,0,-5,False,ploss=0|noise_power_dB=-5,0,-5,False,False,False,False,False
ucc-static-e6dc9af174051f0c,162,e6dc9af174051f0c,Netflix,Season3-StrangerThings,rsrp=-81|rsrq=-12|snr=6,rsrp=-81|rsrq=-12,-81,-12,6,ploss=0|noise_power_dB=-5,0,-5,False,ploss=0|noise_power_dB=-5,0,-5,False,False,False,False,False
ucc-static-e6dc9af174051f0c,163,e6dc9af174051f0c,Netflix,Season3-StrangerThings,rsrp=-81|rsrq=-12|snr=6,rsrp=-81|rsrq=-12,-81,-12,6,ploss=0|noise_power_dB=-5,0,-5,False,ploss=0|noise_power_dB=-5,0,-5,False,False,False,False,False
ucc-static-e6dc9af174051f0c,164,e6dc9af174051f0c,Netflix,Season3-StrangerThings,rsrp=-81|rsrq=-11|snr=3,rsrp=-81|rsrq=-11,-81,-11,3,ploss=0|noise_power_dB=-5,0,-5,False,ploss=0|noise_power_dB=-5,0,-5,False,False,False,False,False
ucc-static-e6dc9af174051f0c,165,e6dc9af174051f0c,Netflix,Season3-StrangerThings,rsrp=-81|rsrq=-11|snr=3,rsrp=-81|rsrq=-11,-81,-11,3,ploss=0|noise_power_dB=-5,0,-5,False,ploss=0|noise_power_dB=-5,0,-5,False,False,False,False,False
ucc-static-e6dc9af174051f0c,166,e6dc9af174051f0c,Netflix,Season3-StrangerThings,rsrp=-81|rsrq=-11|snr=1,rsrp=-81|rsrq=-11,-81,-11,1,ploss=0|noise_power_dB=-5,0,-5,False,ploss=0|noise_power_dB=-5,0,-5,False,False,False,False,False
ucc-static-e6dc9af174051f0c,167,e6dc9af174051f0c,Netflix,Season3-StrangerThings,rsrp=-81|rsrq=-11|snr=1,rsrp=-81|rsrq=-11,-81,-11,1,ploss=0|noise_power_dB=-5,0,-5,False,ploss=0|noise_power_dB=-5,0,-5,False,False,False,False,False
ucc-static-ea48334e3dc57ed4,0,ea48334e3dc57ed4,Amazon_Prime,Season3-TheExpanse,rsrp=-101|rsrq=-10|snr=1,rsrp=-101|rsrq=-10,-101,-10,1,ploss=-5|noise_power_dB=-30,-5,-30,False,ploss=0|noise_power_dB=-5,0,-5,True,False,False,True,True
ucc-static-ea48334e3dc57ed4,1,ea48334e3dc57ed4,Amazon_Prime,Season3-TheExpanse,rsrp=-101|rsrq=-10|snr=1,rsrp=-101|rsrq=-10,-101,-10,1,ploss=-5|noise_power_dB=-30,-5,-30,False,ploss=0|noise_power_dB=-5,0,-5,True,False,False,True,True
ucc-static-ea48334e3dc57ed4,2,ea48334e3dc57ed4,Amazon_Prime,Season3-TheExpanse,rsrp=-100|rsrq=-11|snr=3,rsrp=-100|rsrq=-11,-100,-11,3,ploss=-5|noise_power_dB=-30,-5,-30,False,ploss=0|noise_power_dB=-5,0,-5,True,False,False,True,True
ucc-static-ea48334e3dc57ed4,3,ea48334e3dc57ed4,Amazon_Prime,Season3-TheExpanse,rsrp=-100|rsrq=-11|snr=3,rsrp=-100|rsrq=-11,-100,-11,3,ploss=-5|noise_power_dB=-30,-5,-30,False,ploss=0|noise_power_dB=-5,0,-5,True,False,False,True,True
ucc-static-ea48334e3dc57ed4,4,ea48334e3dc57ed4,Amazon_Prime,Season3-TheExpanse,rsrp=-100|rsrq=-10|snr=3,rsrp=-100|rsrq=-10,-100,-10,3,ploss=-5|noise_power_dB=-30,-5,-30,False,ploss=0|noise_power_dB=-5,0,-5,True,False,False,True,True
ucc-static-ea48334e3dc57ed4,5,ea48334e3dc57ed4,Amazon_Prime,Season3-TheExpanse,rsrp=-100|rsrq=-10|snr=3,rsrp=-100|rsrq=-10,-100,-10,3,ploss=-5|noise_power_dB=-30,-5,-30,False,ploss=0|noise_power_dB=-5,0,-5,True,False,False,True,True
ucc-static-ea48334e3dc57ed4,6,ea48334e3dc57ed4,Amazon_Prime,Season3-TheExpanse,rsrp=-101|rsrq=-11|snr=2,rsrp=-101|rsrq=-11,-101,-11,2,ploss=-5|noise_power_dB=-30,-5,-30,False,ploss=0|noise_power_dB=-5,0,-5,True,False,False,True,True
ucc-static-ea48334e3dc57ed4,7,ea48334e3dc57ed4,Amazon_Prime,Season3-TheExpanse,rsrp=-101|rsrq=-11|snr=2,rsrp=-101|rsrq=-11,-101,-11,2,ploss=-5|noise_power_dB=-30,-5,-30,False,ploss=0|noise_power_dB=-5,0,-5,True,False,False,True,True
ucc-static-ea48334e3dc57ed4,8,ea48334e3dc57ed4,Amazon_Prime,Season3-TheExpanse,rsrp=-100|rsrq=-12|snr=2,rsrp=-100|rsrq=-12,-100,-12,2,ploss=-5|noise_power_dB=-30,-5,-30,False,ploss=0|noise_power_dB=-5,0,-5,True,False,False,True,True
ucc-static-ea48334e3dc57ed4,9,ea48334e3dc57ed4,Amazon_Prime,Season3-TheExpanse,rsrp=-100|rsrq=-12|snr=2,rsrp=-100|rsrq=-12,-100,-12,2,ploss=-5|noise_power_dB=-30,-5,-30,False,ploss=0|noise_power_dB=-5,0,-5,True,False,False,True,True
ucc-static-ea48334e3dc57ed4,10,ea48334e3dc57ed4,Amazon_Prime,Season3-TheExpanse,rsrp=-100|rsrq=-13|snr=11,rsrp=-100|rsrq=-13,-100,-13,11,ploss=-5|noise_power_dB=-30,-5,-30,False,ploss=0|noise_power_dB=-5,0,-5,False,False,False,False,False
ucc-static-ea48334e3dc57ed4,11,ea48334e3dc57ed4,Amazon_Prime,Season3-TheExpanse,rsrp=-100|rsrq=-13|snr=11,rsrp=-100|rsrq=-13,-100,-13,11,ploss=-5|noise_power_dB=-30,-5,-30,False,ploss=0|noise_power_dB=-5,0,-5,False,False,False,False,False
ucc-static-ea48334e3dc57ed4,12,ea48334e3dc57ed4,Amazon_Prime,Season3-TheExpanse,rsrp=-100|rsrq=-11|snr=7,rsrp=-100|rsrq=-11,-100,-11,7,ploss=-5|noise_power_dB=-30,-5,-30,False,ploss=0|noise_power_dB=-5,0,-5,True,False,False,True,True
ucc-static-ea48334e3dc57ed4,13,ea48334e3dc57ed4,Amazon_Prime,Season3-TheExpanse,rsrp=-100|rsrq=-11|snr=7,rsrp=-100|rsrq=-11,-100,-11,7,ploss=-5|noise_power_dB=-30,-5,-30,False,ploss=0|noise_power_dB=-5,0,-5,True,False,False,True,True
ucc-static-ea48334e3dc57ed4,14,ea48334e3dc57ed4,Amazon_Prime,Season3-TheExpanse,rsrp=-100|rsrq=-10|snr=0,rsrp=-100|rsrq=-10,-100,-10,0,ploss=-5|noise_power_dB=-30,-5,-30,False,ploss=0|noise_power_dB=-5,0,-5,True,False,False,True,True
ucc-static-ea48334e3dc57ed4,15,ea48334e3dc57ed4,Amazon_Prime,Season3-TheExpanse,rsrp=-100|rsrq=-10|snr=0,rsrp=-100|rsrq=-10,-100,-10,0,ploss=-5|noise_power_dB=-30,-5,-30,False,ploss=0|noise_power_dB=-5,0,-5,True,False,False,True,True
ucc-static-ea48334e3dc57ed4,16,ea48334e3dc57ed4,Amazon_Prime,Season3-TheExpanse,rsrp=-100|rsrq=-13|snr=3,rsrp=-100|rsrq=-13,-100,-13,3,ploss=-5|noise_power_dB=-30,-5,-30,False,ploss=0|noise_power_dB=-5,0,-5,False,False,False,False,False
ucc-static-ea48334e3dc57ed4,17,ea48334e3dc57ed4,Amazon_Prime,Season3-TheExpanse,rsrp=-100|rsrq=-13|snr=3,rsrp=-100|rsrq=-13,-100,-13,3,ploss=-5|noise_power_dB=-30,-5,-30,False,ploss=0|noise_power_dB=-5,0,-5,False,False,False,False,False
ucc-static-ea48334e3dc57ed4,18,ea48334e3dc57ed4,Amazon_Prime,Season3-TheExpanse,rsrp=-100|rsrq=-11|snr=-3,rsrp=-100|rsrq=-11,-100,-11,-3,ploss=-5|noise_power_dB=-30,-5,-30,False,ploss=0|noise_power_dB=-5,0,-5,True,False,False,True,True
ucc-static-ea48334e3dc57ed4,19,ea48334e3dc57ed4,Amazon_Prime,Season3-TheExpanse,rsrp=-100|rsrq=-11|snr=-3,rsrp=-100|rsrq=-11,-100,-11,-3,ploss=-5|noise_power_dB=-30,-5,-30,False,ploss=0|noise_power_dB=-5,0,-5,True,False,False,True,True
ucc-static-ea48334e3dc57ed4,20,ea48334e3dc57ed4,Amazon_Prime,Season3-TheExpanse,rsrp=-100|rsrq=-15|snr=-2,rsrp=-100|rsrq=-15,-100,-15,-2,ploss=-5|noise_power_dB=-30,-5,-30,False,ploss=0|noise_power_dB=-5,0,-5,False,False,False,False,False
ucc-static-ea48334e3dc57ed4,21,ea48334e3dc57ed4,Amazon_Prime,Season3-TheExpanse,rsrp=-100|rsrq=-15|snr=-2,rsrp=-100|rsrq=-15,-100,-15,-2,ploss=-5|noise_power_dB=-30,-5,-30,False,ploss=0|noise_power_dB=-5,0,-5,False,False,False,False,False
ucc-static-ea48334e3dc57ed4,22,ea48334e3dc57ed4,Amazon_Prime,Season3-TheExpanse,rsrp=-100|rsrq=-13|snr=1,rsrp=-100|rsrq=-13,-100,-13,1,ploss=-5|noise_power_dB=-30,-5,-30,False,ploss=0|noise_power_dB=-5,0,-5,False,False,False,False,False
ucc-static-ea48334e3dc57ed4,23,ea48334e3dc57ed4,Amazon_Prime,Season3-TheExpanse,rsrp=-100|rsrq=-13|snr=1,rsrp=-100|rsrq=-13,-100,-13,1,ploss=-5|noise_power_dB=-30,-5,-30,False,ploss=0|noise_power_dB=-5,0,-5,False,False,False,False,False
ucc-static-ea48334e3dc57ed4,24,ea48334e3dc57ed4,Amazon_Prime,Season3-TheExpanse,rsrp=-100|rsrq=-14|snr=0,rsrp=-100|rsrq=-14,-100,-14,0,ploss=-5|noise_power_dB=-30,-5,-30,False,ploss=0|noise_power_dB=-5,0,-5,False,False,False,False,False
ucc-static-ea48334e3dc57ed4,25,ea48334e3dc57ed4,Amazon_Prime,Season3-TheExpanse,rsrp=-100|rsrq=-14|snr=0,rsrp=-100|rsrq=-14,-100,-14,0,ploss=-5|noise_power_dB=-30,-5,-30,False,ploss=0|noise_power_dB=-5,0,-5,False,False,False,False,False
ucc-static-ea48334e3dc57ed4,26,ea48334e3dc57ed4,Amazon_Prime,Season3-TheExpanse,rsrp=-101|rsrq=-14|snr=-2,rsrp=-101|rsrq=-14,-101,-14,-2,ploss=-5|noise_power_dB=-30,-5,-30,False,ploss=0|noise_power_dB=-5,0,-5,False,False,False,False,False
ucc-static-ea48334e3dc57ed4,27,ea48334e3dc57ed4,Amazon_Prime,Season3-TheExpanse,rsrp=-101|rsrq=-14|snr=-2,rsrp=-101|rsrq=-14,-101,-14,-2,ploss=-5|noise_power_dB=-30,-5,-30,False,ploss=0|noise_power_dB=-5,0,-5,False,False,False,False,False
ucc-static-ea48334e3dc57ed4,28,ea48334e3dc57ed4,Amazon_Prime,Season3-TheExpanse,rsrp=-100|rsrq=-11|snr=6,rsrp=-100|rsrq=-11,-100,-11,6,ploss=-5|noise_power_dB=-30,-5,-30,False,ploss=0|noise_power_dB=-5,0,-5,True,False,False,True,True
ucc-static-ea48334e3dc57ed4,29,ea48334e3dc57ed4,Amazon_Prime,Season3-TheExpanse,rsrp=-100|rsrq=-11|snr=6,rsrp=-100|rsrq=-11,-100,-11,6,ploss=-5|noise_power_dB=-30,-5,-30,False,ploss=0|noise_power_dB=-5,0,-5,True,False,False,True,True
ucc-static-ea48334e3dc57ed4,30,ea48334e3dc57ed4,Amazon_Prime,Season3-TheExpanse,rsrp=-100|rsrq=-10|snr=3,rsrp=-100|rsrq=-10,-100,-10,3,ploss=-5|noise_power_dB=-30,-5,-30,False,ploss=0|noise_power_dB=-5,0,-5,True,False,False,True,True
ucc-static-ea48334e3dc57ed4,31,ea48334e3dc57ed4,Amazon_Prime,Season3-TheExpanse,rsrp=-100|rsrq=-10|snr=3,rsrp=-100|rsrq=-10,-100,-10,3,ploss=-5|noise_power_dB=-30,-5,-30,False,ploss=0|noise_power_dB=-5,0,-5,True,False,False,True,True
ucc-static-ea48334e3dc57ed4,32,ea48334e3dc57ed4,Amazon_Prime,Season3-TheExpanse,rsrp=-100|rsrq=-13|snr=4,rsrp=-100|rsrq=-13,-100,-13,4,ploss=-5|noise_power_dB=-30,-5,-30,False,ploss=0|noise_power_dB=-5,0,-5,False,False,False,False,False
ucc-static-ea48334e3dc57ed4,33,ea48334e3dc57ed4,Amazon_Prime,Season3-TheExpanse,rsrp=-100|rsrq=-13|snr=4,rsrp=-100|rsrq=-13,-100,-13,4,ploss=-5|noise_power_dB=-30,-5,-30,False,ploss=0|noise_power_dB=-5,0,-5,False,False,False,False,False
ucc-static-ea48334e3dc57ed4,34,ea48334e3dc57ed4,Amazon_Prime,Season3-TheExpanse,rsrp=-100|rsrq=-11|snr=4,rsrp=-100|rsrq=-11,-100,-11,4,ploss=-5|noise_power_dB=-30,-5,-30,False,ploss=0|noise_power_dB=-5,0,-5,True,False,False,True,True
ucc-static-ea48334e3dc57ed4,35,ea48334e3dc57ed4,Amazon_Prime,Season3-TheExpanse,rsrp=-100|rsrq=-11|snr=4,rsrp=-100|rsrq=-11,-100,-11,4,ploss=-5|noise_power_dB=-30,-5,-30,False,ploss=0|noise_power_dB=-5,0,-5,True,False,False,True,True
ucc-static-ea48334e3dc57ed4,36,ea48334e3dc57ed4,Amazon_Prime,Season3-TheExpanse,rsrp=-100|rsrq=-13|snr=2,rsrp=-100|rsrq=-13,-100,-13,2,ploss=-5|noise_power_dB=-30,-5,-30,False,ploss=0|noise_power_dB=-5,0,-5,False,False,False,False,False
ucc-static-ea48334e3dc57ed4,37,ea48334e3dc57ed4,Amazon_Prime,Season3-TheExpanse,rsrp=-100|rsrq=-13|snr=2,rsrp=-100|rsrq=-13,-100,-13,2,ploss=-5|noise_power_dB=-30,-5,-30,False,ploss=0|noise_power_dB=-5,0,-5,False,False,False,False,False
ucc-static-ea48334e3dc57ed4,38,ea48334e3dc57ed4,Amazon_Prime,Season3-TheExpanse,rsrp=-100|rsrq=-12|snr=0,rsrp=-100|rsrq=-12,-100,-12,0,ploss=-5|noise_power_dB=-30,-5,-30,False,ploss=0|noise_power_dB=-5,0,-5,True,False,False,True,True
ucc-static-ea48334e3dc57ed4,39,ea48334e3dc57ed4,Amazon_Prime,Season3-TheExpanse,rsrp=-100|rsrq=-12|snr=0,rsrp=-100|rsrq=-12,-100,-12,0,ploss=-5|noise_power_dB=-30,-5,-30,False,ploss=0|noise_power_dB=-5,0,-5,True,False,False,True,True
ucc-static-ea48334e3dc57ed4,40,ea48334e3dc57ed4,Amazon_Prime,Season3-TheExpanse,rsrp=-101|rsrq=-14|snr=0,rsrp=-101|rsrq=-14,-101,-14,0,ploss=-5|noise_power_dB=-30,-5,-30,False,ploss=0|noise_power_dB=-5,0,-5,False,False,False,False,False
ucc-static-ea48334e3dc57ed4,41,ea48334e3dc57ed4,Amazon_Prime,Season3-TheExpanse,rsrp=-101|rsrq=-14|snr=0,rsrp=-101|rsrq=-14,-101,-14,0,ploss=-5|noise_power_dB=-30,-5,-30,False,ploss=0|noise_power_dB=-5,0,-5,False,False,False,False,False
ucc-static-ea48334e3dc57ed4,42,ea48334e3dc57ed4,Amazon_Prime,Season3-TheExpanse,rsrp=-100|rsrq=-11|snr=-9,rsrp=-100|rsrq=-11,-100,-11,-9,ploss=-5|noise_power_dB=-30,-5,-30,False,ploss=0|noise_power_dB=-5,0,-5,True,False,False,True,True
ucc-static-ea48334e3dc57ed4,43,ea48334e3dc57ed4,Amazon_Prime,Season3-TheExpanse,rsrp=-100|rsrq=-11|snr=-9,rsrp=-100|rsrq=-11,-100,-11,-9,ploss=-5|noise_power_dB=-30,-5,-30,False,ploss=0|noise_power_dB=-5,0,-5,True,False,False,True,True
ucc-static-ea48334e3dc57ed4,44,ea48334e3dc57ed4,Amazon_Prime,Season3-TheExpanse,rsrp=-101|rsrq=-11|snr=5,rsrp=-101|rsrq=-11,-101,-11,5,ploss=-5|noise_power_dB=-30,-5,-30,False,ploss=0|noise_power_dB=-5,0,-5,True,False,False,True,True
ucc-static-ea48334e3dc57ed4,45,ea48334e3dc57ed4,Amazon_Prime,Season3-TheExpanse,rsrp=-101|rsrq=-11|snr=5,rsrp=-101|rsrq=-11,-101,-11,5,ploss=-5|noise_power_dB=-30,-5,-30,False,ploss=0|noise_power_dB=-5,0,-5,True,False,False,True,True
ucc-static-ea48334e3dc57ed4,46,ea48334e3dc57ed4,Amazon_Prime,Season3-TheExpanse,rsrp=-101|rsrq=-15|snr=8,rsrp=-101|rsrq=-15,-101,-15,8,ploss=-5|noise_power_dB=-30,-5,-30,False,ploss=0|noise_power_dB=-5,0,-5,False,False,False,False,False
ucc-static-ea48334e3dc57ed4,47,ea48334e3dc57ed4,Amazon_Prime,Season3-TheExpanse,rsrp=-101|rsrq=-15|snr=8,rsrp=-101|rsrq=-15,-101,-15,8,ploss=-5|noise_power_dB=-30,-5,-30,False,ploss=0|noise_power_dB=-5,0,-5,False,False,False,False,False
ucc-static-ea48334e3dc57ed4,48,ea48334e3dc57ed4,Amazon_Prime,Season3-TheExpanse,rsrp=-100|rsrq=-13|snr=2,rsrp=-100|rsrq=-13,-100,-13,2,ploss=-5|noise_power_dB=-30,-5,-30,False,ploss=0|noise_power_dB=-5,0,-5,False,False,False,False,False
ucc-static-ea48334e3dc57ed4,49,ea48334e3dc57ed4,Amazon_Prime,Season3-TheExpanse,rsrp=-100|rsrq=-13|snr=2,rsrp=-100|rsrq=-13,-100,-13,2,ploss=-5|noise_power_dB=-30,-5,-30,False,ploss=0|noise_power_dB=-5,0,-5,False,False,False,False,False
ucc-static-ea48334e3dc57ed4,50,ea48334e3dc57ed4,Amazon_Prime,Season3-TheExpanse,rsrp=-100|rsrq=-17|snr=1,rsrp=-100|rsrq=-17,-100,-17,1,ploss=-5|noise_power_dB=-30,-5,-30,False,ploss=0|noise_power_dB=-5,0,-5,False,False,False,False,False
ucc-static-ea48334e3dc57ed4,51,ea48334e3dc57ed4,Amazon_Prime,Season3-TheExpanse,rsrp=-100|rsrq=-17|snr=1,rsrp=-100|rsrq=-17,-100,-17,1,ploss=-5|noise_power_dB=-30,-5,-30,False,ploss=0|noise_power_dB=-5,0,-5,False,False,False,False,False
ucc-static-ea48334e3dc57ed4,52,ea48334e3dc57ed4,Amazon_Prime,Season3-TheExpanse,rsrp=-100|rsrq=-17|snr=1,rsrp=-100|rsrq=-17,-100,-17,1,ploss=-5|noise_power_dB=-30,-5,-30,False,ploss=0|noise_power_dB=-5,0,-5,False,False,False,False,False
ucc-static-ea48334e3dc57ed4,53,ea48334e3dc57ed4,Amazon_Prime,Season3-TheExpanse,rsrp=-100|rsrq=-17|snr=1,rsrp=-100|rsrq=-17,-100,-17,1,ploss=-5|noise_power_dB=-30,-5,-30,False,ploss=0|noise_power_dB=-5,0,-5,False,False,False,False,False
ucc-static-ea48334e3dc57ed4,54,ea48334e3dc57ed4,Amazon_Prime,Season3-TheExpanse,rsrp=-101|rsrq=-16|snr=-1,rsrp=-101|rsrq=-16,-101,-16,-1,ploss=-5|noise_power_dB=-30,-5,-30,False,ploss=0|noise_power_dB=-5,0,-5,False,False,False,False,False
ucc-static-ea48334e3dc57ed4,55,ea48334e3dc57ed4,Amazon_Prime,Season3-TheExpanse,rsrp=-101|rsrq=-16|snr=-1,rsrp=-101|rsrq=-16,-101,-16,-1,ploss=-5|noise_power_dB=-30,-5,-30,False,ploss=0|noise_power_dB=-5,0,-5,False,False,False,False,False
ucc-static-ea48334e3dc57ed4,56,ea48334e3dc57ed4,Amazon_Prime,Season3-TheExpanse,rsrp=-101|rsrq=-16|snr=1,rsrp=-101|rsrq=-16,-101,-16,1,ploss=-5|noise_power_dB=-30,-5,-30,False,ploss=0|noise_power_dB=-5,0,-5,False,False,False,False,False
ucc-static-ea48334e3dc57ed4,57,ea48334e3dc57ed4,Amazon_Prime,Season3-TheExpanse,rsrp=-101|rsrq=-16|snr=1,rsrp=-101|rsrq=-16,-101,-16,1,ploss=-5|noise_power_dB=-30,-5,-30,False,ploss=0|noise_power_dB=-5,0,-5,False,False,False,False,False
ucc-static-ea48334e3dc57ed4,58,ea48334e3dc57ed4,Amazon_Prime,Season3-TheExpanse,rsrp=-101|rsrq=-12|snr=1,rsrp=-101|rsrq=-12,-101,-12,1,ploss=-5|noise_power_dB=-30,-5,-30,False,ploss=0|noise_power_dB=-5,0,-5,True,False,False,True,True
ucc-static-ea48334e3dc57ed4,59,ea48334e3dc57ed4,Amazon_Prime,Season3-TheExpanse,rsrp=-101|rsrq=-12|snr=1,rsrp=-101|rsrq=-12,-101,-12,1,ploss=-5|noise_power_dB=-30,-5,-30,False,ploss=0|noise_power_dB=-5,0,-5,True,False,False,True,True
ucc-static-ea48334e3dc57ed4,60,ea48334e3dc57ed4,Amazon_Prime,Season3-TheExpanse,rsrp=-101|rsrq=-16|snr=2,rsrp=-101|rsrq=-16,-101,-16,2,ploss=-5|noise_power_dB=-30,-5,-30,False,ploss=0|noise_power_dB=-5,0,-5,False,False,False,False,False
ucc-static-ea48334e3dc57ed4,61,ea48334e3dc57ed4,Amazon_Prime,Season3-TheExpanse,rsrp=-101|rsrq=-16|snr=2,rsrp=-101|rsrq=-16,-101,-16,2,ploss=-5|noise_power_dB=-30,-5,-30,False,ploss=0|noise_power_dB=-5,0,-5,False,False,False,False,False
ucc-static-ea48334e3dc57ed4,62,ea48334e3dc57ed4,Amazon_Prime,Season3-TheExpanse,rsrp=-101|rsrq=-15|snr=0,rsrp=-101|rsrq=-15,-101,-15,0,ploss=-5|noise_power_dB=-30,-5,-30,False,ploss=0|noise_power_dB=-5,0,-5,False,False,False,False,False
ucc-static-ea48334e3dc57ed4,63,ea48334e3dc57ed4,Amazon_Prime,Season3-TheExpanse,rsrp=-101|rsrq=-15|snr=0,rsrp=-101|rsrq=-15,-101,-15,0,ploss=-5|noise_power_dB=-30,-5,-30,False,ploss=0|noise_power_dB=-5,0,-5,False,False,False,False,False
ucc-static-ea48334e3dc57ed4,64,ea48334e3dc57ed4,Amazon_Prime,Season3-TheExpanse,rsrp=-101|rsrq=-15|snr=-2,rsrp=-101|rsrq=-15,-101,-15,-2,ploss=-5|noise_power_dB=-30,-5,-30,False,ploss=0|noise_power_dB=-5,0,-5,False,False,False,False,False
ucc-static-ea48334e3dc57ed4,65,ea48334e3dc57ed4,Amazon_Prime,Season3-TheExpanse,rsrp=-101|rsrq=-15|snr=-2,rsrp=-101|rsrq=-15,-101,-15,-2,ploss=-5|noise_power_dB=-30,-5,-30,False,ploss=0|noise_power_dB=-5,0,-5,False,False,False,False,False
ucc-static-ea48334e3dc57ed4,66,ea48334e3dc57ed4,Amazon_Prime,Season3-TheExpanse,rsrp=-101|rsrq=-15|snr=1,rsrp=-101|rsrq=-15,-101,-15,1,ploss=-5|noise_power_dB=-30,-5,-30,False,ploss=0|noise_power_dB=-5,0,-5,False,False,False,False,False
ucc-static-ea48334e3dc57ed4,67,ea48334e3dc57ed4,Amazon_Prime,Season3-TheExpanse,rsrp=-101|rsrq=-15|snr=1,rsrp=-101|rsrq=-15,-101,-15,1,ploss=-5|noise_power_dB=-30,-5,-30,False,ploss=0|noise_power_dB=-5,0,-5,False,False,False,False,False
ucc-static-ea48334e3dc57ed4,68,ea48334e3dc57ed4,Amazon_Prime,Season3-TheExpanse,rsrp=-100|rsrq=-15|snr=2,rsrp=-100|rsrq=-15,-100,-15,2,ploss=-5|noise_power_dB=-30,-5,-30,False,ploss=0|noise_power_dB=-5,0,-5,False,False,False,False,False
ucc-static-ea48334e3dc57ed4,69,ea48334e3dc57ed4,Amazon_Prime,Season3-TheExpanse,rsrp=-100|rsrq=-15|snr=2,rsrp=-100|rsrq=-15,-100,-15,2,ploss=-5|noise_power_dB=-30,-5,-30,False,ploss=0|noise_power_dB=-5,0,-5,False,False,False,False,False
ucc-static-ea48334e3dc57ed4,70,ea48334e3dc57ed4,Amazon_Prime,Season3-TheExpanse,rsrp=-100|rsrq=-13|snr=3,rsrp=-100|rsrq=-13,-100,-13,3,ploss=-5|noise_power_dB=-30,-5,-30,False,ploss=0|noise_power_dB=-5,0,-5,False,False,False,False,False
ucc-static-ea48334e3dc57ed4,71,ea48334e3dc57ed4,Amazon_Prime,Season3-TheExpanse,rsrp=-100|rsrq=-13|snr=3,rsrp=-100|rsrq=-13,-100,-13,3,ploss=-5|noise_power_dB=-30,-5,-30,False,ploss=0|noise_power_dB=-5,0,-5,False,False,False,False,False
ucc-static-ea48334e3dc57ed4,72,ea48334e3dc57ed4,Amazon_Prime,Season3-TheExpanse,rsrp=-101|rsrq=-13|snr=-1,rsrp=-101|rsrq=-13,-101,-13,-1,ploss=-5|noise_power_dB=-30,-5,-30,False,ploss=0|noise_power_dB=-5,0,-5,False,False,False,False,False
ucc-static-ea48334e3dc57ed4,73,ea48334e3dc57ed4,Amazon_Prime,Season3-TheExpanse,rsrp=-101|rsrq=-13|snr=-1,rsrp=-101|rsrq=-13,-101,-13,-1,ploss=-5|noise_power_dB=-30,-5,-30,False,ploss=0|noise_power_dB=-5,0,-5,False,False,False,False,False
ucc-static-ea48334e3dc57ed4,74,ea48334e3dc57ed4,Amazon_Prime,Season3-TheExpanse,rsrp=-101|rsrq=-12|snr=6,rsrp=-101|rsrq=-12,-101,-12,6,ploss=-5|noise_power_dB=-30,-5,-30,False,ploss=0|noise_power_dB=-5,0,-5,True,False,False,True,True
ucc-static-ea48334e3dc57ed4,75,ea48334e3dc57ed4,Amazon_Prime,Season3-TheExpanse,rsrp=-101|rsrq=-12|snr=6,rsrp=-101|rsrq=-12,-101,-12,6,ploss=-5|noise_power_dB=-30,-5,-30,False,ploss=0|noise_power_dB=-5,0,-5,True,False,False,True,True
ucc-static-ea48334e3dc57ed4,76,ea48334e3dc57ed4,Amazon_Prime,Season3-TheExpanse,rsrp=-100|rsrq=-13|snr=4,rsrp=-100|rsrq=-13,-100,-13,4,ploss=-5|noise_power_dB=-30,-5,-30,False,ploss=0|noise_power_dB=-5,0,-5,False,False,False,False,False
ucc-static-ea48334e3dc57ed4,77,ea48334e3dc57ed4,Amazon_Prime,Season3-TheExpanse,rsrp=-100|rsrq=-13|snr=4,rsrp=-100|rsrq=-13,-100,-13,4,ploss=-5|noise_power_dB=-30,-5,-30,False,ploss=0|noise_power_dB=-5,0,-5,False,False,False,False,False
ucc-static-ea48334e3dc57ed4,78,ea48334e3dc57ed4,Amazon_Prime,Season3-TheExpanse,rsrp=-101|rsrq=-13|snr=3,rsrp=-101|rsrq=-13,-101,-13,3,ploss=-5|noise_power_dB=-30,-5,-30,False,ploss=0|noise_power_dB=-5,0,-5,False,False,False,False,False
ucc-static-ea48334e3dc57ed4,79,ea48334e3dc57ed4,Amazon_Prime,Season3-TheExpanse,rsrp=-101|rsrq=-13|snr=3,rsrp=-101|rsrq=-13,-101,-13,3,ploss=-5|noise_power_dB=-30,-5,-30,False,ploss=0|noise_power_dB=-5,0,-5,False,False,False,False,False
ucc-static-ea48334e3dc57ed4,80,ea48334e3dc57ed4,Amazon_Prime,Season3-TheExpanse,rsrp=-101|rsrq=-14|snr=1,rsrp=-101|rsrq=-14,-101,-14,1,ploss=-5|noise_power_dB=-30,-5,-30,False,ploss=0|noise_power_dB=-5,0,-5,False,False,False,False,False
ucc-static-ea48334e3dc57ed4,81,ea48334e3dc57ed4,Amazon_Prime,Season3-TheExpanse,rsrp=-101|rsrq=-14|snr=1,rsrp=-101|rsrq=-14,-101,-14,1,ploss=-5|noise_power_dB=-30,-5,-30,False,ploss=0|noise_power_dB=-5,0,-5,False,False,False,False,False
ucc-static-ea48334e3dc57ed4,82,ea48334e3dc57ed4,Amazon_Prime,Season3-TheExpanse,rsrp=-101|rsrq=-15|snr=0,rsrp=-101|rsrq=-15,-101,-15,0,ploss=-5|noise_power_dB=-30,-5,-30,False,ploss=0|noise_power_dB=-5,0,-5,False,False,False,False,False
ucc-static-ea48334e3dc57ed4,83,ea48334e3dc57ed4,Amazon_Prime,Season3-TheExpanse,rsrp=-101|rsrq=-15|snr=0,rsrp=-101|rsrq=-15,-101,-15,0,ploss=-5|noise_power_dB=-30,-5,-30,False,ploss=0|noise_power_dB=-5,0,-5,False,False,False,False,False
ucc-static-ea48334e3dc57ed4,84,ea48334e3dc57ed4,Amazon_Prime,Season3-TheExpanse,rsrp=-100|rsrq=-14|snr=4,rsrp=-100|rsrq=-14,-100,-14,4,ploss=-5|noise_power_dB=-30,-5,-30,False,ploss=0|noise_power_dB=-5,0,-5,False,False,False,False,False
ucc-static-ea48334e3dc57ed4,85,ea48334e3dc57ed4,Amazon_Prime,Season3-TheExpanse,rsrp=-100|rsrq=-14|snr=4,rsrp=-100|rsrq=-14,-100,-14,4,ploss=-5|noise_power_dB=-30,-5,-30,False,ploss=0|noise_power_dB=-5,0,-5,False,False,False,False,False
ucc-static-ea48334e3dc57ed4,86,ea48334e3dc57ed4,Amazon_Prime,Season3-TheExpanse,rsrp=-101|rsrq=-15|snr=1,rsrp=-101|rsrq=-15,-101,-15,1,ploss=-5|noise_power_dB=-30,-5,-30,False,ploss=0|noise_power_dB=-5,0,-5,False,False,False,False,False
ucc-static-ea48334e3dc57ed4,87,ea48334e3dc57ed4,Amazon_Prime,Season3-TheExpanse,rsrp=-101|rsrq=-15|snr=1,rsrp=-101|rsrq=-15,-101,-15,1,ploss=-5|noise_power_dB=-30,-5,-30,False,ploss=0|noise_power_dB=-5,0,-5,False,False,False,False,False
ucc-static-ea48334e3dc57ed4,88,ea48334e3dc57ed4,Amazon_Prime,Season3-TheExpanse,rsrp=-100|rsrq=-15|snr=5,rsrp=-100|rsrq=-15,-100,-15,5,ploss=-5|noise_power_dB=-30,-5,-30,False,ploss=0|noise_power_dB=-5,0,-5,False,False,False,False,False
ucc-static-ea48334e3dc57ed4,89,ea48334e3dc57ed4,Amazon_Prime,Season3-TheExpanse,rsrp=-100|rsrq=-15|snr=5,rsrp=-100|rsrq=-15,-100,-15,5,ploss=-5|noise_power_dB=-30,-5,-30,False,ploss=0|noise_power_dB=-5,0,-5,False,False,False,False,False
ucc-static-ea48334e3dc57ed4,90,ea48334e3dc57ed4,Amazon_Prime,Season3-TheExpanse,rsrp=-101|rsrq=-16|snr=-1,rsrp=-101|rsrq=-16,-101,-16,-1,ploss=-5|noise_power_dB=-30,-5,-30,False,ploss=0|noise_power_dB=-5,0,-5,False,False,False,False,False
ucc-static-ea48334e3dc57ed4,91,ea48334e3dc57ed4,Amazon_Prime,Season3-TheExpanse,rsrp=-101|rsrq=-16|snr=-1,rsrp=-101|rsrq=-16,-101,-16,-1,ploss=-5|noise_power_dB=-30,-5,-30,False,ploss=0|noise_power_dB=-5,0,-5,False,False,False,False,False
ucc-static-ea48334e3dc57ed4,92,ea48334e3dc57ed4,Amazon_Prime,Season3-TheExpanse,rsrp=-101|rsrq=-14|snr=8,rsrp=-101|rsrq=-14,-101,-14,8,ploss=-5|noise_power_dB=-30,-5,-30,False,ploss=0|noise_power_dB=-5,0,-5,False,False,False,False,False
ucc-static-ea48334e3dc57ed4,93,ea48334e3dc57ed4,Amazon_Prime,Season3-TheExpanse,rsrp=-101|rsrq=-14|snr=8,rsrp=-101|rsrq=-14,-101,-14,8,ploss=-5|noise_power_dB=-30,-5,-30,False,ploss=0|noise_power_dB=-5,0,-5,False,False,False,False,False
ucc-static-ea48334e3dc57ed4,94,ea48334e3dc57ed4,Amazon_Prime,Season3-TheExpanse,rsrp=-101|rsrq=-12|snr=1,rsrp=-101|rsrq=-12,-101,-12,1,ploss=-5|noise_power_dB=-30,-5,-30,False,ploss=0|noise_power_dB=-5,0,-5,True,False,False,True,True
ucc-static-ea48334e3dc57ed4,95,ea48334e3dc57ed4,Amazon_Prime,Season3-TheExpanse,rsrp=-101|rsrq=-12|snr=1,rsrp=-101|rsrq=-12,-101,-12,1,ploss=-5|noise_power_dB=-30,-5,-30,False,ploss=0|noise_power_dB=-5,0,-5,True,False,False,True,True
ucc-static-ea48334e3dc57ed4,96,ea48334e3dc57ed4,Amazon_Prime,Season3-TheExpanse,rsrp=-101|rsrq=-13|snr=2,rsrp=-101|rsrq=-13,-101,-13,2,ploss=-5|noise_power_dB=-30,-5,-30,False,ploss=0|noise_power_dB=-5,0,-5,False,False,False,False,False
ucc-static-ea48334e3dc57ed4,97,ea48334e3dc57ed4,Amazon_Prime,Season3-TheExpanse,rsrp=-101|rsrq=-13|snr=2,rsrp=-101|rsrq=-13,-101,-13,2,ploss=-5|noise_power_dB=-30,-5,-30,False,ploss=0|noise_power_dB=-5,0,-5,False,False,False,False,False
ucc-static-ea48334e3dc57ed4,98,ea48334e3dc57ed4,Amazon_Prime,Season3-TheExpanse,rsrp=-100|rsrq=-14|snr=-3,rsrp=-100|rsrq=-14,-100,-14,-3,ploss=-5|noise_power_dB=-30,-5,-30,False,ploss=0|noise_power_dB=-5,0,-5,False,False,False,False,False
ucc-static-ea48334e3dc57ed4,99,ea48334e3dc57ed4,Amazon_Prime,Season3-TheExpanse,rsrp=-100|rsrq=-14|snr=-3,rsrp=-100|rsrq=-14,-100,-14,-3,ploss=-5|noise_power_dB=-30,-5,-30,False,ploss=0|noise_power_dB=-5,0,-5,False,False,False,False,False
ucc-static-ea48334e3dc57ed4,100,ea48334e3dc57ed4,Amazon_Prime,Season3-TheExpanse,rsrp=-101|rsrq=-14|snr=0,rsrp=-101|rsrq=-14,-101,-14,0,ploss=-5|noise_power_dB=-30,-5,-30,False,ploss=0|noise_power_dB=-5,0,-5,False,False,False,False,False
ucc-static-ea48334e3dc57ed4,101,ea48334e3dc57ed4,Amazon_Prime,Season3-TheExpanse,rsrp=-101|rsrq=-14|snr=0,rsrp=-101|rsrq=-14,-101,-14,0,ploss=-5|noise_power_dB=-30,-5,-30,False,ploss=0|noise_power_dB=-5,0,-5,False,False,False,False,False
ucc-static-ea48334e3dc57ed4,102,ea48334e3dc57ed4,Amazon_Prime,Season3-TheExpanse,rsrp=-101|rsrq=-11|snr=5,rsrp=-101|rsrq=-11,-101,-11,5,ploss=-5|noise_power_dB=-30,-5,-30,False,ploss=0|noise_power_dB=-5,0,-5,True,False,False,True,True
ucc-static-ea48334e3dc57ed4,103,ea48334e3dc57ed4,Amazon_Prime,Season3-TheExpanse,rsrp=-101|rsrq=-11|snr=5,rsrp=-101|rsrq=-11,-101,-11,5,ploss=-5|noise_power_dB=-30,-5,-30,False,ploss=0|noise_power_dB=-5,0,-5,True,False,False,True,True
ucc-static-ea48334e3dc57ed4,104,ea48334e3dc57ed4,Amazon_Prime,Season3-TheExpanse,rsrp=-101|rsrq=-10|snr=6,rsrp=-101|rsrq=-10,-101,-10,6,ploss=-5|noise_power_dB=-30,-5,-30,False,ploss=0|noise_power_dB=-5,0,-5,True,False,False,True,True
ucc-static-ea48334e3dc57ed4,105,ea48334e3dc57ed4,Amazon_Prime,Season3-TheExpanse,rsrp=-101|rsrq=-10|snr=6,rsrp=-101|rsrq=-10,-101,-10,6,ploss=-5|noise_power_dB=-30,-5,-30,False,ploss=0|noise_power_dB=-5,0,-5,True,False,False,True,True
ucc-static-ea48334e3dc57ed4,106,ea48334e3dc57ed4,Amazon_Prime,Season3-TheExpanse,rsrp=-101|rsrq=-11|snr=2,rsrp=-101|rsrq=-11,-101,-11,2,ploss=-5|noise_power_dB=-30,-5,-30,False,ploss=0|noise_power_dB=-5,0,-5,True,False,False,True,True
ucc-static-ea48334e3dc57ed4,107,ea48334e3dc57ed4,Amazon_Prime,Season3-TheExpanse,rsrp=-101|rsrq=-11|snr=2,rsrp=-101|rsrq=-11,-101,-11,2,ploss=-5|noise_power_dB=-30,-5,-30,False,ploss=0|noise_power_dB=-5,0,-5,True,False,False,True,True
ucc-static-ea48334e3dc57ed4,108,ea48334e3dc57ed4,Amazon_Prime,Season3-TheExpanse,rsrp=-101|rsrq=-14|snr=-2,rsrp=-101|rsrq=-14,-101,-14,-2,ploss=-5|noise_power_dB=-30,-5,-30,False,ploss=0|noise_power_dB=-5,0,-5,False,False,False,False,False
ucc-static-ea48334e3dc57ed4,109,ea48334e3dc57ed4,Amazon_Prime,Season3-TheExpanse,rsrp=-101|rsrq=-14|snr=-2,rsrp=-101|rsrq=-14,-101,-14,-2,ploss=-5|noise_power_dB=-30,-5,-30,False,ploss=0|noise_power_dB=-5,0,-5,False,False,False,False,False
ucc-static-ea48334e3dc57ed4,110,ea48334e3dc57ed4,Amazon_Prime,Season3-TheExpanse,rsrp=-101|rsrq=-12|snr=-3,rsrp=-101|rsrq=-12,-101,-12,-3,ploss=-5|noise_power_dB=-30,-5,-30,False,ploss=0|noise_power_dB=-5,0,-5,True,False,False,True,True
ucc-static-ea48334e3dc57ed4,111,ea48334e3dc57ed4,Amazon_Prime,Season3-TheExpanse,rsrp=-101|rsrq=-12|snr=-3,rsrp=-101|rsrq=-12,-101,-12,-3,ploss=-5|noise_power_dB=-30,-5,-30,False,ploss=0|noise_power_dB=-5,0,-5,True,False,False,True,True
ucc-static-ea48334e3dc57ed4,112,ea48334e3dc57ed4,Amazon_Prime,Season3-TheExpanse,rsrp=-101|rsrq=-15|snr=5,rsrp=-101|rsrq=-15,-101,-15,5,ploss=-5|noise_power_dB=-30,-5,-30,False,ploss=0|noise_power_dB=-5,0,-5,False,False,False,False,False
ucc-static-ea48334e3dc57ed4,113,ea48334e3dc57ed4,Amazon_Prime,Season3-TheExpanse,rsrp=-101|rsrq=-15|snr=5,rsrp=-101|rsrq=-15,-101,-15,5,ploss=-5|noise_power_dB=-30,-5,-30,False,ploss=0|noise_power_dB=-5,0,-5,False,False,False,False,False
ucc-static-ea48334e3dc57ed4,114,ea48334e3dc57ed4,Amazon_Prime,Season3-TheExpanse,rsrp=-101|rsrq=-16|snr=1,rsrp=-101|rsrq=-16,-101,-16,1,ploss=-5|noise_power_dB=-30,-5,-30,False,ploss=0|noise_power_dB=-5,0,-5,False,False,False,False,False
ucc-static-ea48334e3dc57ed4,115,ea48334e3dc57ed4,Amazon_Prime,Season3-TheExpanse,rsrp=-101|rsrq=-16|snr=1,rsrp=-101|rsrq=-16,-101,-16,1,ploss=-5|noise_power_dB=-30,-5,-30,False,ploss=0|noise_power_dB=-5,0,-5,False,False,False,False,False
ucc-static-ea48334e3dc57ed4,116,ea48334e3dc57ed4,Amazon_Prime,Season3-TheExpanse,rsrp=-101|rsrq=-13|snr=1,rsrp=-101|rsrq=-13,-101,-13,1,ploss=-5|noise_power_dB=-30,-5,-30,False,ploss=0|noise_power_dB=-5,0,-5,False,False,False,False,False
ucc-static-ea48334e3dc57ed4,117,ea48334e3dc57ed4,Amazon_Prime,Season3-TheExpanse,rsrp=-101|rsrq=-13|snr=1,rsrp=-101|rsrq=-13,-101,-13,1,ploss=-5|noise_power_dB=-30,-5,-30,False,ploss=0|noise_power_dB=-5,0,-5,False,False,False,False,False
ucc-static-ea48334e3dc57ed4,118,ea48334e3dc57ed4,Amazon_Prime,Season3-TheExpanse,rsrp=-101|rsrq=-13|snr=7,rsrp=-101|rsrq=-13,-101,-13,7,ploss=-5|noise_power_dB=-30,-5,-30,False,ploss=0|noise_power_dB=-5,0,-5,False,False,False,False,False
ucc-static-ea48334e3dc57ed4,119,ea48334e3dc57ed4,Amazon_Prime,Season3-TheExpanse,rsrp=-101|rsrq=-13|snr=7,rsrp=-101|rsrq=-13,-101,-13,7,ploss=-5|noise_power_dB=-30,-5,-30,False,ploss=0|noise_power_dB=-5,0,-5,False,False,False,False,False
ucc-static-ea48334e3dc57ed4,120,ea48334e3dc57ed4,Amazon_Prime,Season3-TheExpanse,rsrp=-101|rsrq=-15|snr=-4,rsrp=-101|rsrq=-15,-101,-15,-4,ploss=-5|noise_power_dB=-30,-5,-30,False,ploss=0|noise_power_dB=-5,0,-5,False,False,False,False,False
ucc-static-ea48334e3dc57ed4,121,ea48334e3dc57ed4,Amazon_Prime,Season3-TheExpanse,rsrp=-101|rsrq=-15|snr=-4,rsrp=-101|rsrq=-15,-101,-15,-4,ploss=-5|noise_power_dB=-30,-5,-30,False,ploss=0|noise_power_dB=-5,0,-5,False,False,False,False,False
ucc-static-ea48334e3dc57ed4,122,ea48334e3dc57ed4,Amazon_Prime,Season3-TheExpanse,rsrp=-101|rsrq=-13|snr=6,rsrp=-101|rsrq=-13,-101,-13,6,ploss=-5|noise_power_dB=-30,-5,-30,False,ploss=0|noise_power_dB=-5,0,-5,False,False,False,False,False
ucc-static-ea48334e3dc57ed4,123,ea48334e3dc57ed4,Amazon_Prime,Season3-TheExpanse,rsrp=-101|rsrq=-13|snr=6,rsrp=-101|rsrq=-13,-101,-13,6,ploss=-5|noise_power_dB=-30,-5,-30,False,ploss=0|noise_power_dB=-5,0,-5,False,False,False,False,False
ucc-static-ea48334e3dc57ed4,124,ea48334e3dc57ed4,Amazon_Prime,Season3-TheExpanse,rsrp=-101|rsrq=-13|snr=-2,rsrp=-101|rsrq=-13,-101,-13,-2,ploss=-5|noise_power_dB=-30,-5,-30,False,ploss=0|noise_power_dB=-5,0,-5,False,False,False,False,False
ucc-static-ea48334e3dc57ed4,125,ea48334e3dc57ed4,Amazon_Prime,Season3-TheExpanse,rsrp=-101|rsrq=-13|snr=-2,rsrp=-101|rsrq=-13,-101,-13,-2,ploss=-5|noise_power_dB=-30,-5,-30,False,ploss=0|noise_power_dB=-5,0,-5,False,False,False,False,False
ucc-static-ea48334e3dc57ed4,126,ea48334e3dc57ed4,Amazon_Prime,Season3-TheExpanse,rsrp=-101|rsrq=-14|snr=-2,rsrp=-101|rsrq=-14,-101,-14,-2,ploss=-5|noise_power_dB=-30,-5,-30,False,ploss=0|noise_power_dB=-5,0,-5,False,False,False,False,False
ucc-static-ea48334e3dc57ed4,127,ea48334e3dc57ed4,Amazon_Prime,Season3-TheExpanse,rsrp=-101|rsrq=-14|snr=-2,rsrp=-101|rsrq=-14,-101,-14,-2,ploss=-5|noise_power_dB=-30,-5,-30,False,ploss=0|noise_power_dB=-5,0,-5,False,False,False,False,False
ucc-static-ea48334e3dc57ed4,128,ea48334e3dc57ed4,Amazon_Prime,Season3-TheExpanse,rsrp=-101|rsrq=-14|snr=0,rsrp=-101|rsrq=-14,-101,-14,0,ploss=-5|noise_power_dB=-30,-5,-30,False,ploss=0|noise_power_dB=-5,0,-5,False,False,False,False,False
ucc-static-ea48334e3dc57ed4,129,ea48334e3dc57ed4,Amazon_Prime,Season3-TheExpanse,rsrp=-101|rsrq=-14|snr=0,rsrp=-101|rsrq=-14,-101,-14,0,ploss=-5|noise_power_dB=-30,-5,-30,False,ploss=0|noise_power_dB=-5,0,-5,False,False,False,False,False
ucc-static-ea48334e3dc57ed4,130,ea48334e3dc57ed4,Amazon_Prime,Season3-TheExpanse,rsrp=-99|rsrq=-14|snr=-1,rsrp=-99|rsrq=-14,-99,-14,-1,ploss=-5|noise_power_dB=-30,-5,-30,False,ploss=0|noise_power_dB=-5,0,-5,False,False,False,False,False
ucc-static-ea48334e3dc57ed4,131,ea48334e3dc57ed4,Amazon_Prime,Season3-TheExpanse,rsrp=-99|rsrq=-14|snr=-1,rsrp=-99|rsrq=-14,-99,-14,-1,ploss=-5|noise_power_dB=-30,-5,-30,False,ploss=0|noise_power_dB=-5,0,-5,False,False,False,False,False
ucc-static-ea48334e3dc57ed4,132,ea48334e3dc57ed4,Amazon_Prime,Season3-TheExpanse,rsrp=-100|rsrq=-12|snr=-2,rsrp=-100|rsrq=-12,-100,-12,-2,ploss=-5|noise_power_dB=-30,-5,-30,False,ploss=0|noise_power_dB=-5,0,-5,True,False,False,True,True
ucc-static-ea48334e3dc57ed4,133,ea48334e3dc57ed4,Amazon_Prime,Season3-TheExpanse,rsrp=-100|rsrq=-12|snr=-2,rsrp=-100|rsrq=-12,-100,-12,-2,ploss=-5|noise_power_dB=-30,-5,-30,False,ploss=0|noise_power_dB=-5,0,-5,True,False,False,True,True
ucc-static-ea48334e3dc57ed4,134,ea48334e3dc57ed4,Amazon_Prime,Season3-TheExpanse,rsrp=-99|rsrq=-10|snr=2,rsrp=-99|rsrq=-10,-99,-10,2,ploss=-5|noise_power_dB=-30,-5,-30,False,ploss=0|noise_power_dB=-5,0,-5,True,False,False,True,True
ucc-static-ea48334e3dc57ed4,135,ea48334e3dc57ed4,Amazon_Prime,Season3-TheExpanse,rsrp=-99|rsrq=-10|snr=2,rsrp=-99|rsrq=-10,-99,-10,2,ploss=-5|noise_power_dB=-30,-5,-30,False,ploss=0|noise_power_dB=-5,0,-5,True,False,False,True,True
ucc-static-ea48334e3dc57ed4,136,ea48334e3dc57ed4,Amazon_Prime,Season3-TheExpanse,rsrp=-100|rsrq=-12|snr=2,rsrp=-100|rsrq=-12,-100,-12,2,ploss=-5|noise_power_dB=-30,-5,-30,False,ploss=0|noise_power_dB=-5,0,-5,True,False,False,True,True
ucc-static-ea48334e3dc57ed4,137,ea48334e3dc57ed4,Amazon_Prime,Season3-TheExpanse,rsrp=-100|rsrq=-12|snr=2,rsrp=-100|rsrq=-12,-100,-12,2,ploss=-5|noise_power_dB=-30,-5,-30,False,ploss=0|noise_power_dB=-5,0,-5,True,False,False,True,True
ucc-static-ea48334e3dc57ed4,138,ea48334e3dc57ed4,Amazon_Prime,Season3-TheExpanse,rsrp=-101|rsrq=-11|snr=10,rsrp=-101|rsrq=-11,-101,-11,10,ploss=-5|noise_power_dB=-30,-5,-30,False,ploss=0|noise_power_dB=-5,0,-5,True,False,False,True,True
ucc-static-ea48334e3dc57ed4,139,ea48334e3dc57ed4,Amazon_Prime,Season3-TheExpanse,rsrp=-101|rsrq=-11|snr=10,rsrp=-101|rsrq=-11,-101,-11,10,ploss=-5|noise_power_dB=-30,-5,-30,False,ploss=0|noise_power_dB=-5,0,-5,True,False,False,True,True
ucc-static-ea48334e3dc57ed4,140,ea48334e3dc57ed4,Amazon_Prime,Season3-TheExpanse,rsrp=-101|rsrq=-11|snr=6,rsrp=-101|rsrq=-11,-101,-11,6,ploss=-5|noise_power_dB=-30,-5,-30,False,ploss=0|noise_power_dB=-5,0,-5,True,False,False,True,True
ucc-static-ea48334e3dc57ed4,141,ea48334e3dc57ed4,Amazon_Prime,Season3-TheExpanse,rsrp=-101|rsrq=-11|snr=6,rsrp=-101|rsrq=-11,-101,-11,6,ploss=-5|noise_power_dB=-30,-5,-30,False,ploss=0|noise_power_dB=-5,0,-5,True,False,False,True,True
ucc-static-ea48334e3dc57ed4,142,ea48334e3dc57ed4,Amazon_Prime,Season3-TheExpanse,rsrp=-101|rsrq=-14|snr=-2,rsrp=-101|rsrq=-14,-101,-14,-2,ploss=-5|noise_power_dB=-30,-5,-30,False,ploss=0|noise_power_dB=-5,0,-5,False,False,False,False,False
ucc-static-ea48334e3dc57ed4,143,ea48334e3dc57ed4,Amazon_Prime,Season3-TheExpanse,rsrp=-101|rsrq=-14|snr=-2,rsrp=-101|rsrq=-14,-101,-14,-2,ploss=-5|noise_power_dB=-30,-5,-30,False,ploss=0|noise_power_dB=-5,0,-5,False,False,False,False,False
ucc-static-ea48334e3dc57ed4,144,ea48334e3dc57ed4,Amazon_Prime,Season3-TheExpanse,rsrp=-101|rsrq=-11|snr=-4,rsrp=-101|rsrq=-11,-101,-11,-4,ploss=-5|noise_power_dB=-30,-5,-30,False,ploss=0|noise_power_dB=-5,0,-5,True,False,False,True,True
ucc-static-ea48334e3dc57ed4,145,ea48334e3dc57ed4,Amazon_Prime,Season3-TheExpanse,rsrp=-101|rsrq=-11|snr=-4,rsrp=-101|rsrq=-11,-101,-11,-4,ploss=-5|noise_power_dB=-30,-5,-30,False,ploss=0|noise_power_dB=-5,0,-5,True,False,False,True,True
ucc-static-ea48334e3dc57ed4,146,ea48334e3dc57ed4,Amazon_Prime,Season3-TheExpanse,rsrp=-101|rsrq=-15|snr=9,rsrp=-101|rsrq=-15,-101,-15,9,ploss=-5|noise_power_dB=-30,-5,-30,False,ploss=0|noise_power_dB=-5,0,-5,False,False,False,False,False
ucc-static-ea48334e3dc57ed4,147,ea48334e3dc57ed4,Amazon_Prime,Season3-TheExpanse,rsrp=-101|rsrq=-15|snr=9,rsrp=-101|rsrq=-15,-101,-15,9,ploss=-5|noise_power_dB=-30,-5,-30,False,ploss=0|noise_power_dB=-5,0,-5,False,False,False,False,False
ucc-static-ea48334e3dc57ed4,148,ea48334e3dc57ed4,Amazon_Prime,Season3-TheExpanse,rsrp=-101|rsrq=-15|snr=-3,rsrp=-101|rsrq=-15,-101,-15,-3,ploss=-5|noise_power_dB=-30,-5,-30,False,ploss=0|noise_power_dB=-5,0,-5,False,False,False,False,False
ucc-static-ea48334e3dc57ed4,149,ea48334e3dc57ed4,Amazon_Prime,Season3-TheExpanse,rsrp=-101|rsrq=-15|snr=-3,rsrp=-101|rsrq=-15,-101,-15,-3,ploss=-5|noise_power_dB=-30,-5,-30,False,ploss=0|noise_power_dB=-5,0,-5,False,False,False,False,False
ucc-static-ea48334e3dc57ed4,150,ea48334e3dc57ed4,Amazon_Prime,Season3-TheExpanse,rsrp=-101|rsrq=-12|snr=3,rsrp=-101|rsrq=-12,-101,-12,3,ploss=-5|noise_power_dB=-30,-5,-30,False,ploss=0|noise_power_dB=-5,0,-5,True,False,False,True,True
ucc-static-ea48334e3dc57ed4,151,ea48334e3dc57ed4,Amazon_Prime,Season3-TheExpanse,rsrp=-101|rsrq=-12|snr=3,rsrp=-101|rsrq=-12,-101,-12,3,ploss=-5|noise_power_dB=-30,-5,-30,False,ploss=0|noise_power_dB=-5,0,-5,True,False,False,True,True
ucc-static-ea48334e3dc57ed4,152,ea48334e3dc57ed4,Amazon_Prime,Season3-TheExpanse,rsrp=-101|rsrq=-14|snr=-2,rsrp=-101|rsrq=-14,-101,-14,-2,ploss=-5|noise_power_dB=-30,-5,-30,False,ploss=0|noise_power_dB=-5,0,-5,False,False,False,False,False
ucc-static-ea48334e3dc57ed4,153,ea48334e3dc57ed4,Amazon_Prime,Season3-TheExpanse,rsrp=-101|rsrq=-14|snr=-2,rsrp=-101|rsrq=-14,-101,-14,-2,ploss=-5|noise_power_dB=-30,-5,-30,False,ploss=0|noise_power_dB=-5,0,-5,False,False,False,False,False
ucc-static-ea48334e3dc57ed4,154,ea48334e3dc57ed4,Amazon_Prime,Season3-TheExpanse,rsrp=-101|rsrq=-15|snr=3,rsrp=-101|rsrq=-15,-101,-15,3,ploss=-5|noise_power_dB=-30,-5,-30,False,ploss=0|noise_power_dB=-5,0,-5,False,False,False,False,False
ucc-static-ea48334e3dc57ed4,155,ea48334e3dc57ed4,Amazon_Prime,Season3-TheExpanse,rsrp=-101|rsrq=-15|snr=3,rsrp=-101|rsrq=-15,-101,-15,3,ploss=-5|noise_power_dB=-30,-5,-30,False,ploss=0|noise_power_dB=-5,0,-5,False,False,False,False,False
ucc-static-ea48334e3dc57ed4,156,ea48334e3dc57ed4,Amazon_Prime,Season3-TheExpanse,rsrp=-100|rsrq=-15|snr=-1,rsrp=-100|rsrq=-15,-100,-15,-1,ploss=-5|noise_power_dB=-30,-5,-30,False,ploss=0|noise_power_dB=-5,0,-5,False,False,False,False,False
ucc-static-ea48334e3dc57ed4,157,ea48334e3dc57ed4,Amazon_Prime,Season3-TheExpanse,rsrp=-100|rsrq=-15|snr=-1,rsrp=-100|rsrq=-15,-100,-15,-1,ploss=-5|noise_power_dB=-30,-5,-30,False,ploss=0|noise_power_dB=-5,0,-5,False,False,False,False,False
ucc-static-ea48334e3dc57ed4,158,ea48334e3dc57ed4,Amazon_Prime,Season3-TheExpanse,rsrp=-101|rsrq=-15|snr=3,rsrp=-101|rsrq=-15,-101,-15,3,ploss=-5|noise_power_dB=-30,-5,-30,False,ploss=0|noise_power_dB=-5,0,-5,False,False,False,False,False
ucc-static-ea48334e3dc57ed4,159,ea48334e3dc57ed4,Amazon_Prime,Season3-TheExpanse,rsrp=-101|rsrq=-15|snr=3,rsrp=-101|rsrq=-15,-101,-15,3,ploss=-5|noise_power_dB=-30,-5,-30,False,ploss=0|noise_power_dB=-5,0,-5,False,False,False,False,False
ucc-static-ea48334e3dc57ed4,160,ea48334e3dc57ed4,Amazon_Prime,Season3-TheExpanse,rsrp=-101|rsrq=-12|snr=5,rsrp=-101|rsrq=-12,-101,-12,5,ploss=-5|noise_power_dB=-30,-5,-30,False,ploss=0|noise_power_dB=-5,0,-5,True,False,False,True,True
ucc-static-ea48334e3dc57ed4,161,ea48334e3dc57ed4,Amazon_Prime,Season3-TheExpanse,rsrp=-101|rsrq=-12|snr=5,rsrp=-101|rsrq=-12,-101,-12,5,ploss=-5|noise_power_dB=-30,-5,-30,False,ploss=0|noise_power_dB=-5,0,-5,True,False,False,True,True
ucc-static-ea48334e3dc57ed4,162,ea48334e3dc57ed4,Amazon_Prime,Season3-TheExpanse,rsrp=-100|rsrq=-16|snr=1,rsrp=-100|rsrq=-16,-100,-16,1,ploss=-5|noise_power_dB=-30,-5,-30,False,ploss=0|noise_power_dB=-5,0,-5,False,False,False,False,False
ucc-static-ea48334e3dc57ed4,163,ea48334e3dc57ed4,Amazon_Prime,Season3-TheExpanse,rsrp=-100|rsrq=-16|snr=1,rsrp=-100|rsrq=-16,-100,-16,1,ploss=-5|noise_power_dB=-30,-5,-30,False,ploss=0|noise_power_dB=-5,0,-5,False,False,False,False,False
ucc-static-ea48334e3dc57ed4,164,ea48334e3dc57ed4,Amazon_Prime,Season3-TheExpanse,rsrp=-100|rsrq=-17|snr=2,rsrp=-100|rsrq=-17,-100,-17,2,ploss=-5|noise_power_dB=-30,-5,-30,False,ploss=0|noise_power_dB=-5,0,-5,False,False,False,False,False
ucc-static-ea48334e3dc57ed4,165,ea48334e3dc57ed4,Amazon_Prime,Season3-TheExpanse,rsrp=-100|rsrq=-17|snr=2,rsrp=-100|rsrq=-17,-100,-17,2,ploss=-5|noise_power_dB=-30,-5,-30,False,ploss=0|noise_power_dB=-5,0,-5,False,False,False,False,False
ucc-static-ea48334e3dc57ed4,166,ea48334e3dc57ed4,Amazon_Prime,Season3-TheExpanse,rsrp=-101|rsrq=-15|snr=3,rsrp=-101|rsrq=-15,-101,-15,3,ploss=-5|noise_power_dB=-30,-5,-30,False,ploss=0|noise_power_dB=-5,0,-5,False,False,False,False,False
ucc-static-ea48334e3dc57ed4,167,ea48334e3dc57ed4,Amazon_Prime,Season3-TheExpanse,rsrp=-101|rsrq=-15|snr=3,rsrp=-101|rsrq=-15,-101,-15,3,ploss=-5|noise_power_dB=-30,-5,-30,False,ploss=0|noise_power_dB=-5,0,-5,False,False,False,False,False
ucc-static-ed4f832c1ef9f131,0,ed4f832c1ef9f131,Netflix,Season3-StrangerThings,rsrp=-105|rsrq=-12|snr=-4,rsrp=-105|rsrq=-12,-105,-12,-4,ploss=-5|noise_power_dB=-30,-5,-30,True,ploss=0|noise_power_dB=-10,0,-10,True,True,False,False,True
ucc-static-ed4f832c1ef9f131,1,ed4f832c1ef9f131,Netflix,Season3-StrangerThings,rsrp=-105|rsrq=-12|snr=-4,rsrp=-105|rsrq=-12,-105,-12,-4,ploss=-5|noise_power_dB=-30,-5,-30,True,ploss=0|noise_power_dB=-10,0,-10,True,True,False,False,True
ucc-static-ed4f832c1ef9f131,2,ed4f832c1ef9f131,Netflix,Season3-StrangerThings,rsrp=-104|rsrq=-12|snr=-2,rsrp=-104|rsrq=-12,-104,-12,-2,ploss=-5|noise_power_dB=-30,-5,-30,True,ploss=0|noise_power_dB=-10,0,-10,False,False,True,False,True
ucc-static-ed4f832c1ef9f131,3,ed4f832c1ef9f131,Netflix,Season3-StrangerThings,rsrp=-104|rsrq=-12|snr=-2,rsrp=-104|rsrq=-12,-104,-12,-2,ploss=-5|noise_power_dB=-30,-5,-30,True,ploss=0|noise_power_dB=-10,0,-10,False,False,True,False,True
ucc-static-ed4f832c1ef9f131,4,ed4f832c1ef9f131,Netflix,Season3-StrangerThings,rsrp=-105|rsrq=-14|snr=-4,rsrp=-105|rsrq=-14,-105,-14,-4,ploss=-5|noise_power_dB=-30,-5,-30,False,ploss=0|noise_power_dB=-10,0,-10,False,False,False,False,False
ucc-static-ed4f832c1ef9f131,5,ed4f832c1ef9f131,Netflix,Season3-StrangerThings,rsrp=-105|rsrq=-14|snr=-4,rsrp=-105|rsrq=-14,-105,-14,-4,ploss=-5|noise_power_dB=-30,-5,-30,False,ploss=0|noise_power_dB=-10,0,-10,False,False,False,False,False
ucc-static-ed4f832c1ef9f131,6,ed4f832c1ef9f131,Netflix,Season3-StrangerThings,rsrp=-102|rsrq=-14|snr=0,rsrp=-102|rsrq=-14,-102,-14,0,ploss=-5|noise_power_dB=-30,-5,-30,False,ploss=0|noise_power_dB=-5,0,-5,False,False,False,False,False
ucc-static-ed4f832c1ef9f131,7,ed4f832c1ef9f131,Netflix,Season3-StrangerThings,rsrp=-102|rsrq=-14|snr=0,rsrp=-102|rsrq=-14,-102,-14,0,ploss=-5|noise_power_dB=-30,-5,-30,False,ploss=0|noise_power_dB=-5,0,-5,False,False,False,False,False
ucc-static-ed4f832c1ef9f131,8,ed4f832c1ef9f131,Netflix,Season3-StrangerThings,rsrp=-102|rsrq=-16|snr=1,rsrp=-102|rsrq=-16,-102,-16,1,ploss=-5|noise_power_dB=-30,-5,-30,False,ploss=0|noise_power_dB=-5,0,-5,False,False,False,False,False
ucc-static-ed4f832c1ef9f131,9,ed4f832c1ef9f131,Netflix,Season3-StrangerThings,rsrp=-102|rsrq=-16|snr=1,rsrp=-102|rsrq=-16,-102,-16,1,ploss=-5|noise_power_dB=-30,-5,-30,False,ploss=0|noise_power_dB=-5,0,-5,False,False,False,False,False
ucc-static-ed4f832c1ef9f131,10,ed4f832c1ef9f131,Netflix,Season3-StrangerThings,rsrp=-104|rsrq=-14|snr=-2,rsrp=-104|rsrq=-14,-104,-14,-2,ploss=-5|noise_power_dB=-30,-5,-30,False,ploss=0|noise_power_dB=-10,0,-10,False,False,False,False,False
ucc-static-ed4f832c1ef9f131,11,ed4f832c1ef9f131,Netflix,Season3-StrangerThings,rsrp=-104|rsrq=-14|snr=-2,rsrp=-104|rsrq=-14,-104,-14,-2,ploss=-5|noise_power_dB=-30,-5,-30,False,ploss=0|noise_power_dB=-10,0,-10,False,False,False,False,False
ucc-static-ed4f832c1ef9f131,12,ed4f832c1ef9f131,Netflix,Season3-StrangerThings,rsrp=-101|rsrq=-15|snr=9,rsrp=-101|rsrq=-15,-101,-15,9,ploss=-5|noise_power_dB=-30,-5,-30,False,ploss=0|noise_power_dB=-5,0,-5,False,False,False,False,False
ucc-static-ed4f832c1ef9f131,13,ed4f832c1ef9f131,Netflix,Season3-StrangerThings,rsrp=-101|rsrq=-15|snr=9,rsrp=-101|rsrq=-15,-101,-15,9,ploss=-5|noise_power_dB=-30,-5,-30,False,ploss=0|noise_power_dB=-5,0,-5,False,False,False,False,False
ucc-static-ed4f832c1ef9f131,14,ed4f832c1ef9f131,Netflix,Season3-StrangerThings,rsrp=-103|rsrq=-12|snr=-2,rsrp=-103|rsrq=-12,-103,-12,-2,ploss=-5|noise_power_dB=-30,-5,-30,True,ploss=0|noise_power_dB=-5,0,-5,False,False,True,False,True
ucc-static-ed4f832c1ef9f131,15,ed4f832c1ef9f131,Netflix,Season3-StrangerThings,rsrp=-103|rsrq=-12|snr=-2,rsrp=-103|rsrq=-12,-103,-12,-2,ploss=-5|noise_power_dB=-30,-5,-30,True,ploss=0|noise_power_dB=-5,0,-5,False,False,True,False,True
ucc-static-ed4f832c1ef9f131,16,ed4f832c1ef9f131,Netflix,Season3-StrangerThings,rsrp=-101|rsrq=-12|snr=3,rsrp=-101|rsrq=-12,-101,-12,3,ploss=-5|noise_power_dB=-30,-5,-30,False,ploss=0|noise_power_dB=-5,0,-5,True,False,False,True,True
ucc-static-ed4f832c1ef9f131,17,ed4f832c1ef9f131,Netflix,Season3-StrangerThings,rsrp=-101|rsrq=-12|snr=3,rsrp=-101|rsrq=-12,-101,-12,3,ploss=-5|noise_power_dB=-30,-5,-30,False,ploss=0|noise_power_dB=-5,0,-5,True,False,False,True,True
ucc-static-ed4f832c1ef9f131,18,ed4f832c1ef9f131,Netflix,Season3-StrangerThings,rsrp=-101|rsrq=-11|snr=4,rsrp=-101|rsrq=-11,-101,-11,4,ploss=-5|noise_power_dB=-30,-5,-30,False,ploss=0|noise_power_dB=-5,0,-5,True,False,False,True,True
ucc-static-ed4f832c1ef9f131,19,ed4f832c1ef9f131,Netflix,Season3-StrangerThings,rsrp=-101|rsrq=-11|snr=4,rsrp=-101|rsrq=-11,-101,-11,4,ploss=-5|noise_power_dB=-30,-5,-30,False,ploss=0|noise_power_dB=-5,0,-5,True,False,False,True,True
ucc-static-ed4f832c1ef9f131,20,ed4f832c1ef9f131,Netflix,Season3-StrangerThings,rsrp=-100|rsrq=-10|snr=3,rsrp=-100|rsrq=-10,-100,-10,3,ploss=-5|noise_power_dB=-30,-5,-30,False,ploss=0|noise_power_dB=-5,0,-5,True,False,False,True,True
ucc-static-ed4f832c1ef9f131,21,ed4f832c1ef9f131,Netflix,Season3-StrangerThings,rsrp=-100|rsrq=-10|snr=3,rsrp=-100|rsrq=-10,-100,-10,3,ploss=-5|noise_power_dB=-30,-5,-30,False,ploss=0|noise_power_dB=-5,0,-5,True,False,False,True,True
ucc-static-ed4f832c1ef9f131,22,ed4f832c1ef9f131,Netflix,Season3-StrangerThings,rsrp=-103|rsrq=-9|snr=-2,rsrp=-103|rsrq=-9,-103,-9,-2,ploss=-5|noise_power_dB=-30,-5,-30,True,ploss=0|noise_power_dB=-5,0,-5,False,False,True,False,True
ucc-static-ed4f832c1ef9f131,23,ed4f832c1ef9f131,Netflix,Season3-StrangerThings,rsrp=-103|rsrq=-9|snr=-2,rsrp=-103|rsrq=-9,-103,-9,-2,ploss=-5|noise_power_dB=-30,-5,-30,True,ploss=0|noise_power_dB=-5,0,-5,False,False,True,False,True
ucc-static-ed4f832c1ef9f131,24,ed4f832c1ef9f131,Netflix,Season3-StrangerThings,rsrp=-103|rsrq=-12|snr=8,rsrp=-103|rsrq=-12,-103,-12,8,ploss=-5|noise_power_dB=-30,-5,-30,True,ploss=0|noise_power_dB=-5,0,-5,False,False,True,False,True
ucc-static-ed4f832c1ef9f131,25,ed4f832c1ef9f131,Netflix,Season3-StrangerThings,rsrp=-103|rsrq=-12|snr=8,rsrp=-103|rsrq=-12,-103,-12,8,ploss=-5|noise_power_dB=-30,-5,-30,True,ploss=0|noise_power_dB=-5,0,-5,False,False,True,False,True
ucc-static-ed4f832c1ef9f131,26,ed4f832c1ef9f131,Netflix,Season3-StrangerThings,rsrp=-103|rsrq=-12|snr=2,rsrp=-103|rsrq=-12,-103,-12,2,ploss=-5|noise_power_dB=-30,-5,-30,True,ploss=0|noise_power_dB=-5,0,-5,False,False,True,False,True
ucc-static-ed4f832c1ef9f131,27,ed4f832c1ef9f131,Netflix,Season3-StrangerThings,rsrp=-103|rsrq=-12|snr=2,rsrp=-103|rsrq=-12,-103,-12,2,ploss=-5|noise_power_dB=-30,-5,-30,True,ploss=0|noise_power_dB=-5,0,-5,False,False,True,False,True
ucc-static-ed4f832c1ef9f131,28,ed4f832c1ef9f131,Netflix,Season3-StrangerThings,rsrp=-103|rsrq=-12|snr=-3,rsrp=-103|rsrq=-12,-103,-12,-3,ploss=-5|noise_power_dB=-30,-5,-30,True,ploss=0|noise_power_dB=-5,0,-5,False,False,True,False,True
ucc-static-ed4f832c1ef9f131,29,ed4f832c1ef9f131,Netflix,Season3-StrangerThings,rsrp=-103|rsrq=-12|snr=-3,rsrp=-103|rsrq=-12,-103,-12,-3,ploss=-5|noise_power_dB=-30,-5,-30,True,ploss=0|noise_power_dB=-5,0,-5,False,False,True,False,True
ucc-static-ed4f832c1ef9f131,30,ed4f832c1ef9f131,Netflix,Season3-StrangerThings,rsrp=-102|rsrq=-17|snr=-1,rsrp=-102|rsrq=-17,-102,-17,-1,ploss=-5|noise_power_dB=-30,-5,-30,False,ploss=0|noise_power_dB=-5,0,-5,False,False,False,False,False
ucc-static-ed4f832c1ef9f131,31,ed4f832c1ef9f131,Netflix,Season3-StrangerThings,rsrp=-102|rsrq=-17|snr=-1,rsrp=-102|rsrq=-17,-102,-17,-1,ploss=-5|noise_power_dB=-30,-5,-30,False,ploss=0|noise_power_dB=-5,0,-5,False,False,False,False,False
ucc-static-ed4f832c1ef9f131,32,ed4f832c1ef9f131,Netflix,Season3-StrangerThings,rsrp=-103|rsrq=-13|snr=-2,rsrp=-103|rsrq=-13,-103,-13,-2,ploss=-5|noise_power_dB=-30,-5,-30,False,ploss=0|noise_power_dB=-5,0,-5,False,False,False,False,False
ucc-static-ed4f832c1ef9f131,33,ed4f832c1ef9f131,Netflix,Season3-StrangerThings,rsrp=-103|rsrq=-13|snr=-2,rsrp=-103|rsrq=-13,-103,-13,-2,ploss=-5|noise_power_dB=-30,-5,-30,False,ploss=0|noise_power_dB=-5,0,-5,False,False,False,False,False
ucc-static-ed4f832c1ef9f131,34,ed4f832c1ef9f131,Netflix,Season3-StrangerThings,rsrp=-102|rsrq=-12|snr=-1,rsrp=-102|rsrq=-12,-102,-12,-1,ploss=-5|noise_power_dB=-30,-5,-30,False,ploss=0|noise_power_dB=-5,0,-5,True,False,False,True,True
ucc-static-ed4f832c1ef9f131,35,ed4f832c1ef9f131,Netflix,Season3-StrangerThings,rsrp=-102|rsrq=-12|snr=-1,rsrp=-102|rsrq=-12,-102,-12,-1,ploss=-5|noise_power_dB=-30,-5,-30,False,ploss=0|noise_power_dB=-5,0,-5,True,False,False,True,True
ucc-static-ed4f832c1ef9f131,36,ed4f832c1ef9f131,Netflix,Season3-StrangerThings,rsrp=-102|rsrq=-15|snr=-3,rsrp=-102|rsrq=-15,-102,-15,-3,ploss=-5|noise_power_dB=-30,-5,-30,False,ploss=0|noise_power_dB=-5,0,-5,False,False,False,False,False
ucc-static-ed4f832c1ef9f131,37,ed4f832c1ef9f131,Netflix,Season3-StrangerThings,rsrp=-102|rsrq=-15|snr=-3,rsrp=-102|rsrq=-15,-102,-15,-3,ploss=-5|noise_power_dB=-30,-5,-30,False,ploss=0|noise_power_dB=-5,0,-5,False,False,False,False,False
ucc-static-ed4f832c1ef9f131,38,ed4f832c1ef9f131,Netflix,Season3-StrangerThings,rsrp=-101|rsrq=-17|snr=2,rsrp=-101|rsrq=-17,-101,-17,2,ploss=-5|noise_power_dB=-30,-5,-30,False,ploss=0|noise_power_dB=-5,0,-5,False,False,False,False,False
ucc-static-ed4f832c1ef9f131,39,ed4f832c1ef9f131,Netflix,Season3-StrangerThings,rsrp=-101|rsrq=-17|snr=2,rsrp=-101|rsrq=-17,-101,-17,2,ploss=-5|noise_power_dB=-30,-5,-30,False,ploss=0|noise_power_dB=-5,0,-5,False,False,False,False,False
ucc-static-ed4f832c1ef9f131,40,ed4f832c1ef9f131,Netflix,Season3-StrangerThings,rsrp=-102|rsrq=-18|snr=-3,rsrp=-102|rsrq=-18,-102,-18,-3,ploss=-5|noise_power_dB=-30,-5,-30,False,ploss=0|noise_power_dB=-5,0,-5,False,False,False,False,False
ucc-static-ed4f832c1ef9f131,41,ed4f832c1ef9f131,Netflix,Season3-StrangerThings,rsrp=-102|rsrq=-18|snr=-3,rsrp=-102|rsrq=-18,-102,-18,-3,ploss=-5|noise_power_dB=-30,-5,-30,False,ploss=0|noise_power_dB=-5,0,-5,False,False,False,False,False
ucc-static-ed4f832c1ef9f131,42,ed4f832c1ef9f131,Netflix,Season3-StrangerThings,rsrp=-102|rsrq=-15|snr=-2,rsrp=-102|rsrq=-15,-102,-15,-2,ploss=-5|noise_power_dB=-30,-5,-30,False,ploss=0|noise_power_dB=-5,0,-5,False,False,False,False,False
ucc-static-ed4f832c1ef9f131,43,ed4f832c1ef9f131,Netflix,Season3-StrangerThings,rsrp=-102|rsrq=-15|snr=-2,rsrp=-102|rsrq=-15,-102,-15,-2,ploss=-5|noise_power_dB=-30,-5,-30,False,ploss=0|noise_power_dB=-5,0,-5,False,False,False,False,False
ucc-static-ed4f832c1ef9f131,44,ed4f832c1ef9f131,Netflix,Season3-StrangerThings,rsrp=-101|rsrq=-14|snr=2,rsrp=-101|rsrq=-14,-101,-14,2,ploss=-5|noise_power_dB=-30,-5,-30,False,ploss=0|noise_power_dB=-5,0,-5,False,False,False,False,False
ucc-static-ed4f832c1ef9f131,45,ed4f832c1ef9f131,Netflix,Season3-StrangerThings,rsrp=-101|rsrq=-14|snr=2,rsrp=-101|rsrq=-14,-101,-14,2,ploss=-5|noise_power_dB=-30,-5,-30,False,ploss=0|noise_power_dB=-5,0,-5,False,False,False,False,False
ucc-static-ed4f832c1ef9f131,46,ed4f832c1ef9f131,Netflix,Season3-StrangerThings,rsrp=-102|rsrq=-17|snr=-2,rsrp=-102|rsrq=-17,-102,-17,-2,ploss=-5|noise_power_dB=-30,-5,-30,False,ploss=0|noise_power_dB=-5,0,-5,False,False,False,False,False
ucc-static-ed4f832c1ef9f131,47,ed4f832c1ef9f131,Netflix,Season3-StrangerThings,rsrp=-102|rsrq=-17|snr=-2,rsrp=-102|rsrq=-17,-102,-17,-2,ploss=-5|noise_power_dB=-30,-5,-30,False,ploss=0|noise_power_dB=-5,0,-5,False,False,False,False,False
ucc-static-ed4f832c1ef9f131,48,ed4f832c1ef9f131,Netflix,Season3-StrangerThings,rsrp=-99|rsrq=-13|snr=2,rsrp=-99|rsrq=-13,-99,-13,2,ploss=-5|noise_power_dB=-30,-5,-30,False,ploss=0|noise_power_dB=-5,0,-5,False,False,False,False,False
ucc-static-ed4f832c1ef9f131,49,ed4f832c1ef9f131,Netflix,Season3-StrangerThings,rsrp=-99|rsrq=-13|snr=2,rsrp=-99|rsrq=-13,-99,-13,2,ploss=-5|noise_power_dB=-30,-5,-30,False,ploss=0|noise_power_dB=-5,0,-5,False,False,False,False,False
ucc-static-ed4f832c1ef9f131,50,ed4f832c1ef9f131,Netflix,Season3-StrangerThings,rsrp=-104|rsrq=-15|snr=11,rsrp=-104|rsrq=-15,-104,-15,11,ploss=-5|noise_power_dB=-30,-5,-30,False,ploss=0|noise_power_dB=-10,0,-10,False,False,False,False,False
ucc-static-ed4f832c1ef9f131,51,ed4f832c1ef9f131,Netflix,Season3-StrangerThings,rsrp=-104|rsrq=-15|snr=11,rsrp=-104|rsrq=-15,-104,-15,11,ploss=-5|noise_power_dB=-30,-5,-30,False,ploss=0|noise_power_dB=-10,0,-10,False,False,False,False,False
ucc-static-ed4f832c1ef9f131,52,ed4f832c1ef9f131,Netflix,Season3-StrangerThings,rsrp=-105|rsrq=-11|snr=10,rsrp=-105|rsrq=-11,-105,-11,10,ploss=-5|noise_power_dB=-30,-5,-30,True,ploss=0|noise_power_dB=-10,0,-10,True,True,False,False,True
ucc-static-ed4f832c1ef9f131,53,ed4f832c1ef9f131,Netflix,Season3-StrangerThings,rsrp=-105|rsrq=-11|snr=10,rsrp=-105|rsrq=-11,-105,-11,10,ploss=-5|noise_power_dB=-30,-5,-30,True,ploss=0|noise_power_dB=-10,0,-10,True,True,False,False,True
ucc-static-ed4f832c1ef9f131,54,ed4f832c1ef9f131,Netflix,Season3-StrangerThings,rsrp=-104|rsrq=-12|snr=5,rsrp=-104|rsrq=-12,-104,-12,5,ploss=-5|noise_power_dB=-30,-5,-30,True,ploss=0|noise_power_dB=-10,0,-10,False,False,True,False,True
ucc-static-ed4f832c1ef9f131,55,ed4f832c1ef9f131,Netflix,Season3-StrangerThings,rsrp=-104|rsrq=-12|snr=5,rsrp=-104|rsrq=-12,-104,-12,5,ploss=-5|noise_power_dB=-30,-5,-30,True,ploss=0|noise_power_dB=-10,0,-10,False,False,True,False,True
ucc-static-ed4f832c1ef9f131,56,ed4f832c1ef9f131,Netflix,Season3-StrangerThings,rsrp=-103|rsrq=-11|snr=11,rsrp=-103|rsrq=-11,-103,-11,11,ploss=-5|noise_power_dB=-30,-5,-30,True,ploss=0|noise_power_dB=-5,0,-5,False,False,True,False,True
ucc-static-ed4f832c1ef9f131,57,ed4f832c1ef9f131,Netflix,Season3-StrangerThings,rsrp=-103|rsrq=-11|snr=11,rsrp=-103|rsrq=-11,-103,-11,11,ploss=-5|noise_power_dB=-30,-5,-30,True,ploss=0|noise_power_dB=-5,0,-5,False,False,True,False,True
ucc-static-ed4f832c1ef9f131,58,ed4f832c1ef9f131,Netflix,Season3-StrangerThings,rsrp=-105|rsrq=-18|snr=1,rsrp=-105|rsrq=-18,-105,-18,1,ploss=-5|noise_power_dB=-30,-5,-30,False,ploss=0|noise_power_dB=-10,0,-10,False,False,False,False,False
ucc-static-ed4f832c1ef9f131,59,ed4f832c1ef9f131,Netflix,Season3-StrangerThings,rsrp=-105|rsrq=-18|snr=1,rsrp=-105|rsrq=-18,-105,-18,1,ploss=-5|noise_power_dB=-30,-5,-30,False,ploss=0|noise_power_dB=-10,0,-10,False,False,False,False,False
ucc-static-ed4f832c1ef9f131,60,ed4f832c1ef9f131,Netflix,Season3-StrangerThings,rsrp=-104|rsrq=-12|snr=-2,rsrp=-104|rsrq=-12,-104,-12,-2,ploss=-5|noise_power_dB=-30,-5,-30,True,ploss=0|noise_power_dB=-10,0,-10,False,False,True,False,True
ucc-static-ed4f832c1ef9f131,61,ed4f832c1ef9f131,Netflix,Season3-StrangerThings,rsrp=-104|rsrq=-12|snr=-2,rsrp=-104|rsrq=-12,-104,-12,-2,ploss=-5|noise_power_dB=-30,-5,-30,True,ploss=0|noise_power_dB=-10,0,-10,False,False,True,False,True
ucc-static-ed4f832c1ef9f131,62,ed4f832c1ef9f131,Netflix,Season3-StrangerThings,rsrp=-99|rsrq=-10|snr=13,rsrp=-99|rsrq=-10,-99,-10,13,ploss=-5|noise_power_dB=-30,-5,-30,False,ploss=0|noise_power_dB=-5,0,-5,True,False,False,True,True
ucc-static-ed4f832c1ef9f131,63,ed4f832c1ef9f131,Netflix,Season3-StrangerThings,rsrp=-99|rsrq=-10|snr=13,rsrp=-99|rsrq=-10,-99,-10,13,ploss=-5|noise_power_dB=-30,-5,-30,False,ploss=0|noise_power_dB=-5,0,-5,True,False,False,True,True
ucc-static-ed4f832c1ef9f131,64,ed4f832c1ef9f131,Netflix,Season3-StrangerThings,rsrp=-101|rsrq=-11|snr=3,rsrp=-101|rsrq=-11,-101,-11,3,ploss=-5|noise_power_dB=-30,-5,-30,False,ploss=0|noise_power_dB=-5,0,-5,True,False,False,True,True
ucc-static-ed4f832c1ef9f131,65,ed4f832c1ef9f131,Netflix,Season3-StrangerThings,rsrp=-101|rsrq=-11|snr=3,rsrp=-101|rsrq=-11,-101,-11,3,ploss=-5|noise_power_dB=-30,-5,-30,False,ploss=0|noise_power_dB=-5,0,-5,True,False,False,True,True
ucc-static-ed4f832c1ef9f131,66,ed4f832c1ef9f131,Netflix,Season3-StrangerThings,rsrp=-97|rsrq=-9|snr=8,rsrp=-97|rsrq=-9,-97,-9,8,ploss=0|noise_power_dB=-5,0,-5,False,ploss=0|noise_power_dB=-5,0,-5,True,False,False,True,True
ucc-static-ed4f832c1ef9f131,67,ed4f832c1ef9f131,Netflix,Season3-StrangerThings,rsrp=-97|rsrq=-9|snr=8,rsrp=-97|rsrq=-9,-97,-9,8,ploss=0|noise_power_dB=-5,0,-5,False,ploss=0|noise_power_dB=-5,0,-5,True,False,False,True,True
ucc-static-ed4f832c1ef9f131,68,ed4f832c1ef9f131,Netflix,Season3-StrangerThings,rsrp=-98|rsrq=-12|snr=13,rsrp=-98|rsrq=-12,-98,-12,13,ploss=0|noise_power_dB=-5,0,-5,False,ploss=0|noise_power_dB=-5,0,-5,True,False,False,True,True
ucc-static-ed4f832c1ef9f131,69,ed4f832c1ef9f131,Netflix,Season3-StrangerThings,rsrp=-98|rsrq=-12|snr=13,rsrp=-98|rsrq=-12,-98,-12,13,ploss=0|noise_power_dB=-5,0,-5,False,ploss=0|noise_power_dB=-5,0,-5,True,False,False,True,True
ucc-static-ed4f832c1ef9f131,70,ed4f832c1ef9f131,Netflix,Season3-StrangerThings,rsrp=-97|rsrq=-10|snr=13,rsrp=-97|rsrq=-10,-97,-10,13,ploss=0|noise_power_dB=-5,0,-5,False,ploss=0|noise_power_dB=-5,0,-5,True,False,False,True,True
ucc-static-ed4f832c1ef9f131,71,ed4f832c1ef9f131,Netflix,Season3-StrangerThings,rsrp=-97|rsrq=-10|snr=13,rsrp=-97|rsrq=-10,-97,-10,13,ploss=0|noise_power_dB=-5,0,-5,False,ploss=0|noise_power_dB=-5,0,-5,True,False,False,True,True
ucc-static-ed4f832c1ef9f131,72,ed4f832c1ef9f131,Netflix,Season3-StrangerThings,rsrp=-98|rsrq=-13|snr=1,rsrp=-98|rsrq=-13,-98,-13,1,ploss=0|noise_power_dB=-5,0,-5,False,ploss=0|noise_power_dB=-5,0,-5,False,False,False,False,False
ucc-static-ed4f832c1ef9f131,73,ed4f832c1ef9f131,Netflix,Season3-StrangerThings,rsrp=-98|rsrq=-13|snr=1,rsrp=-98|rsrq=-13,-98,-13,1,ploss=0|noise_power_dB=-5,0,-5,False,ploss=0|noise_power_dB=-5,0,-5,False,False,False,False,False
ucc-static-ed4f832c1ef9f131,74,ed4f832c1ef9f131,Netflix,Season3-StrangerThings,rsrp=-100|rsrq=-10|snr=8,rsrp=-100|rsrq=-10,-100,-10,8,ploss=-5|noise_power_dB=-30,-5,-30,False,ploss=0|noise_power_dB=-5,0,-5,True,False,False,True,True
ucc-static-ed4f832c1ef9f131,75,ed4f832c1ef9f131,Netflix,Season3-StrangerThings,rsrp=-100|rsrq=-10|snr=8,rsrp=-100|rsrq=-10,-100,-10,8,ploss=-5|noise_power_dB=-30,-5,-30,False,ploss=0|noise_power_dB=-5,0,-5,True,False,False,True,True
ucc-static-ed4f832c1ef9f131,76,ed4f832c1ef9f131,Netflix,Season3-StrangerThings,rsrp=-99|rsrq=-11|snr=1,rsrp=-99|rsrq=-11,-99,-11,1,ploss=-5|noise_power_dB=-30,-5,-30,False,ploss=0|noise_power_dB=-5,0,-5,True,False,False,True,True
ucc-static-ed4f832c1ef9f131,77,ed4f832c1ef9f131,Netflix,Season3-StrangerThings,rsrp=-99|rsrq=-11|snr=1,rsrp=-99|rsrq=-11,-99,-11,1,ploss=-5|noise_power_dB=-30,-5,-30,False,ploss=0|noise_power_dB=-5,0,-5,True,False,False,True,True
ucc-static-ed4f832c1ef9f131,78,ed4f832c1ef9f131,Netflix,Season3-StrangerThings,rsrp=-102|rsrq=-17|snr=6,rsrp=-102|rsrq=-17,-102,-17,6,ploss=-5|noise_power_dB=-30,-5,-30,False,ploss=0|noise_power_dB=-5,0,-5,False,False,False,False,False
ucc-static-ed4f832c1ef9f131,79,ed4f832c1ef9f131,Netflix,Season3-StrangerThings,rsrp=-102|rsrq=-17|snr=6,rsrp=-102|rsrq=-17,-102,-17,6,ploss=-5|noise_power_dB=-30,-5,-30,False,ploss=0|noise_power_dB=-5,0,-5,False,False,False,False,False
ucc-static-ed4f832c1ef9f131,80,ed4f832c1ef9f131,Netflix,Season3-StrangerThings,rsrp=-100|rsrq=-11|snr=7,rsrp=-100|rsrq=-11,-100,-11,7,ploss=-5|noise_power_dB=-30,-5,-30,False,ploss=0|noise_power_dB=-5,0,-5,True,False,False,True,True
ucc-static-ed4f832c1ef9f131,81,ed4f832c1ef9f131,Netflix,Season3-StrangerThings,rsrp=-100|rsrq=-11|snr=7,rsrp=-100|rsrq=-11,-100,-11,7,ploss=-5|noise_power_dB=-30,-5,-30,False,ploss=0|noise_power_dB=-5,0,-5,True,False,False,True,True
ucc-static-ed4f832c1ef9f131,82,ed4f832c1ef9f131,Netflix,Season3-StrangerThings,rsrp=-100|rsrq=-19|snr=-1,rsrp=-100|rsrq=-19,-100,-19,-1,ploss=-5|noise_power_dB=-30,-5,-30,False,ploss=0|noise_power_dB=-5,0,-5,False,False,False,False,False
ucc-static-ed4f832c1ef9f131,83,ed4f832c1ef9f131,Netflix,Season3-StrangerThings,rsrp=-100|rsrq=-19|snr=-1,rsrp=-100|rsrq=-19,-100,-19,-1,ploss=-5|noise_power_dB=-30,-5,-30,False,ploss=0|noise_power_dB=-5,0,-5,False,False,False,False,False
ucc-static-ed4f832c1ef9f131,84,ed4f832c1ef9f131,Netflix,Season3-StrangerThings,rsrp=-105|rsrq=-16|snr=-2,rsrp=-105|rsrq=-16,-105,-16,-2,ploss=-5|noise_power_dB=-30,-5,-30,False,ploss=0|noise_power_dB=-10,0,-10,False,False,False,False,False
ucc-static-ed4f832c1ef9f131,85,ed4f832c1ef9f131,Netflix,Season3-StrangerThings,rsrp=-105|rsrq=-16|snr=-2,rsrp=-105|rsrq=-16,-105,-16,-2,ploss=-5|noise_power_dB=-30,-5,-30,False,ploss=0|noise_power_dB=-10,0,-10,False,False,False,False,False
ucc-static-ed4f832c1ef9f131,86,ed4f832c1ef9f131,Netflix,Season3-StrangerThings,rsrp=-99|rsrq=-13|snr=0,rsrp=-99|rsrq=-13,-99,-13,0,ploss=-5|noise_power_dB=-30,-5,-30,False,ploss=0|noise_power_dB=-5,0,-5,False,False,False,False,False
ucc-static-ed4f832c1ef9f131,87,ed4f832c1ef9f131,Netflix,Season3-StrangerThings,rsrp=-99|rsrq=-13|snr=0,rsrp=-99|rsrq=-13,-99,-13,0,ploss=-5|noise_power_dB=-30,-5,-30,False,ploss=0|noise_power_dB=-5,0,-5,False,False,False,False,False
ucc-static-ed4f832c1ef9f131,88,ed4f832c1ef9f131,Netflix,Season3-StrangerThings,rsrp=-99|rsrq=-16|snr=-1,rsrp=-99|rsrq=-16,-99,-16,-1,ploss=-5|noise_power_dB=-30,-5,-30,False,ploss=0|noise_power_dB=-5,0,-5,False,False,False,False,False
ucc-static-ed4f832c1ef9f131,89,ed4f832c1ef9f131,Netflix,Season3-StrangerThings,rsrp=-99|rsrq=-16|snr=-1,rsrp=-99|rsrq=-16,-99,-16,-1,ploss=-5|noise_power_dB=-30,-5,-30,False,ploss=0|noise_power_dB=-5,0,-5,False,False,False,False,False
ucc-static-ed4f832c1ef9f131,90,ed4f832c1ef9f131,Netflix,Season3-StrangerThings,rsrp=-101|rsrq=-11|snr=6,rsrp=-101|rsrq=-11,-101,-11,6,ploss=-5|noise_power_dB=-30,-5,-30,False,ploss=0|noise_power_dB=-5,0,-5,True,False,False,True,True
ucc-static-ed4f832c1ef9f131,91,ed4f832c1ef9f131,Netflix,Season3-StrangerThings,rsrp=-101|rsrq=-11|snr=6,rsrp=-101|rsrq=-11,-101,-11,6,ploss=-5|noise_power_dB=-30,-5,-30,False,ploss=0|noise_power_dB=-5,0,-5,True,False,False,True,True
ucc-static-ed4f832c1ef9f131,92,ed4f832c1ef9f131,Netflix,Season3-StrangerThings,rsrp=-100|rsrq=-13|snr=-1,rsrp=-100|rsrq=-13,-100,-13,-1,ploss=-5|noise_power_dB=-30,-5,-30,False,ploss=0|noise_power_dB=-5,0,-5,False,False,False,False,False
ucc-static-ed4f832c1ef9f131,93,ed4f832c1ef9f131,Netflix,Season3-StrangerThings,rsrp=-100|rsrq=-13|snr=-1,rsrp=-100|rsrq=-13,-100,-13,-1,ploss=-5|noise_power_dB=-30,-5,-30,False,ploss=0|noise_power_dB=-5,0,-5,False,False,False,False,False
ucc-static-ed4f832c1ef9f131,94,ed4f832c1ef9f131,Netflix,Season3-StrangerThings,rsrp=-100|rsrq=-13|snr=10,rsrp=-100|rsrq=-13,-100,-13,10,ploss=-5|noise_power_dB=-30,-5,-30,False,ploss=0|noise_power_dB=-5,0,-5,False,False,False,False,False
ucc-static-ed4f832c1ef9f131,95,ed4f832c1ef9f131,Netflix,Season3-StrangerThings,rsrp=-100|rsrq=-13|snr=10,rsrp=-100|rsrq=-13,-100,-13,10,ploss=-5|noise_power_dB=-30,-5,-30,False,ploss=0|noise_power_dB=-5,0,-5,False,False,False,False,False
ucc-static-ed4f832c1ef9f131,96,ed4f832c1ef9f131,Netflix,Season3-StrangerThings,rsrp=-99|rsrq=-14|snr=8,rsrp=-99|rsrq=-14,-99,-14,8,ploss=-5|noise_power_dB=-30,-5,-30,False,ploss=0|noise_power_dB=-5,0,-5,False,False,False,False,False
ucc-static-ed4f832c1ef9f131,97,ed4f832c1ef9f131,Netflix,Season3-StrangerThings,rsrp=-99|rsrq=-14|snr=8,rsrp=-99|rsrq=-14,-99,-14,8,ploss=-5|noise_power_dB=-30,-5,-30,False,ploss=0|noise_power_dB=-5,0,-5,False,False,False,False,False
ucc-static-ed4f832c1ef9f131,98,ed4f832c1ef9f131,Netflix,Season3-StrangerThings,rsrp=-100|rsrq=-13|snr=6,rsrp=-100|rsrq=-13,-100,-13,6,ploss=-5|noise_power_dB=-30,-5,-30,False,ploss=0|noise_power_dB=-5,0,-5,False,False,False,False,False
ucc-static-ed4f832c1ef9f131,99,ed4f832c1ef9f131,Netflix,Season3-StrangerThings,rsrp=-100|rsrq=-13|snr=6,rsrp=-100|rsrq=-13,-100,-13,6,ploss=-5|noise_power_dB=-30,-5,-30,False,ploss=0|noise_power_dB=-5,0,-5,False,False,False,False,False
ucc-static-ed4f832c1ef9f131,100,ed4f832c1ef9f131,Netflix,Season3-StrangerThings,rsrp=-99|rsrq=-15|snr=3,rsrp=-99|rsrq=-15,-99,-15,3,ploss=-5|noise_power_dB=-30,-5,-30,False,ploss=0|noise_power_dB=-5,0,-5,False,False,False,False,False
ucc-static-ed4f832c1ef9f131,101,ed4f832c1ef9f131,Netflix,Season3-StrangerThings,rsrp=-99|rsrq=-15|snr=3,rsrp=-99|rsrq=-15,-99,-15,3,ploss=-5|noise_power_dB=-30,-5,-30,False,ploss=0|noise_power_dB=-5,0,-5,False,False,False,False,False
ucc-static-ed4f832c1ef9f131,102,ed4f832c1ef9f131,Netflix,Season3-StrangerThings,rsrp=-99|rsrq=-16|snr=7,rsrp=-99|rsrq=-16,-99,-16,7,ploss=-5|noise_power_dB=-30,-5,-30,False,ploss=0|noise_power_dB=-5,0,-5,False,False,False,False,False
ucc-static-ed4f832c1ef9f131,103,ed4f832c1ef9f131,Netflix,Season3-StrangerThings,rsrp=-99|rsrq=-16|snr=7,rsrp=-99|rsrq=-16,-99,-16,7,ploss=-5|noise_power_dB=-30,-5,-30,False,ploss=0|noise_power_dB=-5,0,-5,False,False,False,False,False
ucc-static-ed4f832c1ef9f131,104,ed4f832c1ef9f131,Netflix,Season3-StrangerThings,rsrp=-100|rsrq=-14|snr=8,rsrp=-100|rsrq=-14,-100,-14,8,ploss=-5|noise_power_dB=-30,-5,-30,False,ploss=0|noise_power_dB=-5,0,-5,False,False,False,False,False
ucc-static-ed4f832c1ef9f131,105,ed4f832c1ef9f131,Netflix,Season3-StrangerThings,rsrp=-100|rsrq=-14|snr=8,rsrp=-100|rsrq=-14,-100,-14,8,ploss=-5|noise_power_dB=-30,-5,-30,False,ploss=0|noise_power_dB=-5,0,-5,False,False,False,False,False
ucc-static-ed4f832c1ef9f131,106,ed4f832c1ef9f131,Netflix,Season3-StrangerThings,rsrp=-98|rsrq=-14|snr=7,rsrp=-98|rsrq=-14,-98,-14,7,ploss=0|noise_power_dB=-5,0,-5,False,ploss=0|noise_power_dB=-5,0,-5,False,False,False,False,False
ucc-static-ed4f832c1ef9f131,107,ed4f832c1ef9f131,Netflix,Season3-StrangerThings,rsrp=-98|rsrq=-14|snr=7,rsrp=-98|rsrq=-14,-98,-14,7,ploss=0|noise_power_dB=-5,0,-5,False,ploss=0|noise_power_dB=-5,0,-5,False,False,False,False,False
ucc-static-ed4f832c1ef9f131,108,ed4f832c1ef9f131,Netflix,Season3-StrangerThings,rsrp=-98|rsrq=-16|snr=9,rsrp=-98|rsrq=-16,-98,-16,9,ploss=0|noise_power_dB=-5,0,-5,False,ploss=0|noise_power_dB=-5,0,-5,False,False,False,False,False
ucc-static-ed4f832c1ef9f131,109,ed4f832c1ef9f131,Netflix,Season3-StrangerThings,rsrp=-98|rsrq=-16|snr=9,rsrp=-98|rsrq=-16,-98,-16,9,ploss=0|noise_power_dB=-5,0,-5,False,ploss=0|noise_power_dB=-5,0,-5,False,False,False,False,False
ucc-static-ed4f832c1ef9f131,110,ed4f832c1ef9f131,Netflix,Season3-StrangerThings,rsrp=-98|rsrq=-16|snr=6,rsrp=-98|rsrq=-16,-98,-16,6,ploss=0|noise_power_dB=-5,0,-5,False,ploss=0|noise_power_dB=-5,0,-5,False,False,False,False,False
ucc-static-ed4f832c1ef9f131,111,ed4f832c1ef9f131,Netflix,Season3-StrangerThings,rsrp=-98|rsrq=-16|snr=6,rsrp=-98|rsrq=-16,-98,-16,6,ploss=0|noise_power_dB=-5,0,-5,False,ploss=0|noise_power_dB=-5,0,-5,False,False,False,False,False
ucc-static-ed4f832c1ef9f131,112,ed4f832c1ef9f131,Netflix,Season3-StrangerThings,rsrp=-99|rsrq=-15|snr=-1,rsrp=-99|rsrq=-15,-99,-15,-1,ploss=-5|noise_power_dB=-30,-5,-30,False,ploss=0|noise_power_dB=-5,0,-5,False,False,False,False,False
ucc-static-ed4f832c1ef9f131,113,ed4f832c1ef9f131,Netflix,Season3-StrangerThings,rsrp=-99|rsrq=-15|snr=-1,rsrp=-99|rsrq=-15,-99,-15,-1,ploss=-5|noise_power_dB=-30,-5,-30,False,ploss=0|noise_power_dB=-5,0,-5,False,False,False,False,False
ucc-static-ed4f832c1ef9f131,114,ed4f832c1ef9f131,Netflix,Season3-StrangerThings,rsrp=-98|rsrq=-10|snr=9,rsrp=-98|rsrq=-10,-98,-10,9,ploss=0|noise_power_dB=-5,0,-5,False,ploss=0|noise_power_dB=-5,0,-5,True,False,False,True,True
ucc-static-ed4f832c1ef9f131,115,ed4f832c1ef9f131,Netflix,Season3-StrangerThings,rsrp=-98|rsrq=-10|snr=9,rsrp=-98|rsrq=-10,-98,-10,9,ploss=0|noise_power_dB=-5,0,-5,False,ploss=0|noise_power_dB=-5,0,-5,True,False,False,True,True
ucc-static-ed4f832c1ef9f131,116,ed4f832c1ef9f131,Netflix,Season3-StrangerThings,rsrp=-98|rsrq=-16|snr=6,rsrp=-98|rsrq=-16,-98,-16,6,ploss=0|noise_power_dB=-5,0,-5,False,ploss=0|noise_power_dB=-5,0,-5,False,False,False,False,False
ucc-static-ed4f832c1ef9f131,117,ed4f832c1ef9f131,Netflix,Season3-StrangerThings,rsrp=-98|rsrq=-16|snr=6,rsrp=-98|rsrq=-16,-98,-16,6,ploss=0|noise_power_dB=-5,0,-5,False,ploss=0|noise_power_dB=-5,0,-5,False,False,False,False,False
ucc-static-ed4f832c1ef9f131,118,ed4f832c1ef9f131,Netflix,Season3-StrangerThings,rsrp=-98|rsrq=-15|snr=9,rsrp=-98|rsrq=-15,-98,-15,9,ploss=0|noise_power_dB=-5,0,-5,False,ploss=0|noise_power_dB=-5,0,-5,False,False,False,False,False
ucc-static-ed4f832c1ef9f131,119,ed4f832c1ef9f131,Netflix,Season3-StrangerThings,rsrp=-98|rsrq=-15|snr=9,rsrp=-98|rsrq=-15,-98,-15,9,ploss=0|noise_power_dB=-5,0,-5,False,ploss=0|noise_power_dB=-5,0,-5,False,False,False,False,False
ucc-static-ed4f832c1ef9f131,120,ed4f832c1ef9f131,Netflix,Season3-StrangerThings,rsrp=-98|rsrq=-16|snr=8,rsrp=-98|rsrq=-16,-98,-16,8,ploss=0|noise_power_dB=-5,0,-5,False,ploss=0|noise_power_dB=-5,0,-5,False,False,False,False,False
ucc-static-ed4f832c1ef9f131,121,ed4f832c1ef9f131,Netflix,Season3-StrangerThings,rsrp=-98|rsrq=-16|snr=8,rsrp=-98|rsrq=-16,-98,-16,8,ploss=0|noise_power_dB=-5,0,-5,False,ploss=0|noise_power_dB=-5,0,-5,False,False,False,False,False
ucc-static-ed4f832c1ef9f131,122,ed4f832c1ef9f131,Netflix,Season3-StrangerThings,rsrp=-97|rsrq=-16|snr=5,rsrp=-97|rsrq=-16,-97,-16,5,ploss=0|noise_power_dB=-5,0,-5,False,ploss=0|noise_power_dB=-5,0,-5,False,False,False,False,False
ucc-static-ed4f832c1ef9f131,123,ed4f832c1ef9f131,Netflix,Season3-StrangerThings,rsrp=-97|rsrq=-16|snr=5,rsrp=-97|rsrq=-16,-97,-16,5,ploss=0|noise_power_dB=-5,0,-5,False,ploss=0|noise_power_dB=-5,0,-5,False,False,False,False,False
ucc-static-ed4f832c1ef9f131,124,ed4f832c1ef9f131,Netflix,Season3-StrangerThings,rsrp=-97|rsrq=-17|snr=3,rsrp=-97|rsrq=-17,-97,-17,3,ploss=0|noise_power_dB=-5,0,-5,False,ploss=0|noise_power_dB=-5,0,-5,False,False,False,False,False
ucc-static-ed4f832c1ef9f131,125,ed4f832c1ef9f131,Netflix,Season3-StrangerThings,rsrp=-97|rsrq=-17|snr=3,rsrp=-97|rsrq=-17,-97,-17,3,ploss=0|noise_power_dB=-5,0,-5,False,ploss=0|noise_power_dB=-5,0,-5,False,False,False,False,False
ucc-static-ed4f832c1ef9f131,126,ed4f832c1ef9f131,Netflix,Season3-StrangerThings,rsrp=-97|rsrq=-16|snr=5,rsrp=-97|rsrq=-16,-97,-16,5,ploss=0|noise_power_dB=-5,0,-5,False,ploss=0|noise_power_dB=-5,0,-5,False,False,False,False,False
ucc-static-ed4f832c1ef9f131,127,ed4f832c1ef9f131,Netflix,Season3-StrangerThings,rsrp=-97|rsrq=-16|snr=5,rsrp=-97|rsrq=-16,-97,-16,5,ploss=0|noise_power_dB=-5,0,-5,False,ploss=0|noise_power_dB=-5,0,-5,False,False,False,False,False
ucc-static-ed4f832c1ef9f131,128,ed4f832c1ef9f131,Netflix,Season3-StrangerThings,rsrp=-97|rsrq=-14|snr=6,rsrp=-97|rsrq=-14,-97,-14,6,ploss=0|noise_power_dB=-5,0,-5,False,ploss=0|noise_power_dB=-5,0,-5,False,False,False,False,False
ucc-static-ed4f832c1ef9f131,129,ed4f832c1ef9f131,Netflix,Season3-StrangerThings,rsrp=-97|rsrq=-14|snr=6,rsrp=-97|rsrq=-14,-97,-14,6,ploss=0|noise_power_dB=-5,0,-5,False,ploss=0|noise_power_dB=-5,0,-5,False,False,False,False,False
ucc-static-ed4f832c1ef9f131,130,ed4f832c1ef9f131,Netflix,Season3-StrangerThings,rsrp=-98|rsrq=-14|snr=3,rsrp=-98|rsrq=-14,-98,-14,3,ploss=0|noise_power_dB=-5,0,-5,False,ploss=0|noise_power_dB=-5,0,-5,False,False,False,False,False
ucc-static-ed4f832c1ef9f131,131,ed4f832c1ef9f131,Netflix,Season3-StrangerThings,rsrp=-98|rsrq=-14|snr=3,rsrp=-98|rsrq=-14,-98,-14,3,ploss=0|noise_power_dB=-5,0,-5,False,ploss=0|noise_power_dB=-5,0,-5,False,False,False,False,False
ucc-static-ed4f832c1ef9f131,132,ed4f832c1ef9f131,Netflix,Season3-StrangerThings,rsrp=-98|rsrq=-15|snr=1,rsrp=-98|rsrq=-15,-98,-15,1,ploss=0|noise_power_dB=-5,0,-5,False,ploss=0|noise_power_dB=-5,0,-5,False,False,False,False,False
ucc-static-ed4f832c1ef9f131,133,ed4f832c1ef9f131,Netflix,Season3-StrangerThings,rsrp=-98|rsrq=-15|snr=1,rsrp=-98|rsrq=-15,-98,-15,1,ploss=0|noise_power_dB=-5,0,-5,False,ploss=0|noise_power_dB=-5,0,-5,False,False,False,False,False
ucc-static-ed4f832c1ef9f131,134,ed4f832c1ef9f131,Netflix,Season3-StrangerThings,rsrp=-98|rsrq=-17|snr=-1,rsrp=-98|rsrq=-17,-98,-17,-1,ploss=0|noise_power_dB=-5,0,-5,False,ploss=0|noise_power_dB=-5,0,-5,False,False,False,False,False
ucc-static-ed4f832c1ef9f131,135,ed4f832c1ef9f131,Netflix,Season3-StrangerThings,rsrp=-98|rsrq=-17|snr=-1,rsrp=-98|rsrq=-17,-98,-17,-1,ploss=0|noise_power_dB=-5,0,-5,False,ploss=0|noise_power_dB=-5,0,-5,False,False,False,False,False
ucc-static-ed4f832c1ef9f131,136,ed4f832c1ef9f131,Netflix,Season3-StrangerThings,rsrp=-99|rsrq=-16|snr=-3,rsrp=-99|rsrq=-16,-99,-16,-3,ploss=-5|noise_power_dB=-30,-5,-30,False,ploss=0|noise_power_dB=-5,0,-5,False,False,False,False,False
ucc-static-ed4f832c1ef9f131,137,ed4f832c1ef9f131,Netflix,Season3-StrangerThings,rsrp=-99|rsrq=-16|snr=-3,rsrp=-99|rsrq=-16,-99,-16,-3,ploss=-5|noise_power_dB=-30,-5,-30,False,ploss=0|noise_power_dB=-5,0,-5,False,False,False,False,False
ucc-static-ed4f832c1ef9f131,138,ed4f832c1ef9f131,Netflix,Season3-StrangerThings,rsrp=-99|rsrq=-13|snr=1,rsrp=-99|rsrq=-13,-99,-13,1,ploss=-5|noise_power_dB=-30,-5,-30,False,ploss=0|noise_power_dB=-5,0,-5,False,False,False,False,False
ucc-static-ed4f832c1ef9f131,139,ed4f832c1ef9f131,Netflix,Season3-StrangerThings,rsrp=-99|rsrq=-13|snr=1,rsrp=-99|rsrq=-13,-99,-13,1,ploss=-5|noise_power_dB=-30,-5,-30,False,ploss=0|noise_power_dB=-5,0,-5,False,False,False,False,False
ucc-static-ed4f832c1ef9f131,140,ed4f832c1ef9f131,Netflix,Season3-StrangerThings,rsrp=-100|rsrq=-16|snr=0,rsrp=-100|rsrq=-16,-100,-16,0,ploss=-5|noise_power_dB=-30,-5,-30,False,ploss=0|noise_power_dB=-5,0,-5,False,False,False,False,False
ucc-static-ed4f832c1ef9f131,141,ed4f832c1ef9f131,Netflix,Season3-StrangerThings,rsrp=-100|rsrq=-16|snr=0,rsrp=-100|rsrq=-16,-100,-16,0,ploss=-5|noise_power_dB=-30,-5,-30,False,ploss=0|noise_power_dB=-5,0,-5,False,False,False,False,False
ucc-static-ed4f832c1ef9f131,142,ed4f832c1ef9f131,Netflix,Season3-StrangerThings,rsrp=-100|rsrq=-13|snr=-4,rsrp=-100|rsrq=-13,-100,-13,-4,ploss=-5|noise_power_dB=-30,-5,-30,False,ploss=0|noise_power_dB=-5,0,-5,False,False,False,False,False
ucc-static-ed4f832c1ef9f131,143,ed4f832c1ef9f131,Netflix,Season3-StrangerThings,rsrp=-100|rsrq=-13|snr=-4,rsrp=-100|rsrq=-13,-100,-13,-4,ploss=-5|noise_power_dB=-30,-5,-30,False,ploss=0|noise_power_dB=-5,0,-5,False,False,False,False,False
ucc-static-ed4f832c1ef9f131,144,ed4f832c1ef9f131,Netflix,Season3-StrangerThings,rsrp=-99|rsrq=-15|snr=2,rsrp=-99|rsrq=-15,-99,-15,2,ploss=-5|noise_power_dB=-30,-5,-30,False,ploss=0|noise_power_dB=-5,0,-5,False,False,False,False,False
ucc-static-ed4f832c1ef9f131,145,ed4f832c1ef9f131,Netflix,Season3-StrangerThings,rsrp=-99|rsrq=-15|snr=2,rsrp=-99|rsrq=-15,-99,-15,2,ploss=-5|noise_power_dB=-30,-5,-30,False,ploss=0|noise_power_dB=-5,0,-5,False,False,False,False,False
ucc-static-ed4f832c1ef9f131,146,ed4f832c1ef9f131,Netflix,Season3-StrangerThings,rsrp=-99|rsrq=-17|snr=4,rsrp=-99|rsrq=-17,-99,-17,4,ploss=-5|noise_power_dB=-30,-5,-30,False,ploss=0|noise_power_dB=-5,0,-5,False,False,False,False,False
ucc-static-ed4f832c1ef9f131,147,ed4f832c1ef9f131,Netflix,Season3-StrangerThings,rsrp=-99|rsrq=-17|snr=4,rsrp=-99|rsrq=-17,-99,-17,4,ploss=-5|noise_power_dB=-30,-5,-30,False,ploss=0|noise_power_dB=-5,0,-5,False,False,False,False,False
ucc-static-ed4f832c1ef9f131,148,ed4f832c1ef9f131,Netflix,Season3-StrangerThings,rsrp=-100|rsrq=-19|snr=-3,rsrp=-100|rsrq=-19,-100,-19,-3,ploss=-5|noise_power_dB=-30,-5,-30,False,ploss=0|noise_power_dB=-5,0,-5,False,False,False,False,False
ucc-static-ed4f832c1ef9f131,149,ed4f832c1ef9f131,Netflix,Season3-StrangerThings,rsrp=-100|rsrq=-19|snr=-3,rsrp=-100|rsrq=-19,-100,-19,-3,ploss=-5|noise_power_dB=-30,-5,-30,False,ploss=0|noise_power_dB=-5,0,-5,False,False,False,False,False
ucc-static-ed4f832c1ef9f131,150,ed4f832c1ef9f131,Netflix,Season3-StrangerThings,rsrp=-101|rsrq=-18|snr=0,rsrp=-101|rsrq=-18,-101,-18,0,ploss=-5|noise_power_dB=-30,-5,-30,False,ploss=0|noise_power_dB=-5,0,-5,False,False,False,False,False
ucc-static-ed4f832c1ef9f131,151,ed4f832c1ef9f131,Netflix,Season3-StrangerThings,rsrp=-101|rsrq=-18|snr=0,rsrp=-101|rsrq=-18,-101,-18,0,ploss=-5|noise_power_dB=-30,-5,-30,False,ploss=0|noise_power_dB=-5,0,-5,False,False,False,False,False
ucc-static-ed4f832c1ef9f131,152,ed4f832c1ef9f131,Netflix,Season3-StrangerThings,rsrp=-99|rsrq=-13|snr=3,rsrp=-99|rsrq=-13,-99,-13,3,ploss=-5|noise_power_dB=-30,-5,-30,False,ploss=0|noise_power_dB=-5,0,-5,False,False,False,False,False
ucc-static-ed4f832c1ef9f131,153,ed4f832c1ef9f131,Netflix,Season3-StrangerThings,rsrp=-99|rsrq=-13|snr=3,rsrp=-99|rsrq=-13,-99,-13,3,ploss=-5|noise_power_dB=-30,-5,-30,False,ploss=0|noise_power_dB=-5,0,-5,False,False,False,False,False
ucc-static-ed4f832c1ef9f131,154,ed4f832c1ef9f131,Netflix,Season3-StrangerThings,rsrp=-99|rsrq=-18|snr=-3,rsrp=-99|rsrq=-18,-99,-18,-3,ploss=-5|noise_power_dB=-30,-5,-30,False,ploss=0|noise_power_dB=-5,0,-5,False,False,False,False,False
ucc-static-ed4f832c1ef9f131,155,ed4f832c1ef9f131,Netflix,Season3-StrangerThings,rsrp=-99|rsrq=-18|snr=-3,rsrp=-99|rsrq=-18,-99,-18,-3,ploss=-5|noise_power_dB=-30,-5,-30,False,ploss=0|noise_power_dB=-5,0,-5,False,False,False,False,False
ucc-static-ed4f832c1ef9f131,156,ed4f832c1ef9f131,Netflix,Season3-StrangerThings,rsrp=-99|rsrq=-11|snr=2,rsrp=-99|rsrq=-11,-99,-11,2,ploss=-5|noise_power_dB=-30,-5,-30,False,ploss=0|noise_power_dB=-5,0,-5,True,False,False,True,True
ucc-static-ed4f832c1ef9f131,157,ed4f832c1ef9f131,Netflix,Season3-StrangerThings,rsrp=-99|rsrq=-11|snr=2,rsrp=-99|rsrq=-11,-99,-11,2,ploss=-5|noise_power_dB=-30,-5,-30,False,ploss=0|noise_power_dB=-5,0,-5,True,False,False,True,True
ucc-static-ed4f832c1ef9f131,158,ed4f832c1ef9f131,Netflix,Season3-StrangerThings,rsrp=-99|rsrq=-13|snr=-2,rsrp=-99|rsrq=-13,-99,-13,-2,ploss=-5|noise_power_dB=-30,-5,-30,False,ploss=0|noise_power_dB=-5,0,-5,False,False,False,False,False
ucc-static-ed4f832c1ef9f131,159,ed4f832c1ef9f131,Netflix,Season3-StrangerThings,rsrp=-99|rsrq=-13|snr=-2,rsrp=-99|rsrq=-13,-99,-13,-2,ploss=-5|noise_power_dB=-30,-5,-30,False,ploss=0|noise_power_dB=-5,0,-5,False,False,False,False,False
ucc-static-ed4f832c1ef9f131,160,ed4f832c1ef9f131,Netflix,Season3-StrangerThings,rsrp=-101|rsrq=-15|snr=4,rsrp=-101|rsrq=-15,-101,-15,4,ploss=-5|noise_power_dB=-30,-5,-30,False,ploss=0|noise_power_dB=-5,0,-5,False,False,False,False,False
ucc-static-ed4f832c1ef9f131,161,ed4f832c1ef9f131,Netflix,Season3-StrangerThings,rsrp=-101|rsrq=-15|snr=4,rsrp=-101|rsrq=-15,-101,-15,4,ploss=-5|noise_power_dB=-30,-5,-30,False,ploss=0|noise_power_dB=-5,0,-5,False,False,False,False,False
ucc-static-ed4f832c1ef9f131,162,ed4f832c1ef9f131,Netflix,Season3-StrangerThings,rsrp=-100|rsrq=-17|snr=7,rsrp=-100|rsrq=-17,-100,-17,7,ploss=-5|noise_power_dB=-30,-5,-30,False,ploss=0|noise_power_dB=-5,0,-5,False,False,False,False,False
ucc-static-ed4f832c1ef9f131,163,ed4f832c1ef9f131,Netflix,Season3-StrangerThings,rsrp=-100|rsrq=-17|snr=7,rsrp=-100|rsrq=-17,-100,-17,7,ploss=-5|noise_power_dB=-30,-5,-30,False,ploss=0|noise_power_dB=-5,0,-5,False,False,False,False,False
ucc-static-ed4f832c1ef9f131,164,ed4f832c1ef9f131,Netflix,Season3-StrangerThings,rsrp=-99|rsrq=-17|snr=2,rsrp=-99|rsrq=-17,-99,-17,2,ploss=-5|noise_power_dB=-30,-5,-30,False,ploss=0|noise_power_dB=-5,0,-5,False,False,False,False,False
ucc-static-ed4f832c1ef9f131,165,ed4f832c1ef9f131,Netflix,Season3-StrangerThings,rsrp=-99|rsrq=-17|snr=2,rsrp=-99|rsrq=-17,-99,-17,2,ploss=-5|noise_power_dB=-30,-5,-30,False,ploss=0|noise_power_dB=-5,0,-5,False,False,False,False,False
ucc-static-ed4f832c1ef9f131,166,ed4f832c1ef9f131,Netflix,Season3-StrangerThings,rsrp=-100|rsrq=-13|snr=1,rsrp=-100|rsrq=-13,-100,-13,1,ploss=-5|noise_power_dB=-30,-5,-30,False,ploss=0|noise_power_dB=-5,0,-5,False,False,False,False,False
ucc-static-f609ac4f39a5c67b,0,f609ac4f39a5c67b,Netflix,animated-RickandMorty,rsrp=-91|rsrq=-13|snr=6,rsrp=-91|rsrq=-13,-91,-13,6,ploss=0|noise_power_dB=-5,0,-5,False,ploss=0|noise_power_dB=-5,0,-5,False,False,False,False,False
ucc-static-f609ac4f39a5c67b,1,f609ac4f39a5c67b,Netflix,animated-RickandMorty,rsrp=-91|rsrq=-13|snr=6,rsrp=-91|rsrq=-13,-91,-13,6,ploss=0|noise_power_dB=-5,0,-5,False,ploss=0|noise_power_dB=-5,0,-5,False,False,False,False,False
ucc-static-f609ac4f39a5c67b,2,f609ac4f39a5c67b,Netflix,animated-RickandMorty,rsrp=-91|rsrq=-15|snr=6,rsrp=-91|rsrq=-15,-91,-15,6,ploss=0|noise_power_dB=-5,0,-5,False,ploss=0|noise_power_dB=-5,0,-5,False,False,False,False,False
ucc-static-f609ac4f39a5c67b,3,f609ac4f39a5c67b,Netflix,animated-RickandMorty,rsrp=-91|rsrq=-15|snr=6,rsrp=-91|rsrq=-15,-91,-15,6,ploss=0|noise_power_dB=-5,0,-5,False,ploss=0|noise_power_dB=-5,0,-5,False,False,False,False,False
ucc-static-f609ac4f39a5c67b,4,f609ac4f39a5c67b,Netflix,animated-RickandMorty,rsrp=-91|rsrq=-16|snr=-7,rsrp=-91|rsrq=-16,-91,-16,-7,ploss=0|noise_power_dB=-5,0,-5,False,ploss=0|noise_power_dB=-5,0,-5,False,False,False,False,False
ucc-static-f609ac4f39a5c67b,5,f609ac4f39a5c67b,Netflix,animated-RickandMorty,rsrp=-91|rsrq=-16|snr=-7,rsrp=-91|rsrq=-16,-91,-16,-7,ploss=0|noise_power_dB=-5,0,-5,False,ploss=0|noise_power_dB=-5,0,-5,False,False,False,False,False
ucc-static-f609ac4f39a5c67b,6,f609ac4f39a5c67b,Netflix,animated-RickandMorty,rsrp=-93|rsrq=-14|snr=0,rsrp=-93|rsrq=-14,-93,-14,0,ploss=0|noise_power_dB=-5,0,-5,False,ploss=0|noise_power_dB=-5,0,-5,False,False,False,False,False
ucc-static-f609ac4f39a5c67b,7,f609ac4f39a5c67b,Netflix,animated-RickandMorty,rsrp=-93|rsrq=-14|snr=0,rsrp=-93|rsrq=-14,-93,-14,0,ploss=0|noise_power_dB=-5,0,-5,False,ploss=0|noise_power_dB=-5,0,-5,False,False,False,False,False
ucc-static-f609ac4f39a5c67b,8,f609ac4f39a5c67b,Netflix,animated-RickandMorty,rsrp=-93|rsrq=-12|snr=2,rsrp=-93|rsrq=-12,-93,-12,2,ploss=0|noise_power_dB=-5,0,-5,True,ploss=0|noise_power_dB=-5,0,-5,False,False,True,False,True
ucc-static-f609ac4f39a5c67b,9,f609ac4f39a5c67b,Netflix,animated-RickandMorty,rsrp=-93|rsrq=-12|snr=2,rsrp=-93|rsrq=-12,-93,-12,2,ploss=0|noise_power_dB=-5,0,-5,True,ploss=0|noise_power_dB=-5,0,-5,False,False,True,False,True
ucc-static-f609ac4f39a5c67b,10,f609ac4f39a5c67b,Netflix,animated-RickandMorty,rsrp=-92|rsrq=-13|snr=2,rsrp=-92|rsrq=-13,-92,-13,2,ploss=0|noise_power_dB=-5,0,-5,False,ploss=0|noise_power_dB=-5,0,-5,False,False,False,False,False
ucc-static-f609ac4f39a5c67b,11,f609ac4f39a5c67b,Netflix,animated-RickandMorty,rsrp=-92|rsrq=-13|snr=2,rsrp=-92|rsrq=-13,-92,-13,2,ploss=0|noise_power_dB=-5,0,-5,False,ploss=0|noise_power_dB=-5,0,-5,False,False,False,False,False
ucc-static-f609ac4f39a5c67b,12,f609ac4f39a5c67b,Netflix,animated-RickandMorty,rsrp=-92|rsrq=-13|snr=1,rsrp=-92|rsrq=-13,-92,-13,1,ploss=0|noise_power_dB=-5,0,-5,False,ploss=0|noise_power_dB=-5,0,-5,False,False,False,False,False
ucc-static-f609ac4f39a5c67b,13,f609ac4f39a5c67b,Netflix,animated-RickandMorty,rsrp=-92|rsrq=-13|snr=1,rsrp=-92|rsrq=-13,-92,-13,1,ploss=0|noise_power_dB=-5,0,-5,False,ploss=0|noise_power_dB=-5,0,-5,False,False,False,False,False
ucc-static-f609ac4f39a5c67b,14,f609ac4f39a5c67b,Netflix,animated-RickandMorty,rsrp=-92|rsrq=-15|snr=1,rsrp=-92|rsrq=-15,-92,-15,1,ploss=0|noise_power_dB=-5,0,-5,False,ploss=0|noise_power_dB=-5,0,-5,False,False,False,False,False
ucc-static-f609ac4f39a5c67b,15,f609ac4f39a5c67b,Netflix,animated-RickandMorty,rsrp=-92|rsrq=-15|snr=1,rsrp=-92|rsrq=-15,-92,-15,1,ploss=0|noise_power_dB=-5,0,-5,False,ploss=0|noise_power_dB=-5,0,-5,False,False,False,False,False
ucc-static-f609ac4f39a5c67b,16,f609ac4f39a5c67b,Netflix,animated-RickandMorty,rsrp=-91|rsrq=-12|snr=-2,rsrp=-91|rsrq=-12,-91,-12,-2,ploss=0|noise_power_dB=-5,0,-5,True,ploss=0|noise_power_dB=-5,0,-5,False,False,True,False,True
ucc-static-f609ac4f39a5c67b,17,f609ac4f39a5c67b,Netflix,animated-RickandMorty,rsrp=-91|rsrq=-12|snr=-2,rsrp=-91|rsrq=-12,-91,-12,-2,ploss=0|noise_power_dB=-5,0,-5,True,ploss=0|noise_power_dB=-5,0,-5,False,False,True,False,True
ucc-static-f609ac4f39a5c67b,18,f609ac4f39a5c67b,Netflix,animated-RickandMorty,rsrp=-93|rsrq=-12|snr=0,rsrp=-93|rsrq=-12,-93,-12,0,ploss=0|noise_power_dB=-5,0,-5,True,ploss=0|noise_power_dB=-5,0,-5,False,False,True,False,True
ucc-static-f609ac4f39a5c67b,19,f609ac4f39a5c67b,Netflix,animated-RickandMorty,rsrp=-93|rsrq=-12|snr=0,rsrp=-93|rsrq=-12,-93,-12,0,ploss=0|noise_power_dB=-5,0,-5,True,ploss=0|noise_power_dB=-5,0,-5,False,False,True,False,True
ucc-static-f609ac4f39a5c67b,20,f609ac4f39a5c67b,Netflix,animated-RickandMorty,rsrp=-93|rsrq=-13|snr=0,rsrp=-93|rsrq=-13,-93,-13,0,ploss=0|noise_power_dB=-5,0,-5,False,ploss=0|noise_power_dB=-5,0,-5,False,False,False,False,False
ucc-static-f609ac4f39a5c67b,21,f609ac4f39a5c67b,Netflix,animated-RickandMorty,rsrp=-93|rsrq=-13|snr=0,rsrp=-93|rsrq=-13,-93,-13,0,ploss=0|noise_power_dB=-5,0,-5,False,ploss=0|noise_power_dB=-5,0,-5,False,False,False,False,False
ucc-static-f609ac4f39a5c67b,22,f609ac4f39a5c67b,Netflix,animated-RickandMorty,rsrp=-91|rsrq=-13|snr=0,rsrp=-91|rsrq=-13,-91,-13,0,ploss=0|noise_power_dB=-5,0,-5,False,ploss=0|noise_power_dB=-5,0,-5,False,False,False,False,False
ucc-static-f609ac4f39a5c67b,23,f609ac4f39a5c67b,Netflix,animated-RickandMorty,rsrp=-91|rsrq=-13|snr=0,rsrp=-91|rsrq=-13,-91,-13,0,ploss=0|noise_power_dB=-5,0,-5,False,ploss=0|noise_power_dB=-5,0,-5,False,False,False,False,False
ucc-static-f609ac4f39a5c67b,24,f609ac4f39a5c67b,Netflix,animated-RickandMorty,rsrp=-92|rsrq=-14|snr=-6,rsrp=-92|rsrq=-14,-92,-14,-6,ploss=0|noise_power_dB=-5,0,-5,False,ploss=0|noise_power_dB=-5,0,-5,False,False,False,False,False
ucc-static-f609ac4f39a5c67b,25,f609ac4f39a5c67b,Netflix,animated-RickandMorty,rsrp=-92|rsrq=-14|snr=-6,rsrp=-92|rsrq=-14,-92,-14,-6,ploss=0|noise_power_dB=-5,0,-5,False,ploss=0|noise_power_dB=-5,0,-5,False,False,False,False,False
ucc-static-f609ac4f39a5c67b,26,f609ac4f39a5c67b,Netflix,animated-RickandMorty,rsrp=-92|rsrq=-13|snr=0,rsrp=-92|rsrq=-13,-92,-13,0,ploss=0|noise_power_dB=-5,0,-5,False,ploss=0|noise_power_dB=-5,0,-5,False,False,False,False,False
ucc-static-f609ac4f39a5c67b,27,f609ac4f39a5c67b,Netflix,animated-RickandMorty,rsrp=-92|rsrq=-13|snr=0,rsrp=-92|rsrq=-13,-92,-13,0,ploss=0|noise_power_dB=-5,0,-5,False,ploss=0|noise_power_dB=-5,0,-5,False,False,False,False,False
ucc-static-f609ac4f39a5c67b,28,f609ac4f39a5c67b,Netflix,animated-RickandMorty,rsrp=-92|rsrq=-14|snr=1,rsrp=-92|rsrq=-14,-92,-14,1,ploss=0|noise_power_dB=-5,0,-5,False,ploss=0|noise_power_dB=-5,0,-5,False,False,False,False,False
ucc-static-f609ac4f39a5c67b,29,f609ac4f39a5c67b,Netflix,animated-RickandMorty,rsrp=-92|rsrq=-14|snr=1,rsrp=-92|rsrq=-14,-92,-14,1,ploss=0|noise_power_dB=-5,0,-5,False,ploss=0|noise_power_dB=-5,0,-5,False,False,False,False,False
ucc-static-f609ac4f39a5c67b,30,f609ac4f39a5c67b,Netflix,animated-RickandMorty,rsrp=-93|rsrq=-13|snr=-3,rsrp=-93|rsrq=-13,-93,-13,-3,ploss=0|noise_power_dB=-5,0,-5,False,ploss=0|noise_power_dB=-5,0,-5,False,False,False,False,False
ucc-static-f609ac4f39a5c67b,31,f609ac4f39a5c67b,Netflix,animated-RickandMorty,rsrp=-93|rsrq=-13|snr=-3,rsrp=-93|rsrq=-13,-93,-13,-3,ploss=0|noise_power_dB=-5,0,-5,False,ploss=0|noise_power_dB=-5,0,-5,False,False,False,False,False
ucc-static-f609ac4f39a5c67b,32,f609ac4f39a5c67b,Netflix,animated-RickandMorty,rsrp=-93|rsrq=-12|snr=1,rsrp=-93|rsrq=-12,-93,-12,1,ploss=0|noise_power_dB=-5,0,-5,True,ploss=0|noise_power_dB=-5,0,-5,False,False,True,False,True
ucc-static-f609ac4f39a5c67b,33,f609ac4f39a5c67b,Netflix,animated-RickandMorty,rsrp=-93|rsrq=-12|snr=1,rsrp=-93|rsrq=-12,-93,-12,1,ploss=0|noise_power_dB=-5,0,-5,True,ploss=0|noise_power_dB=-5,0,-5,False,False,True,False,True
ucc-static-f609ac4f39a5c67b,34,f609ac4f39a5c67b,Netflix,animated-RickandMorty,rsrp=-91|rsrq=-13|snr=3,rsrp=-91|rsrq=-13,-91,-13,3,ploss=0|noise_power_dB=-5,0,-5,False,ploss=0|noise_power_dB=-5,0,-5,False,False,False,False,False
ucc-static-f609ac4f39a5c67b,35,f609ac4f39a5c67b,Netflix,animated-RickandMorty,rsrp=-91|rsrq=-13|snr=3,rsrp=-91|rsrq=-13,-91,-13,3,ploss=0|noise_power_dB=-5,0,-5,False,ploss=0|noise_power_dB=-5,0,-5,False,False,False,False,False
ucc-static-f609ac4f39a5c67b,36,f609ac4f39a5c67b,Netflix,animated-RickandMorty,rsrp=-93|rsrq=-13|snr=2,rsrp=-93|rsrq=-13,-93,-13,2,ploss=0|noise_power_dB=-5,0,-5,False,ploss=0|noise_power_dB=-5,0,-5,False,False,False,False,False
ucc-static-f609ac4f39a5c67b,37,f609ac4f39a5c67b,Netflix,animated-RickandMorty,rsrp=-93|rsrq=-13|snr=2,rsrp=-93|rsrq=-13,-93,-13,2,ploss=0|noise_power_dB=-5,0,-5,False,ploss=0|noise_power_dB=-5,0,-5,False,False,False,False,False
ucc-static-f609ac4f39a5c67b,38,f609ac4f39a5c67b,Netflix,animated-RickandMorty,rsrp=-91|rsrq=-15|snr=3,rsrp=-91|rsrq=-15,-91,-15,3,ploss=0|noise_power_dB=-5,0,-5,False,ploss=0|noise_power_dB=-5,0,-5,False,False,False,False,False
ucc-static-f609ac4f39a5c67b,39,f609ac4f39a5c67b,Netflix,animated-RickandMorty,rsrp=-91|rsrq=-15|snr=3,rsrp=-91|rsrq=-15,-91,-15,3,ploss=0|noise_power_dB=-5,0,-5,False,ploss=0|noise_power_dB=-5,0,-5,False,False,False,False,False
ucc-static-f609ac4f39a5c67b,40,f609ac4f39a5c67b,Netflix,animated-RickandMorty,rsrp=-91|rsrq=-16|snr=-12,rsrp=-91|rsrq=-16,-91,-16,-12,ploss=0|noise_power_dB=-5,0,-5,False,ploss=0|noise_power_dB=-5,0,-5,False,False,False,False,False
ucc-static-f609ac4f39a5c67b,41,f609ac4f39a5c67b,Netflix,animated-RickandMorty,rsrp=-91|rsrq=-16|snr=-12,rsrp=-91|rsrq=-16,-91,-16,-12,ploss=0|noise_power_dB=-5,0,-5,False,ploss=0|noise_power_dB=-5,0,-5,False,False,False,False,False
ucc-static-f609ac4f39a5c67b,42,f609ac4f39a5c67b,Netflix,animated-RickandMorty,rsrp=-90|rsrq=-19|snr=-7,rsrp=-90|rsrq=-19,-90,-19,-7,ploss=0|noise_power_dB=-5,0,-5,False,ploss=0|noise_power_dB=-5,0,-5,False,False,False,False,False
ucc-static-f609ac4f39a5c67b,43,f609ac4f39a5c67b,Netflix,animated-RickandMorty,rsrp=-90|rsrq=-19|snr=-7,rsrp=-90|rsrq=-19,-90,-19,-7,ploss=0|noise_power_dB=-5,0,-5,False,ploss=0|noise_power_dB=-5,0,-5,False,False,False,False,False
ucc-static-f609ac4f39a5c67b,44,f609ac4f39a5c67b,Netflix,animated-RickandMorty,rsrp=-91|rsrq=-18|snr=-12,rsrp=-91|rsrq=-18,-91,-18,-12,ploss=0|noise_power_dB=-5,0,-5,False,ploss=0|noise_power_dB=-5,0,-5,False,False,False,False,False
ucc-static-f609ac4f39a5c67b,45,f609ac4f39a5c67b,Netflix,animated-RickandMorty,rsrp=-91|rsrq=-18|snr=-12,rsrp=-91|rsrq=-18,-91,-18,-12,ploss=0|noise_power_dB=-5,0,-5,False,ploss=0|noise_power_dB=-5,0,-5,False,False,False,False,False
ucc-static-f609ac4f39a5c67b,46,f609ac4f39a5c67b,Netflix,animated-RickandMorty,rsrp=-93|rsrq=-14|snr=-1,rsrp=-93|rsrq=-14,-93,-14,-1,ploss=0|noise_power_dB=-5,0,-5,False,ploss=0|noise_power_dB=-5,0,-5,False,False,False,False,False
ucc-static-f609ac4f39a5c67b,47,f609ac4f39a5c67b,Netflix,animated-RickandMorty,rsrp=-93|rsrq=-14|snr=-1,rsrp=-93|rsrq=-14,-93,-14,-1,ploss=0|noise_power_dB=-5,0,-5,False,ploss=0|noise_power_dB=-5,0,-5,False,False,False,False,False
ucc-static-f609ac4f39a5c67b,48,f609ac4f39a5c67b,Netflix,animated-RickandMorty,rsrp=-93|rsrq=-13|snr=-9,rsrp=-93|rsrq=-13,-93,-13,-9,ploss=0|noise_power_dB=-5,0,-5,False,ploss=0|noise_power_dB=-5,0,-5,False,False,False,False,False
ucc-static-f609ac4f39a5c67b,49,f609ac4f39a5c67b,Netflix,animated-RickandMorty,rsrp=-93|rsrq=-13|snr=-9,rsrp=-93|rsrq=-13,-93,-13,-9,ploss=0|noise_power_dB=-5,0,-5,False,ploss=0|noise_power_dB=-5,0,-5,False,False,False,False,False
ucc-static-f609ac4f39a5c67b,50,f609ac4f39a5c67b,Netflix,animated-RickandMorty,rsrp=-93|rsrq=-13|snr=1,rsrp=-93|rsrq=-13,-93,-13,1,ploss=0|noise_power_dB=-5,0,-5,False,ploss=0|noise_power_dB=-5,0,-5,False,False,False,False,False
ucc-static-f609ac4f39a5c67b,51,f609ac4f39a5c67b,Netflix,animated-RickandMorty,rsrp=-93|rsrq=-13|snr=1,rsrp=-93|rsrq=-13,-93,-13,1,ploss=0|noise_power_dB=-5,0,-5,False,ploss=0|noise_power_dB=-5,0,-5,False,False,False,False,False
ucc-static-f609ac4f39a5c67b,52,f609ac4f39a5c67b,Netflix,animated-RickandMorty,rsrp=-93|rsrq=-13|snr=2,rsrp=-93|rsrq=-13,-93,-13,2,ploss=0|noise_power_dB=-5,0,-5,False,ploss=0|noise_power_dB=-5,0,-5,False,False,False,False,False
ucc-static-f609ac4f39a5c67b,53,f609ac4f39a5c67b,Netflix,animated-RickandMorty,rsrp=-93|rsrq=-13|snr=2,rsrp=-93|rsrq=-13,-93,-13,2,ploss=0|noise_power_dB=-5,0,-5,False,ploss=0|noise_power_dB=-5,0,-5,False,False,False,False,False
ucc-static-f609ac4f39a5c67b,54,f609ac4f39a5c67b,Netflix,animated-RickandMorty,rsrp=-93|rsrq=-15|snr=-10,rsrp=-93|rsrq=-15,-93,-15,-10,ploss=0|noise_power_dB=-5,0,-5,False,ploss=0|noise_power_dB=-5,0,-5,False,False,False,False,False
ucc-static-f609ac4f39a5c67b,55,f609ac4f39a5c67b,Netflix,animated-RickandMorty,rsrp=-93|rsrq=-15|snr=-10,rsrp=-93|rsrq=-15,-93,-15,-10,ploss=0|noise_power_dB=-5,0,-5,False,ploss=0|noise_power_dB=-5,0,-5,False,False,False,False,False
ucc-static-f609ac4f39a5c67b,56,f609ac4f39a5c67b,Netflix,animated-RickandMorty,rsrp=-93|rsrq=-13|snr=3,rsrp=-93|rsrq=-13,-93,-13,3,ploss=0|noise_power_dB=-5,0,-5,False,ploss=0|noise_power_dB=-5,0,-5,False,False,False,False,False
ucc-static-f609ac4f39a5c67b,57,f609ac4f39a5c67b,Netflix,animated-RickandMorty,rsrp=-93|rsrq=-13|snr=3,rsrp=-93|rsrq=-13,-93,-13,3,ploss=0|noise_power_dB=-5,0,-5,False,ploss=0|noise_power_dB=-5,0,-5,False,False,False,False,False
ucc-static-f609ac4f39a5c67b,58,f609ac4f39a5c67b,Netflix,animated-RickandMorty,rsrp=-93|rsrq=-13|snr=3,rsrp=-93|rsrq=-13,-93,-13,3,ploss=0|noise_power_dB=-5,0,-5,False,ploss=0|noise_power_dB=-5,0,-5,False,False,False,False,False
ucc-static-f609ac4f39a5c67b,59,f609ac4f39a5c67b,Netflix,animated-RickandMorty,rsrp=-93|rsrq=-13|snr=3,rsrp=-93|rsrq=-13,-93,-13,3,ploss=0|noise_power_dB=-5,0,-5,False,ploss=0|noise_power_dB=-5,0,-5,False,False,False,False,False
ucc-static-f609ac4f39a5c67b,60,f609ac4f39a5c67b,Netflix,animated-RickandMorty,rsrp=-92|rsrq=-14|snr=-2,rsrp=-92|rsrq=-14,-92,-14,-2,ploss=0|noise_power_dB=-5,0,-5,False,ploss=0|noise_power_dB=-5,0,-5,False,False,False,False,False
ucc-static-f609ac4f39a5c67b,61,f609ac4f39a5c67b,Netflix,animated-RickandMorty,rsrp=-92|rsrq=-14|snr=-2,rsrp=-92|rsrq=-14,-92,-14,-2,ploss=0|noise_power_dB=-5,0,-5,False,ploss=0|noise_power_dB=-5,0,-5,False,False,False,False,False
ucc-static-f609ac4f39a5c67b,62,f609ac4f39a5c67b,Netflix,animated-RickandMorty,rsrp=-93|rsrq=-13|snr=-2,rsrp=-93|rsrq=-13,-93,-13,-2,ploss=0|noise_power_dB=-5,0,-5,False,ploss=0|noise_power_dB=-5,0,-5,False,False,False,False,False
ucc-static-f609ac4f39a5c67b,63,f609ac4f39a5c67b,Netflix,animated-RickandMorty,rsrp=-93|rsrq=-13|snr=-2,rsrp=-93|rsrq=-13,-93,-13,-2,ploss=0|noise_power_dB=-5,0,-5,False,ploss=0|noise_power_dB=-5,0,-5,False,False,False,False,False
ucc-static-f609ac4f39a5c67b,64,f609ac4f39a5c67b,Netflix,animated-RickandMorty,rsrp=-92|rsrq=-12|snr=3,rsrp=-92|rsrq=-12,-92,-12,3,ploss=0|noise_power_dB=-5,0,-5,True,ploss=0|noise_power_dB=-5,0,-5,False,False,True,False,True
ucc-static-f609ac4f39a5c67b,65,f609ac4f39a5c67b,Netflix,animated-RickandMorty,rsrp=-92|rsrq=-12|snr=3,rsrp=-92|rsrq=-12,-92,-12,3,ploss=0|noise_power_dB=-5,0,-5,True,ploss=0|noise_power_dB=-5,0,-5,False,False,True,False,True
ucc-static-f609ac4f39a5c67b,66,f609ac4f39a5c67b,Netflix,animated-RickandMorty,rsrp=-90|rsrq=-11|snr=3,rsrp=-90|rsrq=-11,-90,-11,3,ploss=0|noise_power_dB=-5,0,-5,True,ploss=0|noise_power_dB=-5,0,-5,False,False,True,False,True
ucc-static-f609ac4f39a5c67b,67,f609ac4f39a5c67b,Netflix,animated-RickandMorty,rsrp=-90|rsrq=-11|snr=3,rsrp=-90|rsrq=-11,-90,-11,3,ploss=0|noise_power_dB=-5,0,-5,True,ploss=0|noise_power_dB=-5,0,-5,False,False,True,False,True
ucc-static-f609ac4f39a5c67b,68,f609ac4f39a5c67b,Netflix,animated-RickandMorty,rsrp=-92|rsrq=-13|snr=0,rsrp=-92|rsrq=-13,-92,-13,0,ploss=0|noise_power_dB=-5,0,-5,False,ploss=0|noise_power_dB=-5,0,-5,False,False,False,False,False
ucc-static-f609ac4f39a5c67b,69,f609ac4f39a5c67b,Netflix,animated-RickandMorty,rsrp=-92|rsrq=-13|snr=0,rsrp=-92|rsrq=-13,-92,-13,0,ploss=0|noise_power_dB=-5,0,-5,False,ploss=0|noise_power_dB=-5,0,-5,False,False,False,False,False
ucc-static-f609ac4f39a5c67b,70,f609ac4f39a5c67b,Netflix,animated-RickandMorty,rsrp=-91|rsrq=-13|snr=0,rsrp=-91|rsrq=-13,-91,-13,0,ploss=0|noise_power_dB=-5,0,-5,False,ploss=0|noise_power_dB=-5,0,-5,False,False,False,False,False
ucc-static-f609ac4f39a5c67b,71,f609ac4f39a5c67b,Netflix,animated-RickandMorty,rsrp=-91|rsrq=-13|snr=0,rsrp=-91|rsrq=-13,-91,-13,0,ploss=0|noise_power_dB=-5,0,-5,False,ploss=0|noise_power_dB=-5,0,-5,False,False,False,False,False
ucc-static-f609ac4f39a5c67b,72,f609ac4f39a5c67b,Netflix,animated-RickandMorty,rsrp=-91|rsrq=-14|snr=-1,rsrp=-91|rsrq=-14,-91,-14,-1,ploss=0|noise_power_dB=-5,0,-5,False,ploss=0|noise_power_dB=-5,0,-5,False,False,False,False,False
ucc-static-f609ac4f39a5c67b,73,f609ac4f39a5c67b,Netflix,animated-RickandMorty,rsrp=-91|rsrq=-14|snr=-1,rsrp=-91|rsrq=-14,-91,-14,-1,ploss=0|noise_power_dB=-5,0,-5,False,ploss=0|noise_power_dB=-5,0,-5,False,False,False,False,False
ucc-static-f609ac4f39a5c67b,74,f609ac4f39a5c67b,Netflix,animated-RickandMorty,rsrp=-95|rsrq=-16|snr=-3,rsrp=-95|rsrq=-16,-95,-16,-3,ploss=0|noise_power_dB=-5,0,-5,False,ploss=0|noise_power_dB=-5,0,-5,False,False,False,False,False
ucc-static-f609ac4f39a5c67b,75,f609ac4f39a5c67b,Netflix,animated-RickandMorty,rsrp=-95|rsrq=-16|snr=-3,rsrp=-95|rsrq=-16,-95,-16,-3,ploss=0|noise_power_dB=-5,0,-5,False,ploss=0|noise_power_dB=-5,0,-5,False,False,False,False,False
ucc-static-f609ac4f39a5c67b,76,f609ac4f39a5c67b,Netflix,animated-RickandMorty,rsrp=-92|rsrq=-14|snr=-1,rsrp=-92|rsrq=-14,-92,-14,-1,ploss=0|noise_power_dB=-5,0,-5,False,ploss=0|noise_power_dB=-5,0,-5,False,False,False,False,False
ucc-static-f609ac4f39a5c67b,77,f609ac4f39a5c67b,Netflix,animated-RickandMorty,rsrp=-92|rsrq=-14|snr=-1,rsrp=-92|rsrq=-14,-92,-14,-1,ploss=0|noise_power_dB=-5,0,-5,False,ploss=0|noise_power_dB=-5,0,-5,False,False,False,False,False
ucc-static-f609ac4f39a5c67b,78,f609ac4f39a5c67b,Netflix,animated-RickandMorty,rsrp=-93|rsrq=-15|snr=0,rsrp=-93|rsrq=-15,-93,-15,0,ploss=0|noise_power_dB=-5,0,-5,False,ploss=0|noise_power_dB=-5,0,-5,False,False,False,False,False
ucc-static-f609ac4f39a5c67b,79,f609ac4f39a5c67b,Netflix,animated-RickandMorty,rsrp=-93|rsrq=-15|snr=0,rsrp=-93|rsrq=-15,-93,-15,0,ploss=0|noise_power_dB=-5,0,-5,False,ploss=0|noise_power_dB=-5,0,-5,False,False,False,False,False
ucc-static-f609ac4f39a5c67b,80,f609ac4f39a5c67b,Netflix,animated-RickandMorty,rsrp=-92|rsrq=-13|snr=2,rsrp=-92|rsrq=-13,-92,-13,2,ploss=0|noise_power_dB=-5,0,-5,False,ploss=0|noise_power_dB=-5,0,-5,False,False,False,False,False
ucc-static-f609ac4f39a5c67b,81,f609ac4f39a5c67b,Netflix,animated-RickandMorty,rsrp=-92|rsrq=-13|snr=2,rsrp=-92|rsrq=-13,-92,-13,2,ploss=0|noise_power_dB=-5,0,-5,False,ploss=0|noise_power_dB=-5,0,-5,False,False,False,False,False
ucc-static-f609ac4f39a5c67b,82,f609ac4f39a5c67b,Netflix,animated-RickandMorty,rsrp=-91|rsrq=-15|snr=0,rsrp=-91|rsrq=-15,-91,-15,0,ploss=0|noise_power_dB=-5,0,-5,False,ploss=0|noise_power_dB=-5,0,-5,False,False,False,False,False
ucc-static-f609ac4f39a5c67b,83,f609ac4f39a5c67b,Netflix,animated-RickandMorty,rsrp=-91|rsrq=-15|snr=0,rsrp=-91|rsrq=-15,-91,-15,0,ploss=0|noise_power_dB=-5,0,-5,False,ploss=0|noise_power_dB=-5,0,-5,False,False,False,False,False
ucc-static-f609ac4f39a5c67b,84,f609ac4f39a5c67b,Netflix,animated-RickandMorty,rsrp=-91|rsrq=-13|snr=1,rsrp=-91|rsrq=-13,-91,-13,1,ploss=0|noise_power_dB=-5,0,-5,False,ploss=0|noise_power_dB=-5,0,-5,False,False,False,False,False
ucc-static-f609ac4f39a5c67b,85,f609ac4f39a5c67b,Netflix,animated-RickandMorty,rsrp=-91|rsrq=-13|snr=1,rsrp=-91|rsrq=-13,-91,-13,1,ploss=0|noise_power_dB=-5,0,-5,False,ploss=0|noise_power_dB=-5,0,-5,False,False,False,False,False
ucc-static-f609ac4f39a5c67b,86,f609ac4f39a5c67b,Netflix,animated-RickandMorty,rsrp=-92|rsrq=-15|snr=-2,rsrp=-92|rsrq=-15,-92,-15,-2,ploss=0|noise_power_dB=-5,0,-5,False,ploss=0|noise_power_dB=-5,0,-5,False,False,False,False,False
ucc-static-f609ac4f39a5c67b,87,f609ac4f39a5c67b,Netflix,animated-RickandMorty,rsrp=-92|rsrq=-15|snr=-2,rsrp=-92|rsrq=-15,-92,-15,-2,ploss=0|noise_power_dB=-5,0,-5,False,ploss=0|noise_power_dB=-5,0,-5,False,False,False,False,False
ucc-static-f609ac4f39a5c67b,88,f609ac4f39a5c67b,Netflix,animated-RickandMorty,rsrp=-92|rsrq=-12|snr=2,rsrp=-92|rsrq=-12,-92,-12,2,ploss=0|noise_power_dB=-5,0,-5,True,ploss=0|noise_power_dB=-5,0,-5,False,False,True,False,True
ucc-static-f609ac4f39a5c67b,89,f609ac4f39a5c67b,Netflix,animated-RickandMorty,rsrp=-92|rsrq=-12|snr=2,rsrp=-92|rsrq=-12,-92,-12,2,ploss=0|noise_power_dB=-5,0,-5,True,ploss=0|noise_power_dB=-5,0,-5,False,False,True,False,True
ucc-static-f609ac4f39a5c67b,90,f609ac4f39a5c67b,Netflix,animated-RickandMorty,rsrp=-92|rsrq=-13|snr=4,rsrp=-92|rsrq=-13,-92,-13,4,ploss=0|noise_power_dB=-5,0,-5,False,ploss=0|noise_power_dB=-5,0,-5,False,False,False,False,False
ucc-static-f609ac4f39a5c67b,91,f609ac4f39a5c67b,Netflix,animated-RickandMorty,rsrp=-92|rsrq=-13|snr=4,rsrp=-92|rsrq=-13,-92,-13,4,ploss=0|noise_power_dB=-5,0,-5,False,ploss=0|noise_power_dB=-5,0,-5,False,False,False,False,False
ucc-static-f609ac4f39a5c67b,92,f609ac4f39a5c67b,Netflix,animated-RickandMorty,rsrp=-91|rsrq=-13|snr=-5,rsrp=-91|rsrq=-13,-91,-13,-5,ploss=0|noise_power_dB=-5,0,-5,False,ploss=0|noise_power_dB=-5,0,-5,False,False,False,False,False
ucc-static-f609ac4f39a5c67b,93,f609ac4f39a5c67b,Netflix,animated-RickandMorty,rsrp=-91|rsrq=-13|snr=-5,rsrp=-91|rsrq=-13,-91,-13,-5,ploss=0|noise_power_dB=-5,0,-5,False,ploss=0|noise_power_dB=-5,0,-5,False,False,False,False,False
ucc-static-f609ac4f39a5c67b,94,f609ac4f39a5c67b,Netflix,animated-RickandMorty,rsrp=-93|rsrq=-15|snr=-1,rsrp=-93|rsrq=-15,-93,-15,-1,ploss=0|noise_power_dB=-5,0,-5,False,ploss=0|noise_power_dB=-5,0,-5,False,False,False,False,False
ucc-static-f609ac4f39a5c67b,95,f609ac4f39a5c67b,Netflix,animated-RickandMorty,rsrp=-93|rsrq=-15|snr=-1,rsrp=-93|rsrq=-15,-93,-15,-1,ploss=0|noise_power_dB=-5,0,-5,False,ploss=0|noise_power_dB=-5,0,-5,False,False,False,False,False
ucc-static-f609ac4f39a5c67b,96,f609ac4f39a5c67b,Netflix,animated-RickandMorty,rsrp=-93|rsrq=-14|snr=-3,rsrp=-93|rsrq=-14,-93,-14,-3,ploss=0|noise_power_dB=-5,0,-5,False,ploss=0|noise_power_dB=-5,0,-5,False,False,False,False,False
ucc-static-f609ac4f39a5c67b,97,f609ac4f39a5c67b,Netflix,animated-RickandMorty,rsrp=-93|rsrq=-14|snr=-3,rsrp=-93|rsrq=-14,-93,-14,-3,ploss=0|noise_power_dB=-5,0,-5,False,ploss=0|noise_power_dB=-5,0,-5,False,False,False,False,False
ucc-static-f609ac4f39a5c67b,98,f609ac4f39a5c67b,Netflix,animated-RickandMorty,rsrp=-92|rsrq=-16|snr=-1,rsrp=-92|rsrq=-16,-92,-16,-1,ploss=0|noise_power_dB=-5,0,-5,False,ploss=0|noise_power_dB=-5,0,-5,False,False,False,False,False
ucc-static-f609ac4f39a5c67b,99,f609ac4f39a5c67b,Netflix,animated-RickandMorty,rsrp=-92|rsrq=-16|snr=-1,rsrp=-92|rsrq=-16,-92,-16,-1,ploss=0|noise_power_dB=-5,0,-5,False,ploss=0|noise_power_dB=-5,0,-5,False,False,False,False,False
ucc-static-f609ac4f39a5c67b,100,f609ac4f39a5c67b,Netflix,animated-RickandMorty,rsrp=-93|rsrq=-16|snr=-3,rsrp=-93|rsrq=-16,-93,-16,-3,ploss=0|noise_power_dB=-5,0,-5,False,ploss=0|noise_power_dB=-5,0,-5,False,False,False,False,False
ucc-static-f609ac4f39a5c67b,101,f609ac4f39a5c67b,Netflix,animated-RickandMorty,rsrp=-93|rsrq=-16|snr=-3,rsrp=-93|rsrq=-16,-93,-16,-3,ploss=0|noise_power_dB=-5,0,-5,False,ploss=0|noise_power_dB=-5,0,-5,False,False,False,False,False
ucc-static-f609ac4f39a5c67b,102,f609ac4f39a5c67b,Netflix,animated-RickandMorty,rsrp=-93|rsrq=-14|snr=1,rsrp=-93|rsrq=-14,-93,-14,1,ploss=0|noise_power_dB=-5,0,-5,False,ploss=0|noise_power_dB=-5,0,-5,False,False,False,False,False
ucc-static-f609ac4f39a5c67b,103,f609ac4f39a5c67b,Netflix,animated-RickandMorty,rsrp=-93|rsrq=-14|snr=1,rsrp=-93|rsrq=-14,-93,-14,1,ploss=0|noise_power_dB=-5,0,-5,False,ploss=0|noise_power_dB=-5,0,-5,False,False,False,False,False
ucc-static-f609ac4f39a5c67b,104,f609ac4f39a5c67b,Netflix,animated-RickandMorty,rsrp=-90|rsrq=-12|snr=-1,rsrp=-90|rsrq=-12,-90,-12,-1,ploss=0|noise_power_dB=-5,0,-5,True,ploss=0|noise_power_dB=-5,0,-5,False,False,True,False,True
ucc-static-f609ac4f39a5c67b,105,f609ac4f39a5c67b,Netflix,animated-RickandMorty,rsrp=-90|rsrq=-12|snr=-1,rsrp=-90|rsrq=-12,-90,-12,-1,ploss=0|noise_power_dB=-5,0,-5,True,ploss=0|noise_power_dB=-5,0,-5,False,False,True,False,True
ucc-static-f609ac4f39a5c67b,106,f609ac4f39a5c67b,Netflix,animated-RickandMorty,rsrp=-90|rsrq=-15|snr=2,rsrp=-90|rsrq=-15,-90,-15,2,ploss=0|noise_power_dB=-5,0,-5,False,ploss=0|noise_power_dB=-5,0,-5,False,False,False,False,False
ucc-static-f609ac4f39a5c67b,107,f609ac4f39a5c67b,Netflix,animated-RickandMorty,rsrp=-90|rsrq=-15|snr=2,rsrp=-90|rsrq=-15,-90,-15,2,ploss=0|noise_power_dB=-5,0,-5,False,ploss=0|noise_power_dB=-5,0,-5,False,False,False,False,False
ucc-static-f609ac4f39a5c67b,108,f609ac4f39a5c67b,Netflix,animated-RickandMorty,rsrp=-92|rsrq=-13|snr=-1,rsrp=-92|rsrq=-13,-92,-13,-1,ploss=0|noise_power_dB=-5,0,-5,False,ploss=0|noise_power_dB=-5,0,-5,False,False,False,False,False
ucc-static-f609ac4f39a5c67b,109,f609ac4f39a5c67b,Netflix,animated-RickandMorty,rsrp=-92|rsrq=-13|snr=-1,rsrp=-92|rsrq=-13,-92,-13,-1,ploss=0|noise_power_dB=-5,0,-5,False,ploss=0|noise_power_dB=-5,0,-5,False,False,False,False,False
ucc-static-f609ac4f39a5c67b,110,f609ac4f39a5c67b,Netflix,animated-RickandMorty,rsrp=-90|rsrq=-15|snr=4,rsrp=-90|rsrq=-15,-90,-15,4,ploss=0|noise_power_dB=-5,0,-5,False,ploss=0|noise_power_dB=-5,0,-5,False,False,False,False,False
ucc-static-f609ac4f39a5c67b,111,f609ac4f39a5c67b,Netflix,animated-RickandMorty,rsrp=-90|rsrq=-15|snr=4,rsrp=-90|rsrq=-15,-90,-15,4,ploss=0|noise_power_dB=-5,0,-5,False,ploss=0|noise_power_dB=-5,0,-5,False,False,False,False,False
ucc-static-f609ac4f39a5c67b,112,f609ac4f39a5c67b,Netflix,animated-RickandMorty,rsrp=-91|rsrq=-14|snr=0,rsrp=-91|rsrq=-14,-91,-14,0,ploss=0|noise_power_dB=-5,0,-5,False,ploss=0|noise_power_dB=-5,0,-5,False,False,False,False,False
ucc-static-f609ac4f39a5c67b,113,f609ac4f39a5c67b,Netflix,animated-RickandMorty,rsrp=-91|rsrq=-14|snr=0,rsrp=-91|rsrq=-14,-91,-14,0,ploss=0|noise_power_dB=-5,0,-5,False,ploss=0|noise_power_dB=-5,0,-5,False,False,False,False,False
ucc-static-f609ac4f39a5c67b,114,f609ac4f39a5c67b,Netflix,animated-RickandMorty,rsrp=-92|rsrq=-16|snr=1,rsrp=-92|rsrq=-16,-92,-16,1,ploss=0|noise_power_dB=-5,0,-5,False,ploss=0|noise_power_dB=-5,0,-5,False,False,False,False,False
ucc-static-f609ac4f39a5c67b,115,f609ac4f39a5c67b,Netflix,animated-RickandMorty,rsrp=-92|rsrq=-16|snr=1,rsrp=-92|rsrq=-16,-92,-16,1,ploss=0|noise_power_dB=-5,0,-5,False,ploss=0|noise_power_dB=-5,0,-5,False,False,False,False,False
ucc-static-f609ac4f39a5c67b,116,f609ac4f39a5c67b,Netflix,animated-RickandMorty,rsrp=-92|rsrq=-14|snr=0,rsrp=-92|rsrq=-14,-92,-14,0,ploss=0|noise_power_dB=-5,0,-5,False,ploss=0|noise_power_dB=-5,0,-5,False,False,False,False,False
ucc-static-f609ac4f39a5c67b,117,f609ac4f39a5c67b,Netflix,animated-RickandMorty,rsrp=-92|rsrq=-14|snr=0,rsrp=-92|rsrq=-14,-92,-14,0,ploss=0|noise_power_dB=-5,0,-5,False,ploss=0|noise_power_dB=-5,0,-5,False,False,False,False,False
ucc-static-f609ac4f39a5c67b,118,f609ac4f39a5c67b,Netflix,animated-RickandMorty,rsrp=-91|rsrq=-15|snr=-9,rsrp=-91|rsrq=-15,-91,-15,-9,ploss=0|noise_power_dB=-5,0,-5,False,ploss=0|noise_power_dB=-5,0,-5,False,False,False,False,False
ucc-static-f609ac4f39a5c67b,119,f609ac4f39a5c67b,Netflix,animated-RickandMorty,rsrp=-91|rsrq=-15|snr=-9,rsrp=-91|rsrq=-15,-91,-15,-9,ploss=0|noise_power_dB=-5,0,-5,False,ploss=0|noise_power_dB=-5,0,-5,False,False,False,False,False
ucc-static-f609ac4f39a5c67b,120,f609ac4f39a5c67b,Netflix,animated-RickandMorty,rsrp=-92|rsrq=-14|snr=-3,rsrp=-92|rsrq=-14,-92,-14,-3,ploss=0|noise_power_dB=-5,0,-5,False,ploss=0|noise_power_dB=-5,0,-5,False,False,False,False,False
ucc-static-f609ac4f39a5c67b,121,f609ac4f39a5c67b,Netflix,animated-RickandMorty,rsrp=-92|rsrq=-14|snr=-3,rsrp=-92|rsrq=-14,-92,-14,-3,ploss=0|noise_power_dB=-5,0,-5,False,ploss=0|noise_power_dB=-5,0,-5,False,False,False,False,False
ucc-static-f609ac4f39a5c67b,122,f609ac4f39a5c67b,Netflix,animated-RickandMorty,rsrp=-93|rsrq=-14|snr=0,rsrp=-93|rsrq=-14,-93,-14,0,ploss=0|noise_power_dB=-5,0,-5,False,ploss=0|noise_power_dB=-5,0,-5,False,False,False,False,False
ucc-static-f609ac4f39a5c67b,123,f609ac4f39a5c67b,Netflix,animated-RickandMorty,rsrp=-93|rsrq=-14|snr=0,rsrp=-93|rsrq=-14,-93,-14,0,ploss=0|noise_power_dB=-5,0,-5,False,ploss=0|noise_power_dB=-5,0,-5,False,False,False,False,False
ucc-static-f609ac4f39a5c67b,124,f609ac4f39a5c67b,Netflix,animated-RickandMorty,rsrp=-91|rsrq=-16|snr=1,rsrp=-91|rsrq=-16,-91,-16,1,ploss=0|noise_power_dB=-5,0,-5,False,ploss=0|noise_power_dB=-5,0,-5,False,False,False,False,False
ucc-static-f609ac4f39a5c67b,125,f609ac4f39a5c67b,Netflix,animated-RickandMorty,rsrp=-91|rsrq=-16|snr=1,rsrp=-91|rsrq=-16,-91,-16,1,ploss=0|noise_power_dB=-5,0,-5,False,ploss=0|noise_power_dB=-5,0,-5,False,False,False,False,False
ucc-static-f609ac4f39a5c67b,126,f609ac4f39a5c67b,Netflix,animated-RickandMorty,rsrp=-95|rsrq=-13|snr=1,rsrp=-95|rsrq=-13,-95,-13,1,ploss=0|noise_power_dB=-5,0,-5,False,ploss=0|noise_power_dB=-5,0,-5,False,False,False,False,False
ucc-static-f609ac4f39a5c67b,127,f609ac4f39a5c67b,Netflix,animated-RickandMorty,rsrp=-95|rsrq=-13|snr=1,rsrp=-95|rsrq=-13,-95,-13,1,ploss=0|noise_power_dB=-5,0,-5,False,ploss=0|noise_power_dB=-5,0,-5,False,False,False,False,False
ucc-static-f609ac4f39a5c67b,128,f609ac4f39a5c67b,Netflix,animated-RickandMorty,rsrp=-91|rsrq=-14|snr=-9,rsrp=-91|rsrq=-14,-91,-14,-9,ploss=0|noise_power_dB=-5,0,-5,False,ploss=0|noise_power_dB=-5,0,-5,False,False,False,False,False
ucc-static-f609ac4f39a5c67b,129,f609ac4f39a5c67b,Netflix,animated-RickandMorty,rsrp=-91|rsrq=-14|snr=-9,rsrp=-91|rsrq=-14,-91,-14,-9,ploss=0|noise_power_dB=-5,0,-5,False,ploss=0|noise_power_dB=-5,0,-5,False,False,False,False,False
ucc-static-f609ac4f39a5c67b,130,f609ac4f39a5c67b,Netflix,animated-RickandMorty,rsrp=-93|rsrq=-16|snr=-4,rsrp=-93|rsrq=-16,-93,-16,-4,ploss=0|noise_power_dB=-5,0,-5,False,ploss=0|noise_power_dB=-5,0,-5,False,False,False,False,False
ucc-static-f609ac4f39a5c67b,131,f609ac4f39a5c67b,Netflix,animated-RickandMorty,rsrp=-93|rsrq=-16|snr=-4,rsrp=-93|rsrq=-16,-93,-16,-4,ploss=0|noise_power_dB=-5,0,-5,False,ploss=0|noise_power_dB=-5,0,-5,False,False,False,False,False
ucc-static-f609ac4f39a5c67b,132,f609ac4f39a5c67b,Netflix,animated-RickandMorty,rsrp=-92|rsrq=-14|snr=-6,rsrp=-92|rsrq=-14,-92,-14,-6,ploss=0|noise_power_dB=-5,0,-5,False,ploss=0|noise_power_dB=-5,0,-5,False,False,False,False,False
ucc-static-f609ac4f39a5c67b,133,f609ac4f39a5c67b,Netflix,animated-RickandMorty,rsrp=-92|rsrq=-14|snr=-6,rsrp=-92|rsrq=-14,-92,-14,-6,ploss=0|noise_power_dB=-5,0,-5,False,ploss=0|noise_power_dB=-5,0,-5,False,False,False,False,False
ucc-static-f609ac4f39a5c67b,134,f609ac4f39a5c67b,Netflix,animated-RickandMorty,rsrp=-92|rsrq=-16|snr=-4,rsrp=-92|rsrq=-16,-92,-16,-4,ploss=0|noise_power_dB=-5,0,-5,False,ploss=0|noise_power_dB=-5,0,-5,False,False,False,False,False
ucc-static-f609ac4f39a5c67b,135,f609ac4f39a5c67b,Netflix,animated-RickandMorty,rsrp=-92|rsrq=-16|snr=-4,rsrp=-92|rsrq=-16,-92,-16,-4,ploss=0|noise_power_dB=-5,0,-5,False,ploss=0|noise_power_dB=-5,0,-5,False,False,False,False,False
ucc-static-f609ac4f39a5c67b,136,f609ac4f39a5c67b,Netflix,animated-RickandMorty,rsrp=-92|rsrq=-16|snr=-3,rsrp=-92|rsrq=-16,-92,-16,-3,ploss=0|noise_power_dB=-5,0,-5,False,ploss=0|noise_power_dB=-5,0,-5,False,False,False,False,False
ucc-static-f609ac4f39a5c67b,137,f609ac4f39a5c67b,Netflix,animated-RickandMorty,rsrp=-92|rsrq=-16|snr=-3,rsrp=-92|rsrq=-16,-92,-16,-3,ploss=0|noise_power_dB=-5,0,-5,False,ploss=0|noise_power_dB=-5,0,-5,False,False,False,False,False
ucc-static-f609ac4f39a5c67b,138,f609ac4f39a5c67b,Netflix,animated-RickandMorty,rsrp=-91|rsrq=-16|snr=-12,rsrp=-91|rsrq=-16,-91,-16,-12,ploss=0|noise_power_dB=-5,0,-5,False,ploss=0|noise_power_dB=-5,0,-5,False,False,False,False,False
ucc-static-f609ac4f39a5c67b,139,f609ac4f39a5c67b,Netflix,animated-RickandMorty,rsrp=-91|rsrq=-16|snr=-12,rsrp=-91|rsrq=-16,-91,-16,-12,ploss=0|noise_power_dB=-5,0,-5,False,ploss=0|noise_power_dB=-5,0,-5,False,False,False,False,False
ucc-static-f609ac4f39a5c67b,140,f609ac4f39a5c67b,Netflix,animated-RickandMorty,rsrp=-90|rsrq=-17|snr=-1,rsrp=-90|rsrq=-17,-90,-17,-1,ploss=0|noise_power_dB=-5,0,-5,False,ploss=0|noise_power_dB=-5,0,-5,False,False,False,False,False
ucc-static-f609ac4f39a5c67b,141,f609ac4f39a5c67b,Netflix,animated-RickandMorty,rsrp=-90|rsrq=-17|snr=-1,rsrp=-90|rsrq=-17,-90,-17,-1,ploss=0|noise_power_dB=-5,0,-5,False,ploss=0|noise_power_dB=-5,0,-5,False,False,False,False,False
ucc-static-f609ac4f39a5c67b,142,f609ac4f39a5c67b,Netflix,animated-RickandMorty,rsrp=-92|rsrq=-15|snr=-1,rsrp=-92|rsrq=-15,-92,-15,-1,ploss=0|noise_power_dB=-5,0,-5,False,ploss=0|noise_power_dB=-5,0,-5,False,False,False,False,False
ucc-static-f609ac4f39a5c67b,143,f609ac4f39a5c67b,Netflix,animated-RickandMorty,rsrp=-92|rsrq=-15|snr=-1,rsrp=-92|rsrq=-15,-92,-15,-1,ploss=0|noise_power_dB=-5,0,-5,False,ploss=0|noise_power_dB=-5,0,-5,False,False,False,False,False
ucc-static-f609ac4f39a5c67b,144,f609ac4f39a5c67b,Netflix,animated-RickandMorty,rsrp=-92|rsrq=-14|snr=-6,rsrp=-92|rsrq=-14,-92,-14,-6,ploss=0|noise_power_dB=-5,0,-5,False,ploss=0|noise_power_dB=-5,0,-5,False,False,False,False,False
ucc-static-f609ac4f39a5c67b,145,f609ac4f39a5c67b,Netflix,animated-RickandMorty,rsrp=-92|rsrq=-14|snr=-6,rsrp=-92|rsrq=-14,-92,-14,-6,ploss=0|noise_power_dB=-5,0,-5,False,ploss=0|noise_power_dB=-5,0,-5,False,False,False,False,False
ucc-static-f609ac4f39a5c67b,146,f609ac4f39a5c67b,Netflix,animated-RickandMorty,rsrp=-91|rsrq=-14|snr=-3,rsrp=-91|rsrq=-14,-91,-14,-3,ploss=0|noise_power_dB=-5,0,-5,False,ploss=0|noise_power_dB=-5,0,-5,False,False,False,False,False
ucc-static-f609ac4f39a5c67b,147,f609ac4f39a5c67b,Netflix,animated-RickandMorty,rsrp=-91|rsrq=-14|snr=-3,rsrp=-91|rsrq=-14,-91,-14,-3,ploss=0|noise_power_dB=-5,0,-5,False,ploss=0|noise_power_dB=-5,0,-5,False,False,False,False,False
ucc-static-f609ac4f39a5c67b,148,f609ac4f39a5c67b,Netflix,animated-RickandMorty,rsrp=-94|rsrq=-14|snr=1,rsrp=-94|rsrq=-14,-94,-14,1,ploss=0|noise_power_dB=-5,0,-5,False,ploss=0|noise_power_dB=-5,0,-5,False,False,False,False,False
ucc-static-f609ac4f39a5c67b,149,f609ac4f39a5c67b,Netflix,animated-RickandMorty,rsrp=-94|rsrq=-14|snr=1,rsrp=-94|rsrq=-14,-94,-14,1,ploss=0|noise_power_dB=-5,0,-5,False,ploss=0|noise_power_dB=-5,0,-5,False,False,False,False,False
ucc-static-f609ac4f39a5c67b,150,f609ac4f39a5c67b,Netflix,animated-RickandMorty,rsrp=-94|rsrq=-13|snr=-3,rsrp=-94|rsrq=-13,-94,-13,-3,ploss=0|noise_power_dB=-5,0,-5,False,ploss=0|noise_power_dB=-5,0,-5,False,False,False,False,False
ucc-static-f609ac4f39a5c67b,151,f609ac4f39a5c67b,Netflix,animated-RickandMorty,rsrp=-94|rsrq=-13|snr=-3,rsrp=-94|rsrq=-13,-94,-13,-3,ploss=0|noise_power_dB=-5,0,-5,False,ploss=0|noise_power_dB=-5,0,-5,False,False,False,False,False
ucc-static-f609ac4f39a5c67b,152,f609ac4f39a5c67b,Netflix,animated-RickandMorty,rsrp=-92|rsrq=-15|snr=-4,rsrp=-92|rsrq=-15,-92,-15,-4,ploss=0|noise_power_dB=-5,0,-5,False,ploss=0|noise_power_dB=-5,0,-5,False,False,False,False,False
ucc-static-f609ac4f39a5c67b,153,f609ac4f39a5c67b,Netflix,animated-RickandMorty,rsrp=-92|rsrq=-15|snr=-4,rsrp=-92|rsrq=-15,-92,-15,-4,ploss=0|noise_power_dB=-5,0,-5,False,ploss=0|noise_power_dB=-5,0,-5,False,False,False,False,False
ucc-static-f609ac4f39a5c67b,154,f609ac4f39a5c67b,Netflix,animated-RickandMorty,rsrp=-90|rsrq=-13|snr=1,rsrp=-90|rsrq=-13,-90,-13,1,ploss=0|noise_power_dB=-5,0,-5,False,ploss=0|noise_power_dB=-5,0,-5,False,False,False,False,False
ucc-static-f609ac4f39a5c67b,155,f609ac4f39a5c67b,Netflix,animated-RickandMorty,rsrp=-90|rsrq=-13|snr=1,rsrp=-90|rsrq=-13,-90,-13,1,ploss=0|noise_power_dB=-5,0,-5,False,ploss=0|noise_power_dB=-5,0,-5,False,False,False,False,False
ucc-static-f609ac4f39a5c67b,156,f609ac4f39a5c67b,Netflix,animated-RickandMorty,rsrp=-92|rsrq=-13|snr=2,rsrp=-92|rsrq=-13,-92,-13,2,ploss=0|noise_power_dB=-5,0,-5,False,ploss=0|noise_power_dB=-5,0,-5,False,False,False,False,False
ucc-static-f609ac4f39a5c67b,157,f609ac4f39a5c67b,Netflix,animated-RickandMorty,rsrp=-92|rsrq=-13|snr=2,rsrp=-92|rsrq=-13,-92,-13,2,ploss=0|noise_power_dB=-5,0,-5,False,ploss=0|noise_power_dB=-5,0,-5,False,False,False,False,False
ucc-static-f609ac4f39a5c67b,158,f609ac4f39a5c67b,Netflix,animated-RickandMorty,rsrp=-92|rsrq=-16|snr=-11,rsrp=-92|rsrq=-16,-92,-16,-11,ploss=0|noise_power_dB=-5,0,-5,False,ploss=0|noise_power_dB=-5,0,-5,False,False,False,False,False
ucc-static-f609ac4f39a5c67b,159,f609ac4f39a5c67b,Netflix,animated-RickandMorty,rsrp=-92|rsrq=-16|snr=-11,rsrp=-92|rsrq=-16,-92,-16,-11,ploss=0|noise_power_dB=-5,0,-5,False,ploss=0|noise_power_dB=-5,0,-5,False,False,False,False,False
ucc-static-f609ac4f39a5c67b,160,f609ac4f39a5c67b,Netflix,animated-RickandMorty,rsrp=-92|rsrq=-14|snr=-5,rsrp=-92|rsrq=-14,-92,-14,-5,ploss=0|noise_power_dB=-5,0,-5,False,ploss=0|noise_power_dB=-5,0,-5,False,False,False,False,False
ucc-static-f609ac4f39a5c67b,161,f609ac4f39a5c67b,Netflix,animated-RickandMorty,rsrp=-92|rsrq=-14|snr=-5,rsrp=-92|rsrq=-14,-92,-14,-5,ploss=0|noise_power_dB=-5,0,-5,False,ploss=0|noise_power_dB=-5,0,-5,False,False,False,False,False
ucc-static-f609ac4f39a5c67b,162,f609ac4f39a5c67b,Netflix,animated-RickandMorty,rsrp=-93|rsrq=-16|snr=0,rsrp=-93|rsrq=-16,-93,-16,0,ploss=0|noise_power_dB=-5,0,-5,False,ploss=0|noise_power_dB=-5,0,-5,False,False,False,False,False
ucc-static-f609ac4f39a5c67b,163,f609ac4f39a5c67b,Netflix,animated-RickandMorty,rsrp=-93|rsrq=-16|snr=0,rsrp=-93|rsrq=-16,-93,-16,0,ploss=0|noise_power_dB=-5,0,-5,False,ploss=0|noise_power_dB=-5,0,-5,False,False,False,False,False
ucc-static-f609ac4f39a5c67b,164,f609ac4f39a5c67b,Netflix,animated-RickandMorty,rsrp=-91|rsrq=-16|snr=-10,rsrp=-91|rsrq=-16,-91,-16,-10,ploss=0|noise_power_dB=-5,0,-5,False,ploss=0|noise_power_dB=-5,0,-5,False,False,False,False,False
ucc-static-f609ac4f39a5c67b,165,f609ac4f39a5c67b,Netflix,animated-RickandMorty,rsrp=-91|rsrq=-16|snr=-10,rsrp=-91|rsrq=-16,-91,-16,-10,ploss=0|noise_power_dB=-5,0,-5,False,ploss=0|noise_power_dB=-5,0,-5,False,False,False,False,False
ucc-static-f609ac4f39a5c67b,166,f609ac4f39a5c67b,Netflix,animated-RickandMorty,rsrp=-91|rsrq=-17|snr=-13,rsrp=-91|rsrq=-17,-91,-17,-13,ploss=0|noise_power_dB=-5,0,-5,False,ploss=0|noise_power_dB=-5,0,-5,False,False,False,False,False
ucc-static-f609ac4f39a5c67b,167,f609ac4f39a5c67b,Netflix,animated-RickandMorty,rsrp=-91|rsrq=-17|snr=-13,rsrp=-91|rsrq=-17,-91,-17,-13,ploss=0|noise_power_dB=-5,0,-5,False,ploss=0|noise_power_dB=-5,0,-5,False,False,False,False,False
