execution_number,command_index,trace_row_index_protocol,trace_time_bin_protocol,trace_t_s_protocol,target_relative_rsrp_db_protocol,target_sinr_db_protocol,projected_relative_rsrp_db_protocol,projected_sinr_db_protocol,commanded_gain_db_protocol,commanded_noise_power_db_protocol,clipped_protocol,clipping_distance_scaled,triangle_index,vertex_0,vertex_1,vertex_2,barycentric_0,barycentric_1,barycentric_2,trace_row_index_observed,trace_time_bin_observed,trace_t_s_observed,target_relative_rsrp_db_observed,target_sinr_db_observed,projected_relative_rsrp_db_observed,projected_sinr_db_observed,commanded_gain_db_observed,commanded_noise_power_db_observed,clipped_observed,scheduled_epoch,command_complete_epoch,command_completion_lateness_seconds,sample_utc_second,sample_midpoint_epoch,channel_verification_utc_second,channel_verification_emitted_epoch_us,ue_measurement_emitted_epoch_us,applied_gain_db,applied_noise_power_db,channel_snapshot_applied_gain_db,channel_snapshot_noise_power_db,channel_family,channel_model_name,channel_snapshot_id,channel_snapshot_timestamp_ns,tap_energy_linear,tap_fingerprint_fnv1a64,channel_length,nb_taps,nb_tx,nb_rx,rsrp_digital_power_linear,rsrp_db_per_re_unquantized,ss_rsrp_dbm_integer,ss_sinr_db,attached,trace_row_index,trace_time_bin,trace_t_s,target_relative_rsrp_db,target_sinr_db,projected_relative_rsrp_db,projected_sinr_db,commanded_gain_db,commanded_noise_power_db,clipped,observed_relative_rsrp_db,translator_relative_rsrp_error_db,translator_sinr_error_db,dynamic_relative_rsrp_error_db,dynamic_sinr_error_db,total_relative_rsrp_error_db,total_sinr_error_db
1,0,0,0,0,2.8,18.3,2.8,18.3,-7.133590637,-25.191376351,False,0,11,11,8,9,0.216602340654,0.208193677554,0.575203981792,0,0,0,2.8,18.3,2.8,18.3,-7.133590637,-25.191376351,False,1788258714,1788258714.15,0.153705120087,1788258714,1788258714.5,1788258715,1788258715000303,1788258715047619,-7.133591,-25.191376,-7.133590637,-25.191375732,AWGN,rfsimu_channel_enB0,static-0,1788258680507302308,1,14bd144574d32d9e,1,1,1,1,25233.7142857,43.959931,-104,17.65,True,0,0,0,2.8,18.3,2.8,18.3,-7.133590637,-25.191376351,False,2.5711995,0,0,-0.2288005,-0.65,-0.2288005,-0.65
1,1,1,1,1,3.05,17.2,3.05,17.2,-6.911845894,-23.815166716,False,0,12,9,17,11,0.674565120965,0.106792705141,0.218642173894,1,1,1,3.05,17.2,3.05,17.2,-6.911845894,-23.815166716,False,1788258715,1788258715.12,0.117704153061,1788258715,1788258715.5,1788258716,1788258716001104,1788258716036402,-6.911846,-23.815166,-6.911845894,-23.815166473,AWGN,rfsimu_channel_enB0,static-0,1788258680507302308,1,14bd144574d32d9e,1,1,1,1,27651.8571429,44.417021,-103,18.042857,True,1,1,1,3.05,17.2,3.05,17.2,-6.911845894,-23.815166716,False,3.0282895,0,0,-0.0217105,0.842857,-0.0217105,0.842857
1,2,2,2,2,1.8,14.05,1.8,14.05,-8.254703293,-21.839262061,False,0,26,10,7,16,0.872648353707,0.0469826769253,0.0803689693682,2,2,2,1.8,14.05,1.8,14.05,-8.254703293,-21.839262061,False,1788258716,1788258716.15,0.153596401215,1788258716,1788258716.5,1788258717,1788258717001411,1788258717025369,-8.254703,-21.839262,-8.254703293,-21.839262009,AWGN,rfsimu_channel_enB0,static-0,1788258680507302308,1,14bd144574d32d9e,1,1,1,1,21452.5714286,43.298586,-105,16.742857,True,2,2,2,1.8,14.05,1.8,14.05,-8.254703293,-21.839262061,False,1.9098545,0,0,0.1098545,2.692857,0.1098545,2.692857
1,3,3,3,3,1.2,13.6,1.2,13.6,-8.86689199,-22.169997625,False,0,27,6,7,10,0.0566658750635,0.376780119769,0.566554005168,3,3,3,1.2,13.6,1.2,13.6,-8.86689199,-22.169997625,False,1788258717,1788258717.11,0.109625101089,1788258717,1788258717.5,1788258718,1788258718001299,1788258718013429,-8.866892,-22.169998,-8.86689199,-22.169998169,AWGN,rfsimu_channel_enB0,static-0,1788258680507302308,1,14bd144574d32d9e,1,1,1,1,17873.8571429,42.520107,-105,15.964286,True,3,3,3,1.2,13.6,1.2,13.6,-8.86689199,-22.169997625,False,1.1313755,0,0,-0.0686245,2.364286,-0.0686245,2.364286
1,4,4,4,4,2.55,16.4,2.55,16.4,-7.435098361,-23.445059902,False,0,12,9,17,11,0.75273381713,0.212081546456,0.0351846364133,4,4,4,2.55,16.4,2.55,16.4,-7.435098361,-23.445059902,False,1788258718,1788258718.15,0.15375828743,1788258718,1788258718.5,1788258719,1788258719000146,1788258719001942,-7.435098,-23.445061,-7.435098361,-23.44506073,AWGN,rfsimu_channel_enB0,static-0,1788258680507302308,1,14bd144574d32d9e,1,1,1,1,24150.1428571,43.816028,-104,16.857143,True,4,4,4,2.55,16.4,2.55,16.4,-7.435098361,-23.445059902,False,2.4272965,0,0,-0.1227035,0.457143,-0.1227035,0.457143
1,5,5,5,5,2.65,15.6,2.65,15.6,-7.363962186,-22.494581017,False,0,24,17,9,10,0.3180189069,0.588885548185,0.093095544915,5,5,5,2.65,15.6,2.65,15.6,-7.363962186,-22.494581017,False,1788258719,1788258719.11,0.113184690475,1788258719,1788258719.5,1788258720,1788258720000650,1788258720055056,-7.363962,-22.494581,-7.363962186,-22.494581223,AWGN,rfsimu_channel_enB0,static-0,1788258680507302308,1,14bd144574d32d9e,1,1,1,1,25255.7333333,44.02292,-104,16.58,True,5,5,5,2.65,15.6,2.65,15.6,-7.363962186,-22.494581017,False,2.6341885,0,0,-0.0158115,0.98,-0.0158115,0.98
1,6,6,6,6,3.3,14.75,3.3,14.75,-6.754575743,-20.93758908,False,0,12,9,17,11,0.402002369775,0.573283131919,0.0247144983054,6,6,6,3.3,14.75,3.3,14.75,-6.754575743,-20.93758908,False,1788258720,1788258720.16,0.157652854919,1788258720,1788258720.5,1788258721,1788258721000022,1788258721036615,-6.754576,-20.93759,-6.754575743,-20.937589645,AWGN,rfsimu_channel_enB0,static-0,1788258680507302308,1,14bd144574d32d9e,1,1,1,1,29069.5714286,44.630071,-103,17.085714,True,6,6,6,3.3,14.75,3.3,14.75,-6.754575743,-20.93758908,False,3.2413395,0,0,-0.0586605,2.335714,-0.0586605,2.335714
1,7,7,7,7,2.55,14.75,2.55,14.75,-7.486759374,-21.710050227,False,0,24,17,9,10,0.256620313054,0.245510493172,0.497869193775,7,7,7,2.55,14.75,2.55,14.75,-7.486759374,-21.710050227,False,1788258721,1788258721.11,0.113355875015,1788258721,1788258721.5,1788258722,1788258722000531,1788258722017767,-7.486759,-21.710051,-7.486759374,-21.710050583,AWGN,rfsimu_channel_enB0,static-0,1788258680507302308,1,14bd144574d32d9e,1,1,1,1,24600.4285714,43.907994,-104,16.35,True,7,7,7,2.55,14.75,2.55,14.75,-7.486759374,-21.710050227,False,2.5192625,0,0,-0.0307375,1.6,-0.0307375,1.6
1,8,8,8,8,2.9,15.3,2.9,15.3,-7.129417692,-21.921099036,False,0,24,17,9,10,0.435291153938,0.554087884032,0.0106209620303,8,8,8,2.9,15.3,2.9,15.3,-7.129417692,-21.921099036,False,1788258722,1788258722.16,0.161626338959,1788258722,1788258722.5,1788258723,1788258723001384,1788258723003147,-7.129418,-21.921099,-7.129417692,-21.921098709,AWGN,rfsimu_channel_enB0,static-0,1788258680507302308,1,14bd144574d32d9e,1,1,1,1,26408.0714286,44.215743,-104,16.35,True,8,8,8,2.9,15.3,2.9,15.3,-7.129417692,-21.921099036,False,2.8270115,0,0,-0.0729885,1.05,-0.0729885,1.05
1,9,9,9,9,3,14.1,3,14.1,-7.067865607,-20.562801637,False,0,24,17,9,10,0.466067196429,0.142356807723,0.391575995848,9,9,9,3,14.1,3,14.1,-7.067865607,-20.562801637,False,1788258723,1788258723.13,0.125658035278,1788258723,1788258723.5,1788258724,1788258724001377,1788258724053738,-7.067866,-20.562801,-7.067865607,-20.562801361,AWGN,rfsimu_channel_enB0,static-0,1788258680507302308,1,14bd144574d32d9e,1,1,1,1,27081.8,44.32524,-103,15.666667,True,9,9,9,3,14.1,3,14.1,-7.067865607,-20.562801637,False,2.9365085,0,0,-0.0634915,1.566667,-0.0634915,1.566667
1,10,10,10,10,2.75,15.4,2.75,15.4,-7.272534441,-22.181565661,False,0,24,17,9,10,0.363732779321,0.545498926179,0.0907682944997,10,10,10,2.75,15.4,2.75,15.4,-7.272534441,-22.181565661,False,1788258724,1788258724.15,0.152977228165,1788258724,1788258724.5,1788258725,1788258725001620,1788258725034133,-7.272534,-22.181566,-7.272534441,-22.181566238,AWGN,rfsimu_channel_enB0,static-0,1788258680507302308,1,14bd144574d32d9e,1,1,1,1,26079.9285714,44.161585,-104,15.485714,True,10,10,10,2.75,15.4,2.75,15.4,-7.272534441,-22.181565661,False,2.7728535,0,0,0.0228535,0.085714,0.0228535,0.085714
1,11,11,11,11,2.6,14.75,2.6,14.75,-7.438057935,-21.658070754,False,0,24,17,9,10,0.280971032257,0.260651627599,0.458377340144,11,11,11,2.6,14.75,2.6,14.75,-7.438057935,-21.658070754,False,1788258725,1788258725.12,0.117678880692,1788258725,1788258725.5,1788258726,1788258726000758,1788258726014496,-7.438058,-21.658072,-7.438057935,-21.658071518,AWGN,rfsimu_channel_enB0,static-0,1788258680507302308,1,14bd144574d32d9e,1,1,1,1,24893.2142857,43.959809,-104,15.271429,True,11,11,11,2.6,14.75,2.6,14.75,-7.438057935,-21.658070754,False,2.5710775,0,0,-0.0289225,0.521429,-0.0289225,0.521429
1,12,12,12,12,2.35,12.45,2.35,12.45,-7.8015685,-19.703867484,False,0,25,16,17,10,0.316544919398,0.415760669228,0.267694411375,12,12,12,2.35,12.45,2.35,12.45,-7.8015685,-19.703867484,False,1788258726,1788258726.16,0.157622814178,1788258726,1788258726.5,1788258727,1788258727001580,1788258727001393,-7.801569,-19.703867,-7.8015685,-19.703866959,AWGN,rfsimu_channel_enB0,static-0,1788258680507302308,1,14bd144574d32d9e,1,1,1,1,23967.5714286,43.794035,-104,14.628571,True,12,12,12,2.35,12.45,2.35,12.45,-7.8015685,-19.703867484,False,2.4053035,0,0,0.0553035,2.178571,0.0553035,2.178571
1,13,13,13,13,2.55,13.8,2.55,13.8,-7.523228072,-20.746997269,False,0,25,16,17,10,0.0499098123659,0.288295776502,0.661794411132,13,13,13,2.55,13.8,2.55,13.8,-7.523228072,-20.746997269,False,1788258727,1788258727.11,0.109158754349,1788258727,1788258727.5,1788258728,1788258728000503,1788258728055102,-7.523228,-20.746998,-7.523228072,-20.746997833,AWGN,rfsimu_channel_enB0,static-0,1788258680507302308,1,14bd144574d32d9e,1,1,1,1,24735.8,43.931668,-104,14.653333,True,13,13,13,2.55,13.8,2.55,13.8,-7.523228072,-20.746997269,False,2.5429365,0,0,-0.0070635,0.853333,-0.0070635,0.853333
1,14,14,14,14,2.25,12.95,2.25,12.95,-7.872115146,-20.286304898,False,0,25,16,17,10,0.242987565854,0.306929992656,0.45008244149,14,14,14,2.25,12.95,2.25,12.95,-7.872115146,-20.286304898,False,1788258728,1788258728.15,0.153090238571,1788258728,1788258728.5,1788258729,1788258729000024,1788258729037926,-7.872115,-20.286304,-7.872115146,-20.286304474,AWGN,rfsimu_channel_enB0,static-0,1788258680507302308,1,14bd144574d32d9e,1,1,1,1,22912.3571429,43.599303,-104,14.285714,True,14,14,14,2.25,12.95,2.25,12.95,-7.872115146,-20.286304898,False,2.2105715,0,0,-0.0394285,1.335714,-0.0394285,1.335714
1,15,15,15,15,2.5,13.15,2.5,13.15,-7.611064128,-20.192597188,False,0,25,16,17,10,0.171588511214,0.366056447273,0.462355041513,15,15,15,2.5,13.15,2.5,13.15,-7.611064128,-20.192597188,False,1788258729,1788258729.12,0.117614030838,1788258729,1788258729.5,1788258730,1788258730000544,1788258730021404,-7.611064,-20.192596,-7.611064128,-20.192596436,AWGN,rfsimu_channel_enB0,static-0,1788258680507302308,1,14bd144574d32d9e,1,1,1,1,24245.5714286,43.844748,-104,13.985714,True,15,15,15,2.5,13.15,2.5,13.15,-7.611064128,-20.192597188,False,2.4560165,0,0,-0.0439835,0.835714,-0.0439835,0.835714
1,16,16,16,16,2.7,14.45,2.7,14.45,-7.349617757,-21.240527194,False,0,24,17,9,10,0.325191121685,0.180430560164,0.494378318152,16,16,16,2.7,14.45,2.7,14.45,-7.349617757,-21.240527194,False,1788258730,1788258730.15,0.149625062943,1788258730,1788258730.5,1788258731,1788258731000539,1788258731050429,-7.349618,-21.240528,-7.349617757,-21.240528107,AWGN,rfsimu_channel_enB0,static-0,1788258680507302308,1,14bd144574d32d9e,1,1,1,1,25439.8666667,44.05302,-104,12.766667,True,16,16,16,2.7,14.45,2.7,14.45,-7.349617757,-21.240527194,False,2.6642885,0,0,-0.0357115,-1.683333,-0.0357115,-1.683333
1,17,17,17,17,2.2,12.95,2.2,12.95,-7.921989229,-20.342629497,False,0,25,16,17,10,0.250224826754,0.289230212441,0.460544960804,17,17,17,2.2,12.95,2.2,12.95,-7.921989229,-20.342629497,False,1788258731,1788258731.11,0.109618663788,1788258731,1788258731.5,1788258732,1788258732000656,1788258732034092,-7.921989,-20.34263,-7.921989229,-20.342630386,AWGN,rfsimu_channel_enB0,static-0,1788258680507302308,1,14bd144574d32d9e,1,1,1,1,22427.4285714,43.506965,-104,12.185714,True,17,17,17,2.2,12.95,2.2,12.95,-7.921989229,-20.342629497,False,2.1182335,0,0,-0.0817665,-0.764286,-0.0817665,-0.764286
1,18,18,18,18,2.6,13.7,2.6,13.7,-7.479194293,-20.596715027,False,0,25,16,17,10,0.0602789265344,0.320681779946,0.61903929352,18,18,18,2.6,13.7,2.6,13.7,-7.479194293,-20.596715027,False,1788258732,1788258732.15,0.153174877167,1788258732,1788258732.5,1788258733,1788258733000390,1788258733020828,-7.479194,-20.596716,-7.479194293,-20.596715927,AWGN,rfsimu_channel_enB0,static-0,1788258680507302308,1,14bd144574d32d9e,1,1,1,1,24877.8571429,43.955046,-104,12.678571,True,18,18,18,2.6,13.7,2.6,13.7,-7.479194293,-20.596715027,False,2.5663145,0,0,-0.0336855,-1.021429,-0.0336855,-1.021429
1,19,19,19,19,2.9,15.1,2.9,15.1,-7.135392824,-21.712042628,False,0,24,17,9,10,0.432303587952,0.480418993171,0.0872774188768,19,19,19,2.9,15.1,2.9,15.1,-7.135392824,-21.712042628,False,1788258733,1788258733.11,0.109614610672,1788258733,1788258733.5,1788258734,1788258734000614,1788258734009044,-7.135393,-21.712042,-7.135392824,-21.712041855,AWGN,rfsimu_channel_enB0,static-0,1788258680507302308,1,14bd144574d32d9e,1,1,1,1,26375.7142857,44.21052,-104,13.778571,True,19,19,19,2.9,15.1,2.9,15.1,-7.135392824,-21.712042628,False,2.8217885,0,0,-0.0782115,-1.321429,-0.0782115,-1.321429
1,20,20,20,20,2.65,16.9,2.65,16.9,-7.31799837,-23.884447775,False,0,12,9,17,11,0.764953641776,0.129091901657,0.105954456566,20,20,20,2.65,16.9,2.65,16.9,-7.31799837,-23.884447775,False,1788258734,1788258734.16,0.157600164413,1788258734,1788258734.5,1788258735,1788258735000809,1788258735065175,-7.317998,-23.884447,-7.31799837,-23.884447098,AWGN,rfsimu_channel_enB0,static-0,1788258680507302308,1,14bd144574d32d9e,1,1,1,1,25423.5333333,44.051384,-104,13.806667,True,20,20,20,2.65,16.9,2.65,16.9,-7.31799837,-23.884447775,False,2.6626525,0,0,0.0126525,-3.093333,0.0126525,-3.093333
1,21,21,21,21,2.15,15.55,2.15,15.55,-7.852470353,-22.96211165,False,0,24,17,9,10,0.0737648233705,0.419056981194,0.507178195436,21,21,21,2.15,15.55,2.15,15.55,-7.852470353,-22.96211165,False,1788258735,1788258735.11,0.113631486893,1788258735,1788258735.5,1788258736,1788258736001732,1788258736049140,-7.85247,-22.962112,-7.852470353,-22.962112427,AWGN,rfsimu_channel_enB0,static-0,1788258680507302308,1,14bd144574d32d9e,1,1,1,1,22534.5714286,43.527877,-104,13.271429,True,21,21,21,2.15,15.55,2.15,15.55,-7.852470353,-22.96211165,False,2.1391455,0,0,-0.0108545,-2.278571,-0.0108545,-2.278571
1,22,22,22,22,1.4,16.35,1.4,16.35,-8.573618442,-24.548729482,False,0,28,10,9,6,0.150423505948,0.562767273179,0.286809220873,22,22,22,1.4,16.35,1.4,16.35,-8.573618442,-24.548729482,False,1788258736,1788258736.16,0.161069154739,1788258736,1788258736.5,1788258737,1788258737000537,1788258737036881,-8.573618,-24.548729,-8.573618442,-24.548728943,AWGN,rfsimu_channel_enB0,static-0,1788258680507302308,1,14bd144574d32d9e,1,1,1,1,19213.5714286,42.83102,-105,13.007143,True,22,22,22,1.4,16.35,1.4,16.35,-8.573618442,-24.548729482,False,1.4422885,0,0,0.0422885,-3.342857,0.0422885,-3.342857
1,23,23,23,23,1.3,15.95,1.3,15.95,-8.685812938,-24.22884482,False,0,28,10,9,6,0.257051726779,0.400041804174,0.342906469047,23,23,23,1.3,15.95,1.3,15.95,-8.685812938,-24.22884482,False,1788258737,1788258737.12,0.117449998856,1788258737,1788258737.5,1788258738,1788258738000581,1788258738026650,-8.685813,-24.228846,-8.685812938,-24.228845596,AWGN,rfsimu_channel_enB0,static-0,1788258680507302308,1,14bd144574d32d9e,1,1,1,1,18616.7142857,42.698404,-105,13.985714,True,23,23,23,1.3,15.95,1.3,15.95,-8.685812938,-24.22884482,False,1.3096725,0,0,0.0096725,-1.964286,0.0096725,-1.964286
1,24,24,24,24,3,17.35,3,17.35,-6.955749422,-24.025315733,False,0,12,9,17,11,0.701224107323,0.0754264963217,0.223349396355,24,24,24,3,17.35,3,17.35,-6.955749422,-24.025315733,False,1788258738,1788258738.15,0.153010129929,1788258738,1788258738.5,1788258739,1788258739000133,1788258739015829,-6.955749,-24.025316,-6.955749422,-24.025316238,AWGN,rfsimu_channel_enB0,static-0,1788258680507302308,1,14bd144574d32d9e,1,1,1,1,26727.3571429,44.249354,-103,16.442857,True,24,24,24,3,17.35,3,17.35,-6.955749422,-24.025315733,False,2.8606225,0,0,-0.1393775,-0.907143,-0.1393775,-0.907143
1,25,25,25,25,1.75,17.85,1.75,17.85,-8.187802225,-25.756744261,False,0,14,8,5,9,0.158346974584,0.0939011123587,0.747751913057,25,25,25,1.75,17.85,1.75,17.85,-8.187802225,-25.756744261,False,1788258739,1788258739.15,0.15363740921,1788258739,1788258739.5,1788258740,1788258740001445,1788258740006424,-8.187802,-25.756744,-8.187802225,-25.756744385,AWGN,rfsimu_channel_enB0,static-0,1788258680507302308,1,14bd144574d32d9e,1,1,1,1,21080.3571429,43.228745,-105,15.85,True,25,25,25,1.75,17.85,1.75,17.85,-8.187802225,-25.756744261,False,1.8400135,0,0,0.0900135,-2,0.0900135,-2
1,26,26,26,26,2.25,15.7,2.25,15.7,-7.750586127,-23.01494501,False,0,24,17,9,10,0.124706936266,0.504590918195,0.370702145539,26,26,26,2.25,15.7,2.25,15.7,-7.750586127,-23.01494501,False,1788258740,1788258740.11,0.105618953705,1788258740,1788258740.5,1788258741,1788258741001224,1788258741041776,-7.750586,-23.014944,-7.750586127,-23.014944077,AWGN,rfsimu_channel_enB0,static-0,1788258680507302308,1,14bd144574d32d9e,1,1,1,1,22578.8,43.535252,-104,15.06,True,26,26,26,2.25,15.7,2.25,15.7,-7.750586127,-23.01494501,False,2.1465205,0,0,-0.1034795,-0.64,-0.1034795,-0.64
1,27,27,27,27,-2.8,14.3,-2.8,14.3,-12.824128913,-26.833653528,False,0,23,1,3,2,0.206032228374,0.526136976182,0.267830795444,27,27,27,-2.8,14.3,-2.8,14.3,-12.824128913,-26.833653528,False,1788258741,1788258741.16,0.157621622086,1788258741,1788258741.5,1788258742,1788258742001845,1788258742034910,-12.824129,-26.833654,-12.824128913,-26.833654404,AWGN,rfsimu_channel_enB0,static-0,1788258680507302308,1,14bd144574d32d9e,1,1,1,1,8229.35714286,38.878789,-109,9.685714,True,27,27,27,-2.8,14.3,-2.8,14.3,-12.824128913,-26.833653528,False,-2.5099425,0,0,0.2900575,-4.614286,0.2900575,-4.614286
1,28,28,28,28,-2.05,18.95,-2.05,18.95,-11.969130307,-30.751752278,False,0,21,2,5,14,0.0673143942246,0.474060226056,0.458625379719,28,28,28,-2.05,18.95,-2.05,18.95,-11.969130307,-30.751752278,False,1788258742,1788258742.12,0.117612361908,1788258742,1788258742.5,1788258743,1788258743000348,1788258743032325,-11.96913,-30.751753,-11.969130307,-30.751752853,AWGN,rfsimu_channel_enB0,static-0,1788258680507302308,1,14bd144574d32d9e,1,1,1,1,8610,39.349578,-109,10.221429,True,28,28,28,-2.05,18.95,-2.05,18.95,-11.969130307,-30.751752278,False,-2.0391535,0,0,0.0108465,-8.728571,0.0108465,-8.728571
1,29,29,29,29,-1,16.6,-1,16.6,-10.956866341,-27.344544982,False,0,19,6,5,2,0.218485005912,0.303081823436,0.478433170652,29,29,29,-1,16.6,-1,16.6,-10.956866341,-27.344544982,False,1788258743,1788258743.16,0.156949281693,1788258743,1788258743.5,1788258744,1788258744000857,1788258744021680,-10.956866,-27.344545,-10.956866341,-27.344545364,AWGN,rfsimu_channel_enB0,static-0,1788258680507302308,1,14bd144574d32d9e,1,1,1,1,10690.1428571,40.279907,-107,11.628572,True,29,29,29,-1,16.6,-1,16.6,-10.956866341,-27.344544982,False,-1.1088245,0,0,-0.1088245,-4.971428,-0.1088245,-4.971428
1,30,30,30,30,0.15,16.3,0.15,16.3,-9.828014803,-25.75676749,False,0,13,9,5,6,0.0859925984455,0.252255830039,0.661751571516,30,30,30,0.15,16.3,0.15,16.3,-9.828014803,-25.75676749,False,1788258744,1788258744.11,0.109011888504,1788258744,1788258744.5,1788258745,1788258745000635,1788258745007476,-9.828015,-25.756767,-9.828014803,-25.756767273,AWGN,rfsimu_channel_enB0,static-0,1788258680507302308,1,14bd144574d32d9e,1,1,1,1,14018.0714286,41.456692,-106,14.371428,True,30,30,30,0.15,16.3,0.15,16.3,-9.828014803,-25.75676749,False,0.0679605,0,0,-0.0820395,-1.928572,-0.0820395,-1.928572
1,31,31,31,31,-4.05,13.7,-4.05,13.7,-14.098184717,-27.450920268,False,0,9,3,1,15,0.456363750965,0.505456109447,0.0381801395878,31,31,31,-4.05,13.7,-4.05,13.7,-14.098184717,-27.450920268,False,1788258745,1788258745.16,0.157614946365,1788258745,1788258745.5,1788258746,1788258746000338,1788258746000099,-14.098185,-27.45092,-14.098184717,-27.450920105,AWGN,rfsimu_channel_enB0,static-0,1788258680507302308,1,14bd144574d32d9e,1,1,1,1,6031.21428571,37.608692,-111,10.264286,True,31,31,31,-4.05,13.7,-4.05,13.7,-14.098184717,-27.450920268,False,-3.7800395,0,0,0.2699605,-3.435714,0.2699605,-3.435714
1,32,32,32,32,-3,14.95,-3,14.95,-12.996919328,-27.698702112,False,0,23,1,3,2,0.24922983211,0.266585850851,0.48418431704,32,32,32,-3,14.95,-3,14.95,-12.996919328,-27.698702112,False,1788258746,1788258746.11,0.113610506058,1788258746,1788258746.5,1788258747,1788258747001447,1788258747061558,-12.996919,-27.698702,-12.996919328,-27.698701859,AWGN,rfsimu_channel_enB0,static-0,1788258680507302308,1,14bd144574d32d9e,1,1,1,1,6805.73333333,38.319626,-110,11.053333,True,32,32,32,-3,14.95,-3,14.95,-12.996919328,-27.698702112,False,-3.0691055,0,0,-0.0691055,-3.896667,-0.0691055,-3.896667
1,33,33,33,33,-3.05,16.7,-3.05,16.7,-13.000487837,-29.524291703,False,0,22,14,1,2,0.204809556974,0.147717180757,0.64747326227,33,33,33,-3.05,16.7,-3.05,16.7,-13.000487837,-29.524291703,False,1788258747,1788258747.16,0.157647609711,1788258747,1788258747.5,1788258748,1788258748001612,1788258748054422,-13.000488,-29.524292,-13.000487837,-29.524291992,AWGN,rfsimu_channel_enB0,static-0,1788258680507302308,1,14bd144574d32d9e,1,1,1,1,6827.28571429,38.341445,-110,12.764286,True,33,33,33,-3.05,16.7,-3.05,16.7,-13.000487837,-29.524291703,False,-3.0472865,0,0,0.0027135,-3.935714,0.0027135,-3.935714
1,34,34,34,34,-3.6,18.55,-3.6,18.55,-13.524208438,-31.899775869,False,0,22,14,1,2,0.627534329885,0.0672849446689,0.305180725446,34,34,34,-3.6,18.55,-3.6,18.55,-13.524208438,-31.899775869,False,1788258748,1788258748.11,0.113055229187,1788258748,1788258748.5,1788258749,1788258749001829,1788258749053542,-13.524208,-31.899776,-13.524208438,-31.899776459,AWGN,rfsimu_channel_enB0,static-0,1788258680507302308,1,14bd144574d32d9e,1,1,1,1,6012.42857143,37.790221,-110,12.85,True,34,34,34,-3.6,18.55,-3.6,18.55,-13.524208438,-31.899775869,False,-3.5985105,0,0,0.0014895,-5.7,0.0014895,-5.7
1,35,35,35,35,-2.2,14.4,-2.2,14.4,-12.222623843,-26.359274353,False,0,23,1,3,2,0.055655960705,0.584012522769,0.360331516526,35,35,35,-2.2,14.4,-2.2,14.4,-12.222623843,-26.359274353,False,1788258749,1788258749.15,0.15306019783,1788258749,1788258749.5,1788258750,1788258750001318,1788258750044884,-12.222624,-26.359274,-12.222623843,-26.359273911,AWGN,rfsimu_channel_enB0,static-0,1788258680507302308,1,14bd144574d32d9e,1,1,1,1,8084.21428571,39.060674,-109,14.171429,True,35,35,35,-2.2,14.4,-2.2,14.4,-12.222623843,-26.359274353,False,-2.3280575,0,0,-0.1280575,-0.228571,-0.1280575,-0.228571
1,36,36,36,36,-0.65,14.9,-0.65,14.9,-10.666252975,-25.15962353,False,0,20,2,3,6,0.0532078433546,0.279918644002,0.666873512643,36,36,36,-0.65,14.9,-0.65,14.9,-10.666252975,-25.15962353,False,1788258750,1788258750.11,0.112802028656,1788258750,1788258750.5,1788258751,1788258751000340,1788258751033772,-10.666253,-25.159624,-10.666252975,-25.1596241,AWGN,rfsimu_channel_enB0,static-0,1788258680507302308,1,14bd144574d32d9e,1,1,1,1,11812.5714286,40.722449,-107,15.8,True,36,36,36,-0.65,14.9,-0.65,14.9,-10.666252975,-25.15962353,False,-0.6662825,0,0,-0.0162825,0.9,-0.0162825,0.9
1,37,37,37,37,0.95,20.05,0.95,20.05,-8.959205457,-28.754407714,False,0,5,5,8,14,0.102398871075,0.771866509847,0.125734619078,37,37,37,0.95,20.05,0.95,20.05,-8.959205457,-28.754407714,False,1788258751,1788258751.16,0.156931877136,1788258751,1788258751.5,1788258752,1788258752000526,1788258752030344,-8.959205,-28.754408,-8.959205457,-28.754407883,AWGN,rfsimu_channel_enB0,static-0,1788258680507302308,1,14bd144574d32d9e,1,1,1,1,16543.4285714,42.165696,-105,16.835714,True,37,37,37,0.95,20.05,0.95,20.05,-8.959205457,-28.754407714,False,0.7769645,0,0,-0.1730355,-3.214286,-0.1730355,-3.214286
1,38,38,38,38,-1.3,18.95,-1.3,18.95,-11.220185205,-29.99494066,False,0,5,5,8,14,0.612622272301,0.0548876176653,0.332490110033,38,38,38,-1.3,18.95,-1.3,18.95,-11.220185205,-29.99494066,False,1788258752,1788258752.11,0.109620332718,1788258752,1788258752.5,1788258753,1788258753000140,1788258753028448,-11.220185,-29.99494,-11.220185205,-29.994939804,AWGN,rfsimu_channel_enB0,static-0,1788258680507302308,1,14bd144574d32d9e,1,1,1,1,10170.3571429,40.073147,-108,14.678571,True,38,38,38,-1.3,18.95,-1.3,18.95,-11.220185205,-29.99494066,False,-1.3155845,0,0,-0.0155845,-4.271429,-0.0155845,-4.271429
1,39,39,39,39,1.2,16.85,1.2,16.85,-8.759520985,-25.27896739,False,0,13,9,5,6,0.620239507526,0.0929891301204,0.286771362354,39,39,39,1.2,16.85,1.2,16.85,-8.759520985,-25.27896739,False,1788258753,1788258753.16,0.157067060471,1788258753,1788258753.5,1788258754,1788258754000573,1788258754023099,-8.759521,-25.278967,-8.759520985,-25.278966904,AWGN,rfsimu_channel_enB0,static-0,1788258680507302308,1,14bd144574d32d9e,1,1,1,1,17576.0714286,42.408817,-105,17.078571,True,39,39,39,1.2,16.85,1.2,16.85,-8.759520985,-25.27896739,False,1.0200855,0,0,-0.1799145,0.228571,-0.1799145,0.228571
1,40,40,40,40,1.05,17.1,1.05,17.1,-8.903826404,-25.702794218,False,0,13,9,5,6,0.548086798032,0.234264739255,0.217648462713,40,40,40,1.05,17.1,1.05,17.1,-8.903826404,-25.702794218,False,1788258754,1788258754.11,0.105386018753,1788258754,1788258754.5,1788258755,1788258755000233,1788258755012331,-8.903826,-25.702795,-8.903826404,-25.702795029,AWGN,rfsimu_channel_enB0,static-0,1788258680507302308,1,14bd144574d32d9e,1,1,1,1,17464.6428571,42.421307,-105,16.735714,True,40,40,40,1.05,17.1,1.05,17.1,-8.903826404,-25.702794218,False,1.0325755,0,0,-0.0174245,-0.364286,-0.0174245,-0.364286
1,41,41,41,41,-0.25,16.05,-0.25,16.05,-10.231607152,-25.916271223,False,0,19,6,5,2,0.694576259072,0.189620165115,0.115803575813,41,41,41,-0.25,16.05,-0.25,16.05,-10.231607152,-25.916271223,False,1788258755,1788258755.16,0.157620668411,1788258755,1788258755.5,1788258756,1788258756000736,1788258756002540,-10.231607,-25.916271,-10.231607152,-25.91627121,AWGN,rfsimu_channel_enB0,static-0,1788258680507302308,1,14bd144574d32d9e,1,1,1,1,13390.2857143,41.249825,-107,15.278571,True,41,41,41,-0.25,16.05,-0.25,16.05,-10.231607152,-25.916271223,False,-0.1389065,0,0,0.1110935,-0.771429,0.1110935,-0.771429
1,42,42,42,42,0.45,17.6,0.45,17.6,-9.493734142,-26.857017246,False,0,13,9,5,6,0.253132929053,0.61900574883,0.127861322117,42,42,42,0.45,17.6,0.45,17.6,-9.493734142,-26.857017246,False,1788258756,1788258756.11,0.109129190445,1788258756,1788258756.5,1788258757,1788258757000302,1788258757060341,-9.493734,-26.857018,-9.493734142,-26.857017517,AWGN,rfsimu_channel_enB0,static-0,1788258680507302308,1,14bd144574d32d9e,1,1,1,1,15100.5333333,41.785369,-106,15.82,True,42,42,42,0.45,17.6,0.45,17.6,-9.493734142,-26.857017246,False,0.3966375,0,0,-0.0533625,-1.78,-0.0533625,-1.78
1,43,43,43,43,2.6,19.1,2.6,19.1,-7.323283362,-26.174835229,False,0,11,11,8,9,0.169179159483,0.504397849343,0.326422991174,43,43,43,2.6,19.1,2.6,19.1,-7.323283362,-26.174835229,False,1788258757,1788258757.16,0.161623477936,1788258757,1788258757.5,1788258758,1788258758000528,1788258758049965,-7.323283,-26.174835,-7.323283362,-26.174835205,AWGN,rfsimu_channel_enB0,static-0,1788258680507302308,1,14bd144574d32d9e,1,1,1,1,24463.5714286,43.856522,-104,19.407143,True,43,43,43,2.6,19.1,2.6,19.1,-7.323283362,-26.174835229,False,2.4677905,0,0,-0.1322095,0.307143,-0.1322095,0.307143
1,44,44,44,44,1.6,17.95,1.6,17.95,-8.336364093,-26.015081618,False,0,14,8,5,9,0.170178492794,0.168182046634,0.661639460572,44,44,44,1.6,17.95,1.6,17.95,-8.336364093,-26.015081618,False,1788258758,1788258758.12,0.117634534836,1788258758,1788258758.5,1788258759,1788258759000694,1788258759030368,-8.336364,-26.015081,-8.336364093,-26.015081406,AWGN,rfsimu_channel_enB0,static-0,1788258680507302308,1,14bd144574d32d9e,1,1,1,1,20066.2857143,43.023969,-105,19.214286,True,44,44,44,1.6,17.95,1.6,17.95,-8.336364093,-26.015081618,False,1.6352375,0,0,0.0352375,1.264286,0.0352375,1.264286
1,45,45,45,45,-3.25,10.1,-3.25,10.1,-13.540441949,-23.586082813,False,0,9,3,1,15,0.243837332351,0.014058306871,0.742104360778,45,45,45,-3.25,10.1,-3.25,10.1,-13.540441949,-23.586082813,False,1788258759,1788258759.16,0.156982421875,1788258759,1788258759.5,1788258760,1788258760000839,1788258760025488,-13.540442,-23.586082,-13.540441949,-23.586082458,AWGN,rfsimu_channel_enB0,static-0,1788258680507302308,1,14bd144574d32d9e,1,1,1,1,7480.21428571,38.497895,-110,14.621428,True,45,45,45,-3.25,10.1,-3.25,10.1,-13.540441949,-23.586082813,False,-2.8908365,0,0,0.3591635,4.521428,0.3591635,4.521428
1,46,46,46,46,-4.9,11.3,-4.9,11.3,-15.114761934,-26.24838094,False,0,7,13,15,1,0.0653285828809,0.507947615957,0.426723801162,46,46,46,-4.9,11.3,-4.9,11.3,-15.114761934,-26.24838094,False,1788258760,1788258760.11,0.113600492477,1788258760,1788258760.5,1788258761,1788258761000408,1788258761021678,-15.114762,-26.248381,-15.114761934,-26.248380661,AWGN,rfsimu_channel_enB0,static-0,1788258680507302308,1,14bd144574d32d9e,1,1,1,1,4484.35714286,36.48572,-111,12.507143,True,46,46,46,-4.9,11.3,-4.9,11.3,-15.114761934,-26.24838094,False,-4.9030115,0,0,-0.0030115,1.207143,-0.0030115,1.207143
1,47,47,47,47,-5.1,10.55,-5.1,10.55,-15.368645871,-25.761656478,False,0,7,13,15,1,0.202860407086,0.518537471481,0.278602121433,47,47,47,-5.1,10.55,-5.1,10.55,-15.368645871,-25.761656478,False,1788258761,1788258761.16,0.160930156708,1788258761,1788258761.5,1788258762,1788258762001577,1788258762021076,-15.368646,-25.761656,-15.368645871,-25.761655807,AWGN,rfsimu_channel_enB0,static-0,1788258680507302308,1,14bd144574d32d9e,1,1,1,1,4218.71428571,36.248153,-112,12.228571,True,47,47,47,-5.1,10.55,-5.1,10.55,-15.368645871,-25.761656478,False,-5.1405785,0,0,-0.0405785,1.678571,-0.0405785,1.678571
1,48,48,48,48,-2.45,13.4,-2.45,13.4,-12.513996789,-25.578285157,False,0,9,3,1,15,0.864366266135,0.121364660722,0.0142690731439,48,48,48,-2.45,13.4,-2.45,13.4,-12.513996789,-25.578285157,False,1788258762,1788258762.11,0.109604358673,1788258762,1788258762.5,1788258763,1788258763000444,1788258763021780,-12.513997,-25.578285,-12.513996789,-25.578285217,AWGN,rfsimu_channel_enB0,static-0,1788258680507302308,1,14bd144574d32d9e,1,1,1,1,7505.5,38.704353,-109,14.728571,True,48,48,48,-2.45,13.4,-2.45,13.4,-12.513996789,-25.578285157,False,-2.6843785,0,0,-0.2343785,1.328571,-0.2343785,1.328571
1,49,49,49,49,-3,13.5,-3,13.5,-13.058773664,-26.219350832,False,0,9,3,1,15,0.723738111983,0.253124943976,0.0231369440405,49,49,49,-3,13.5,-3,13.5,-13.058773664,-26.219350832,False,1788258763,1788258763.15,0.152928829193,1788258763,1788258763.5,1788258764,1788258764001573,1788258764019082,-13.058774,-26.219351,-13.058773664,-26.219350815,AWGN,rfsimu_channel_enB0,static-0,1788258680507302308,1,14bd144574d32d9e,1,1,1,1,6938.64285714,38.404975,-109,13.942857,True,49,49,49,-3,13.5,-3,13.5,-13.058773664,-26.219350832,False,-2.9837565,0,0,0.0162435,0.442857,0.0162435,0.442857
1,50,50,50,50,0.35,14.35,0.35,14.35,-9.690862546,-23.713200721,False,0,27,6,7,10,0.571066906954,0.274364366001,0.154568727046,50,50,50,0.35,14.35,0.35,14.35,-9.690862546,-23.713200721,False,1788258764,1788258764.16,0.157613992691,1788258764,1788258764.5,1788258765,1788258765000699,1788258765010912,-9.690863,-23.713202,-9.690862546,-23.713201523,AWGN,rfsimu_channel_enB0,static-0,1788258680507302308,1,14bd144574d32d9e,1,1,1,1,14358.0714286,41.499767,-106,16.871429,True,50,50,50,0.35,14.35,0.35,14.35,-9.690862546,-23.713200721,False,0.1110355,0,0,-0.2389645,2.521429,-0.2389645,2.521429
1,51,51,51,51,-3.1,11.5,-3.1,11.5,-13.294914823,-24.622781962,False,0,9,3,1,15,0.454508897879,0.101966309408,0.443524792713,51,51,51,-3.1,11.5,-3.1,11.5,-13.294914823,-24.622781962,False,1788258765,1788258765.11,0.113624811172,1788258765,1788258765.5,1788258766,1788258766000705,1788258766065877,-13.294915,-24.622782,-13.294914823,-24.622781754,AWGN,rfsimu_channel_enB0,static-0,1788258680507302308,1,14bd144574d32d9e,1,1,1,1,7192.73333333,38.467288,-109,12.686667,True,51,51,51,-3.1,11.5,-3.1,11.5,-13.294914823,-24.622781962,False,-2.9214435,0,0,0.1785565,1.186667,0.1785565,1.186667
1,52,52,52,52,-4.5,10.75,-4.5,10.75,-14.750257083,-25.393018525,False,0,7,13,15,1,0.0232881267247,0.648159584998,0.328552288278,52,52,52,-4.5,10.75,-4.5,10.75,-14.750257083,-25.393018525,False,1788258766,1788258766.15,0.153650522232,1788258766,1788258766.5,1788258767,1788258767000567,1788258767058748,-14.750257,-25.393019,-14.750257083,-25.393018723,AWGN,rfsimu_channel_enB0,static-0,1788258680507302308,1,14bd144574d32d9e,1,1,1,1,4999.42857143,36.961103,-111,11.014286,True,52,52,52,-4.5,10.75,-4.5,10.75,-14.750257083,-25.393018525,False,-4.4276285,0,0,0.0723715,0.264286,0.0723715,0.264286
1,53,53,53,53,-3.25,13.95,-3.25,13.95,-13.286409815,-26.904944832,False,0,23,1,3,2,0.321602453773,0.579420025065,0.0989775211625,53,53,53,-3.25,13.95,-3.25,13.95,-13.286409815,-26.904944832,False,1788258767,1788258767.12,0.120922088623,1788258767,1788258767.5,1788258768,1788258768000164,1788258768057103,-13.28641,-26.904945,-13.286409815,-26.904945374,AWGN,rfsimu_channel_enB0,static-0,1788258680507302308,1,14bd144574d32d9e,1,1,1,1,6460.28571429,38.102153,-110,12.221429,True,53,53,53,-3.25,13.95,-3.25,13.95,-13.286409815,-26.904944832,False,-3.2865785,0,0,-0.0365785,-1.728571,-0.0365785,-1.728571
1,54,54,54,54,-3.45,14.3,-3.45,14.3,-13.471366156,-27.459637332,False,0,23,1,3,2,0.367841538942,0.425348582086,0.206809878972,54,54,54,-3.45,14.3,-3.45,14.3,-13.471366156,-27.459637332,False,1788258768,1788258768.15,0.152935743332,1788258768,1788258768.5,1788258769,1788258769001106,1788258769054619,-13.471366,-27.459637,-13.471366156,-27.459636688,AWGN,rfsimu_channel_enB0,static-0,1788258680507302308,1,14bd144574d32d9e,1,1,1,1,6317.64285714,38.004484,-110,12.8,True,54,54,54,-3.45,14.3,-3.45,14.3,-13.471366156,-27.459637332,False,-3.3842475,0,0,0.0657525,-1.5,0.0657525,-1.5
1,55,55,55,55,-5.1,12.35,-5.1,12.35,-15.242883988,-27.366777865,False,0,9,3,1,15,0.00185376730705,0.623295761518,0.374850471175,55,55,55,-5.1,12.35,-5.1,12.35,-15.242883988,-27.366777865,False,1788258769,1788258769.11,0.113595962524,1788258769,1788258769.5,1788258770,1788258770001603,1788258770055473,-15.242884,-27.366777,-15.242883988,-27.36677742,AWGN,rfsimu_channel_enB0,static-0,1788258680507302308,1,14bd144574d32d9e,1,1,1,1,4219.78571429,36.250828,-112,11.85,True,55,55,55,-5.1,12.35,-5.1,12.35,-15.242883988,-27.366777865,False,-5.1379035,0,0,-0.0379035,-0.5,-0.0379035,-0.5
1,56,56,56,56,-4.8,12.85,-4.8,12.85,-14.908063867,-27.487829563,False,0,9,3,1,15,0.145511780897,0.599543714449,0.254944504654,56,56,56,-4.8,12.85,-4.8,12.85,-14.908063867,-27.487829563,False,1788258770,1788258770.17,0.165614366531,1788258770,1788258770.5,1788258771,1788258771001733,1788258771051256,-14.908064,-27.487829,-14.908063867,-27.487829208,AWGN,rfsimu_channel_enB0,static-0,1788258680507302308,1,14bd144574d32d9e,1,1,1,1,4516.42857143,36.546856,-111,12.157143,True,56,56,56,-4.8,12.85,-4.8,12.85,-14.908063867,-27.487829563,False,-4.8418755,0,0,-0.0418755,-0.692857,-0.0418755,-0.692857
1,57,57,57,57,-3.8,13.7,-3.8,13.7,-13.847471234,-27.198110705,False,0,9,3,1,15,0.525773487387,0.449509104255,0.0247174083579,57,57,57,-3.8,13.7,-3.8,13.7,-13.847471234,-27.198110705,False,1788258771,1788258771.12,0.117616176605,1788258771,1788258771.5,1788258772,1788258772000947,1788258772045091,-13.847471,-27.198111,-13.847471234,-27.19811058,AWGN,rfsimu_channel_enB0,static-0,1788258680507302308,1,14bd144574d32d9e,1,1,1,1,5821,37.649108,-110,13.314286,True,57,57,57,-3.8,13.7,-3.8,13.7,-13.847471234,-27.198110705,False,-3.7396235,0,0,0.0603765,-0.385714,0.0603765,-0.385714
1,58,58,58,58,-4.5,12.5,-4.5,12.5,-14.630982446,-26.887361865,False,0,9,3,1,15,0.186547033685,0.502038256805,0.31141470951,58,58,58,-4.5,12.5,-4.5,12.5,-14.630982446,-26.887361865,False,1788258772,1788258772.15,0.149135828018,1788258772,1788258772.5,1788258773,1788258773001337,1788258773035583,-14.630982,-26.887362,-14.630982446,-26.887361526,AWGN,rfsimu_channel_enB0,static-0,1788258680507302308,1,14bd144574d32d9e,1,1,1,1,4928.21428571,36.921444,-111,12.278571,True,58,58,58,-4.5,12.5,-4.5,12.5,-14.630982446,-26.887361865,False,-4.4672875,0,0,0.0327125,-0.221429,0.0327125,-0.221429
1,59,59,59,59,-2.2,16.05,-2.2,16.05,-12.155711251,-28.066232816,False,0,23,1,3,2,0.0389278128214,0.00387426983113,0.957197917347,59,59,59,-2.2,16.05,-2.2,16.05,-12.155711251,-28.066232816,False,1788258773,1788258773.11,0.105595827103,1788258773,1788258773.5,1788258774,1788258774000562,1788258774026845,-12.155711,-28.066233,-12.155711251,-28.066232681,AWGN,rfsimu_channel_enB0,static-0,1788258680507302308,1,14bd144574d32d9e,1,1,1,1,8294.92857143,39.18757,-108,14.607143,True,59,59,59,-2.2,16.05,-2.2,16.05,-12.155711251,-28.066232816,False,-2.2011615,0,0,-0.0011615,-1.442857,-0.0011615,-1.442857
1,60,60,60,60,-2.95,14.35,-2.95,14.35,-12.9714637,-27.029837343,False,0,23,1,3,2,0.242865924933,0.485298168947,0.27183590612,60,60,60,-2.95,14.35,-2.95,14.35,-12.9714637,-27.029837343,False,1788258774,1788258774.16,0.157056331635,1788258774,1788258774.5,1788258775,1788258775000217,1788258775019441,-12.971464,-27.029837,-12.9714637,-27.029836655,AWGN,rfsimu_channel_enB0,static-0,1788258680507302308,1,14bd144574d32d9e,1,1,1,1,7032.35714286,38.464331,-109,13.85,True,60,60,60,-2.95,14.35,-2.95,14.35,-12.9714637,-27.029837343,False,-2.9244005,0,0,0.0255995,-0.5,0.0255995,-0.5
1,61,61,61,61,-4,12.15,-4,12.15,-14.153330239,-26.084646516,False,0,9,3,1,15,0.28311007561,0.359775195008,0.357114729382,61,61,61,-4,12.15,-4,12.15,-14.153330239,-26.084646516,False,1788258775,1788258775.12,0.124922990799,1788258775,1788258775.5,1788258776,1788258776000794,1788258776014783,-14.15333,-26.084646,-14.153330239,-26.084646225,AWGN,rfsimu_channel_enB0,static-0,1788258680507302308,1,14bd144574d32d9e,1,1,1,1,5500.92857143,37.393865,-111,12.921429,True,61,61,61,-4,12.15,-4,12.15,-14.153330239,-26.084646516,False,-3.9948665,0,0,0.0051335,0.771429,0.0051335,0.771429
1,62,62,62,62,-2,12.5,-2,12.5,-12.119125955,-24.343445086,False,0,16,4,3,15,0.179142986427,0.761294035969,0.0595629776036,62,62,62,-2,12.5,-2,12.5,-12.119125955,-24.343445086,False,1788258776,1788258776.16,0.156818151474,1788258776,1788258776.5,1788258777,1788258777000355,1788258777007119,-12.119126,-24.343445,-12.119125955,-24.343444824,AWGN,rfsimu_channel_enB0,static-0,1788258680507302308,1,14bd144574d32d9e,1,1,1,1,8499.35714286,39.263842,-108,15.271429,True,62,62,62,-2,12.5,-2,12.5,-12.119125955,-24.343445086,False,-2.1248895,0,0,-0.1248895,2.771429,-0.1248895,2.771429
1,63,63,63,63,-0.25,15.25,-0.25,15.25,-10.256010336,-25.067529965,False,0,20,2,3,6,0.0225099884813,0.105495179692,0.871994831826,63,63,63,-0.25,15.25,-0.25,15.25,-10.256010336,-25.067529965,False,1788258777,1788258777.11,0.109039068222,1788258777,1788258777.5,1788258778,1788258778000476,1788258778067845,-10.25601,-25.06753,-10.256010336,-25.067529678,AWGN,rfsimu_channel_enB0,static-0,1788258680507302308,1,14bd144574d32d9e,1,1,1,1,12667.9333333,41.011261,-107,17.093334,True,63,63,63,-0.25,15.25,-0.25,15.25,-10.256010336,-25.067529965,False,-0.3774705,0,0,-0.1274705,1.843334,-0.1274705,1.843334
1,64,64,64,64,-0.15,15.25,-0.15,15.25,-10.156846129,-24.963703248,False,0,10,6,3,7,0.909478018129,0.0784230646098,0.012098917261,64,64,64,-0.15,15.25,-0.15,15.25,-10.156846129,-24.963703248,False,1788258778,1788258778.16,0.157061338425,1788258778,1788258778.5,1788258779,1788258779001658,1788258779046197,-10.156846,-24.963703,-10.156846129,-24.963703156,AWGN,rfsimu_channel_enB0,static-0,1788258680507302308,1,14bd144574d32d9e,1,1,1,1,13361.0714286,41.256786,-107,17.35,True,64,64,64,-0.15,15.25,-0.15,15.25,-10.156846129,-24.963703248,False,-0.1319455,0,0,0.0180545,2.1,0.0180545,2.1
1,65,65,65,65,-1.75,13.9,-1.75,13.9,-11.795932673,-25.374340538,False,0,20,2,3,6,0.124780179444,0.77318615704,0.102033663515,65,65,65,-1.75,13.9,-1.75,13.9,-11.795932673,-25.374340538,False,1788258779,1788258779.11,0.11365032196,1788258779,1788258779.5,1788258780,1788258780000740,1788258780023074,-11.795933,-25.37434,-11.795932673,-25.374340057,AWGN,rfsimu_channel_enB0,static-0,1788258680507302308,1,14bd144574d32d9e,1,1,1,1,9267.14285714,39.66817,-108,15.885714,True,65,65,65,-1.75,13.9,-1.75,13.9,-11.795932673,-25.374340538,False,-1.7205615,0,0,0.0294385,1.985714,0.0294385,1.985714
1,66,66,66,66,-2.8,13.25,-2.8,13.25,-12.875184848,-25.804891594,False,0,9,3,1,15,0.749082736179,0.186675160242,0.0642421035792,66,66,66,-2.8,13.25,-2.8,13.25,-12.875184848,-25.804891594,False,1788258780,1788258780.16,0.157667160034,1788258780,1788258780.5,1788258781,1788258781000176,1788258781065551,-12.875185,-25.804892,-12.875184848,-25.804891586,AWGN,rfsimu_channel_enB0,static-0,1788258680507302308,1,14bd144574d32d9e,1,1,1,1,7240.8,38.585743,-109,14.82,True,66,66,66,-2.8,13.25,-2.8,13.25,-12.875184848,-25.804891594,False,-2.8029885,0,0,-0.0029885,1.57,-0.0029885,1.57
1,67,67,67,67,-3.1,14.8,-3.1,14.8,-13.102577252,-27.63982927,False,0,23,1,3,2,0.275644312914,0.303819785243,0.420535901844,67,67,67,-3.1,14.8,-3.1,14.8,-13.102577252,-27.63982927,False,1788258781,1788258781.11,0.113082647324,1788258781,1788258781.5,1788258782,1788258782001485,1788258782054801,-13.102577,-27.63983,-13.102577252,-27.639829636,AWGN,rfsimu_channel_enB0,static-0,1788258680507302308,1,14bd144574d32d9e,1,1,1,1,6725.92857143,38.276699,-110,14.5,True,67,67,67,-3.1,14.8,-3.1,14.8,-13.102577252,-27.63982927,False,-3.1120325,0,0,-0.0120325,-0.3,-0.0120325,-0.3
1,68,68,68,68,-3.85,14.25,-3.85,14.25,-13.871693651,-27.79313212,False,0,23,1,3,2,0.467923412864,0.380904902008,0.151171685128,68,68,68,-3.85,14.25,-3.85,14.25,-13.871693651,-27.79313212,False,1788258782,1788258782.15,0.153655529022,1788258782,1788258782.5,1788258783,1788258783001694,1788258783044740,-13.871694,-27.793133,-13.871693651,-27.793132782,AWGN,rfsimu_channel_enB0,static-0,1788258680507302308,1,14bd144574d32d9e,1,1,1,1,5723.85714286,37.56928,-110,14.135714,True,68,68,68,-3.85,14.25,-3.85,14.25,-13.871693651,-27.79313212,False,-3.8194515,0,0,0.0305485,-0.114286,0.0305485,-0.114286
1,69,69,69,69,-3.3,14,-3.3,14,-13.334169641,-27.004823447,False,0,23,1,3,2,0.333542410244,0.554087124614,0.112370465142,69,69,69,-3.3,14,-3.3,14,-13.334169641,-27.004823447,False,1788258783,1788258783.11,0.108934164047,1788258783,1788258783.5,1788258784,1788258784001371,1788258784035107,-13.33417,-27.004824,-13.334169641,-27.004823685,AWGN,rfsimu_channel_enB0,static-0,1788258680507302308,1,14bd144574d32d9e,1,1,1,1,6386.42857143,38.051269,-110,15.514286,True,69,69,69,-3.3,14,-3.3,14,-13.334169641,-27.004823447,False,-3.3374625,0,0,-0.0374625,1.514286,-0.0374625,1.514286
1,70,70,70,70,1.05,18.95,1.05,18.95,-8.873149931,-27.590619827,False,0,14,8,5,9,0.426964976572,0.436574965617,0.136460057811,70,70,70,1.05,18.95,1.05,18.95,-8.873149931,-27.590619827,False,1788258784,1788258784.16,0.156963825226,1788258784,1788258784.5,1788258785,1788258785000635,1788258785019870,-8.87315,-27.59062,-8.873149931,-27.590620041,AWGN,rfsimu_channel_enB0,static-0,1788258680507302308,1,14bd144574d32d9e,1,1,1,1,16686.2857143,42.116726,-105,19.6,True,70,70,70,1.05,18.95,1.05,18.95,-8.873149931,-27.590619827,False,0.7279945,0,0,-0.3220055,0.65,-0.3220055,0.65
1,71,71,71,71,0.55,16.6,0.55,16.6,-9.418673966,-25.672658893,False,0,13,9,5,6,0.290663017039,0.224219631139,0.485117351822,71,71,71,0.55,16.6,0.55,16.6,-9.418673966,-25.672658893,False,1788258785,1788258785.12,0.12496137619,1788258785,1788258785.5,1788258786,1788258786001608,1788258786004951,-9.418674,-25.672659,-9.418673966,-25.67265892,AWGN,rfsimu_channel_enB0,static-0,1788258680507302308,1,14bd144574d32d9e,1,1,1,1,15586.5,41.925307,-106,19.428571,True,71,71,71,0.55,16.6,0.55,16.6,-9.418673966,-25.672658893,False,0.5365755,0,0,-0.0134245,2.828571,-0.0134245,2.828571
1,72,72,72,72,-4.3,20.4,-4.24235708939,20.0726586004,-14.145118288,-34.036279572,True,0.173524646992,-1,0,14,-1,0.0362795720857,0.963720427914,0,72,72,72,-4.3,20.4,-4.24235708939,20.0726586004,-14.145118288,-34.036279572,True,1788258786,1788258786.15,0.152833461761,1788258786,1788258786.5,1788258787,1788258787000326,1788258787007223,-14.145118,-34.036278,-14.145118288,-34.036277771,AWGN,rfsimu_channel_enB0,static-0,1788258680507302308,1,14bd144574d32d9e,1,1,1,1,5916.42857143,37.475074,-111,16.664286,True,72,72,72,-4.3,20.4,-4.24235708939,20.0726586004,-14.145118288,-34.036279572,True,-3.9136575,0.05764291061,-0.3273413996,0.32869958939,-3.4083726004,0.3863425,-3.735714
1,73,73,73,73,-3.8,17.95,-3.8,17.95,-13.735196681,-31.488319484,False,0,22,14,1,2,0.524144228695,0.171727055959,0.304128715347,73,73,73,-3.8,17.95,-3.8,17.95,-13.735196681,-31.488319484,False,1788258787,1788258787.11,0.109617710114,1788258787,1788258787.5,1788258788,1788258788001694,1788258788071597,-13.735197,-31.488319,-13.735196681,-31.488319397,AWGN,rfsimu_channel_enB0,static-0,1788258680507302308,1,14bd144574d32d9e,1,1,1,1,5691.4,37.550123,-110,17.446667,True,73,73,73,-3.8,17.95,-3.8,17.95,-13.735196681,-31.488319484,False,-3.8386085,0,0,-0.0386085,-0.503333,-0.0386085,-0.503333
1,74,74,74,74,-3.15,15.95,-3.15,15.95,-13.113245867,-28.867664897,False,0,22,14,1,2,0.0622083926544,0.24720727039,0.690584336955,74,74,74,-3.15,15.95,-3.15,15.95,-13.113245867,-28.867664897,False,1788258788,1788258788.17,0.173033714294,1788258788,1788258788.5,1788258789,1788258789000150,1788258789053575,-13.113246,-28.867664,-13.113245867,-28.867664337,AWGN,rfsimu_channel_enB0,static-0,1788258680507302308,1,14bd144574d32d9e,1,1,1,1,6554.53333333,38.162247,-109,17.513333,True,74,74,74,-3.15,15.95,-3.15,15.95,-13.113245867,-28.867664897,False,-3.2264845,0,0,-0.0764845,1.563333,-0.0764845,1.563333
1,75,75,75,75,-0.35,16.7,-0.35,16.7,-10.313954755,-26.729439039,False,0,19,6,5,2,0.423520320377,0.419502302137,0.156977377486,75,75,75,-0.35,16.7,-0.35,16.7,-10.313954755,-26.729439039,False,1788258789,1788258789.16,0.15759563446,1788258789,1788258789.5,1788258790,1788258790001018,1788258790034201,-10.313955,-26.729439,-10.313954755,-26.729438782,AWGN,rfsimu_channel_enB0,static-0,1788258680507302308,1,14bd144574d32d9e,1,1,1,1,12249.5,40.829971,-107,19.728572,True,75,75,75,-0.35,16.7,-0.35,16.7,-10.313954755,-26.729439039,False,-0.5587605,0,0,-0.2087605,3.028572,-0.2087605,3.028572
1,76,76,76,76,-1.95,17.2,-1.95,17.2,-11.890396475,-28.946590406,False,0,21,2,5,14,0.629668102169,0.212566830238,0.157765067593,76,76,76,-1.95,17.2,-1.95,17.2,-11.890396475,-28.946590406,False,1788258790,1788258790.11,0.112925767899,1788258790,1788258790.5,1788258791,1788258791000429,1788258791032304,-11.890396,-28.94659,-11.890396475,-28.946590424,AWGN,rfsimu_channel_enB0,static-0,1788258680507302308,1,14bd144574d32d9e,1,1,1,1,8712.5,39.40059,-108,17.764285,True,76,76,76,-1.95,17.2,-1.95,17.2,-11.890396475,-28.946590406,False,-1.9881415,0,0,-0.0381415,0.564285,-0.0381415,0.564285
1,77,77,77,77,0.1,17.9,0.1,17.9,-9.837635555,-27.539332085,False,0,13,9,5,6,0.081182222665,0.846444028198,0.0723737491366,77,77,77,0.1,17.9,0.1,17.9,-9.837635555,-27.539332085,False,1788258791,1788258791.16,0.157590389252,1788258791,1788258791.5,1788258792,1788258792001223,1788258792022026,-9.837636,-27.539331,-9.837635555,-27.539331436,AWGN,rfsimu_channel_enB0,static-0,1788258680507302308,1,14bd144574d32d9e,1,1,1,1,13612.8571429,41.311076,-106,19.714285,True,77,77,77,0.1,17.9,0.1,17.9,-9.837635555,-27.539332085,False,-0.0776555,0,0,-0.1776555,1.814285,-0.1776555,1.814285
1,78,78,78,78,-1.45,16.05,-1.45,16.05,-11.413925648,-27.251214052,False,0,19,6,5,2,0.24959531589,0.0434418600429,0.706962824067,78,78,78,-1.45,16.05,-1.45,16.05,-11.413925648,-27.251214052,False,1788258792,1788258792.11,0.109620332718,1788258792,1788258792.5,1788258793,1788258793000659,1788258793014651,-11.413926,-27.251215,-11.413925648,-27.251214981,AWGN,rfsimu_channel_enB0,static-0,1788258680507302308,1,14bd144574d32d9e,1,1,1,1,10137.9285714,40.038836,-108,18.421428,True,78,78,78,-1.45,16.05,-1.45,16.05,-11.413925648,-27.251214052,False,-1.3498955,0,0,0.1001045,2.371428,0.1001045,2.371428
1,79,79,79,79,0.15,14.05,0.15,14.05,-9.902686675,-23.688472025,False,0,27,6,7,10,0.562824008283,0.388519329401,0.0486566623157,79,79,79,0.15,14.05,0.15,14.05,-9.902686675,-23.688472025,False,1788258793,1788258793.16,0.157048463821,1788258793,1788258793.5,1788258794,1788258794000109,1788258794001742,-9.902687,-23.688473,-9.902686675,-23.688472748,AWGN,rfsimu_channel_enB0,static-0,1788258680507302308,1,14bd144574d32d9e,1,1,1,1,14001.6428571,41.441295,-106,17.028571,True,79,79,79,0.15,14.05,0.15,14.05,-9.902686675,-23.688472025,False,0.0525635,0,0,-0.0974365,2.978571,-0.0974365,2.978571
1,80,80,80,80,0.85,17.5,0.85,17.5,-9.094542154,-26.340041225,False,0,13,9,5,6,0.452728922842,0.446680408362,0.100590668797,80,80,80,0.85,17.5,0.85,17.5,-9.094542154,-26.340041225,False,1788258794,1788258794.11,0.105597257614,1788258794,1788258794.5,1788258795,1788258795001511,1788258795045737,-9.094542,-26.340042,-9.094542154,-26.340042114,AWGN,rfsimu_channel_enB0,static-0,1788258680507302308,1,14bd144574d32d9e,1,1,1,1,16548.8,42.184389,-106,16.646667,True,80,80,80,0.85,17.5,0.85,17.5,-9.094542154,-26.340041225,False,0.7956575,0,0,-0.0543425,-0.853333,-0.0543425,-0.853333
1,81,81,81,81,0.3,14.7,0.3,14.7,-9.727808777,-24.052958064,False,0,27,6,7,10,0.684319354768,0.179585033768,0.136095611464,81,81,81,0.3,14.7,0.3,14.7,-9.727808777,-24.052958064,False,1788258795,1788258795.17,0.165323972702,1788258795,1788258795.5,1788258796,1788258796001370,1788258796036130,-9.727809,-24.052958,-9.727808777,-24.052957535,AWGN,rfsimu_channel_enB0,static-0,1788258680507302308,1,14bd144574d32d9e,1,1,1,1,14878.8571429,41.722451,-106,16.171429,True,81,81,81,0.3,14.7,0.3,14.7,-9.727808777,-24.052958064,False,0.3337195,0,0,0.0337195,1.471429,0.0337195,1.471429
1,82,82,82,82,-2.45,11.6,-2.45,11.6,-12.63340439,-24.040769885,False,0,16,4,3,15,0.108608574937,0.574689230059,0.316702195004,82,82,82,-2.45,11.6,-2.45,11.6,-12.63340439,-24.040769885,False,1788258796,1788258796.12,0.117599487305,1788258796,1788258796.5,1788258797,1788258797000847,1788258797028813,-12.633404,-24.04077,-12.63340439,-24.040769577,AWGN,rfsimu_channel_enB0,static-0,1788258680507302308,1,14bd144574d32d9e,1,1,1,1,7707.64285714,38.867795,-109,13.121429,True,82,82,82,-2.45,11.6,-2.45,11.6,-12.63340439,-24.040769885,False,-2.5209365,0,0,-0.0709365,1.521429,-0.0709365,1.521429
1,83,83,83,83,-3.65,10.75,-3.65,10.75,-13.897430398,-24.54232824,False,0,9,3,1,15,0.211257982925,0.159973182088,0.628768834987,83,83,83,-3.65,10.75,-3.65,10.75,-13.897430398,-24.54232824,False,1788258797,1788258797.16,0.157089233398,1788258797,1788258797.5,1788258798,1788258798000021,1788258798022317,-13.89743,-24.542328,-13.897430398,-24.542327881,AWGN,rfsimu_channel_enB0,static-0,1788258680507302308,1,14bd144574d32d9e,1,1,1,1,5960.28571429,37.732262,-110,11.5,True,83,83,83,-3.65,10.75,-3.65,10.75,-13.897430398,-24.54232824,False,-3.6564695,0,0,-0.0064695,0.75,-0.0064695,0.75
1,84,84,84,84,-5.9,11.1,-5.9,11.1,-16.136091993,-26.981724608,False,0,7,13,15,1,0.349459736832,0.281413740252,0.369126522915,84,84,84,-5.9,11.1,-5.9,11.1,-16.136091993,-26.981724608,False,1788258798,1788258798.11,0.108957529068,1788258798,1788258798.5,1788258799,1788258799000637,1788258799016213,-16.136092,-26.981724,-16.136091993,-26.981723785,AWGN,rfsimu_channel_enB0,static-0,1788258680507302308,1,14bd144574d32d9e,1,1,1,1,3636.14285714,35.564703,-112,9.15,True,84,84,84,-5.9,11.1,-5.9,11.1,-16.136091993,-26.981724608,False,-5.8240285,0,0,0.0759715,-1.95,0.0759715,-1.95
1,85,85,85,85,-5.9,9.4,-5.9,9.4,-16.254895477,-25.465149352,False,0,7,13,15,1,0.542698481629,0.415250743253,0.042050775118,85,85,85,-5.9,9.4,-5.9,9.4,-16.254895477,-25.465149352,False,1788258799,1788258799.15,0.152934551239,1788258799,1788258799.5,1788258800,1788258800000885,1788258800005866,-16.254895,-25.465149,-16.254895477,-25.465148926,AWGN,rfsimu_channel_enB0,static-0,1788258680507302308,1,14bd144574d32d9e,1,1,1,1,3544.14285714,35.493358,-112,9.064286,True,85,85,85,-5.9,9.4,-5.9,9.4,-16.254895477,-25.465149352,False,-5.8953735,0,0,0.0046265,-0.335714,0.0046265,-0.335714
1,86,86,86,86,-3.35,12.2,-3.35,12.2,-13.498078788,-25.469783969,False,0,9,3,1,15,0.469612023295,0.218651417425,0.31173655928,86,86,86,-3.35,12.2,-3.35,12.2,-13.498078788,-25.469783969,False,1788258800,1788258800.11,0.109599590302,1788258800,1788258800.5,1788258801,1788258801001163,1788258801004479,-13.498079,-25.469784,-13.498078788,-25.469783783,AWGN,rfsimu_channel_enB0,static-0,1788258680507302308,1,14bd144574d32d9e,1,1,1,1,6151.85714286,37.851961,-110,11.478571,True,86,86,86,-3.35,12.2,-3.35,12.2,-13.498078788,-25.469783969,False,-3.5367705,0,0,-0.1867705,-0.721429,-0.1867705,-0.721429
1,87,87,87,87,-3.55,11.2,-3.55,11.2,-13.766577458,-24.823185272,False,0,9,3,1,15,0.29335157439,0.176640303256,0.530008122354,87,87,87,-3.55,11.2,-3.55,11.2,-13.766577458,-24.823185272,False,1788258801,1788258801.16,0.157033443451,1788258801,1788258801.5,1788258802,1788258802001577,1788258802066034,-13.766577,-24.823185,-13.766577458,-24.823184967,AWGN,rfsimu_channel_enB0,static-0,1788258680507302308,1,14bd144574d32d9e,1,1,1,1,6054.4,37.818064,-110,11.373333,True,87,87,87,-3.55,11.2,-3.55,11.2,-13.766577458,-24.823185272,False,-3.5706675,0,0,-0.0206675,0.173333,-0.0206675,0.173333
1,88,88,88,88,-2.65,10.85,-2.65,10.85,-12.883250602,-23.600785374,False,0,16,4,3,15,0.171988008157,0.386386691036,0.441625300807,88,88,88,-2.65,10.85,-2.65,10.85,-12.883250602,-23.600785374,False,1788258802,1788258802.11,0.109051704407,1788258802,1788258802.5,1788258803,1788258803000633,1788258803055936,-12.883251,-23.600786,-12.883250602,-23.600786209,AWGN,rfsimu_channel_enB0,static-0,1788258680507302308,1,14bd144574d32d9e,1,1,1,1,7457.5,38.722322,-109,12.342857,True,88,88,88,-2.65,10.85,-2.65,10.85,-12.883250602,-23.600785374,False,-2.6664095,0,0,-0.0164095,1.492857,-0.0164095,1.492857
1,89,89,89,89,-2.95,11.8,-2.95,11.8,-13.124108368,-24.725750128,False,0,9,3,1,15,0.532374537663,0.0944287217892,0.373196740548,89,89,89,-2.95,11.8,-2.95,11.8,-13.124108368,-24.725750128,False,1788258803,1788258803.16,0.16127371788,1788258803,1788258803.5,1788258804,1788258804000073,1788258804056617,-13.124108,-24.72575,-13.124108368,-24.725749969,AWGN,rfsimu_channel_enB0,static-0,1788258680507302308,1,14bd144574d32d9e,1,1,1,1,6971.71428571,38.430341,-110,12.228571,True,89,89,89,-2.95,11.8,-2.95,11.8,-13.124108368,-24.725750128,False,-2.9583905,0,0,-0.0083905,0.428571,-0.0083905,0.428571
1,90,90,90,90,-0.4,14.45,-0.4,14.45,-10.435114949,-24.532324246,False,0,10,6,3,7,0.626550607621,0.217557474508,0.155891917872,90,90,90,-0.4,14.45,-0.4,14.45,-10.435114949,-24.532324246,False,1788258804,1788258804.11,0.1096367836,1788258804,1788258804.5,1788258805,1788258805001291,1788258805060139,-10.435115,-24.532324,-10.435114949,-24.532323837,AWGN,rfsimu_channel_enB0,static-0,1788258680507302308,1,14bd144574d32d9e,1,1,1,1,12579.4285714,40.995778,-107,15.935714,True,90,90,90,-0.4,14.45,-0.4,14.45,-10.435114949,-24.532324246,False,-0.3929535,0,0,0.0070465,1.485714,0.0070465,1.485714
1,91,91,91,91,0.85,18.15,0.85,18.15,-9.082934969,-27.009152033,False,0,14,8,5,9,0.128249860001,0.541467484338,0.330282655661,91,91,91,0.85,18.15,0.85,18.15,-9.082934969,-27.009152033,False,1788258805,1788258805.15,0.152935266495,1788258805,1788258805.5,1788258806,1788258806000644,1788258806063330,-9.082935,-27.009151,-9.082934969,-27.009151459,AWGN,rfsimu_channel_enB0,static-0,1788258680507302308,1,14bd144574d32d9e,1,1,1,1,16443.0714286,42.145656,-106,17.114286,True,91,91,91,0.85,18.15,0.85,18.15,-9.082934969,-27.009152033,False,0.7569245,0,0,-0.0930755,-1.035714,-0.0930755,-1.035714
1,92,92,92,92,-0.25,16.2,-0.25,16.2,-10.227873551,-26.078253357,False,0,19,6,5,2,0.640582214435,0.245481010295,0.113936775271,92,92,92,-0.25,16.2,-0.25,16.2,-10.227873551,-26.078253357,False,1788258806,1788258806.11,0.113630533218,1788258806,1788258806.5,1788258807,1788258807000130,1788258807052861,-10.227874,-26.078253,-10.227873551,-26.078252792,AWGN,rfsimu_channel_enB0,static-0,1788258680507302308,1,14bd144574d32d9e,1,1,1,1,12888.7857143,41.101642,-107,16.064286,True,92,92,92,-0.25,16.2,-0.25,16.2,-10.227873551,-26.078253357,False,-0.2870895,0,0,-0.0370895,-0.135714,-0.0370895,-0.135714
1,93,93,93,93,0.2,17.3,0.2,17.3,-9.752426529,-26.787841156,False,0,13,9,5,6,0.123786735456,0.595947052076,0.280266212468,93,93,93,0.2,17.3,0.2,17.3,-9.752426529,-26.787841156,False,1788258807,1788258807.15,0.152952432632,1788258807,1788258807.5,1788258808,1788258808000568,1788258808047731,-9.752427,-26.787842,-9.752426529,-26.787841797,AWGN,rfsimu_channel_enB0,static-0,1788258680507302308,1,14bd144574d32d9e,1,1,1,1,14116.3571429,41.494831,-106,16.235714,True,93,93,93,0.2,17.3,0.2,17.3,-9.752426529,-26.787841156,False,0.1060995,0,0,-0.0939005,-1.064286,-0.0939005,-1.064286
1,94,94,94,94,-1.05,16.75,-1.05,16.75,-11.002396011,-27.562149734,False,0,19,6,5,2,0.145950088642,0.352851905904,0.501198005454,94,94,94,-1.05,16.75,-1.05,16.75,-11.002396011,-27.562149734,False,1788258808,1788258808.11,0.113619089127,1788258808,1788258808.5,1788258809,1788258809001065,1788258809039927,-11.002396,-27.562149,-11.002396011,-27.562149048,AWGN,rfsimu_channel_enB0,static-0,1788258680507302308,1,14bd144574d32d9e,1,1,1,1,10831.2857143,40.346095,-108,14.871429,True,94,94,94,-1.05,16.75,-1.05,16.75,-11.002396011,-27.562149734,False,-1.0426365,0,0,0.0073635,-1.878571,0.0073635,-1.878571
1,95,95,95,95,-2.8,12.55,-2.8,12.55,-12.922734366,-25.210699151,False,0,9,3,1,15,0.664569874341,0.125937057416,0.209493068243,95,95,95,-2.8,12.55,-2.8,12.55,-12.922734366,-25.210699151,False,1788258809,1788258809.16,0.157595872879,1788258809,1788258809.5,1788258810,1788258810000907,1788258810028709,-12.922734,-25.210699,-12.922734366,-25.210699081,AWGN,rfsimu_channel_enB0,static-0,1788258680507302308,1,14bd144574d32d9e,1,1,1,1,7483.71428571,38.710816,-109,13.2,True,95,95,95,-2.8,12.55,-2.8,12.55,-12.922734366,-25.210699151,False,-2.6779155,0,0,0.1220845,0.65,0.1220845,0.65
1,96,96,96,96,-3.05,13.85,-3.05,13.85,-13.091315203,-26.608882403,False,0,23,1,3,2,0.272828800742,0.64559173275,0.0815794665074,96,96,96,-3.05,13.85,-3.05,13.85,-13.091315203,-26.608882403,False,1788258810,1788258810.11,0.109586954117,1788258810,1788258810.5,1788258811,1788258811000440,1788258811025370,-13.091315,-26.608883,-13.091315203,-26.608882904,AWGN,rfsimu_channel_enB0,static-0,1788258680507302308,1,14bd144574d32d9e,1,1,1,1,6753.42857143,38.294077,-110,12.735714,True,96,96,96,-3.05,13.85,-3.05,13.85,-13.091315203,-26.608882403,False,-3.0946545,0,0,-0.0446545,-1.114286,-0.0446545,-1.114286
1,97,97,97,97,-3.85,17.6,-3.85,17.6,-13.791172146,-31.185056004,False,0,22,14,1,2,0.457893986186,0.218846043332,0.323259970482,97,97,97,-3.85,17.6,-3.85,17.6,-13.791172146,-31.185056004,False,1788258811,1788258811.17,0.165032148361,1788258811,1788258811.5,1788258812,1788258812000497,1788258812024804,-13.791172,-31.185057,-13.791172146,-31.185056686,AWGN,rfsimu_channel_enB0,static-0,1788258680507302308,1,14bd144574d32d9e,1,1,1,1,5735.5,37.580166,-110,13.142857,True,97,97,97,-3.85,17.6,-3.85,17.6,-13.791172146,-31.185056004,False,-3.8085655,0,0,0.0414345,-4.457143,0.0414345,-4.457143
1,98,98,98,98,-2.6,16.8,-2.6,16.8,-12.545941814,-29.197572418,False,0,22,14,1,2,0.184920302086,0.0440253025455,0.771054395368,98,98,98,-2.6,16.8,-2.6,16.8,-12.545941814,-29.197572418,False,1788258812,1788258812.12,0.117590427399,1788258812,1788258812.5,1788258813,1788258813000797,1788258813064103,-12.545942,-29.197573,-12.545941814,-29.197572708,AWGN,rfsimu_channel_enB0,static-0,1788258680507302308,1,14bd144574d32d9e,1,1,1,1,7408.46666667,38.687137,-109,14.3,True,98,98,98,-2.6,16.8,-2.6,16.8,-12.545941814,-29.197572418,False,-2.7015945,0,0,-0.1015945,-2.5,-0.1015945,-2.5
1,99,99,99,99,-5.5,12.7,-5.5,12.7,-15.621335678,-28.044383839,False,0,7,13,15,1,0.063029103434,0.252361264321,0.684609632245,99,99,99,-5.5,12.7,-5.5,12.7,-15.621335678,-28.044383839,False,1788258813,1788258813.16,0.156935930252,1788258813,1788258813.5,1788258814,1788258814000189,1788258814054183,-15.621336,-28.044384,-15.621335678,-28.044384003,AWGN,rfsimu_channel_enB0,static-0,1788258680507302308,1,14bd144574d32d9e,1,1,1,1,4074.35714286,36.026827,-112,11.835714,True,99,99,99,-5.5,12.7,-5.5,12.7,-15.621335678,-28.044383839,False,-5.3619045,0,0,0.1380955,-0.864286,0.1380955,-0.864286
1,100,100,100,100,-3.1,14.95,-3.1,14.95,-13.096494289,-27.795007312,False,0,23,1,3,2,0.274123572197,0.251079944067,0.474796483736,100,100,100,-3.1,14.95,-3.1,14.95,-13.096494289,-27.795007312,False,1788258814,1788258814.15,0.153603315353,1788258814,1788258814.5,1788258815,1788258815000792,1788258815042169,-13.096494,-27.795008,-13.096494289,-27.795007706,AWGN,rfsimu_channel_enB0,static-0,1788258680507302308,1,14bd144574d32d9e,1,1,1,1,6532.14285714,38.108393,-110,14.728571,True,100,100,100,-3.1,14.95,-3.1,14.95,-13.096494289,-27.795007312,False,-3.2803385,0,0,-0.1803385,-0.221429,-0.1803385,-0.221429
1,101,101,101,101,-7.7,10.6,-7.69558525383,10.6009406634,-18,-28.242644441,True,0.0044397292288,-1,0,13,-1,0.155330555123,0.844669444877,0,101,101,101,-7.7,10.6,-7.69558525383,10.6009406634,-18,-28.242644441,True,1788258815,1788258815.1,0.101660966873,1788258815,1788258815.5,1788258816,1788258816000197,1788258816030041,-18,-28.242645,-18,-28.242645264,AWGN,rfsimu_channel_enB0,static-0,1788258680507302308,1,14bd144574d32d9e,1,1,1,1,2315.14285714,33.644037,-114,10.571429,True,101,101,101,-7.7,10.6,-7.69558525383,10.6009406634,-18,-28.242644441,True,-7.7446945,0.00441474617,0.0009406634,-0.04910924617,-0.0295116634,-0.0446945,-0.028571
1,102,102,102,102,-7.55,9.15,-7.54515811889,9.34491089196,-17.916000607,-26.916000607,True,0.0975756514894,-1,13,15,-1,0.979000151741,0.0209998482588,0,102,102,102,-7.55,9.15,-7.54515811889,9.34491089196,-17.916000607,-26.916000607,True,1788258816,1788258816.16,0.161597251892,1788258816,1788258816.5,1788258817,1788258817000927,1788258817021711,-17.916001,-26.916,-17.916000607,-26.916000366,AWGN,rfsimu_channel_enB0,static-0,1788258680507302308,1,14bd144574d32d9e,1,1,1,1,2348.5,33.706583,-114,10.635714,True,102,102,102,-7.55,9.15,-7.54515811889,9.34491089196,-17.916000607,-26.916000607,True,-7.6821485,0.00484188111,0.19491089196,-0.13699038111,1.29080310804,-0.1321485,1.485714
1,103,103,103,103,-3.55,15,-3.55,15,-13.542553956,-28.280106729,False,0,23,1,3,2,0.385638489018,0.16372341648,0.450638094502,103,103,103,-3.55,15,-3.55,15,-13.542553956,-28.280106729,False,1788258817,1788258817.12,0.121058225632,1788258817,1788258817.5,1788258818,1788258818000453,1788258818012438,-13.542554,-28.280107,-13.542553956,-28.280107498,AWGN,rfsimu_channel_enB0,static-0,1788258680507302308,1,14bd144574d32d9e,1,1,1,1,5780.07142857,37.517896,-110,14.642857,True,103,103,103,-3.55,15,-3.55,15,-13.542553956,-28.280106729,False,-3.8708355,0,0,-0.3208355,-0.357143,-0.3208355,-0.357143
1,104,104,104,104,1.5,22.9,1.5,22.9,-8.400771832,-31.069928719,False,0,2,18,14,8,0.444859481118,0.511654786513,0.0434857323682,104,104,104,1.5,22.9,1.5,22.9,-8.400771832,-31.069928719,False,1788258818,1788258818.15,0.153610944748,1788258818,1788258818.5,1788258819,1788258819000233,1788258819010546,-8.400772,-31.069929,-8.400771832,-31.069929123,AWGN,rfsimu_channel_enB0,static-0,1788258680507302308,1,14bd144574d32d9e,1,1,1,1,18371.4285714,42.486631,-105,20.264286,True,104,104,104,1.5,22.9,1.5,22.9,-8.400771832,-31.069928719,False,1.0978995,0,0,-0.4021005,-2.635714,-0.4021005,-2.635714
1,105,105,105,105,1.05,21.65,1.05,21.65,-8.853294703,-30.260692351,False,0,2,18,14,8,0.234566274599,0.376782058458,0.388651666943,105,105,105,1.05,21.65,1.05,21.65,-8.853294703,-30.260692351,False,1788258819,1788258819.11,0.112953424454,1788258819,1788258819.5,1788258820,1788258820001212,1788258820008015,-8.853295,-30.260693,-8.853294703,-30.260692596,AWGN,rfsimu_channel_enB0,static-0,1788258680507302308,1,14bd144574d32d9e,1,1,1,1,17631.1428571,42.461338,-105,20.250001,True,105,105,105,1.05,21.65,1.05,21.65,-8.853294703,-30.260692351,False,1.0726065,0,0,0.0226065,-1.399999,0.0226065,-1.399999
1,106,106,106,106,2.15,18.6,2.15,18.6,-7.778925727,-26.10249331,False,0,11,11,8,9,0.0552685682069,0.404343482289,0.540387949504,106,106,106,2.15,18.6,2.15,18.6,-7.778925727,-26.10249331,False,1788258820,1788258820.15,0.153595209122,1788258820,1788258820.5,1788258821,1788258821001063,1788258821070596,-7.778926,-26.102493,-7.778925727,-26.102493286,AWGN,rfsimu_channel_enB0,static-0,1788258680507302308,1,14bd144574d32d9e,1,1,1,1,22294.9333333,43.474439,-104,21.293333,True,106,106,106,2.15,18.6,2.15,18.6,-7.778925727,-26.10249331,False,2.0857075,0,0,-0.0642925,2.693333,-0.0642925,2.693333
1,107,107,107,107,6.25,25.8,6.29182510864,25.4718909755,-3.607965474,-28.803982737,True,0.169302163889,-1,14,18,-1,0.133997122821,0.866002877179,0,107,107,107,6.25,25.8,6.29182510864,25.4718909755,-3.607965474,-28.803982737,True,1788258821,1788258821.1,0.100963830948,1788258821,1788258821.5,1788258822,1788258822000386,1788258822064546,-3.607965,-28.803984,-3.607965474,-28.803983688,AWGN,rfsimu_channel_enB0,static-0,1788258680507302308,1,14bd144574d32d9e,1,1,1,1,58283.6428571,47.655402,-100,25.571429,True,107,107,107,6.25,25.8,6.29182510864,25.4718909755,-3.607965474,-28.803982737,True,6.2666705,0.04182510864,-0.3281090245,-0.02515460864,0.0995380245,0.0166705,-0.228571
1,108,108,108,108,3.2,19.4,3.2,19.4,-6.720356891,-25.906995927,False,0,11,11,8,9,0.31991077727,0.515605827308,0.164483395421,108,108,108,3.2,19.4,3.2,19.4,-6.720356891,-25.906995927,False,1788258822,1788258822.15,0.149626731873,1788258822,1788258822.5,1788258823,1788258823000400,1788258823056987,-6.720357,-25.906996,-6.720356891,-25.906995773,AWGN,rfsimu_channel_enB0,static-0,1788258680507302308,1,14bd144574d32d9e,1,1,1,1,30916.2142857,44.81412,-103,22.85,True,108,108,108,3.2,19.4,3.2,19.4,-6.720356891,-25.906995927,False,3.4253885,0,0,0.2253885,3.45,0.2253885,3.45
1,109,109,109,109,3.6,19.5,3.6,19.5,-6.319659551,-25.629083158,False,0,11,11,8,9,0.420085112304,0.48975112768,0.0901637600158,109,109,109,3.6,19.5,3.6,19.5,-6.319659551,-25.629083158,False,1788258823,1788258823.11,0.105599164963,1788258823,1788258823.5,1788258824,1788258824000249,1788258824058409,-6.31966,-25.629084,-6.319659551,-25.629083633,AWGN,rfsimu_channel_enB0,static-0,1788258680507302308,1,14bd144574d32d9e,1,1,1,1,31410.2857143,44.970358,-103,22.992857,True,109,109,109,3.6,19.5,3.6,19.5,-6.319659551,-25.629083158,False,3.5816265,0,0,-0.0183735,3.492857,-0.0183735,3.492857
1,110,110,110,110,7.5,25.6,7.5,25.6,-2.40154635,-27.723063696,False,0,3,8,11,18,0.048461971385,0.0553872607854,0.89615076783,110,110,110,7.5,25.6,7.5,25.6,-2.40154635,-27.723063696,False,1788258824,1788258824.16,0.160830974579,1788258824,1788258824.5,1788258825,1788258825000571,1788258825052438,-2.401546,-27.723064,-2.40154635,-27.723064423,AWGN,rfsimu_channel_enB0,static-0,1788258680507302308,1,14bd144574d32d9e,1,1,1,1,74016.1428571,48.603611,-99,26.614285,True,110,110,110,7.5,25.6,7.5,25.6,-2.40154635,-27.723063696,False,7.2148795,0,0,-0.2851205,1.014285,-0.2851205,1.014285
1,111,111,111,111,7.35,24.35,7.35,24.35,-2.557228025,-26.675874916,False,0,3,8,11,18,0.00459633196108,0.26482501684,0.730578651199,111,111,111,7.35,24.35,7.35,24.35,-2.557228025,-26.675874916,False,1788258825,1788258825.12,0.124948501587,1788258825,1788258825.5,1788258826,1788258826000070,1788258826040431,-2.557228,-26.675875,-2.557228025,-26.67587471,AWGN,rfsimu_channel_enB0,static-0,1788258680507302308,1,14bd144574d32d9e,1,1,1,1,74614.1428571,48.728073,-99,25.364286,True,111,111,111,7.35,24.35,7.35,24.35,-2.557228025,-26.675874916,False,7.3393415,0,0,-0.0106585,1.014286,-0.0106585,1.014286
1,112,112,112,112,2.8,17.85,2.8,17.85,-7.13923202,-24.744286796,False,0,11,11,8,9,0.215191994942,0.058223595332,0.726584409726,112,112,112,2.8,17.85,2.8,17.85,-7.13923202,-24.744286796,False,1788258826,1788258826.15,0.153554439545,1788258826,1788258826.5,1788258827,1788258827000872,1788258827025013,-7.139232,-24.744287,-7.13923202,-24.744287491,AWGN,rfsimu_channel_enB0,static-0,1788258680507302308,1,14bd144574d32d9e,1,1,1,1,29819,44.527546,-104,20.95,True,112,112,112,2.8,17.85,2.8,17.85,-7.13923202,-24.744286796,False,3.1388145,0,0,0.3388145,3.1,0.3388145,3.1
1,113,113,113,113,1.2,13.45,1.2,13.45,-8.872542508,-22.047901325,False,0,27,6,7,10,0.0159671083049,0.420304145563,0.563728746132,113,113,113,1.2,13.45,1.2,13.45,-8.872542508,-22.047901325,False,1788258827,1788258827.1,0.0969533920288,1788258827,1788258827.5,1788258828,1788258828000739,1788258828020242,-8.872543,-22.047901,-8.872542508,-22.047901154,AWGN,rfsimu_channel_enB0,static-0,1788258680507302308,1,14bd144574d32d9e,1,1,1,1,18163.7857143,42.589902,-105,18.985714,True,113,113,113,1.2,13.45,1.2,13.45,-8.872542508,-22.047901325,False,1.2011705,0,0,0.0011705,5.535714,0.0011705,5.535714
1,114,114,114,114,4.05,16.8,4.05,16.8,-5.938573298,-22.406165577,False,0,12,9,17,11,0.354383235225,0.260520178606,0.385096586169,114,114,114,4.05,16.8,4.05,16.8,-5.938573298,-22.406165577,False,1788258828,1788258828.15,0.149311065674,1788258828,1788258828.5,1788258829,1788258829000450,1788258829012316,-5.938573,-22.406166,-5.938573298,-22.406166077,AWGN,rfsimu_channel_enB0,static-0,1788258680507302308,1,14bd144574d32d9e,1,1,1,1,33386.9285714,45.182814,-102,20.7,True,114,114,114,4.05,16.8,4.05,16.8,-5.938573298,-22.406165577,False,3.7940825,0,0,-0.2559175,3.9,-0.2559175,3.9
1,115,115,115,115,6,19.8,6,19.8,-3.924955986,-23.632404684,False,0,3,8,11,18,0.0296529766661,0.873519063118,0.0968279602158,115,115,115,6,19.8,6,19.8,-3.924955986,-23.632404684,False,1788258829,1788258829.11,0.105134487152,1788258829,1788258829.5,1788258830,1788258830000498,1788258830067204,-3.924956,-23.632404,-3.924955986,-23.632404327,AWGN,rfsimu_channel_enB0,static-0,1788258680507302308,1,14bd144574d32d9e,1,1,1,1,53289.8666667,47.24118,-100,20.56,True,115,115,115,6,19.8,6,19.8,-3.924955986,-23.632404684,False,5.8524485,0,0,-0.1475515,0.76,-0.1475515,0.76
1,116,116,116,116,7.25,20.3,7.25,20.3,-2.67548866,-22.70926237,False,0,1,18,11,19,0.0619196734419,0.63791232818,0.300167998378,116,116,116,7.25,20.3,7.25,20.3,-2.67548866,-22.70926237,False,1788258830,1788258830.17,0.165122032166,1788258830,1788258830.5,1788258831,1788258831001639,1788258831048070,-2.675489,-22.709263,-2.67548866,-22.709262848,AWGN,rfsimu_channel_enB0,static-0,1788258680507302308,1,14bd144574d32d9e,1,1,1,1,71464.3571429,48.529986,-99,21.835714,True,116,116,116,7.25,20.3,7.25,20.3,-2.67548866,-22.70926237,False,7.1412545,0,0,-0.1087455,1.535714,-0.1087455,1.535714
1,117,117,117,117,8.15,19.75,8.15,19.75,-1.783134418,-21.209800627,False,0,0,19,11,12,0.383774750104,0.445783604406,0.170441645491,117,117,117,8.15,19.75,8.15,19.75,-1.783134418,-21.209800627,False,1788258831,1788258831.12,0.121160984039,1788258831,1788258831.5,1788258832,1788258832000280,1788258832027970,-1.783134,-21.209801,-1.783134418,-21.20980072,AWGN,rfsimu_channel_enB0,static-0,1788258680507302308,1,14bd144574d32d9e,1,1,1,1,89569.4285714,49.520978,-98,22.828571,True,117,117,117,8.15,19.75,8.15,19.75,-1.783134418,-21.209800627,False,8.1322465,0,0,-0.0177535,3.078571,-0.0177535,3.078571
1,118,118,118,118,7.7,22.1,7.7,22.1,-2.218231686,-24.002120365,False,0,1,18,11,19,0.315500753724,0.396807544576,0.2876917017,118,118,118,7.7,22.1,7.7,22.1,-2.218231686,-24.002120365,False,1788258832,1788258832.15,0.153561115265,1788258832,1788258832.5,1788258833,1788258833000230,1788258833036867,-2.218232,-24.002121,-2.218231686,-24.002120972,AWGN,rfsimu_channel_enB0,static-0,1788258680507302308,1,14bd144574d32d9e,1,1,1,1,81380,49.102974,-99,22.566667,True,118,118,118,7.7,22.1,7.7,22.1,-2.218231686,-24.002120365,False,7.7142425,0,0,0.0142425,0.466667,0.0142425,0.466667
1,119,119,119,119,8.95,22.75,8.95,22.75,-0.967876242,-23.203499829,False,0,1,18,11,19,0.286593617895,0.0986722516266,0.614734130479,119,119,119,8.95,22.75,8.95,22.75,-0.967876242,-23.203499829,False,1788258833,1788258833.11,0.109595298767,1788258833,1788258833.5,1788258834,1788258834001343,1788258834001073,-0.967876,-23.203501,-0.967876242,-23.203500748,AWGN,rfsimu_channel_enB0,static-0,1788258680507302308,1,14bd144574d32d9e,1,1,1,1,107667.285714,50.320623,-98,23.828571,True,119,119,119,8.95,22.75,8.95,22.75,-0.967876242,-23.203499829,False,8.9318915,0,0,-0.0181085,1.078571,-0.0181085,1.078571
1,120,120,120,120,8.15,22.4,8.15,22.4,-1.76780327,-23.781222241,False,0,1,18,11,19,0.316220101074,0.283840766855,0.39993913207,120,120,120,8.15,22.4,8.15,22.4,-1.76780327,-23.781222241,False,1788258834,1788258834.17,0.165014266968,1788258834,1788258834.5,1788258835,1788258835001278,1788258835056282,-1.767803,-23.781221,-1.76780327,-23.78122139,AWGN,rfsimu_channel_enB0,static-0,1788258680507302308,1,14bd144574d32d9e,1,1,1,1,91152.1333333,49.592473,-98,23.06,True,120,120,120,8.15,22.4,8.15,22.4,-1.76780327,-23.781222241,False,8.2037415,0,0,0.0537415,0.66,0.0537415,0.66
1,121,121,121,121,8,20.6,8,20.6,-1.925685107,-22.139264681,False,0,1,18,11,19,0.0294036879687,0.466719432764,0.503876879268,121,121,121,8,20.6,8,20.6,-1.925685107,-22.139264681,False,1788258835,1788258835.12,0.117598056793,1788258835,1788258835.5,1788258836,1788258836001526,1788258836039980,-1.925685,-22.139265,-1.925685107,-22.13926506,AWGN,rfsimu_channel_enB0,static-0,1788258680507302308,1,14bd144574d32d9e,1,1,1,1,86587.7142857,49.374204,-98,22.221429,True,121,121,121,8,20.6,8,20.6,-1.925685107,-22.139264681,False,7.9854725,0,0,-0.0145275,1.621429,-0.0145275,1.621429
1,122,122,122,122,8.9,22.2,8.9,22.2,-1.020275903,-22.706639179,False,0,1,18,11,19,0.199416871291,0.155360540067,0.645222588643,122,122,122,8.9,22.2,8.9,22.2,-1.020275903,-22.706639179,False,1788258836,1788258836.15,0.153599262238,1788258836,1788258836.5,1788258837,1788258837001252,1788258837027029,-1.020276,-22.706638,-1.020275903,-22.706638336,AWGN,rfsimu_channel_enB0,static-0,1788258680507302308,1,14bd144574d32d9e,1,1,1,1,104950.785714,50.203256,-97,22.192857,True,122,122,122,8.9,22.2,8.9,22.2,-1.020275903,-22.706639179,False,8.8145245,0,0,-0.0854755,-0.007143,-0.0854755,-0.007143
1,123,123,123,123,9.25,21.95,9.25,21.95,-0.672143003,-22.047063667,False,0,1,18,11,19,0.118498694174,0.108786403735,0.77271490209,123,123,123,9.25,21.95,9.25,21.95,-0.672143003,-22.047063667,False,1788258837,1788258837.11,0.105631828308,1788258837,1788258837.5,1788258838,1788258838001449,1788258838009917,-0.672143,-22.047064,-0.672143003,-22.047063828,AWGN,rfsimu_channel_enB0,static-0,1788258680507302308,1,14bd144574d32d9e,1,1,1,1,116016.071429,50.644942,-97,22.642858,True,123,123,123,9.25,21.95,9.25,21.95,-0.672143003,-22.047063667,False,9.2562105,0,0,0.0062105,0.692858,0.0062105,0.692858
1,124,124,124,124,9.65,24.35,9.14527521888,23.4614032049,-0.769769186,-23.694192151,True,0.672419638881,-1,18,19,-1,0.384884593052,0.615115406948,0,124,124,124,9.65,24.35,9.14527521888,23.4614032049,-0.769769186,-23.694192151,True,1788258838,1788258838.15,0.153594732285,1788258838,1788258838.5,1788258839,1788258839001024,1788258839066753,-0.769769,-23.694193,-0.769769186,-23.694192886,AWGN,rfsimu_channel_enB0,static-0,1788258680507302308,1,14bd144574d32d9e,1,1,1,1,112403.533333,50.507446,-97,22.453333,True,124,124,124,9.65,24.35,9.14527521888,23.4614032049,-0.769769186,-23.694192151,True,9.1187145,-0.50472478112,-0.8885967951,-0.02656071888,-1.0080702049,-0.5312855,-1.896667
1,125,125,125,125,10,21.9,9.90563365757,21.7338626662,-0.018858889,-21.06600611,True,0.125719568904,-1,18,19,-1,0.00942944425346,0.990570555747,0,125,125,125,10,21.9,9.90563365757,21.7338626662,-0.018858889,-21.06600611,True,1788258839,1788258839.15,0.153613090515,1788258839,1788258839.5,1788258840,1788258840000208,1788258840051079,-0.018859,-21.066006,-0.018858889,-21.066005707,AWGN,rfsimu_channel_enB0,static-0,1788258680507302308,1,14bd144574d32d9e,1,1,1,1,133578.714286,51.257007,-97,22.028571,True,125,125,125,10,21.9,9.90563365757,21.7338626662,-0.018858889,-21.06600611,True,9.8682755,-0.09436634243,-0.1661373338,-0.03735815757,0.2947083338,-0.1317245,0.128571
1,126,126,126,126,9.6,19.85,9.6,19.85,-0.339299149,-19.73675141,False,0,0,19,11,12,0.556950671689,0.08482478715,0.358224541161,126,126,126,9.6,19.85,9.6,19.85,-0.339299149,-19.73675141,False,1788258840,1788258840.12,0.117619276047,1788258840,1788258840.5,1788258841,1788258841000040,1788258841034814,-0.339299,-19.736752,-0.339299149,-19.736751556,AWGN,rfsimu_channel_enB0,static-0,1788258680507302308,1,14bd144574d32d9e,1,1,1,1,125110.357143,50.972549,-97,21.571429,True,126,126,126,9.6,19.85,9.6,19.85,-0.339299149,-19.73675141,False,9.5838175,0,0,-0.0161825,1.721429,-0.0161825,1.721429
1,127,127,127,127,9.55,21,9.55,21,-0.378967438,-20.798285079,False,0,0,19,11,12,0.807458480634,0.0947418593795,0.0977996599863,127,127,127,9.55,21,9.55,21,-0.378967438,-20.798285079,False,1788258841,1788258841.15,0.153629541397,1788258841,1788258841.5,1788258842,1788258842000961,1788258842014833,-0.378967,-20.798285,-0.378967438,-20.798284531,AWGN,rfsimu_channel_enB0,static-0,1788258680507302308,1,14bd144574d32d9e,1,1,1,1,123444.071429,50.914559,-97,21.514286,True,127,127,127,9.55,21,9.55,21,-0.378967438,-20.798285079,False,9.5258275,0,0,-0.0241725,0.514286,-0.0241725,0.514286
1,128,128,128,128,9.15,22.2,9.15,22.2,-0.770796622,-22.415722875,False,0,1,18,11,19,0.171720760604,0.10683877532,0.721440464076,128,128,128,9.15,22.2,9.15,22.2,-0.770796622,-22.415722875,False,1788258842,1788258842.1,0.101060390472,1788258842,1788258842.5,1788258843,1788258843000965,1788258843058996,-0.770797,-22.415724,-0.770796622,-22.415723801,AWGN,rfsimu_channel_enB0,static-0,1788258680507302308,1,14bd144574d32d9e,1,1,1,1,113652.066667,50.554618,-97,21.36,True,128,128,128,9.15,22.2,9.15,22.2,-0.770796622,-22.415722875,False,9.1658865,0,0,0.0158865,-0.84,0.0158865,-0.84
1,129,129,129,129,9.1,20.7,9.1,20.7,-0.829413864,-21.019750297,False,0,0,19,11,12,0.693907375263,0.207353465968,0.0987391587688,129,129,129,9.1,20.7,9.1,20.7,-0.829413864,-21.019750297,False,1788258843,1788258843.16,0.156844615936,1788258843,1788258843.5,1788258844,1788258844001379,1788258844037928,-0.829414,-21.019751,-0.829413864,-21.019750595,AWGN,rfsimu_channel_enB0,static-0,1788258680507302308,1,14bd144574d32d9e,1,1,1,1,111636.928571,50.477795,-97,21.671429,True,129,129,129,9.1,20.7,9.1,20.7,-0.829413864,-21.019750297,False,9.0890635,0,0,-0.0109365,0.971429,-0.0109365,0.971429
1,130,130,130,130,8.95,22.15,8.95,22.15,-0.970607665,-22.597997381,False,0,1,18,11,19,0.185448924722,0.14992745398,0.664623621298,130,130,130,8.95,22.15,8.95,22.15,-0.970607665,-22.597997381,False,1788258844,1788258844.11,0.112825393677,1788258844,1788258844.5,1788258845,1788258845001405,1788258845018591,-0.970608,-22.597998,-0.970607665,-22.597997665,AWGN,rfsimu_channel_enB0,static-0,1788258680507302308,1,14bd144574d32d9e,1,1,1,1,107482.928571,50.313218,-97,21.521429,True,130,130,130,8.95,22.15,8.95,22.15,-0.970607665,-22.597997381,False,8.9244865,0,0,-0.0255135,-0.628571,-0.0255135,-0.628571
1,131,131,131,131,8.6,20.65,8.6,20.65,-1.327424226,-21.514100919,False,0,0,19,11,12,0.63074114482,0.331856056605,0.0374027985754,131,131,131,8.6,20.65,8.6,20.65,-1.327424226,-21.514100919,False,1788258845,1788258845.15,0.148828983307,1788258845,1788258845.5,1788258846,1788258846000988,1788258846023968,-1.327424,-21.514101,-1.327424226,-21.514101028,AWGN,rfsimu_channel_enB0,static-0,1788258680507302308,1,14bd144574d32d9e,1,1,1,1,100052.2,50.00088,-98,21.186667,True,131,131,131,8.6,20.65,8.6,20.65,-1.327424226,-21.514100919,False,8.6121485,0,0,0.0121485,0.536667,0.0121485,0.536667
1,132,132,132,132,8.55,20.95,8.55,20.95,-1.37523736,-21.852458573,False,0,1,18,11,19,0.0274733154757,0.330072682282,0.642454002243,132,132,132,8.55,20.95,8.55,20.95,-1.37523736,-21.852458573,False,1788258846,1788258846.11,0.105665683746,1788258846,1788258846.5,1788258847,1788258847000177,1788258847007105,-1.375237,-21.852459,-1.37523736,-21.852458954,AWGN,rfsimu_channel_enB0,static-0,1788258680507302308,1,14bd144574d32d9e,1,1,1,1,98810.3571429,49.947762,-98,20.878571,True,132,132,132,8.55,20.95,8.55,20.95,-1.37523736,-21.852458573,False,8.5590305,0,0,0.0090305,-0.071429,0.0090305,-0.071429
1,133,133,133,133,8,19.25,8,19.25,-1.936792403,-20.933112026,False,0,0,19,11,12,0.256980855416,0.484198100743,0.25882104384,133,133,133,8,19.25,8,19.25,-1.936792403,-20.933112026,False,1788258847,1788258847.15,0.148827075958,1788258847,1788258847.5,1788258848,1788258848000922,1788258848057466,-1.936792,-20.933111,-1.936792403,-20.933111191,AWGN,rfsimu_channel_enB0,static-0,1788258680507302308,1,14bd144574d32d9e,1,1,1,1,87607.9333333,49.422656,-98,20.3,True,133,133,133,8,19.25,8,19.25,-1.936792403,-20.933112026,False,8.0339245,0,0,0.0339245,1.05,0.0339245,1.05
1,134,134,134,134,8.05,18.3,8.05,18.3,-1.895369526,-20.046833527,False,0,0,19,11,12,0.0509448095858,0.473842381443,0.475212808971,134,134,134,8.05,18.3,8.05,18.3,-1.895369526,-20.046833527,False,1788258848,1788258848.09,0.0936250686646,1788258848,1788258848.5,1788258849,1788258849000767,1788258849038130,-1.89537,-20.046833,-1.895369526,-20.046833038,AWGN,rfsimu_channel_enB0,static-0,1788258680507302308,1,14bd144574d32d9e,1,1,1,1,87338.7857143,49.411412,-98,20.3,True,134,134,134,8.05,18.3,8.05,18.3,-1.895369526,-20.046833527,False,8.0226805,0,0,-0.0273195,2,-0.0273195,2
1,135,135,135,135,7,19.15,7,19.15,-2.932813128,-21.92181327,False,0,0,19,11,12,0.13064839453,0.733203282017,0.136148323454,135,135,135,7,19.15,7,19.15,-2.932813128,-21.92181327,False,1788258849,1788258849.15,0.148964166641,1788258849,1788258849.5,1788258850,1788258850001026,1788258850021519,-2.932813,-21.921814,-2.932813128,-21.921813965,AWGN,rfsimu_channel_enB0,static-0,1788258680507302308,1,14bd144574d32d9e,1,1,1,1,70664.0714286,48.48112,-99,19.271429,True,135,135,135,7,19.15,7,19.15,-2.932813128,-21.92181327,False,7.0923885,0,0,0.0923885,0.121429,0.0923885,0.121429
1,136,136,136,136,6,19,6,19,-3.929968383,-22.860600464,False,0,4,12,11,17,0.0196549111255,0.976051075018,0.0042940138561,136,136,136,6,19,6,19,-3.929968383,-22.860600464,False,1788258850,1788258850.11,0.108824253082,1788258850,1788258850.5,1788258851,1788258851000522,1788258851005516,-3.929968,-22.8606,-3.929968383,-22.860599518,AWGN,rfsimu_channel_enB0,static-0,1788258680507302308,1,14bd144574d32d9e,1,1,1,1,55713.5,47.450584,-100,18.135715,True,136,136,136,6,19,6,19,-3.929968383,-22.860600464,False,6.0618525,0,0,0.0618525,-0.864285,0.0618525,-0.864285
1,137,137,137,137,5.05,17.85,5.05,17.85,-4.912207257,-22.555345145,False,0,12,9,17,11,0.152988607207,0.150126413901,0.696884978892,137,137,137,5.05,17.85,5.05,17.85,-4.912207257,-22.555345145,False,1788258851,1788258851.15,0.153630256653,1788258851,1788258851.5,1788258852,1788258852000910,1788258852060086,-4.912207,-22.555346,-4.912207257,-22.555345535,AWGN,rfsimu_channel_enB0,static-0,1788258680507302308,1,14bd144574d32d9e,1,1,1,1,44525.5333333,46.477417,-101,17.126667,True,137,137,137,5.05,17.85,5.05,17.85,-4.912207257,-22.555345145,False,5.0886855,0,0,0.0386855,-0.723333,0.0386855,-0.723333
1,138,138,138,138,5.4,15,5.4,15,-4.659530151,-19.147606045,False,0,4,12,11,17,0.137723036012,0.257065816249,0.605211147739,138,138,138,5.4,15,5.4,15,-4.659530151,-19.147606045,False,1788258852,1788258852.11,0.105105161667,1788258852,1788258852.5,1788258853,1788258853000497,1788258853042553,-4.65953,-19.147606,-4.659530151,-19.147605896,AWGN,rfsimu_channel_enB0,static-0,1788258680507302308,1,14bd144574d32d9e,1,1,1,1,47202.1428571,46.738817,-101,17.407143,True,138,138,138,5.4,15,5.4,15,-4.659530151,-19.147606045,False,5.3500855,0,0,-0.0499145,2.407143,-0.0499145,2.407143
1,139,139,139,139,4.6,12.2,4.4467599529,13.0126406848,-5.680936906,-17.946822818,True,0.434256528655,-1,12,17,-1,0.0531771823165,0.946822817683,0,139,139,139,4.6,12.2,4.4467599529,13.0126406848,-5.680936906,-17.946822818,True,1788258853,1788258853.15,0.152963399887,1788258853,1788258853.5,1788258854,1788258854001680,1788258854027498,-5.680937,-17.946823,-5.680936906,-17.94682312,AWGN,rfsimu_channel_enB0,static-0,1788258680507302308,1,14bd144574d32d9e,1,1,1,1,38716.6428571,45.868422,-102,14.385714,True,139,139,139,4.6,12.2,4.4467599529,13.0126406848,-5.680936906,-17.946822818,True,4.4796905,-0.1532400471,0.8126406848,0.0329305471,1.3730733152,-0.1203095,2.185714
1,140,140,140,140,4,12.8,4,12.8,-6.135282724,-18.174007466,False,0,25,16,17,10,0.0160929969437,0.948451635013,0.0354553680431,140,140,140,4,12.8,4,12.8,-6.135282724,-18.174007466,False,1788258854,1788258854.1,0.100831031799,1788258854,1788258854.5,1788258855,1788258855000341,1788258855010694,-6.135283,-18.174007,-6.135282724,-18.174007416,AWGN,rfsimu_channel_enB0,static-0,1788258680507302308,1,14bd144574d32d9e,1,1,1,1,34110.8571429,45.327598,-103,13.485714,True,140,140,140,4,12.8,4,12.8,-6.135282724,-18.174007466,False,3.9388665,0,0,-0.0611335,0.685714,-0.0611335,0.685714
1,141,141,141,141,4.7,12.7,4.61685208742,13.1409381092,-5.505815288,-17.917635881,True,0.235627204288,-1,12,17,-1,0.0823641185911,0.917635881409,0,141,141,141,4.7,12.7,4.61685208742,13.1409381092,-5.505815288,-17.917635881,True,1788258855,1788258855.16,0.160941839218,1788258855,1788258855.5,1788258856,1788258856001376,1788258856062302,-5.505815,-17.917635,-5.505815288,-17.917634964,AWGN,rfsimu_channel_enB0,static-0,1788258680507302308,1,14bd144574d32d9e,1,1,1,1,39199.6666667,45.929017,-102,14.1,True,141,141,141,4.7,12.7,4.61685208742,13.1409381092,-5.505815288,-17.917635881,True,4.5402855,-0.08314791258,0.4409381092,-0.07656658742,0.9590618908,-0.1597145,1.4
1,142,142,142,142,4,13.85,4,13.85,-6.095986951,-19.285031705,False,0,12,9,17,11,0.127083256801,0.793826961734,0.0790897814647,142,142,142,4,13.85,4,13.85,-6.095986951,-19.285031705,False,1788258856,1788258856.13,0.129591703415,1788258856,1788258856.5,1788258857,1788258857000068,1788258857045368,-6.095987,-19.285032,-6.095986951,-19.285032272,AWGN,rfsimu_channel_enB0,static-0,1788258680507302308,1,14bd144574d32d9e,1,1,1,1,34272.1428571,45.347628,-102,13.535714,True,142,142,142,4,13.85,4,13.85,-6.095986951,-19.285031705,False,3.9588965,0,0,-0.0411035,-0.314286,-0.0411035,-0.314286
1,143,143,143,143,3.55,16.3,3.55,16.3,-6.450840915,-22.358440978,False,0,12,9,17,11,0.457128605402,0.311163246507,0.231708148091,143,143,143,3.55,16.3,3.55,16.3,-6.450840915,-22.358440978,False,1788258857,1788258857.09,0.0895955562592,1788258857,1788258857.5,1788258858,1788258858000614,1788258858031973,-6.450841,-22.35844,-6.450840915,-22.358440399,AWGN,rfsimu_channel_enB0,static-0,1788258680507302308,1,14bd144574d32d9e,1,1,1,1,30810.2142857,44.886153,-103,13.135714,True,143,143,143,3.55,16.3,3.55,16.3,-6.450840915,-22.358440978,False,3.4974215,0,0,-0.0525785,-3.164286,-0.0525785,-3.164286
1,144,144,144,144,3.6,17.9,3.6,17.9,-6.342859091,-24.028854883,False,0,12,9,17,11,0.573833550776,0.0237624437428,0.402404005482,144,144,144,3.6,17.9,3.6,17.9,-6.342859091,-24.028854883,False,1788258858,1788258858.16,0.156965732574,1788258858,1788258858.5,1788258859,1788258859000128,1788258859018981,-6.342859,-24.028854,-6.342859091,-24.02885437,AWGN,rfsimu_channel_enB0,static-0,1788258680507302308,1,14bd144574d32d9e,1,1,1,1,31362,44.963597,-103,13.214286,True,144,144,144,3.6,17.9,3.6,17.9,-6.342859091,-24.028854883,False,3.5748655,0,0,-0.0251345,-4.685714,-0.0251345,-4.685714
1,145,145,145,145,3.85,18.75,3.85,18.75,-6.079409543,-24.648142648,False,0,11,11,8,9,0.480147614164,0.20281262529,0.317039760547,145,145,145,3.85,18.75,3.85,18.75,-6.079409543,-24.648142648,False,1788258859,1788258859.1,0.104832649231,1788258859,1788258859.5,1788258860,1788258860001732,1788258860006731,-6.07941,-24.648142,-6.079409543,-24.648141861,AWGN,rfsimu_channel_enB0,static-0,1788258680507302308,1,14bd144574d32d9e,1,1,1,1,33339.2857143,45.22918,-103,13.478571,True,145,145,145,3.85,18.75,3.85,18.75,-6.079409543,-24.648142648,False,3.8404485,0,0,-0.0095515,-5.271429,-0.0095515,-5.271429
1,146,146,146,146,2.8,19.05,2.8,19.05,-7.124188333,-25.93652561,False,0,11,11,8,9,0.218952916841,0.458143814591,0.322903268568,146,146,146,2.8,19.05,2.8,19.05,-7.124188333,-25.93652561,False,1788258860,1788258860.15,0.153638601303,1788258860,1788258860.5,1788258861,1788258861000428,1788258861062514,-7.124188,-25.936525,-7.124188333,-25.936525345,AWGN,rfsimu_channel_enB0,static-0,1788258680507302308,1,14bd144574d32d9e,1,1,1,1,26747.5333333,44.264594,-104,14.48,True,146,146,146,2.8,19.05,2.8,19.05,-7.124188333,-25.93652561,False,2.8758625,0,0,0.0758625,-4.57,0.0758625,-4.57
1,147,147,147,147,2.8,18.35,2.8,18.35,-7.132963817,-25.241052969,False,0,11,11,8,9,0.216759045733,0.224857020023,0.558383934244,147,147,147,2.8,18.35,2.8,18.35,-7.132963817,-25.241052969,False,1788258861,1788258861.1,0.101616621017,1788258861,1788258861.5,1788258862,1788258862000535,1788258862046665,-7.132964,-25.241053,-7.132963817,-25.241052628,AWGN,rfsimu_channel_enB0,static-0,1788258680507302308,1,14bd144574d32d9e,1,1,1,1,26243.2142857,44.189637,-104,14.9,True,147,147,147,2.8,18.35,2.8,18.35,-7.132963817,-25.241052969,False,2.8009055,0,0,0.000905499999999,-3.45,0.000905499999999,-3.45
1,148,148,148,148,1.65,16.15,1.65,16.15,-8.329914515,-24.09222388,False,0,28,10,9,6,0.302592040131,0.532450702555,0.164957257313,148,148,148,1.65,16.15,1.65,16.15,-8.329914515,-24.09222388,False,1788258862,1788258862.15,0.153595685959,1788258862,1788258862.5,1788258863,1788258863000618,1788258863031593,-8.329915,-24.092224,-8.329914515,-24.092224121,AWGN,rfsimu_channel_enB0,static-0,1788258680507302308,1,14bd144574d32d9e,1,1,1,1,20438.4285714,43.090763,-105,13.742857,True,148,148,148,1.65,16.15,1.65,16.15,-8.329914515,-24.09222388,False,1.7020315,0,0,0.0520315,-2.407143,0.0520315,-2.407143
1,149,149,149,149,1.15,13.85,1.15,13.85,-8.907605233,-22.428357435,False,0,27,6,7,10,0.142785811706,0.311016804732,0.546197383562,149,149,149,1.15,13.85,1.15,13.85,-8.907605233,-22.428357435,False,1788258863,1788258863.11,0.105612039566,1788258863,1788258863.5,1788258864,1788258864000855,1788258864018094,-8.907605,-22.428358,-8.907605233,-22.428358078,AWGN,rfsimu_channel_enB0,static-0,1788258680507302308,1,14bd144574d32d9e,1,1,1,1,17965.5714286,42.543699,-105,13.314286,True,149,149,149,1.15,13.85,1.15,13.85,-8.907605233,-22.428357435,False,1.1549675,0,0,0.0049675,-0.535714,0.0049675,-0.535714
1,150,150,150,150,2.2,15.25,2.2,15.25,-7.812731613,-22.596547564,False,0,24,17,9,10,0.093634193595,0.323694779331,0.582671027074,150,150,150,2.2,15.25,2.2,15.25,-7.812731613,-22.596547564,False,1788258864,1788258864.15,0.149615287781,1788258864,1788258864.5,1788258865,1788258865001142,1788258865069044,-7.812732,-22.596548,-7.812731613,-22.59654808,AWGN,rfsimu_channel_enB0,static-0,1788258680507302308,1,14bd144574d32d9e,1,1,1,1,22577.6666667,43.530516,-104,15.153333,True,150,150,150,2.2,15.25,2.2,15.25,-7.812731613,-22.596547564,False,2.1417845,0,0,-0.0582155,-0.096667,-0.0582155,-0.096667
1,151,151,151,151,1.7,13.95,1.7,13.95,-8.357262484,-21.876561181,False,0,26,10,7,16,0.821368758225,0.116911832492,0.0617194092837,151,151,151,1.7,13.95,1.7,13.95,-8.357262484,-21.876561181,False,1788258865,1788258865.1,0.10161280632,1788258865,1788258865.5,1788258866,1788258866001753,1788258866054481,-8.357262,-21.876562,-8.357262484,-21.876562119,AWGN,rfsimu_channel_enB0,static-0,1788258680507302308,1,14bd144574d32d9e,1,1,1,1,20226.7857143,43.057351,-105,14.657143,True,151,151,151,1.7,13.95,1.7,13.95,-8.357262484,-21.876561181,False,1.6686195,0,0,-0.0313805,0.707143,-0.0313805,0.707143
1,152,152,152,152,1.65,14.3,1.65,14.3,-8.389345945,-22.245986575,False,0,27,6,7,10,0.0819955248653,0.112677447819,0.805327027316,152,152,152,1.65,14.3,1.65,14.3,-8.389345945,-22.245986575,False,1788258866,1788258866.15,0.14905333519,1788258866,1788258866.5,1788258867,1788258867000084,1788258867043823,-8.389346,-22.245987,-8.389345945,-22.245986938,AWGN,rfsimu_channel_enB0,static-0,1788258680507302308,1,14bd144574d32d9e,1,1,1,1,20063.4285714,43.022247,-105,14.607143,True,152,152,152,1.65,14.3,1.65,14.3,-8.389345945,-22.245986575,False,1.6335155,0,0,-0.0164845,0.307143,-0.0164845,0.307143
1,153,153,153,153,2.25,15.5,2.25,15.5,-7.756561259,-22.805888601,False,0,24,17,9,10,0.121719370281,0.430922027334,0.447358602385,153,153,153,2.25,15.5,2.25,15.5,-7.756561259,-22.805888601,False,1788258867,1788258867.11,0.10560631752,1788258867,1788258867.5,1788258868,1788258868000857,1788258868038111,-7.756561,-22.805889,-7.756561259,-22.80588913,AWGN,rfsimu_channel_enB0,static-0,1788258680507302308,1,14bd144574d32d9e,1,1,1,1,23028.2857143,43.621752,-104,15.078571,True,153,153,153,2.25,15.5,2.25,15.5,-7.756561259,-22.805888601,False,2.2330205,0,0,-0.0169795,-0.421429,-0.0169795,-0.421429
1,154,154,154,154,1.4,12.05,1.4,12.05,-8.772537277,-20.398204294,False,0,25,16,17,10,0.52447837678,0.138209738062,0.337311885157,154,154,154,1.4,12.05,1.4,12.05,-8.772537277,-20.398204294,False,1788258868,1788258868.15,0.152936935425,1788258868,1788258868.5,1788258869,1788258869000404,1788258869031753,-8.772537,-20.398205,-8.772537277,-20.398204803,AWGN,rfsimu_channel_enB0,static-0,1788258680507302308,1,14bd144574d32d9e,1,1,1,1,19450.1428571,42.880264,-105,14.271429,True,154,154,154,1.4,12.05,1.4,12.05,-8.772537277,-20.398204294,False,1.4915325,0,0,0.0915325,2.221429,0.0915325,2.221429
1,155,155,155,155,0.05,10.55,0.05,10.55,-10.197398241,-20.542083494,False,0,17,16,7,4,0.72895825296,0.17234262632,0.0986991207203,155,155,155,0.05,10.55,0.05,10.55,-10.197398241,-20.542083494,False,1788258869,1788258869.11,0.105611562729,1788258869,1788258869.5,1788258870,1788258870000784,1788258870030761,-10.197398,-20.542084,-10.197398241,-20.54208374,AWGN,rfsimu_channel_enB0,static-0,1788258680507302308,1,14bd144574d32d9e,1,1,1,1,13931.8571429,41.437993,-106,12.771429,True,155,155,155,0.05,10.55,0.05,10.55,-10.197398241,-20.542083494,False,0.0492615,0,0,-0.0007385,2.221429,-0.0007385,2.221429
1,156,156,156,156,1,11.5,1,11.5,-9.203651606,-20.33203405,False,0,25,16,17,10,0.679211526862,0.0773857241013,0.243402749036,156,156,156,1,11.5,1,11.5,-9.203651606,-20.33203405,False,1788258870,1788258870.15,0.153078794479,1788258870,1788258870.5,1788258871,1788258871001215,1788258871027426,-9.203652,-20.332033,-9.203651606,-20.332033157,AWGN,rfsimu_channel_enB0,static-0,1788258680507302308,1,14bd144574d32d9e,1,1,1,1,16831.0714286,42.250896,-105,13.292857,True,156,156,156,1,11.5,1,11.5,-9.203651606,-20.33203405,False,0.8621645,0,0,-0.1378355,1.792857,-0.1378355,1.792857
1,157,157,157,157,1.95,18.45,1.95,18.45,-7.980528038,-26.14209646,False,0,11,11,8,9,0.00486799053185,0.383944147165,0.611187862304,157,157,157,1.95,18.45,1.95,18.45,-7.980528038,-26.14209646,False,1788258871,1788258871.11,0.109681367874,1788258871,1788258871.5,1788258872,1788258872000618,1788258872027207,-7.980528,-26.142096,-7.980528038,-26.142095566,AWGN,rfsimu_channel_enB0,static-0,1788258680507302308,1,14bd144574d32d9e,1,1,1,1,21588.7142857,43.341739,-105,13.271429,True,157,157,157,1.95,18.45,1.95,18.45,-7.980528038,-26.14209646,False,1.9530075,0,0,0.0030075,-5.178571,0.0030075,-5.178571
1,158,158,158,158,3.35,18.05,3.35,18.05,-6.587489652,-24.42425251,False,0,11,11,8,9,0.353127586962,0.0435025614299,0.603369851608,158,158,158,3.35,18.05,3.35,18.05,-6.587489652,-24.42425251,False,1788258872,1788258872.15,0.152928829193,1788258872,1788258872.5,1788258873,1788258873000286,1788258873023022,-6.58749,-24.424252,-6.587489652,-24.424251556,AWGN,rfsimu_channel_enB0,static-0,1788258680507302308,1,14bd144574d32d9e,1,1,1,1,29277.3571429,44.653521,-103,14.628571,True,158,158,158,3.35,18.05,3.35,18.05,-6.587489652,-24.42425251,False,3.2647895,0,0,-0.0852105,-3.421429,-0.0852105,-3.421429
1,159,159,159,159,2.8,18.35,2.8,18.35,-7.132963817,-25.241052969,False,0,11,11,8,9,0.216759045733,0.224857020023,0.558383934244,159,159,159,2.8,18.35,2.8,18.35,-7.132963817,-25.241052969,False,1788258873,1788258873.1,0.101012229919,1788258873,1788258873.5,1788258874,1788258874000852,1788258874020261,-7.132964,-25.241053,-7.132963817,-25.241052628,AWGN,rfsimu_channel_enB0,static-0,1788258680507302308,1,14bd144574d32d9e,1,1,1,1,26140.7142857,44.172766,-104,14.164286,True,159,159,159,2.8,18.35,2.8,18.35,-7.132963817,-25.241052969,False,2.7840345,0,0,-0.0159655,-4.185714,-0.0159655,-4.185714
1,160,160,160,160,3.15,21.3,3.15,21.3,-6.757007857,-27.784478602,False,0,3,8,11,18,0.778466549684,0.0431042796675,0.178429170648,160,160,160,3.15,21.3,3.15,21.3,-6.757007857,-27.784478602,False,1788258874,1788258874.15,0.153573513031,1788258874,1788258874.5,1788258875,1788258875000944,1788258875020344,-6.757008,-27.784479,-6.757007857,-27.784479141,AWGN,rfsimu_channel_enB0,static-0,1788258680507302308,1,14bd144574d32d9e,1,1,1,1,28187.4285714,44.49924,-103,15.885715,True,160,160,160,3.15,21.3,3.15,21.3,-6.757007857,-27.784478602,False,3.1105085,0,0,-0.0394915,-5.414285,-0.0394915,-5.414285
1,161,161,161,161,5.35,20.7,5.35,20.7,-4.568080814,-25.110720248,False,0,3,8,11,18,0.23539481881,0.577855950393,0.186749230797,161,161,161,5.35,20.7,5.35,20.7,-4.568080814,-25.110720248,False,1788258875,1788258875.12,0.116925001144,1788258875,1788258875.5,1788258876,1788258876000231,1788258876025007,-4.568081,-25.11072,-4.568080814,-25.110719681,AWGN,rfsimu_channel_enB0,static-0,1788258680507302308,1,14bd144574d32d9e,1,1,1,1,45604.8571429,46.558355,-101,18.735714,True,161,161,161,5.35,20.7,5.35,20.7,-4.568080814,-25.110720248,False,5.1696235,0,0,-0.1803765,-1.964286,-0.1803765,-1.964286
1,162,162,162,162,4.7,20.85,4.7,20.85,-5.214945244,-25.874719156,False,0,3,8,11,18,0.394138817723,0.425056168811,0.180805013465,162,162,162,4.7,20.85,4.7,20.85,-5.214945244,-25.874719156,False,1788258876,1788258876.16,0.156965494156,1788258876,1788258876.5,1788258877,1788258877000309,1788258877015934,-5.214945,-25.87472,-5.214945244,-25.87471962,AWGN,rfsimu_channel_enB0,static-0,1788258680507302308,1,14bd144574d32d9e,1,1,1,1,41001.4285714,46.124851,-102,18.292857,True,162,162,162,4.7,20.85,4.7,20.85,-5.214945244,-25.874719156,False,4.7361195,0,0,0.0361195,-2.557143,0.0361195,-2.557143
1,163,163,163,163,3.45,19.25,3.45,19.25,-6.47258504,-25.522174823,False,0,11,11,8,9,0.38185374008,0.428627434547,0.189518825373,163,163,163,3.45,19.25,3.45,19.25,-6.47258504,-25.522174823,False,1788258877,1788258877.12,0.117625951767,1788258877,1788258877.5,1788258878,1788258878001089,1788258878004457,-6.472585,-25.522175,-6.47258504,-25.522174835,AWGN,rfsimu_channel_enB0,static-0,1788258680507302308,1,14bd144574d32d9e,1,1,1,1,31042.9285714,44.905579,-103,17.142857,True,163,163,163,3.45,19.25,3.45,19.25,-6.47258504,-25.522174823,False,3.5168475,0,0,0.0668475,-2.107143,0.0668475,-2.107143
1,164,164,164,164,-1.4,17.15,-1.4,17.15,-11.34183693,-28.345924735,False,0,21,2,5,14,0.555610219955,0.386735657596,0.0576541224496,164,164,164,-1.4,17.15,-1.4,17.15,-11.34183693,-28.345924735,False,1788258878,1788258878.16,0.157580137253,1788258878,1788258878.5,1788258879,1788258879001163,1788258879065228,-11.341837,-28.345924,-11.34183693,-28.345924377,AWGN,rfsimu_channel_enB0,static-0,1788258680507302308,1,14bd144574d32d9e,1,1,1,1,11253.6,40.282217,-108,13.433333,True,164,164,164,-1.4,17.15,-1.4,17.15,-11.34183693,-28.345924735,False,-1.1065145,0,0,0.2934855,-3.716667,0.2934855,-3.716667
1,165,165,165,165,-1.6,15.95,-1.6,15.95,-11.56470503,-27.31178385,False,0,20,2,3,6,0.770594616727,0.0117578980909,0.217647485183,165,165,165,-1.6,15.95,-1.6,15.95,-11.56470503,-27.31178385,False,1788258879,1788258879.11,0.113614082336,1788258879,1788258879.5,1788258880,1788258880000804,1788258880055790,-11.564705,-27.311785,-11.56470503,-27.311784744,AWGN,rfsimu_channel_enB0,static-0,1788258680507302308,1,14bd144574d32d9e,1,1,1,1,9562.78571429,39.804323,-108,12.964286,True,165,165,165,-1.6,15.95,-1.6,15.95,-11.56470503,-27.31178385,False,-1.5844085,0,0,0.0155915,-2.985714,0.0155915,-2.985714
1,166,166,166,166,-0.7,14.8,-0.7,14.8,-10.719801969,-25.113324784,False,0,20,2,3,6,0.0377749279963,0.322126056319,0.640099015684,166,166,166,-0.7,14.8,-0.7,14.8,-10.719801969,-25.113324784,False,1788258880,1788258880.15,0.152950286865,1788258880,1788258880.5,1788258881,1788258881000681,1788258881041987,-10.719802,-25.113325,-10.719801969,-25.113325119,AWGN,rfsimu_channel_enB0,static-0,1788258680507302308,1,14bd144574d32d9e,1,1,1,1,11511.5714286,40.605356,-107,13.785714,True,166,166,166,-0.7,14.8,-0.7,14.8,-10.719801969,-25.113324784,False,-0.7833755,0,0,-0.0833755,-1.014286,-0.0833755,-1.014286
1,167,167,167,167,-1.5,12,-1.5,12,-11.643286343,-23.446032243,False,0,18,4,7,3,0.339632423964,0.178356828416,0.48201074762,167,167,167,-1.5,12,-1.5,12,-11.643286343,-23.446032243,False,1788258881,1788258881.1,0.104949951172,1788258881,1788258881.5,1788258882,1788258882000703,1788258882021532,-11.643286,-23.446032,-11.643286343,-23.44603157,AWGN,rfsimu_channel_enB0,static-0,1788258680507302308,1,14bd144574d32d9e,1,1,1,1,9716.5,39.873641,-108,12.535714,True,167,167,167,-1.5,12,-1.5,12,-11.643286343,-23.446032243,False,-1.5150905,0,0,-0.0150905,0.535714,-0.0150905,0.535714
1,168,168,168,168,-3.2,14.5,-3.2,14.5,-13.214318138,-27.425778386,False,0,23,1,3,2,0.303579534434,0.393793560811,0.302626904755,168,168,168,-3.2,14.5,-3.2,14.5,-13.214318138,-27.425778386,False,1788258882,1788258882.15,0.149594545364,1788258882,1788258882.5,1788258883,1788258883000122,1788258883008797,-13.214318,-27.425777,-13.214318138,-27.425777435,AWGN,rfsimu_channel_enB0,static-0,1788258680507302308,1,14bd144574d32d9e,1,1,1,1,6798.71428571,38.307041,-110,10.485714,True,168,168,168,-3.2,14.5,-3.2,14.5,-13.214318138,-27.425778386,False,-3.0816905,0,0,0.1183095,-4.014286,0.1183095,-4.014286
1,169,169,169,169,-1.85,13.6,-1.85,13.6,-11.907063841,-25.178968928,False,0,20,2,3,6,0.0596563092304,0.893875611503,0.0464680792666,169,169,169,-1.85,13.6,-1.85,13.6,-11.907063841,-25.178968928,False,1788258883,1788258883.1,0.101629018784,1788258883,1788258883.5,1788258884,1788258884000082,1788258884001937,-11.907064,-25.178968,-11.907063841,-25.17896843,AWGN,rfsimu_channel_enB0,static-0,1788258680507302308,1,14bd144574d32d9e,1,1,1,1,8757.14285714,39.409214,-108,11.671429,True,169,169,169,-1.85,13.6,-1.85,13.6,-11.907063841,-25.178968928,False,-1.9795175,0,0,-0.1295175,-1.928571,-0.1295175,-1.928571
1,170,170,170,170,-0.1,15.7,-0.1,15.7,-10.092529075,-25.371445057,False,0,19,6,5,2,0.876184981125,0.0775504811637,0.0462645377117,170,170,170,-0.1,15.7,-0.1,15.7,-10.092529075,-25.371445057,False,1788258884,1788258884.16,0.161091089249,1788258884,1788258884.5,1788258885,1788258885000162,1788258885059094,-10.092529,-25.371445,-10.092529075,-25.371444702,AWGN,rfsimu_channel_enB0,static-0,1788258680507302308,1,14bd144574d32d9e,1,1,1,1,12863.2,41.055834,-107,13.44,True,170,170,170,-0.1,15.7,-0.1,15.7,-10.092529075,-25.371445057,False,-0.3328975,0,0,-0.2328975,-2.26,-0.2328975,-2.26
1,171,171,171,171,0,17.4,0,17.4,-9.950753917,-27.100437595,False,0,13,9,5,6,0.0246230416618,0.700145865007,0.275231093332,171,171,171,0,17.4,0,17.4,-9.950753917,-27.100437595,False,1788258885,1788258885.12,0.121059179306,1788258885,1788258885.5,1788258886,1788258886000812,1788258886050260,-9.950754,-27.100437,-9.950753917,-27.100437164,AWGN,rfsimu_channel_enB0,static-0,1788258680507302308,1,14bd144574d32d9e,1,1,1,1,13655.7142857,41.352565,-106,14.257143,True,171,171,171,0,17.4,0,17.4,-9.950753917,-27.100437595,False,-0.0361665,0,0,-0.0361665,-3.142857,-0.0361665,-3.142857
1,172,172,172,172,2.9,16.85,2.9,16.85,-7.072849413,-23.58592786,False,0,12,9,17,11,0.689004282677,0.158416141121,0.152579576202,172,172,172,2.9,16.85,2.9,16.85,-7.072849413,-23.58592786,False,1788258886,1788258886.15,0.153604507446,1788258886,1788258886.5,1788258887,1788258887000992,1788258887039079,-7.072849,-23.585928,-7.072849413,-23.585927963,AWGN,rfsimu_channel_enB0,static-0,1788258680507302308,1,14bd144574d32d9e,1,1,1,1,25852.7142857,44.068557,-104,17.028572,True,172,172,172,2.9,16.85,2.9,16.85,-7.072849413,-23.58592786,False,2.6798255,0,0,-0.2201745,0.178572,-0.2201745,0.178572
1,173,173,173,173,4.1,15.9,4.1,15.9,-5.922131897,-21.390061023,False,0,12,9,17,11,0.266282563839,0.428500820961,0.3052166152,173,173,173,4.1,15.9,4.1,15.9,-5.922131897,-21.390061023,False,1788258887,1788258887.12,0.121113777161,1788258887,1788258887.5,1788258888,1788258888001261,1788258888028911,-5.922132,-21.39006,-5.020153205,-22.384609222,AWGN,rfsimu_channel_enB0,static-0,1788258680507302308,1,14bd144574d32d9e,1,1,1,1,35186.2142857,45.463179,-102,18.435714,True,173,173,173,4.1,15.9,4.1,15.9,-5.922131897,-21.390061023,False,4.0744475,0,0,-0.0255525,2.535714,-0.0255525,2.535714
1,174,174,174,174,4.95,17.6,4.95,17.6,-5.020153205,-22.384609118,False,0,12,9,17,11,0.161249344236,0.187577914188,0.651172741575,174,174,174,4.95,17.6,4.95,17.6,-5.020153205,-22.384609118,False,1788258888,1788258888.09,0.0890073776245,1788258888,1788258888.5,1788258889,1788258889001152,1788258889014970,-5.020153,-22.384609,-5.020153205,-22.384609222,AWGN,rfsimu_channel_enB0,static-0,1788258680507302308,1,14bd144574d32d9e,1,1,1,1,42692.2142857,46.302379,-101,18.578572,True,174,174,174,4.95,17.6,4.95,17.6,-5.020153205,-22.384609118,False,4.9136475,0,0,-0.0363525,0.978572,-0.0363525,0.978572
1,175,175,175,175,5.1,18.9,5.1,18.9,-4.829267521,-23.618216239,False,0,11,11,8,9,0.792683119636,0.0678608259276,0.139456054436,175,175,175,5.1,18.9,5.1,18.9,-4.829267521,-23.618216239,False,1788258889,1788258889.15,0.153603553772,1788258889,1788258889.5,1788258890,1788258890000798,1788258890068130,-4.829268,-23.618216,-4.829267521,-23.618215561,AWGN,rfsimu_channel_enB0,static-0,1788258680507302308,1,14bd144574d32d9e,1,1,1,1,44251.2666667,46.458746,-101,18.333333,True,175,175,175,5.1,18.9,5.1,18.9,-4.829267521,-23.618216239,False,5.0700145,0,0,-0.0299855,-0.566667,-0.0299855,-0.566667
1,176,176,176,176,5.55,19.6,5.55,19.6,-4.374300226,-23.871937181,False,0,3,8,11,18,0.120512516349,0.825612563871,0.0538749197802,176,176,176,5.55,19.6,5.55,19.6,-4.374300226,-23.871937181,False,1788258890,1788258890.12,0.121592760086,1788258890,1788258890.5,1788258891,1788258891000806,1788258891059231,-4.3743,-23.871937,-4.374300226,-23.871936798,AWGN,rfsimu_channel_enB0,static-0,1788258680507302308,1,14bd144574d32d9e,1,1,1,1,49167.8571429,46.916297,-101,18.771428,True,176,176,176,5.55,19.6,5.55,19.6,-4.374300226,-23.871937181,False,5.5275655,0,0,-0.0224345,-0.828572,-0.0224345,-0.828572
1,177,177,177,177,3.85,19.4,3.85,19.4,-6.071260879,-25.293938672,False,0,11,11,8,9,0.482184780193,0.419436077388,0.0983791424192,177,177,177,3.85,19.4,3.85,19.4,-6.071260879,-25.293938672,False,1788258891,1788258891.16,0.156935453415,1788258891,1788258891.5,1788258892,1788258892001123,1788258892050055,-6.071261,-25.29394,-6.071260879,-25.29393959,AWGN,rfsimu_channel_enB0,static-0,1788258680507302308,1,14bd144574d32d9e,1,1,1,1,34657.5714286,45.373334,-103,17.228572,True,177,177,177,3.85,19.4,3.85,19.4,-6.071260879,-25.293938672,False,3.9846025,0,0,0.1346025,-2.171428,0.1346025,-2.171428
1,178,178,178,178,3.8,20.9,3.8,20.9,-6.111389961,-26.782374142,False,0,3,8,11,18,0.604056603027,0.24352517163,0.152418225342,178,178,178,3.8,20.9,3.8,20.9,-6.111389961,-26.782374142,False,1788258892,1788258892.12,0.121624231339,1788258892,1788258892.5,1788258893,1788258893000932,1788258893042985,-6.11139,-26.782373,-6.111389961,-26.782373428,AWGN,rfsimu_channel_enB0,static-0,1788258680507302308,1,14bd144574d32d9e,1,1,1,1,32938.9285714,45.176646,-103,17.957143,True,178,178,178,3.8,20.9,3.8,20.9,-6.111389961,-26.782374142,False,3.7879145,0,0,-0.0120855,-2.942857,-0.0120855,-2.942857
1,179,179,179,179,5.3,22.2,5.3,22.2,-4.610417943,-26.587133219,False,0,3,8,11,18,0.340878538367,0.282573356157,0.376548105476,179,179,179,5.3,22.2,5.3,22.2,-4.610417943,-26.587133219,False,1788258893,1788258893.16,0.157032012939,1788258893,1788258893.5,1788258894,1788258894000009,1788258894034257,-4.610418,-26.587133,-4.610417943,-26.587133408,AWGN,rfsimu_channel_enB0,static-0,1788258680507302308,1,14bd144574d32d9e,1,1,1,1,45548.9285714,46.570084,-101,19.364286,True,179,179,179,5.3,22.2,5.3,22.2,-4.610417943,-26.587133219,False,5.1813525,0,0,-0.1186475,-2.835714,-0.1186475,-2.835714
1,180,180,180,180,3.65,19.05,3.65,19.05,-6.275370471,-25.134835353,False,0,11,11,8,9,0.431157382201,0.332383372387,0.236459245411,180,180,180,3.65,19.05,3.65,19.05,-6.275370471,-25.134835353,False,1788258894,1788258894.11,0.109620571136,1788258894,1788258894.5,1788258895,1788258895001113,1788258895022179,-6.27537,-25.134836,-6.275370471,-25.134836197,AWGN,rfsimu_channel_enB0,static-0,1788258680507302308,1,14bd144574d32d9e,1,1,1,1,31743,45.015914,-103,17.8,True,180,180,180,3.65,19.05,3.65,19.05,-6.275370471,-25.134835353,False,3.6271825,0,0,-0.0228175,-1.25,-0.0228175,-1.25
1,181,181,181,181,1.5,13.1,1.5,13.1,-8.611465924,-21.272110348,False,0,25,16,17,10,0.325136916756,0.019403954593,0.655459128651,181,181,181,1.5,13.1,1.5,13.1,-8.611465924,-21.272110348,False,1788258895,1788258895.16,0.157008171082,1788258895,1788258895.5,1788258896,1788258896000298,1788258896007168,-8.611466,-21.27211,-8.611465924,-21.272109985,AWGN,rfsimu_channel_enB0,static-0,1788258680507302308,1,14bd144574d32d9e,1,1,1,1,20004.1428571,42.965039,-105,14.8,True,181,181,181,1.5,13.1,1.5,13.1,-8.611465924,-21.272110348,False,1.5763075,0,0,0.0763075,1.7,0.0763075,1.7
1,182,182,182,182,-1.2,16.35,-1.2,16.35,-11.160142093,-27.297065231,False,0,19,6,5,2,0.234311589778,0.185617363959,0.580071046264,182,182,182,-1.2,16.35,-1.2,16.35,-11.160142093,-27.297065231,False,1788258896,1788258896.12,0.1175968647,1788258896,1788258896.5,1788258897,1788258897000283,1788258897069476,-11.160142,-27.297066,-11.160142093,-27.297065735,AWGN,rfsimu_channel_enB0,static-0,1788258680507302308,1,14bd144574d32d9e,1,1,1,1,10938.9333333,40.333964,-107,10.853333,True,182,182,182,-1.2,16.35,-1.2,16.35,-11.160142093,-27.297065231,False,-1.0547675,0,0,0.1452325,-5.496667,0.1452325,-5.496667
1,183,183,183,183,-2.9,13.75,-2.9,13.75,-12.946008071,-26.360972574,False,0,23,1,3,2,0.236502017756,0.704010487044,0.0594874952005,183,183,183,-2.9,13.75,-2.9,13.75,-12.946008071,-26.360972574,False,1788258897,1788258897.17,0.165191411972,1788258897,1788258897.5,1788258898,1788258898000261,1788258898057507,-12.946008,-26.360973,-12.946008071,-26.360973358,AWGN,rfsimu_channel_enB0,static-0,1788258680507302308,1,14bd144574d32d9e,1,1,1,1,7313.85714286,38.616935,-109,8.95,True,183,183,183,-2.9,13.75,-2.9,13.75,-12.946008071,-26.360972574,False,-2.7717965,0,0,0.1282035,-4.8,0.1282035,-4.8
1,184,184,184,184,-3.1,12.4,-3.1,12.4,-13.233779728,-25.386743675,False,0,9,3,1,15,0.56316829167,0.180058155898,0.256773552432,184,184,184,-3.1,12.4,-3.1,12.4,-13.233779728,-25.386743675,False,1788258898,1788258898.12,0.117613315582,1788258898,1788258898.5,1788258899,1788258899001744,1788258899046146,-13.23378,-25.386744,-13.233779728,-25.386743546,AWGN,rfsimu_channel_enB0,static-0,1788258680507302308,1,14bd144574d32d9e,1,1,1,1,6654.78571429,38.229926,-109,8.528571,True,184,184,184,-3.1,12.4,-3.1,12.4,-13.233779728,-25.386743675,False,-3.1588055,0,0,-0.0588055,-3.871429,-0.0588055,-3.871429
1,185,185,185,185,0.7,17.35,0.7,17.35,-9.248996423,-26.331000628,False,0,13,9,5,6,0.375501788544,0.443666875927,0.180831335529,185,185,185,0.7,17.35,0.7,17.35,-9.248996423,-26.331000628,False,1788258899,1788258899.16,0.161635398865,1788258899,1788258899.5,1788258900,1788258900000040,1788258900038252,-9.248996,-26.331001,-9.248996423,-26.331001282,AWGN,rfsimu_channel_enB0,static-0,1788258680507302308,1,14bd144574d32d9e,1,1,1,1,15478,41.806263,-106,13.95,True,185,185,185,0.7,17.35,0.7,17.35,-9.248996423,-26.331000628,False,0.4175315,0,0,-0.2824685,-3.4,-0.2824685,-3.4
1,186,186,186,186,2.55,17.45,2.55,17.45,-7.396651384,-24.573397655,False,0,12,9,17,11,0.838752176169,0.0208213395064,0.140426484324,186,186,186,2.55,17.45,2.55,17.45,-7.396651384,-24.573397655,False,1788258900,1788258900.11,0.113608121872,1788258900,1788258900.5,1788258901,1788258901001336,1788258901027846,-7.396651,-24.573399,-7.396651384,-24.57339859,AWGN,rfsimu_channel_enB0,static-0,1788258680507302308,1,14bd144574d32d9e,1,1,1,1,24692.6428571,43.925265,-104,16.278571,True,186,186,186,2.55,17.45,2.55,17.45,-7.396651384,-24.573397655,False,2.5365335,0,0,-0.0134665,-1.171429,-0.0134665,-1.171429
1,187,187,187,187,-2.55,11.75,-2.55,11.75,-12.726363189,-24.278812509,False,0,9,3,1,15,0.637393482949,0.000575077565857,0.362031439485,187,187,187,-2.55,11.75,-2.55,11.75,-12.726363189,-24.278812509,False,1788258901,1788258901.15,0.15361738205,1788258901,1788258901.5,1788258902,1788258902000047,1788258902015798,-12.726363,-24.278812,-12.726363189,-24.278812408,AWGN,rfsimu_channel_enB0,static-0,1788258680507302308,1,14bd144574d32d9e,1,1,1,1,8936.78571429,39.233756,-109,11.392857,True,187,187,187,-2.55,11.75,-2.55,11.75,-12.726363189,-24.278812509,False,-2.1549755,0,0,0.3950245,-0.357143,0.3950245,-0.357143
1,188,188,188,188,-2.1,15.65,-2.1,15.65,-12.072357525,-27.556119503,False,0,23,1,3,2,0.0180893813118,0.160019753085,0.821890865603,188,188,188,-2.1,15.65,-2.1,15.65,-12.072357525,-27.556119503,False,1788258902,1788258902.11,0.109643220901,1788258902,1788258902.5,1788258903,1788258903001009,1788258903005912,-12.072358,-27.55612,-12.072357525,-27.556119919,AWGN,rfsimu_channel_enB0,static-0,1788258680507302308,1,14bd144574d32d9e,1,1,1,1,8391.5,39.235849,-109,11.971429,True,188,188,188,-2.1,15.65,-2.1,15.65,-12.072357525,-27.556119503,False,-2.1528825,0,0,-0.0528825,-3.678571,-0.0528825,-3.678571
1,189,189,189,189,-1.6,16.8,-1.6,16.8,-11.545755283,-28.205675131,False,0,21,2,5,14,0.704319264875,0.261401546697,0.0342791884281,189,189,189,-1.6,16.8,-1.6,16.8,-11.545755283,-28.205675131,False,1788258903,1788258903.15,0.149656772614,1788258903,1788258903.5,1788258904,1788258904000923,1788258904065260,-11.545755,-28.205675,-11.545755283,-28.205675125,AWGN,rfsimu_channel_enB0,static-0,1788258680507302308,1,14bd144574d32d9e,1,1,1,1,9482.53333333,39.76761,-108,13.533333,True,189,189,189,-1.6,16.8,-1.6,16.8,-11.545755283,-28.205675131,False,-1.6211215,0,0,-0.0211215,-3.266667,-0.0211215,-3.266667
1,190,190,190,190,-2.25,15,-2.25,15,-12.248079472,-27.028139122,False,0,23,1,3,2,0.0620198678819,0.365300204672,0.572679927446,190,190,190,-2.25,15,-2.25,15,-12.248079472,-27.028139122,False,1788258904,1788258904.11,0.105614423752,1788258904,1788258904.5,1788258905,1788258905000263,1788258905058983,-12.248079,-27.028139,-12.248079472,-27.028139114,AWGN,rfsimu_channel_enB0,static-0,1788258680507302308,1,14bd144574d32d9e,1,1,1,1,8086.21428571,39.07644,-109,12.821429,True,190,190,190,-2.25,15,-2.25,15,-12.248079472,-27.028139122,False,-2.3122915,0,0,-0.0622915,-2.178571,-0.0622915,-2.178571
1,191,191,191,191,-0.55,17.8,-0.55,17.8,-10.485288459,-28.126114077,False,0,21,2,5,14,0.200606203958,0.778374783236,0.0210190128059,191,191,191,-0.55,17.8,-0.55,17.8,-10.485288459,-28.126114077,False,1788258905,1788258905.15,0.153594255447,1788258905,1788258905.5,1788258906,1788258906000993,1788258906059607,-10.485288,-28.126114,-10.485288459,-28.126113892,AWGN,rfsimu_channel_enB0,static-0,1788258680507302308,1,14bd144574d32d9e,1,1,1,1,11814.8571429,40.700658,-107,14.507143,True,191,191,191,-0.55,17.8,-0.55,17.8,-10.485288459,-28.126114077,False,-0.6880735,0,0,-0.1380735,-3.292857,-0.1380735,-3.292857
1,192,192,192,192,-0.75,16.4,-0.75,16.4,-10.715528123,-26.850455714,False,0,19,6,5,2,0.383181428592,0.259054510087,0.357764061321,192,192,192,-0.75,16.4,-0.75,16.4,-10.715528123,-26.850455714,False,1788258906,1788258906.11,0.113621234894,1788258906,1788258906.5,1788258907,1788258907001219,1788258907058018,-10.715528,-26.850456,-10.715528123,-26.850456238,AWGN,rfsimu_channel_enB0,static-0,1788258680507302308,1,14bd144574d32d9e,1,1,1,1,11568,40.631603,-107,15.142857,True,192,192,192,-0.75,16.4,-0.75,16.4,-10.715528123,-26.850455714,False,-0.7571285,0,0,-0.0071285,-1.257143,-0.0071285,-1.257143
1,193,193,193,193,0.95,19.75,0.95,19.75,-8.962978067,-28.469467023,False,0,5,5,8,14,0.246755521971,0.674999974141,0.0782445038878,193,193,193,0.95,19.75,0.95,19.75,-8.962978067,-28.469467023,False,1788258907,1788258907.16,0.160946130753,1788258907,1788258907.5,1788258908,1788258908001311,1788258908040331,-8.962978,-28.469467,-8.962978067,-28.469467163,AWGN,rfsimu_channel_enB0,static-0,1788258680507302308,1,14bd144574d32d9e,1,1,1,1,16710.6428571,42.210269,-105,16.871429,True,193,193,193,0.95,19.75,0.95,19.75,-8.962978067,-28.469467023,False,0.8215375,0,0,-0.1284625,-2.878571,-0.1284625,-2.878571
1,194,194,194,194,0.95,19.45,0.95,19.45,-8.966750678,-28.184526332,False,0,5,5,8,14,0.391112172868,0.578133438434,0.0307543886979,194,194,194,0.95,19.45,0.95,19.45,-8.966750678,-28.184526332,False,1788258908,1788258908.12,0.121628522873,1788258908,1788258908.5,1788258909,1788258909000614,1788258909045095,-8.966751,-28.184526,-8.966750678,-28.184526443,AWGN,rfsimu_channel_enB0,static-0,1788258680507302308,1,14bd144574d32d9e,1,1,1,1,17093.6428571,42.327951,-105,16.978571,True,194,194,194,0.95,19.45,0.95,19.45,-8.966750678,-28.184526332,False,0.9392195,0,0,-0.0107805,-2.471429,-0.0107805,-2.471429
1,195,195,195,195,2.4,19.6,2.4,19.6,-7.516737009,-26.860234403,False,0,11,11,8,9,0.120815747837,0.700621966317,0.178562285846,195,195,195,2.4,19.6,2.4,19.6,-7.516737009,-26.860234403,False,1788258909,1788258909.16,0.1570789814,1788258909,1788258909.5,1788258910,1788258910000359,1788258910049883,-7.516737,-26.860235,-7.516737009,-26.860235214,AWGN,rfsimu_channel_enB0,static-0,1788258680507302308,1,14bd144574d32d9e,1,1,1,1,23501,43.696392,-104,18.557143,True,195,195,195,2.4,19.6,2.4,19.6,-7.516737009,-26.860234403,False,2.3076605,0,0,-0.0923395,-1.042857,-0.0923395,-1.042857
1,196,196,196,196,1.2,18.5,1.2,18.5,-8.728976517,-26.985063368,False,0,14,8,5,9,0.297199530543,0.364488258724,0.338312210733,196,196,196,1.2,18.5,1.2,18.5,-8.728976517,-26.985063368,False,1788258910,1788258910.11,0.109615325928,1788258910,1788258910.5,1788258911,1788258911001523,1788258911053453,-8.728977,-26.985064,-8.728976517,-26.985063553,AWGN,rfsimu_channel_enB0,static-0,1788258680507302308,1,14bd144574d32d9e,1,1,1,1,18146.6428571,42.587537,-105,17.871428,True,196,196,196,1.2,18.5,1.2,18.5,-8.728976517,-26.985063368,False,1.1988055,0,0,-0.0011945,-0.628572,-0.0011945,-0.628572
1,197,197,197,197,1.35,22.25,1.35,22.25,-8.552175192,-30.563713132,False,0,2,18,14,8,0.335256323267,0.427285521926,0.237458154807,197,197,197,1.35,22.25,1.35,22.25,-8.552175192,-30.563713132,False,1788258911,1788258911.16,0.157626152039,1788258911,1788258911.5,1788258912,1788258912000724,1788258912065155,-8.552175,-30.563713,-8.552175192,-30.563713074,AWGN,rfsimu_channel_enB0,static-0,1788258680507302308,1,14bd144574d32d9e,1,1,1,1,18554.5714286,42.683967,-105,17.957143,True,197,197,197,1.35,22.25,1.35,22.25,-8.552175192,-30.563713132,False,1.2952355,0,0,-0.0547645,-4.292857,-0.0547645,-4.292857
1,198,198,198,198,1.85,20.35,1.85,20.35,-8.057299202,-28.129761847,False,0,2,18,14,8,0.0120771076154,0.0216269745419,0.966295917843,198,198,198,1.85,20.35,1.85,20.35,-8.057299202,-28.129761847,False,1788258912,1788258912.11,0.109645366669,1788258912,1788258912.5,1788258913,1788258913001455,1788258913071545,-8.057299,-28.129763,-8.057299202,-28.12976265,AWGN,rfsimu_channel_enB0,static-0,1788258680507302308,1,14bd144574d32d9e,1,1,1,1,21006.9285714,43.223435,-105,18.514286,True,198,198,198,1.85,20.35,1.85,20.35,-8.057299202,-28.129761847,False,1.8347035,0,0,-0.0152965,-1.835714,-0.0152965,-1.835714
1,199,199,199,199,1.35,21.8,1.35,21.8,-8.553259826,-30.107663592,False,0,2,18,14,8,0.259067294459,0.351277265401,0.389655440141,199,199,199,1.35,21.8,1.35,21.8,-8.553259826,-30.107663592,False,1788258913,1788258913.16,0.156968355179,1788258913,1788258913.5,1788258914,1788258914001562,1788258914008495,-8.55326,-30.107664,-8.553259826,-30.107664108,AWGN,rfsimu_channel_enB0,static-0,1788258680507302308,1,14bd144574d32d9e,1,1,1,1,18878,42.757832,-105,19.561539,True,199,199,199,1.35,21.8,1.35,21.8,-8.553259826,-30.107663592,False,1.3691005,0,0,0.0191005,-2.238461,0.0191005,-2.238461
1,200,200,200,200,0.45,20.3,0.45,20.3,-9.45589527,-29.502634276,False,0,2,18,14,8,0.00778983432813,0.250439046013,0.741771119659,200,200,200,0.45,20.3,0.45,20.3,-9.45589527,-29.502634276,False,1788258914,1788258914.15,0.153051614761,1788258914,1788258914.5,1788258915,1788258915001451,1788258915003239,-9.455895,-29.502634,-9.45589527,-29.502634048,AWGN,rfsimu_channel_enB0,static-0,1788258680507302308,1,14bd144574d32d9e,1,1,1,1,15476.7142857,41.890284,-106,19.4,True,200,200,200,0.45,20.3,0.45,20.3,-9.45589527,-29.502634276,False,0.5015525,0,0,0.0515525,-0.9,0.0515525,-0.9
1,201,201,201,201,0.75,20.95,0.75,20.95,-9.154655244,-29.856327228,False,0,2,18,14,8,0.116945330641,0.309387871317,0.573666798042,201,201,201,0.75,20.95,0.75,20.95,-9.154655244,-29.856327228,False,1788258915,1788258915.11,0.108954906464,1788258915,1788258915.5,1788258916,1788258916000992,1788258916011511,-9.154655,-29.856327,-9.154655244,-29.856327057,AWGN,rfsimu_channel_enB0,static-0,1788258680507302308,1,14bd144574d32d9e,1,1,1,1,16345.8571429,42.132827,-106,19.635715,True,201,201,201,0.75,20.95,0.75,20.95,-9.154655244,-29.856327228,False,0.7440955,0,0,-0.0059045,-1.314285,-0.0059045,-1.314285
1,202,202,202,202,0.95,20.9,0.95,20.9,-8.954993537,-29.602291543,False,0,2,18,14,8,0.107883000945,0.267048590437,0.625068408618,202,202,202,0.95,20.9,0.95,20.9,-8.954993537,-29.602291543,False,1788258916,1788258916.15,0.153609275818,1788258916,1788258916.5,1788258917,1788258917001665,1788258917011882,-8.954994,-29.602291,-8.954993537,-29.602291107,AWGN,rfsimu_channel_enB0,static-0,1788258680507302308,1,14bd144574d32d9e,1,1,1,1,16976.4285714,42.297728,-106,19.85,True,202,202,202,0.95,20.9,0.95,20.9,-8.954993537,-29.602291543,False,0.9089965,0,0,-0.0410035,-1.05,-0.0410035,-1.05
1,203,203,203,203,1.35,19.8,1.35,19.8,-8.562856527,-28.110678831,False,0,5,5,8,14,0.226088847929,0.755464680241,0.0184464718295,203,203,203,1.35,19.8,1.35,19.8,-8.562856527,-28.110678831,False,1788258917,1788258917.12,0.117636203766,1788258917,1788258917.5,1788258918,1788258918001092,1788258918002905,-8.562857,-28.11068,-8.562856527,-28.110679626,AWGN,rfsimu_channel_enB0,static-0,1788258680507302308,1,14bd144574d32d9e,1,1,1,1,18558.4285714,42.684361,-105,20.785714,True,203,203,203,1.35,19.8,1.35,19.8,-8.562856527,-28.110678831,False,1.2956295,0,0,-0.0543705,0.985714,-0.0543705,0.985714
1,204,204,204,204,-0.25,21.05,-0.25,21.05,-10.153325324,-30.974489141,False,0,2,18,14,8,0.136860636188,0.495748190209,0.367391173604,204,204,204,-0.25,21.05,-0.25,21.05,-10.153325324,-30.974489141,False,1788258918,1788258918.16,0.156932830811,1788258918,1788258918.5,1788258919,1788258919000781,1788258919062531,-10.153325,-30.974489,-10.153325324,-30.974489212,AWGN,rfsimu_channel_enB0,static-0,1788258680507302308,1,14bd144574d32d9e,1,1,1,1,13336.6,41.232511,-107,19.34,True,204,204,204,-0.25,21.05,-0.25,21.05,-10.153325324,-30.974489141,False,-0.1562205,0,0,0.0937795,-1.71,0.0937795,-1.71
1,205,205,205,205,-1.1,17.7,-1.1,17.7,-11.035657771,-28.580653513,False,0,21,2,5,14,0.324277714516,0.578946699935,0.0967755855486,205,205,205,-1.1,17.7,-1.1,17.7,-11.035657771,-28.580653513,False,1788258919,1788258919.11,0.109614610672,1788258919,1788258919.5,1788258920,1788258920000803,1788258920040513,-11.035658,-28.580654,-11.035657771,-28.580654144,AWGN,rfsimu_channel_enB0,static-0,1788258680507302308,1,14bd144574d32d9e,1,1,1,1,10621.5,40.261122,-108,18.357142,True,205,205,205,-1.1,17.7,-1.1,17.7,-11.035657771,-28.580653513,False,-1.1276095,0,0,-0.0276095,0.657142,-0.0276095,0.657142
1,206,206,206,206,-3.4,16.45,-3.4,16.45,-13.356803647,-29.605840567,False,0,22,14,1,2,0.185487748732,0.246457037311,0.568055213956,206,206,206,-3.4,16.45,-3.4,16.45,-13.356803647,-29.605840567,False,1788258920,1788258920.16,0.156933546066,1788258920,1788258920.5,1788258921,1788258921001711,1788258921025487,-13.356804,-29.605841,-13.356803647,-29.605840683,AWGN,rfsimu_channel_enB0,static-0,1788258680507302308,1,14bd144574d32d9e,1,1,1,1,6567.35714286,38.128961,-110,16.371428,True,206,206,206,-3.4,16.45,-3.4,16.45,-13.356803647,-29.605840567,False,-3.2597705,0,0,0.1402295,-0.078572,0.1402295,-0.078572
1,207,207,207,207,-3,14.9,-3,14.9,-12.998946983,-27.646976098,False,0,23,1,3,2,0.249736745682,0.284165797909,0.466097456409,207,207,207,-3,14.9,-3,14.9,-12.998946983,-27.646976098,False,1788258921,1788258921.1,0.101626157761,1788258921,1788258921.5,1788258922,1788258922000082,1788258922013857,-12.998947,-27.646976,-12.998946983,-27.646976471,AWGN,rfsimu_channel_enB0,static-0,1788258680507302308,1,14bd144574d32d9e,1,1,1,1,6864.42857143,38.364807,-109,16.75,True,207,207,207,-3,14.9,-3,14.9,-12.998946983,-27.646976098,False,-3.0239245,0,0,-0.0239245,1.85,-0.0239245,1.85
1,208,208,208,208,-3.75,12.9,-3.75,12.9,-13.851670843,-26.468471714,False,0,9,3,1,15,0.443069306857,0.368904728558,0.188025964584,208,208,208,-3.75,12.9,-3.75,12.9,-13.851670843,-26.468471714,False,1788258922,1788258922.16,0.161619901657,1788258922,1788258922.5,1788258923,1788258923001179,1788258923009850,-13.851671,-26.468472,-13.851670843,-26.468471527,AWGN,rfsimu_channel_enB0,static-0,1788258680507302308,1,14bd144574d32d9e,1,1,1,1,5837.35714286,37.65629,-110,16.014286,True,208,208,208,-3.75,12.9,-3.75,12.9,-13.851670843,-26.468471714,False,-3.7324415,0,0,0.0175585,3.114286,0.0175585,3.114286
1,209,209,209,209,-4.35,12.9,-4.35,12.9,-14.453383203,-27.075214666,False,0,9,3,1,15,0.276485939445,0.503177541019,0.220336519536,209,209,209,-4.35,12.9,-4.35,12.9,-14.453383203,-27.075214666,False,1788258923,1788258923.11,0.11359333992,1788258923,1788258923.5,1788258924,1788258924000534,1788258924002350,-14.453383,-27.075214,-14.453383203,-27.075214386,AWGN,rfsimu_channel_enB0,static-0,1788258680507302308,1,14bd144574d32d9e,1,1,1,1,5047.21428571,37.026379,-111,15.371428,True,209,209,209,-4.35,12.9,-4.35,12.9,-14.453383203,-27.075214666,False,-4.3623525,0,0,-0.0123525,2.471428,-0.0123525,2.471428
1,210,210,210,210,-4.55,10.6,-4.55,10.6,-14.811107403,-25.304791275,False,0,7,13,15,1,0.0534084634055,0.647854762048,0.298736774547,210,210,210,-4.55,10.6,-4.55,10.6,-14.811107403,-25.304791275,False,1788258924,1788258924.15,0.153627872467,1788258924,1788258924.5,1788258925,1788258925000148,1788258925066582,-14.811107,-25.30479,-14.811107403,-25.304790497,AWGN,rfsimu_channel_enB0,static-0,1788258680507302308,1,14bd144574d32d9e,1,1,1,1,4847.4,36.850534,-111,13.513333,True,210,210,210,-4.55,10.6,-4.55,10.6,-14.811107403,-25.304791275,False,-4.5381975,0,0,0.0118025,2.913333,0.0118025,2.913333
1,211,211,211,211,-5.75,10.85,-5.75,10.85,-16.002460117,-26.621934192,False,0,7,13,15,1,0.338667621706,0.337437563279,0.323894815015,211,211,211,-5.75,10.85,-5.75,10.85,-16.002460117,-26.621934192,False,1788258925,1788258925.11,0.113600969315,1788258925,1788258925.5,1788258926,1788258926000191,1788258926054281,-16.00246,-26.621935,-16.002460117,-26.621934891,AWGN,rfsimu_channel_enB0,static-0,1788258680507302308,1,14bd144574d32d9e,1,1,1,1,3616.57142857,35.580169,-112,12.207143,True,211,211,211,-5.75,10.85,-5.75,10.85,-16.002460117,-26.621934192,False,-5.8085625,0,0,-0.0585625,1.357143,-0.0585625,1.357143
1,212,212,212,212,-6.3,13.05,-6.3,13.05,-16.402758681,-29.086031351,False,0,7,13,15,1,0.232362403156,0.0309830628576,0.736654533986,212,212,212,-6.3,13.05,-6.3,13.05,-16.402758681,-29.086031351,False,1788258926,1788258926.15,0.153638839722,1788258926,1788258926.5,1788258927,1788258927001101,1788258927040642,-16.402759,-29.086031,-16.402758681,-29.08603096,AWGN,rfsimu_channel_enB0,static-0,1788258680507302308,1,14bd144574d32d9e,1,1,1,1,3221.64285714,35.07719,-113,11.671429,True,212,212,212,-6.3,13.05,-6.3,13.05,-16.402758681,-29.086031351,False,-6.3115415,0,0,-0.0115415,-1.378571,-0.0115415,-1.378571
1,213,213,213,213,-4.35,13.9,-4.35,13.9,-14.38545532,-27.924061014,False,0,9,3,1,15,0.397218599213,0.589946259342,0.0128351414455,213,213,213,-4.35,13.9,-4.35,13.9,-14.38545532,-27.924061014,False,1788258927,1788258927.12,0.117624759674,1788258927,1788258927.5,1788258928,1788258928000555,1788258928030647,-14.385455,-27.924061,-14.38545532,-27.924060822,AWGN,rfsimu_channel_enB0,static-0,1788258680507302308,1,14bd144574d32d9e,1,1,1,1,5048.64285714,37.029967,-111,14.028571,True,213,213,213,-4.35,13.9,-4.35,13.9,-14.38545532,-27.924061014,False,-4.3587645,0,0,-0.0087645,0.128571,-0.0087645,0.128571
1,214,214,214,214,-5.8,9.9,-5.8,9.9,-16.119217958,-25.820024469,False,0,7,13,15,1,0.459723838291,0.400114859388,0.140161302321,214,214,214,-5.8,9.9,-5.8,9.9,-16.119217958,-25.820024469,False,1788258928,1788258928.15,0.15359544754,1788258928,1788258928.5,1788258929,1788258929000079,1788258929052289,-16.119218,-25.820024,-16.119217958,-25.82002449,AWGN,rfsimu_channel_enB0,static-0,1788258680507302308,1,14bd144574d32d9e,1,1,1,1,3686.2,35.650619,-112,12.92,True,214,214,214,-5.8,9.9,-5.8,9.9,-16.119217958,-25.820024469,False,-5.7381125,0,0,0.0618875,3.02,0.0618875,3.02
1,215,215,215,215,-3.95,14,-3.95,14,-13.981406883,-27.63080725,False,0,23,1,3,2,0.495351720812,0.453298730518,0.05134954867,215,215,215,-3.95,14,-3.95,14,-13.981406883,-27.63080725,False,1788258929,1788258929.11,0.113663434982,1788258929,1788258929.5,1788258930,1788258930000924,1788258930039478,-13.981407,-27.630808,-13.981406883,-27.630807877,AWGN,rfsimu_channel_enB0,static-0,1788258680507302308,1,14bd144574d32d9e,1,1,1,1,5572.64285714,37.458186,-110,14.785714,True,215,215,215,-3.95,14,-3.95,14,-13.981406883,-27.63080725,False,-3.9305455,0,0,0.0194545,0.785714,0.0194545,0.785714
1,216,216,216,216,-3.4,12.8,-3.4,12.8,-13.507464755,-26.02965369,False,0,9,3,1,15,0.528169671871,0.281902049457,0.189928278672,216,216,216,-3.4,12.8,-3.4,12.8,-13.507464755,-26.02965369,False,1788258930,1788258930.15,0.15362238884,1788258930,1788258930.5,1788258931,1788258931001587,1788258931062100,-13.507465,-26.029654,-13.507464755,-26.029653549,AWGN,rfsimu_channel_enB0,static-0,1788258680507302308,1,14bd144574d32d9e,1,1,1,1,6073.8,37.829906,-110,15.1,True,216,216,216,-3.4,12.8,-3.4,12.8,-13.507464755,-26.02965369,False,-3.5588255,0,0,-0.1588255,2.3,-0.1588255,2.3
1,217,217,217,217,-4,12.05,-4,12.05,-14.160123027,-25.999761881,False,0,9,3,1,15,0.271036809633,0.351098323176,0.377864867191,217,217,217,-4,12.05,-4,12.05,-14.160123027,-25.999761881,False,1788258931,1788258931.13,0.129624128342,1788258931,1788258931.5,1788258932,1788258932000838,1788258932067985,-14.160123,-25.999762,-14.160123027,-25.999761581,AWGN,rfsimu_channel_enB0,static-0,1788258680507302308,1,14bd144574d32d9e,1,1,1,1,5404.2,37.324993,-110,13.486667,True,217,217,217,-4,12.05,-4,12.05,-14.160123027,-25.999761881,False,-4.0637385,0,0,-0.0637385,1.436667,-0.0637385,1.436667
1,218,218,218,218,-2.1,17.7,-2.1,17.7,-12.034135591,-29.584211561,False,0,21,2,5,14,0.488997275115,0.246967464774,0.264035260112,218,218,218,-2.1,17.7,-2.1,17.7,-12.034135591,-29.584211561,False,1788258932,1788258932.16,0.157667636871,1788258932,1788258932.5,1788258933,1788258933001751,1788258933041994,-12.034136,-29.584211,-12.034135591,-29.584211349,AWGN,rfsimu_channel_enB0,static-0,1788258680507302308,1,14bd144574d32d9e,1,1,1,1,8469.71428571,39.278293,-108,15.507143,True,218,218,218,-2.1,17.7,-2.1,17.7,-12.034135591,-29.584211561,False,-2.1104385,0,0,-0.0104385,-2.192857,-0.0104385,-2.192857
1,219,219,219,219,-1.2,15.3,-1.2,15.3,-11.194794198,-26.191949101,False,0,20,2,3,6,0.397316366878,0.200080732065,0.402602901057,219,219,219,-1.2,15.3,-1.2,15.3,-11.194794198,-26.191949101,False,1788258933,1788258933.11,0.109618425369,1788258933,1788258933.5,1788258934,1788258934001278,1788258934028934,-11.194794,-26.19195,-11.194794198,-26.191949844,AWGN,rfsimu_channel_enB0,static-0,1788258680507302308,1,14bd144574d32d9e,1,1,1,1,10403.2857143,40.170961,-108,16.414285,True,219,219,219,-1.2,15.3,-1.2,15.3,-11.194794198,-26.191949101,False,-1.2177705,0,0,-0.0177705,1.114285,-0.0177705,1.114285
1,220,220,220,220,-4.45,13.45,-4.45,13.45,-14.516308261,-27.643203983,False,0,9,3,1,15,0.315125007748,0.573279138173,0.111595854078,220,220,220,-4.45,13.45,-4.45,13.45,-14.516308261,-27.643203983,False,1788258934,1788258934.16,0.164937734604,1788258934,1788258934.5,1788258935,1788258935000013,1788258935010050,-14.516308,-27.643204,-14.516308261,-27.643203735,AWGN,rfsimu_channel_enB0,static-0,1788258680507302308,1,14bd144574d32d9e,1,1,1,1,5285.64285714,37.130532,-111,13.585714,True,220,220,220,-4.45,13.45,-4.45,13.45,-14.516308261,-27.643203983,False,-4.2581995,0,0,0.1918005,0.135714,0.1918005,0.135714
1,221,221,221,221,-3.8,15.6,-3.8,15.6,-13.773130426,-29.13362672,False,0,22,14,1,2,0.0494123014696,0.418576455678,0.532011242853,221,221,221,-3.8,15.6,-3.8,15.6,-13.773130426,-29.13362672,False,1788258935,1788258935.11,0.109627723694,1788258935,1788258935.5,1788258936,1788258936000762,1788258936066116,-13.77313,-29.133627,-13.773130426,-29.133626938,AWGN,rfsimu_channel_enB0,static-0,1788258680507302308,1,14bd144574d32d9e,1,1,1,1,5697.93333333,37.553584,-110,14.26,True,221,221,221,-3.8,15.6,-3.8,15.6,-13.773130426,-29.13362672,False,-3.8351475,0,0,-0.0351475,-1.34,-0.0351475,-1.34
1,222,222,222,222,-1.8,18.65,-1.8,18.65,-11.723130387,-30.208610298,False,0,21,2,5,14,0.125361760761,0.506536522961,0.368101716278,222,222,222,-1.8,18.65,-1.8,18.65,-11.723130387,-30.208610298,False,1788258936,1788258936.15,0.153336286545,1788258936,1788258936.5,1788258937,1788258937000460,1788258937057982,-11.72313,-30.208611,-11.723130387,-30.208610535,AWGN,rfsimu_channel_enB0,static-0,1788258680507302308,1,14bd144574d32d9e,1,1,1,1,8808.57142857,39.422463,-108,16.171428,True,222,222,222,-1.8,18.65,-1.8,18.65,-11.723130387,-30.208610298,False,-1.9662685,0,0,-0.1662685,-2.478572,-0.1662685,-2.478572
1,223,223,223,223,-4,16.75,-4,16.75,-13.955870135,-30.475664947,False,0,22,14,1,2,0.299545975872,0.3391945459,0.361259478228,223,223,223,-4,16.75,-4,16.75,-13.955870135,-30.475664947,False,1788258937,1788258937.13,0.125625610352,1788258937,1788258937.5,1788258938,1788258938001851,1788258938053703,-13.95587,-30.475664,-13.955870135,-30.475664139,AWGN,rfsimu_channel_enB0,static-0,1788258680507302308,1,14bd144574d32d9e,1,1,1,1,5444.07142857,37.358834,-110,14.128572,True,223,223,223,-4,16.75,-4,16.75,-13.955870135,-30.475664947,False,-4.0298975,0,0,-0.0298975,-2.621428,-0.0298975,-2.621428
1,224,224,224,224,-2.8,16.6,-2.8,16.6,-12.75047325,-29.186914801,False,0,22,14,1,2,0.162335635317,0.106450494734,0.731213869949,224,224,224,-2.8,16.6,-2.8,16.6,-12.75047325,-29.186914801,False,1788258938,1788258938.16,0.16161108017,1788258938,1788258938.5,1788258939,1788258939000715,1788258939042549,-12.750473,-29.186914,-12.75047325,-29.186914444,AWGN,rfsimu_channel_enB0,static-0,1788258680507302308,1,14bd144574d32d9e,1,1,1,1,7109,38.506241,-109,16.564286,True,224,224,224,-2.8,16.6,-2.8,16.6,-12.75047325,-29.186914801,False,-2.8824905,0,0,-0.0824905,-0.035714,-0.0824905,-0.035714
1,225,225,225,225,-4.15,16.15,-4.15,16.15,-14.11653262,-30.01677312,False,0,22,14,1,2,0.191701362071,0.43328247403,0.375016163899,225,225,225,-4.15,16.15,-4.15,16.15,-14.11653262,-30.01677312,False,1788258939,1788258939.16,0.157615423203,1788258939,1788258939.5,1788258940,1788258940001052,1788258940036510,-14.116533,-30.016773,-14.11653262,-30.016773224,AWGN,rfsimu_channel_enB0,static-0,1788258680507302308,1,14bd144574d32d9e,1,1,1,1,5451.85714286,37.351908,-110,15.471429,True,225,225,225,-4.15,16.15,-4.15,16.15,-14.11653262,-30.01677312,False,-4.0368235,0,0,0.1131765,-0.678571,0.1131765,-0.678571
1,226,226,226,226,-3.5,14.1,-3.5,14.1,-13.529264253,-27.300885876,False,0,23,1,3,2,0.382316063274,0.487915416929,0.129768519797,226,226,226,-3.5,14.1,-3.5,14.1,-13.529264253,-27.300885876,False,1788258940,1788258940.12,0.117618083954,1788258940,1788258940.5,1788258941,1788258941001191,1788258941025526,-13.529264,-27.300886,-13.529264253,-27.300886154,AWGN,rfsimu_channel_enB0,static-0,1788258680507302308,1,14bd144574d32d9e,1,1,1,1,6159.5,37.894525,-110,16.064286,True,226,226,226,-3.5,14.1,-3.5,14.1,-13.529264253,-27.300885876,False,-3.4942065,0,0,0.0057935,1.964286,0.0057935,1.964286
1,227,227,227,227,-2.1,18.15,-2.1,18.15,-12.028706289,-30.022590264,False,0,21,2,5,14,0.340156390085,0.322745232602,0.337098377313,227,227,227,-2.1,18.15,-2.1,18.15,-12.028706289,-30.022590264,False,1788258941,1788258941.16,0.161004543304,1788258941,1788258941.5,1788258942,1788258942000124,1788258942020984,-12.028706,-30.022591,-12.028706289,-30.022590637,AWGN,rfsimu_channel_enB0,static-0,1788258680507302308,1,14bd144574d32d9e,1,1,1,1,8275.78571429,39.164639,-109,17.735714,True,227,227,227,-2.1,18.15,-2.1,18.15,-12.028706289,-30.022590264,False,-2.2240925,0,0,-0.1240925,-0.414286,-0.1240925,-0.414286
1,228,228,228,228,-3.35,15.95,-3.35,15.95,-13.314548898,-29.057406665,False,0,22,14,1,2,0.0800264430956,0.288624003028,0.631349553876,228,228,228,-3.35,15.95,-3.35,15.95,-13.314548898,-29.057406665,False,1788258942,1788258942.11,0.105004787445,1788258942,1788258942.5,1788258943,1788258943001229,1788258943017124,-13.314549,-29.057407,-13.314548898,-29.057407379,AWGN,rfsimu_channel_enB0,static-0,1788258680507302308,1,14bd144574d32d9e,1,1,1,1,6570.5,38.160428,-110,17.157143,True,228,228,228,-3.35,15.95,-3.35,15.95,-13.314548898,-29.057406665,False,-3.2283035,0,0,0.1216965,1.207143,0.1216965,1.207143
1,229,229,229,229,-4.05,11.4,-4.05,11.4,-14.254418848,-25.498573668,False,0,9,3,1,15,0.178678633499,0.305888057305,0.515433309196,229,229,229,-4.05,11.4,-4.05,11.4,-14.254418848,-25.498573668,False,1788258943,1788258943.15,0.153627872467,1788258943,1788258943.5,1788258944,1788258944001569,1788258944006529,-14.254419,-25.498573,-14.254418848,-25.498573303,AWGN,rfsimu_channel_enB0,static-0,1788258680507302308,1,14bd144574d32d9e,1,1,1,1,5437.35714286,37.347176,-110,16.314286,True,229,229,229,-4.05,11.4,-4.05,11.4,-14.254418848,-25.498573668,False,-4.0415555,0,0,0.0084445,4.914286,0.0084445,4.914286
1,230,230,230,230,-4.55,13.8,-4.55,13.8,-14.592818895,-28.04142403,False,0,9,3,1,15,0.329617544098,0.626026991663,0.0443554642385,230,230,230,-4.55,13.8,-4.55,13.8,-14.592818895,-28.04142403,False,1788258944,1788258944.12,0.116939544678,1788258944,1788258944.5,1788258945,1788258945000682,1788258945066095,-14.592819,-28.041424,-14.592818895,-28.041423798,AWGN,rfsimu_channel_enB0,static-0,1788258680507302308,1,14bd144574d32d9e,1,1,1,1,4868.4,36.870971,-111,15.84,True,230,230,230,-4.55,13.8,-4.55,13.8,-14.592818895,-28.04142403,False,-4.5177605,0,0,0.0322395,2.04,0.0322395,2.04
1,231,231,231,231,-3.6,11.55,-3.6,11.55,-13.792945395,-25.170843406,False,0,9,3,1,15,0.321726058024,0.218198755708,0.460075186268,231,231,231,-3.6,11.55,-3.6,11.55,-13.792945395,-25.170843406,False,1788258945,1788258945.15,0.153627872467,1788258945,1788258945.5,1788258946,1788258946000535,1788258946056534,-13.792945,-25.170843,-13.792945395,-25.170843124,AWGN,rfsimu_channel_enB0,static-0,1788258680507302308,1,14bd144574d32d9e,1,1,1,1,5939.5,37.727994,-110,15.685714,True,231,231,231,-3.6,11.55,-3.6,11.55,-13.792945395,-25.170843406,False,-3.6607375,0,0,-0.0607375,4.135714,-0.0607375,4.135714
1,232,232,232,232,-4.4,12.1,-4.4,12.1,-14.557868206,-26.4466995,False,0,9,3,1,15,0.166017864346,0.444951967399,0.389030168254,232,232,232,-4.4,12.1,-4.4,12.1,-14.557868206,-26.4466995,False,1788258946,1788258946.1,0.101624250412,1788258946,1788258946.5,1788258947,1788258947000651,1788258947044782,-14.557868,-26.446699,-14.557868206,-26.446699142,AWGN,rfsimu_channel_enB0,static-0,1788258680507302308,1,14bd144574d32d9e,1,1,1,1,4983.92857143,36.973767,-111,14.9,True,232,232,232,-4.4,12.1,-4.4,12.1,-14.557868206,-26.4466995,False,-4.4149645,0,0,-0.0149645,2.8,-0.0149645,2.8
1,233,233,233,233,-1.45,14.65,-1.45,14.65,-11.468588938,-25.806294193,False,0,20,2,3,6,0.26876473084,0.465529738394,0.265705530766,233,233,233,-1.45,14.65,-1.45,14.65,-11.468588938,-25.806294193,False,1788258947,1788258947.16,0.157635211945,1788258947,1788258947.5,1788258948,1788258948000095,1788258948031024,-11.468589,-25.806293,-11.468588938,-25.806293488,AWGN,rfsimu_channel_enB0,static-0,1788258680507302308,1,14bd144574d32d9e,1,1,1,1,9406.07142857,39.682594,-108,17.664285,True,233,233,233,-1.45,14.65,-1.45,14.65,-11.468588938,-25.806294193,False,-1.7061375,0,0,-0.2561375,3.014285,-0.2561375,3.014285
1,234,234,234,234,-1.45,15,-1.45,15,-11.454472806,-26.166003607,False,0,20,2,3,6,0.388667869082,0.338568533995,0.272763596924,234,234,234,-1.45,15,-1.45,15,-11.454472806,-26.166003607,False,1788258948,1788258948.11,0.113639354706,1788258948,1788258948.5,1788258949,1788258949000196,1788258949019444,-11.454473,-26.166004,-11.454472806,-26.166004181,AWGN,rfsimu_channel_enB0,static-0,1788258680507302308,1,14bd144574d32d9e,1,1,1,1,9843.57142857,39.929799,-108,17.435714,True,234,234,234,-1.45,15,-1.45,15,-11.454472806,-26.166003607,False,-1.4589325,0,0,-0.0089325,2.435714,-0.0089325,2.435714
1,235,235,235,235,-0.85,14.7,-0.85,14.7,-10.872382589,-25.179976783,False,0,20,2,3,6,0.0599922609168,0.376199033614,0.563808705469,235,235,235,-0.85,14.7,-0.85,14.7,-10.872382589,-25.179976783,False,1788258949,1788258949.16,0.156955718994,1788258949,1788258949.5,1788258950,1788258950001040,1788258950007793,-10.872383,-25.179977,-10.872382589,-25.179977417,AWGN,rfsimu_channel_enB0,static-0,1788258680507302308,1,14bd144574d32d9e,1,1,1,1,11215.4285714,40.493859,-107,17.364286,True,235,235,235,-0.85,14.7,-0.85,14.7,-10.872382589,-25.179976783,False,-0.8948725,0,0,-0.0448725,2.664286,-0.0448725,2.664286
1,236,236,236,236,-2.3,14,-2.3,14,-12.338420037,-26.041771441,False,0,23,1,3,2,0.0846050093702,0.709146192454,0.206248798175,236,236,236,-2.3,14,-2.3,14,-12.338420037,-26.041771441,False,1788258950,1788258950.12,0.11762714386,1788258950,1788258950.5,1788258951,1788258951000445,1788258951068909,-12.33842,-26.041771,-12.338420037,-26.041770935,AWGN,rfsimu_channel_enB0,static-0,1788258680507302308,1,14bd144574d32d9e,1,1,1,1,8301.2,39.166847,-109,16.026667,True,236,236,236,-2.3,14,-2.3,14,-12.338420037,-26.041771441,False,-2.2218845,0,0,0.0781155,2.026667,0.0781155,2.026667
1,237,237,237,237,-1.2,16.35,-1.2,16.35,-11.160142093,-27.297065231,False,0,19,6,5,2,0.234311589778,0.185617363959,0.580071046264,237,237,237,-1.2,16.35,-1.2,16.35,-11.160142093,-27.297065231,False,1788258951,1788258951.16,0.157610177994,1788258951,1788258951.5,1788258952,1788258952000882,1788258952064034,-11.160142,-27.297066,-11.160142093,-27.297065735,AWGN,rfsimu_channel_enB0,static-0,1788258680507302308,1,14bd144574d32d9e,1,1,1,1,10340.8571429,40.144873,-108,17.014286,True,237,237,237,-1.2,16.35,-1.2,16.35,-11.160142093,-27.297065231,False,-1.2438585,0,0,-0.0438585,0.664286,-0.0438585,0.664286
1,238,238,238,238,-1.25,18.35,-1.25,18.35,-11.17758712,-29.364400903,False,0,21,2,5,14,0.133993259119,0.638606590413,0.227400150468,238,238,238,-1.25,18.35,-1.25,18.35,-11.17758712,-29.364400903,False,1788258952,1788258952.11,0.105615615845,1788258952,1788258952.5,1788258953,1788258953001325,1788258953060099,-11.177587,-29.364401,-11.17758712,-29.364400864,AWGN,rfsimu_channel_enB0,static-0,1788258680507302308,1,14bd144574d32d9e,1,1,1,1,10295.1428571,40.126074,-108,18.028572,True,238,238,238,-1.25,18.35,-1.25,18.35,-11.17758712,-29.364400903,False,-1.2626575,0,0,-0.0126575,-0.321428,-0.0126575,-0.321428
1,239,239,239,239,0.25,20.55,0.25,20.55,-9.655074918,-29.959358645,False,0,2,18,14,8,0.0507139546061,0.326559774238,0.622726271156,239,239,239,0.25,20.55,0.25,20.55,-9.655074918,-29.959358645,False,1788258953,1788258953.15,0.149628639221,1788258953,1788258953.5,1788258954,1788258954000112,1788258954055150,-9.655075,-29.959358,-9.655074918,-29.959358215,AWGN,rfsimu_channel_enB0,static-0,1788258680507302308,1,14bd144574d32d9e,1,1,1,1,14231.7142857,41.514129,-106,19.514286,True,239,239,239,0.25,20.55,0.25,20.55,-9.655074918,-29.959358645,False,0.1253975,0,0,-0.1246025,-1.035714,-0.1246025,-1.035714
1,240,240,240,240,2.3,21.3,2.3,21.3,-7.60549942,-28.634965189,False,0,2,18,14,8,0.171577628262,0.10582753158,0.722594840157,240,240,240,2.3,21.3,2.3,21.3,-7.60549942,-28.634965189,False,1788258954,1788258954.11,0.105615139008,1788258954,1788258954.5,1788258955,1788258955000851,1788258955046720,-7.605499,-28.634966,-7.60549942,-28.634965897,AWGN,rfsimu_channel_enB0,static-0,1788258680507302308,1,14bd144574d32d9e,1,1,1,1,23218.5,43.658095,-104,21.678572,True,240,240,240,2.3,21.3,2.3,21.3,-7.60549942,-28.634965189,False,2.2693635,0,0,-0.0306365,0.378572,-0.0306365,0.378572
1,241,241,241,241,2.2,18.75,2.2,18.75,-7.727114804,-26.204364912,False,0,11,11,8,9,0.0682212990537,0.446935836625,0.484842864321,241,241,241,2.2,18.75,2.2,18.75,-7.727114804,-26.204364912,False,1788258955,1788258955.15,0.153111457825,1788258955,1788258955.5,1788258956,1788258956000800,1788258956039194,-7.727115,-26.204365,-7.727114804,-26.204364777,AWGN,rfsimu_channel_enB0,static-0,1788258680507302308,1,14bd144574d32d9e,1,1,1,1,22800.5714286,43.57915,-104,20.371429,True,241,241,241,2.2,18.75,2.2,18.75,-7.727114804,-26.204364912,False,2.1904185,0,0,-0.0095815,1.621429,-0.0095815,1.621429
1,242,242,242,242,1.95,18.45,1.95,18.45,-7.980528038,-26.14209646,False,0,11,11,8,9,0.00486799053185,0.383944147165,0.611187862304,242,242,242,1.95,18.45,1.95,18.45,-7.980528038,-26.14209646,False,1788258956,1788258956.1,0.101640224457,1788258956,1788258956.5,1788258957,1788258957001611,1788258957028055,-7.980528,-26.142096,-7.980528038,-26.142095566,AWGN,rfsimu_channel_enB0,static-0,1788258680507302308,1,14bd144574d32d9e,1,1,1,1,21545.5,43.333155,-105,17.9,True,242,242,242,1.95,18.45,1.95,18.45,-7.980528038,-26.14209646,False,1.9444235,0,0,-0.0055765,-0.55,-0.0055765,-0.55
1,243,243,243,243,0.9,15.45,0.9,15.45,-9.100873803,-24.100838657,False,0,28,10,9,6,0.299720447697,0.149842651028,0.550436901274,243,243,243,0.9,15.45,0.9,15.45,-9.100873803,-24.100838657,False,1788258957,1788258957.16,0.160984754562,1788258957,1788258957.5,1788258958,1788258958000395,1788258958051651,-9.100874,-24.100838,-9.100873803,-24.100837708,AWGN,rfsimu_channel_enB0,static-0,1788258680507302308,1,14bd144574d32d9e,1,1,1,1,17054.625,42.308836,-106,16.86875,True,243,243,243,0.9,15.45,0.9,15.45,-9.100873803,-24.100838657,False,0.9201045,0,0,0.0201045,1.41875,0.0201045,1.41875
1,244,244,244,244,2.85,12.95,2.85,12.95,-7.27362616,-19.610409709,False,0,25,16,17,10,0.156140435049,0.519327355233,0.324532209718,244,244,244,2.85,12.95,2.85,12.95,-7.27362616,-19.610409709,False,1788258958,1788258958.11,0.11362528801,1788258958,1788258958.5,1788258959,1788258959001106,1788258959034048,-7.273626,-19.610409,-7.27362616,-19.610408783,AWGN,rfsimu_channel_enB0,static-0,1788258680507302308,1,14bd144574d32d9e,1,1,1,1,26886.3571429,44.294283,-103,18.885714,True,244,244,244,2.85,12.95,2.85,12.95,-7.27362616,-19.610409709,False,2.9055515,0,0,0.0555515,5.935714,0.0555515,5.935714
1,245,245,245,245,0.15,12,0.15,12,-9.979910422,-22.019822588,False,0,27,6,7,10,0.00660752924992,0.98334768192,0.0100447888301,245,245,245,0.15,12,0.15,12,-9.979910422,-22.019822588,False,1788258959,1788258959.15,0.153039455414,1788258959,1788258959.5,1788258960,1788258960001324,1788258960018314,-9.97991,-22.019823,-9.979910422,-22.019823074,AWGN,rfsimu_channel_enB0,static-0,1788258680507302308,1,14bd144574d32d9e,1,1,1,1,15236.3571429,41.763545,-106,12.65,True,245,245,245,0.15,12,0.15,12,-9.979910422,-22.019822588,False,0.3748135,0,0,0.2248135,0.65,0.2248135,0.65
1,246,246,246,246,-2.95,12.15,-2.95,12.15,-13.100333609,-25.02284635,False,0,9,3,1,15,0.574630968581,0.124797773202,0.300571258217,246,246,246,-2.95,12.15,-2.95,12.15,-13.100333609,-25.02284635,False,1788258960,1788258960.12,0.117629289627,1788258960,1788258960.5,1788258961,1788258961001666,1788258961011921,-13.100334,-25.022846,-13.100333609,-25.022846222,AWGN,rfsimu_channel_enB0,static-0,1788258680507302308,1,14bd144574d32d9e,1,1,1,1,7365.85714286,38.578129,-109,8.907143,True,246,246,246,-2.95,12.15,-2.95,12.15,-13.100333609,-25.02284635,False,-2.8106025,0,0,0.1393975,-3.242857,0.1393975,-3.242857
1,247,247,247,247,-1.8,13.6,-1.8,13.6,-11.857548028,-25.122493555,False,0,20,2,3,6,0.040831185091,0.887942829014,0.0712259858948,247,247,247,-1.8,13.6,-1.8,13.6,-11.857548028,-25.122493555,False,1788258961,1788258961.16,0.157366752625,1788258961,1788258961.5,1788258962,1788258962000980,1788258962004273,-11.857548,-25.122494,-11.857548028,-25.122493744,AWGN,rfsimu_channel_enB0,static-0,1788258680507302308,1,14bd144574d32d9e,1,1,1,1,8858.57142857,39.461932,-108,9.907143,True,247,247,247,-1.8,13.6,-1.8,13.6,-11.857548028,-25.122493555,False,-1.9267995,0,0,-0.1267995,-3.692857,-0.1267995,-3.692857
1,248,248,248,248,-0.6,12.2,-0.6,12.2,-10.723320599,-22.84945401,False,0,18,4,7,3,0.0785089629253,0.638339700512,0.283151336563,248,248,248,-0.6,12.2,-0.6,12.2,-10.723320599,-22.84945401,False,1788258962,1788258962.11,0.113610744476,1788258962,1788258962.5,1788258963,1788258963001169,1788258963064420,-10.723321,-22.849455,-10.723320599,-22.84945488,AWGN,rfsimu_channel_enB0,static-0,1788258680507302308,1,14bd144574d32d9e,1,1,1,1,11730.3333333,40.683405,-107,11.526667,True,248,248,248,-0.6,12.2,-0.6,12.2,-10.723320599,-22.84945401,False,-0.7053265,0,0,-0.1053265,-0.673333,-0.1053265,-0.673333
1,249,249,249,249,0.3,13.6,0.3,13.6,-9.76924591,-23.157585196,False,0,27,6,7,10,0.385861731873,0.498761222924,0.115377045203,249,249,249,0.3,13.6,0.3,13.6,-9.76924591,-23.157585196,False,1788258963,1788258963.15,0.152949094772,1788258963,1788258963.5,1788258964,1788258964001643,1788258964050788,-9.769246,-23.157585,-9.76924591,-23.157585144,AWGN,rfsimu_channel_enB0,static-0,1788258680507302308,1,14bd144574d32d9e,1,1,1,1,14323.9285714,41.552649,-106,13.164286,True,249,249,249,0.3,13.6,0.3,13.6,-9.76924591,-23.157585196,False,0.1639175,0,0,-0.1360825,-0.435714,-0.1360825,-0.435714
1,250,250,250,250,1.35,13.75,1.35,13.75,-8.710849152,-22.127495997,False,0,27,6,7,10,0.0424986656871,0.312925910116,0.644575424197,250,250,250,1.35,13.75,1.35,13.75,-8.710849152,-22.127495997,False,1788258964,1788258964.16,0.157077074051,1788258964,1788258964.5,1788258965,1788258965000032,1788258965036713,-8.710849,-22.127497,-8.710849152,-22.127496719,AWGN,rfsimu_channel_enB0,static-0,1788258680507302308,1,14bd144574d32d9e,1,1,1,1,18778,42.728492,-105,14.528572,True,250,250,250,1.35,13.75,1.35,13.75,-8.710849152,-22.127495997,False,1.3397605,0,0,-0.0102395,0.778572,-0.0102395,0.778572
1,251,251,251,251,0.8,16.85,0.8,16.85,-9.161250185,-25.687726556,False,0,13,9,5,6,0.419374907536,0.229242185197,0.351382907268,251,251,251,0.8,16.85,0.8,16.85,-9.161250185,-25.687726556,False,1788258965,1788258965.13,0.125589609146,1788258965,1788258965.5,1788258966,1788258966001501,1788258966003265,-9.16125,-25.687727,-9.161250185,-25.687726974,AWGN,rfsimu_channel_enB0,static-0,1788258680507302308,1,14bd144574d32d9e,1,1,1,1,16721.5,42.230152,-106,14.028571,True,251,251,251,0.8,16.85,0.8,16.85,-9.161250185,-25.687726556,False,0.8414205,0,0,0.0414205,-2.821429,0.0414205,-2.821429
1,252,252,252,252,-0.55,13,-0.55,13,-10.638288174,-23.476844803,False,0,10,6,3,7,0.173137513832,0.319144087015,0.507718399153,252,252,252,-0.55,13,-0.55,13,-10.638288174,-23.476844803,False,1788258966,1788258966.1,0.101100444794,1788258966,1788258966.5,1788258967,1788258967001235,1788258967058071,-10.638288,-23.476845,-10.638288174,-23.476844788,AWGN,rfsimu_channel_enB0,static-0,1788258680507302308,1,14bd144574d32d9e,1,1,1,1,12342.4666667,40.899462,-107,11.62,True,252,252,252,-0.55,13,-0.55,13,-10.638288174,-23.476844803,False,-0.4892695,0,0,0.0607305,-1.38,0.0607305,-1.38
1,253,253,253,253,-1,13,-1,13,-11.085414128,-23.883021302,False,0,10,6,3,7,0.0849667031402,0.542707064152,0.372326232708,253,253,253,-1,13,-1,13,-11.085414128,-23.883021302,False,1788258967,1788258967.17,0.169457435608,1788258967,1788258967.5,1788258968,1788258968000493,1788258968049533,-11.085414,-23.88302,-11.085414128,-23.883020401,AWGN,rfsimu_channel_enB0,static-0,1788258680507302308,1,14bd144574d32d9e,1,1,1,1,11034.5714286,40.423868,-107,10.95,True,253,253,253,-1,13,-1,13,-11.085414128,-23.883021302,False,-0.9648635,0,0,0.0351365,-2.05,0.0351365,-2.05
1,254,254,254,254,-0.05,14.25,-0.05,14.25,-10.094816696,-24.052151038,False,0,10,6,3,7,0.636641998128,0.0474083479402,0.315949653932,254,254,254,-0.05,14.25,-0.05,14.25,-10.094816696,-24.052151038,False,1788258968,1788258968.12,0.124948501587,1788258968,1788258968.5,1788258969,1788258969000296,1788258969043921,-10.094817,-24.052151,-10.094816696,-24.052150726,AWGN,rfsimu_channel_enB0,static-0,1788258680507302308,1,14bd144574d32d9e,1,1,1,1,13544.5,41.316287,-106,11.9,True,254,254,254,-0.05,14.25,-0.05,14.25,-10.094816696,-24.052151038,False,-0.0724445,0,0,-0.0224445,-2.35,-0.0224445,-2.35
1,255,255,255,255,2.15,14.2,2.15,14.2,-7.898859515,-21.573424634,False,0,25,16,17,10,0.0373823992934,0.0879526418711,0.874664958836,255,255,255,2.15,14.2,2.15,14.2,-7.898859515,-21.573424634,False,1788258969,1788258969.15,0.152942180634,1788258969,1788258969.5,1788258970,1788258970001356,1788258970030515,-7.89886,-21.573425,-7.898859515,-21.573425293,AWGN,rfsimu_channel_enB0,static-0,1788258680507302308,1,14bd144574d32d9e,1,1,1,1,22082.5714286,43.409994,-104,13.935714,True,255,255,255,2.15,14.2,2.15,14.2,-7.898859515,-21.573424634,False,2.0212625,0,0,-0.1287375,-0.264286,-0.1287375,-0.264286
1,256,256,256,256,-0.7,16.15,-0.7,16.15,-10.67248752,-26.524862873,False,0,19,6,5,2,0.49171237562,0.172043864166,0.336243760214,256,256,256,-0.7,16.15,-0.7,16.15,-10.67248752,-26.524862873,False,1788258970,1788258970.1,0.0971395969391,1788258970,1788258970.5,1788258971,1788258971001545,1788258971004829,-10.672488,-26.524862,-10.67248752,-26.524862289,AWGN,rfsimu_channel_enB0,static-0,1788258680507302308,1,14bd144574d32d9e,1,1,1,1,11700.4285714,40.68123,-107,10.792857,True,256,256,256,-0.7,16.15,-0.7,16.15,-10.67248752,-26.524862873,False,-0.7075015,0,0,-0.0075015,-5.357143,-0.0075015,-5.357143
1,257,257,257,257,-1.4,13.1,-1.4,13.1,-11.479126232,-24.326196156,False,0,10,6,3,7,0.0358356025409,0.739563116004,0.224601281455,257,257,257,-1.4,13.1,-1.4,13.1,-11.479126232,-24.326196156,False,1788258971,1788258971.16,0.164806604385,1788258971,1788258971.5,1788258972,1788258972000104,1788258972054056,-11.479126,-24.326197,-11.479126232,-24.326196671,AWGN,rfsimu_channel_enB0,static-0,1788258680507302308,1,14bd144574d32d9e,1,1,1,1,10072.4666667,40.026633,-108,10.066667,True,257,257,257,-1.4,13.1,-1.4,13.1,-11.479126232,-24.326196156,False,-1.3620985,0,0,0.0379015,-3.033333,0.0379015,-3.033333
1,258,258,258,258,-0.6,11.95,-0.6,11.95,-10.738334438,-22.628092974,False,0,18,4,7,3,0.159802894389,0.630832780933,0.209364324678,258,258,258,-0.6,11.95,-0.6,11.95,-10.738334438,-22.628092974,False,1788258972,1788258972.11,0.113605260849,1788258972,1788258972.5,1788258973,1788258973001185,1788258973034087,-10.738334,-22.628094,-10.738334438,-22.628093719,AWGN,rfsimu_channel_enB0,static-0,1788258680507302308,1,14bd144574d32d9e,1,1,1,1,11987.3571429,40.784631,-107,10.921429,True,258,258,258,-0.6,11.95,-0.6,11.95,-10.738334438,-22.628092974,False,-0.6041005,0,0,-0.0041005,-1.028571,-0.0041005,-1.028571
1,259,259,259,259,-2.35,10.6,-2.35,10.6,-12.592073499,-23.060732069,False,0,16,4,3,15,0.449064810485,0.25489843992,0.296036749595,259,259,259,-2.35,10.6,-2.35,10.6,-12.592073499,-23.060732069,False,1788258973,1788258973.16,0.157084703445,1788258973,1788258973.5,1788258974,1788258974000157,1788258974022538,-12.592073,-23.060732,-12.592073499,-23.060731888,AWGN,rfsimu_channel_enB0,static-0,1788258680507302308,1,14bd144574d32d9e,1,1,1,1,8295.85714286,39.161939,-109,9.878571,True,259,259,259,-2.35,10.6,-2.35,10.6,-12.592073499,-23.060732069,False,-2.2267925,0,0,0.1232075,-0.721429,0.1232075,-0.721429
1,260,260,260,260,-2.65,11.55,-2.65,11.55,-12.840234159,-24.210167065,False,0,9,3,1,15,0.585483056427,0.00560013597811,0.408916807595,260,260,260,-2.65,11.55,-2.65,11.55,-12.840234159,-24.210167065,False,1788258974,1788258974.11,0.113159656525,1788258974,1788258974.5,1788258975,1788258975001719,1788258975010112,-12.840234,-24.210167,-12.840234159,-24.210166931,AWGN,rfsimu_channel_enB0,static-0,1788258680507302308,1,14bd144574d32d9e,1,1,1,1,7342.21428571,38.655413,-109,9.45,True,260,260,260,-2.65,11.55,-2.65,11.55,-12.840234159,-24.210167065,False,-2.7333185,0,0,-0.0833185,-2.1,-0.0833185,-2.1
1,261,261,261,261,-3.7,11.2,-3.7,11.2,-13.917005548,-24.97487101,False,0,9,3,1,15,0.251705732536,0.210208506371,0.538085761092,261,261,261,-3.7,11.2,-3.7,11.2,-13.917005548,-24.97487101,False,1788258975,1788258975.16,0.157595872879,1788258975,1788258975.5,1788258976,1788258976000360,1788258976000120,-13.917006,-24.974871,-13.917005548,-24.974870682,AWGN,rfsimu_channel_enB0,static-0,1788258680507302308,1,14bd144574d32d9e,1,1,1,1,5936.64285714,37.721153,-110,8.4,True,261,261,261,-3.7,11.2,-3.7,11.2,-13.917005548,-24.97487101,False,-3.6675785,0,0,0.0324215,-2.8,0.0324215,-2.8
1,262,262,262,262,-2.65,10.7,-2.65,10.7,-12.892369752,-23.469873002,False,0,16,4,3,15,0.212585748393,0.341229375438,0.446184876169,262,262,262,-2.65,10.7,-2.65,10.7,-12.892369752,-23.469873002,False,1788258976,1788258976.13,0.125651359558,1788258976,1788258976.5,1788258977,1788258977000687,1788258977055582,-12.89237,-23.469873,-12.892369752,-23.469873428,AWGN,rfsimu_channel_enB0,static-0,1788258680507302308,1,14bd144574d32d9e,1,1,1,1,7293.86666667,38.621472,-109,9.673333,True,262,262,262,-2.65,10.7,-2.65,10.7,-12.892369752,-23.469873002,False,-2.7672595,0,0,-0.1172595,-1.026667,-0.1172595,-1.026667
1,263,263,263,263,-4.05,9.35,-4.05,9.35,-14.394786316,-23.733780268,False,0,7,13,15,1,0.0647971837679,0.867404025813,0.0677987904194,263,263,263,-4.05,9.35,-4.05,9.35,-14.394786316,-23.733780268,False,1788258977,1788258977.15,0.152971029282,1788258977,1788258977.5,1788258978,1788258978000442,1788258978045636,-14.394786,-23.73378,-14.394786316,-23.733779907,AWGN,rfsimu_channel_enB0,static-0,1788258680507302308,1,14bd144574d32d9e,1,1,1,1,5632,37.482821,-110,8.921429,True,263,263,263,-4.05,9.35,-4.05,9.35,-14.394786316,-23.733780268,False,-3.9059105,0,0,0.1440895,-0.428571,0.1440895,-0.428571
1,264,264,264,264,-3.85,9.6,-3.85,9.6,-14.17611825,-23.768402591,False,0,9,3,1,15,0.0168876350549,0.10494676017,0.878165604775,264,264,264,-3.85,9.6,-3.85,9.6,-14.17611825,-23.768402591,False,1788258978,1788258978.11,0.113621473312,1788258978,1788258978.5,1788258979,1788258979001631,1788258979031673,-14.176118,-23.768402,-14.17611825,-23.7684021,AWGN,rfsimu_channel_enB0,static-0,1788258680507302308,1,14bd144574d32d9e,1,1,1,1,5546.21428571,37.437743,-110,8.864286,True,264,264,264,-3.85,9.6,-3.85,9.6,-14.17611825,-23.768402591,False,-3.9509885,0,0,-0.1009885,-0.735714,-0.1009885,-0.735714
1,265,265,265,265,-3.25,9.15,-3.25,9.15,-13.601956209,-22.762280109,False,0,15,4,15,16,0.121625903116,0.839676100786,0.0386979960973,265,265,265,-3.25,9.15,-3.25,9.15,-13.601956209,-22.762280109,False,1788258979,1788258979.15,0.153081655502,1788258979,1788258979.5,1788258980,1788258980000684,1788258980024960,-13.601956,-22.76228,-13.601956209,-22.76227951,AWGN,rfsimu_channel_enB0,static-0,1788258680507302308,1,14bd144574d32d9e,1,1,1,1,6424.28571429,38.0727,-110,9.592857,True,265,265,265,-3.25,9.15,-3.25,9.15,-13.601956209,-22.762280109,False,-3.3160315,0,0,-0.0660315,0.442857,-0.0660315,0.442857
1,266,266,266,266,-4.1,10,-4.1,10,-14.399729113,-24.359235492,False,0,7,13,15,1,0.00398164054464,0.804117083803,0.191901275652,266,266,266,-4.1,10,-4.1,10,-14.399729113,-24.359235492,False,1788258980,1788258980.1,0.104944229126,1788258980,1788258980.5,1788258981,1788258981001033,1788258981004285,-14.399729,-24.359236,-14.399729113,-24.359235764,AWGN,rfsimu_channel_enB0,static-0,1788258680507302308,1,14bd144574d32d9e,1,1,1,1,5352.28571429,37.282434,-111,8.971429,True,266,266,266,-4.1,10,-4.1,10,-14.399729113,-24.359235492,False,-4.1062975,0,0,-0.0062975,-1.028571,-0.0062975,-1.028571
1,267,267,267,267,-3.3,10.2,-3.3,10.2,-13.583791857,-23.72152936,False,0,9,3,1,15,0.242028651044,0.0339245797416,0.724046769215,267,267,267,-3.3,10.2,-3.3,10.2,-13.583791857,-23.72152936,False,1788258981,1788258981.15,0.153610706329,1788258981,1788258981.5,1788258982,1788258982001285,1788258982009753,-13.583792,-23.721529,-13.583791857,-23.721529007,AWGN,rfsimu_channel_enB0,static-0,1788258680507302308,1,14bd144574d32d9e,1,1,1,1,6330.53333333,38.007817,-110,9.86,True,267,267,267,-3.3,10.2,-3.3,10.2,-13.583791857,-23.72152936,False,-3.3809145,0,0,-0.0809145,-0.34,-0.0809145,-0.34
1,268,268,268,268,-2.75,12.5,-2.75,12.5,-12.875988064,-25.117694921,False,0,9,3,1,15,0.672415188637,0.110409220461,0.217175590901,268,268,268,-2.75,12.5,-2.75,12.5,-12.875988064,-25.117694921,False,1788258982,1788258982.1,0.0976176261902,1788258982,1788258982.5,1788258983,1788258983000756,1788258983068047,-12.875988,-25.117695,-12.875988064,-25.117694855,AWGN,rfsimu_channel_enB0,static-0,1788258680507302308,1,14bd144574d32d9e,1,1,1,1,7223,38.58498,-109,10.486667,True,268,268,268,-2.75,12.5,-2.75,12.5,-12.875988064,-25.117694921,False,-2.8037515,0,0,-0.0537515,-2.013333,-0.0537515,-2.013333
1,269,269,269,269,-1.6,13.05,-1.6,13.05,-11.681112071,-24.461711599,False,0,18,4,7,3,0.0199855024684,0.159443964374,0.820570533158,269,269,269,-1.6,13.05,-1.6,13.05,-11.681112071,-24.461711599,False,1788258983,1788258983.16,0.161633014679,1788258983,1788258983.5,1788258984,1788258984001109,1788258984011379,-11.681112,-24.461712,-11.681112071,-24.461711884,AWGN,rfsimu_channel_enB0,static-0,1788258680507302308,1,14bd144574d32d9e,1,1,1,1,9455.42857143,39.746346,-108,12.035714,True,269,269,269,-1.6,13.05,-1.6,13.05,-11.681112071,-24.461711599,False,-1.6423855,0,0,-0.0423855,-1.014286,-0.0423855,-1.014286
1,270,270,270,270,-3,11.45,-3,11.45,-13.198025824,-24.479215819,False,0,9,3,1,15,0.476236159459,0.0752490714146,0.448514769126,270,270,270,-3,11.45,-3,11.45,-13.198025824,-24.479215819,False,1788258984,1788258984.12,0.117697000504,1788258984,1788258984.5,1788258985,1788258985000270,1788258985069287,-13.198026,-24.479216,-13.198025824,-24.479215622,AWGN,rfsimu_channel_enB0,static-0,1788258680507302308,1,14bd144574d32d9e,1,1,1,1,6935.06666667,38.391919,-109,11.14,True,270,270,270,-3,11.45,-3,11.45,-13.198025824,-24.479215819,False,-2.9968125,0,0,0.0031875,-0.31,0.0031875,-0.31
1,271,271,271,271,-2.55,9.7,-2.55,9.7,-12.851038862,-22.489835187,False,0,16,4,3,15,0.553041983941,0.0214385852986,0.42551943076,271,271,271,-2.55,9.7,-2.55,9.7,-12.851038862,-22.489835187,False,1788258985,1788258985.16,0.161731958389,1788258985,1788258985.5,1788258986,1788258986000878,1788258986051455,-12.851039,-22.489836,-12.851038862,-22.489835739,AWGN,rfsimu_channel_enB0,static-0,1788258680507302308,1,14bd144574d32d9e,1,1,1,1,7431.85714286,38.707406,-109,11.471429,True,271,271,271,-2.55,9.7,-2.55,9.7,-12.851038862,-22.489835187,False,-2.6813255,0,0,-0.1313255,1.771429,-0.1313255,1.771429
1,272,272,272,272,-1.2,12.4,-1.2,12.4,-11.316612643,-23.542320879,False,0,18,4,7,3,0.144199361666,0.341693678552,0.514106959782,272,272,272,-1.2,12.4,-1.2,12.4,-11.316612643,-23.542320879,False,1788258986,1788258986.12,0.117629289627,1788258986,1788258986.5,1788258987,1788258987000774,1788258987035964,-11.316613,-23.54232,-11.316612643,-23.542320251,AWGN,rfsimu_channel_enB0,static-0,1788258680507302308,1,14bd144574d32d9e,1,1,1,1,10421.3571429,40.177456,-108,13.035714,True,272,272,272,-1.2,12.4,-1.2,12.4,-11.316612643,-23.542320879,False,-1.2112755,0,0,-0.0112755,0.635714,-0.0112755,0.635714
1,273,273,273,273,-1.95,11.2,-1.95,11.2,-12.14709598,-23.155226863,False,0,16,4,3,15,0.565892385457,0.360559624376,0.0735479901672,273,273,273,-1.95,11.2,-1.95,11.2,-12.14709598,-23.155226863,False,1788258987,1788258987.16,0.157607793808,1788258987,1788258987.5,1788258988,1788258988000848,1788258988027202,-12.147096,-23.155228,-12.14709598,-23.155227661,AWGN,rfsimu_channel_enB0,static-0,1788258680507302308,1,14bd144574d32d9e,1,1,1,1,8927.28571429,39.498453,-108,12.314286,True,273,273,273,-1.95,11.2,-1.95,11.2,-12.14709598,-23.155226863,False,-1.8902785,0,0,0.0597215,1.114286,0.0597215,1.114286
1,274,274,274,274,-1.4,11.5,-1.4,11.5,-11.572430169,-22.917347165,False,0,18,4,7,3,0.480432696239,0.21378491553,0.305782388231,274,274,274,-1.4,11.5,-1.4,11.5,-11.572430169,-22.917347165,False,1788258988,1788258988.11,0.113603830338,1788258988,1788258988.5,1788258989,1788258989000759,1788258989016090,-11.57243,-22.917347,-11.572430169,-22.917346954,AWGN,rfsimu_channel_enB0,static-0,1788258680507302308,1,14bd144574d32d9e,1,1,1,1,9948.57142857,39.976227,-108,11.3,True,274,274,274,-1.4,11.5,-1.4,11.5,-11.572430169,-22.917347165,False,-1.4125045,0,0,-0.0125045,-0.2,-0.0125045,-0.2
1,275,275,275,275,-0.85,12.7,-0.85,12.7,-10.94757171,-23.501241906,False,0,10,6,3,7,0.0266281133242,0.473785855248,0.499586031428,275,275,275,-0.85,12.7,-0.85,12.7,-10.94757171,-23.501241906,False,1788258989,1788258989.15,0.152832746506,1788258989,1788258989.5,1788258990,1788258990000225,1788258990000027,-10.947572,-23.501242,-10.94757171,-23.501241684,AWGN,rfsimu_channel_enB0,static-0,1788258680507302308,1,14bd144574d32d9e,1,1,1,1,11234.2142857,40.501859,-107,11.021429,True,275,275,275,-0.85,12.7,-0.85,12.7,-10.94757171,-23.501241906,False,-0.8868725,0,0,-0.0368725,-1.678571,-0.0368725,-1.678571
1,276,276,276,276,-1.3,14.05,-1.3,14.05,-11.344240583,-25.020223364,False,0,20,2,3,6,0.00674112143667,0.665379169898,0.327879708665,276,276,276,-1.3,14.05,-1.3,14.05,-11.344240583,-25.020223364,False,1788258990,1788258990.1,0.100857973099,1788258990,1788258990.5,1788258991,1788258991000744,1788258991053422,-11.344241,-25.020224,-11.344240583,-25.020223618,AWGN,rfsimu_channel_enB0,static-0,1788258680507302308,1,14bd144574d32d9e,1,1,1,1,10255.2,40.105396,-108,10.913333,True,276,276,276,-1.3,14.05,-1.3,14.05,-11.344240583,-25.020223364,False,-1.2833355,0,0,0.0166645,-3.136667,0.0166645,-3.136667
1,277,277,277,277,-2.2,12.3,-2.2,12.3,-12.335535281,-24.383472603,False,0,16,4,3,15,0.093664038784,0.738568320807,0.167767640409,277,277,277,-2.2,12.3,-2.2,12.3,-12.335535281,-24.383472603,False,1788258991,1788258991.16,0.157019615173,1788258991,1788258991.5,1788258992,1788258992000172,1788258992039747,-12.335535,-24.383472,-12.335535281,-24.383472443,AWGN,rfsimu_channel_enB0,static-0,1788258680507302308,1,14bd144574d32d9e,1,1,1,1,8476.92857143,39.275296,-109,10.685715,True,277,277,277,-2.2,12.3,-2.2,12.3,-12.335535281,-24.383472603,False,-2.1134355,0,0,0.0865645,-1.614285,0.0865645,-1.614285
1,278,278,278,278,-3.6,9.8,-3.6,9.8,-13.91181919,-23.685362297,False,0,9,3,1,15,0.11044390343,0.0663534986429,0.823202597927,278,278,278,-3.6,9.8,-3.6,9.8,-13.91181919,-23.685362297,False,1788258992,1788258992.11,0.109608888626,1788258992,1788258992.5,1788258993,1788258993001366,1788258993025682,-13.911819,-23.685362,-13.91181919,-23.685361862,AWGN,rfsimu_channel_enB0,static-0,1788258680507302308,1,14bd144574d32d9e,1,1,1,1,6008.21428571,37.784543,-110,9.028571,True,278,278,278,-3.6,9.8,-3.6,9.8,-13.91181919,-23.685362297,False,-3.6041885,0,0,-0.0041885,-0.771429,-0.0041885,-0.771429
1,279,279,279,279,-1.65,12.65,-1.65,12.65,-11.75557614,-24.150515446,False,0,18,4,7,3,0.160949588136,0.122211929913,0.71683848195,279,279,279,-1.65,12.65,-1.65,12.65,-11.75557614,-24.150515446,False,1788258993,1788258993.16,0.157620429993,1788258993,1788258993.5,1788258994,1788258994000821,1788258994012628,-11.755576,-24.150515,-11.75557614,-24.150514603,AWGN,rfsimu_channel_enB0,static-0,1788258680507302308,1,14bd144574d32d9e,1,1,1,1,9186.64285714,39.609543,-108,11.05,True,279,279,279,-1.65,12.65,-1.65,12.65,-11.75557614,-24.150515446,False,-1.7791885,0,0,-0.1291885,-1.6,-0.1291885,-1.6
1,280,280,280,280,-2.1,12.4,-2.1,12.4,-12.227330618,-24.363458844,False,0,16,4,3,15,0.136403512605,0.749931178388,0.113665309006,280,280,280,-2.1,12.4,-2.1,12.4,-12.227330618,-24.363458844,False,1788258994,1788258994.11,0.105093955994,1788258994,1788258994.5,1788258995,1788258995000817,1788258995065316,-12.227331,-24.363459,-12.227330618,-24.363458633,AWGN,rfsimu_channel_enB0,static-0,1788258680507302308,1,14bd144574d32d9e,1,1,1,1,8511.8,39.296116,-109,11.32,True,280,280,280,-2.1,12.4,-2.1,12.4,-12.227330618,-24.363458844,False,-2.0926155,0,0,0.0073845,-1.08,0.0073845,-1.08
1,281,281,281,281,-1.55,15.95,-1.55,15.95,-11.515189216,-27.255308478,False,0,20,2,3,6,0.751769492587,0.00582511560206,0.242405391811,281,281,281,-1.55,15.95,-1.55,15.95,-11.515189216,-27.255308478,False,1788258995,1788258995.16,0.157617330551,1788258995,1788258995.5,1788258996,1788258996001392,1788258996051515,-11.515189,-27.255308,-11.515189216,-27.255308151,AWGN,rfsimu_channel_enB0,static-0,1788258680507302308,1,14bd144574d32d9e,1,1,1,1,9608.14285714,39.824735,-108,12.542857,True,281,281,281,-1.55,15.95,-1.55,15.95,-11.515189216,-27.255308478,False,-1.5639965,0,0,-0.0139965,-3.407143,-0.0139965,-3.407143
1,282,282,282,282,-1.75,12.7,-1.75,12.7,-11.853457225,-24.28075066,False,0,18,4,7,3,0.166478392495,0.0732713875587,0.760250219946,282,282,282,-1.75,12.7,-1.75,12.7,-11.853457225,-24.28075066,False,1788258996,1788258996.1,0.100844144821,1788258996,1788258996.5,1788258997,1788258997001854,1788258997031113,-11.853457,-24.28075,-11.853457225,-24.280750275,AWGN,rfsimu_channel_enB0,static-0,1788258680507302308,1,14bd144574d32d9e,1,1,1,1,9250.28571429,39.659856,-108,12.371429,True,282,282,282,-1.75,12.7,-1.75,12.7,-11.853457225,-24.28075066,False,-1.7288755,0,0,0.0211245,-0.328571,0.0211245,-0.328571
1,283,283,283,283,-1.4,14.55,-1.4,14.55,-11.423106306,-25.647044702,False,0,20,2,3,6,0.215681567203,0.495871585734,0.288446847063,283,283,283,-1.4,14.55,-1.4,14.55,-11.423106306,-25.647044702,False,1788258997,1788258997.15,0.148962020874,1788258997,1788258997.5,1788258998,1788258998000378,1788258998021266,-11.423106,-25.647045,-11.423106306,-25.647045135,AWGN,rfsimu_channel_enB0,static-0,1788258680507302308,1,14bd144574d32d9e,1,1,1,1,9913.78571429,39.959462,-108,12.985714,True,283,283,283,-1.4,14.55,-1.4,14.55,-11.423106306,-25.647044702,False,-1.4292695,0,0,-0.0292695,-1.564286,-0.0292695,-1.564286
1,284,284,284,284,-0.6,13,-0.6,13,-10.687968836,-23.521975525,False,0,10,6,3,7,0.163340757088,0.343984417808,0.492674825103,284,284,284,-0.6,13,-0.6,13,-10.687968836,-23.521975525,False,1788258998,1788258998.1,0.0970754623413,1788258998,1788258998.5,1788258999,1788258999001152,1788258999009641,-10.687969,-23.521976,-10.687968836,-23.521976471,AWGN,rfsimu_channel_enB0,static-0,1788258680507302308,1,14bd144574d32d9e,1,1,1,1,12066.6428571,40.814819,-107,14.628572,True,284,284,284,-0.6,13,-0.6,13,-10.687968836,-23.521975525,False,-0.5739125,0,0,0.0260875,1.628572,0.0260875,1.628572
1,285,285,285,285,1.2,15.2,1.2,15.2,-8.808735609,-23.542563457,False,0,28,10,9,6,0.485812181103,0.109820014254,0.404367804644,285,285,285,1.2,15.2,1.2,15.2,-8.808735609,-23.542563457,False,1788258999,1788258999.16,0.157608747482,1788258999,1788258999.5,1788259000,1788259000000955,1788259000026522,-8.808736,-23.542564,-8.808735609,-23.542564392,AWGN,rfsimu_channel_enB0,static-0,1788258680507302308,1,14bd144574d32d9e,1,1,1,1,17183.3333333,42.311481,-105,16.16,True,285,285,285,1.2,15.2,1.2,15.2,-8.808735609,-23.542563457,False,0.9227495,0,0,-0.2772505,0.96,-0.2772505,0.96
1,286,286,286,286,0.15,14.15,0.15,14.15,-9.898919663,-23.769869558,False,0,27,6,7,10,0.589956519455,0.359503312205,0.0505401683394,286,286,286,0.15,14.15,0.15,14.15,-9.898919663,-23.769869558,False,1788259000,1788259000.11,0.113620519638,1788259000,1788259000.5,1788259001,1788259001000438,1788259001016380,-9.89892,-23.769869,-9.898919663,-23.769868851,AWGN,rfsimu_channel_enB0,static-0,1788258680507302308,1,14bd144574d32d9e,1,1,1,1,14280.2142857,41.533676,-106,15.378571,True,286,286,286,0.15,14.15,0.15,14.15,-9.898919663,-23.769869558,False,0.1449445,0,0,-0.0050555,1.228571,-0.0050555,1.228571
1,287,287,287,287,-0.7,13.35,-0.7,13.35,-10.774263997,-23.899688737,False,0,10,6,3,7,0.246097580322,0.387131998673,0.366770421004,287,287,287,-0.7,13.35,-0.7,13.35,-10.774263997,-23.899688737,False,1788259001,1788259001.15,0.153619289398,1788259001,1788259001.5,1788259002,1788259002001504,1788259002054129,-10.774264,-23.899689,-10.774263997,-23.899688721,AWGN,rfsimu_channel_enB0,static-0,1788258680507302308,1,14bd144574d32d9e,1,1,1,1,11892.4,40.745268,-107,14.38,True,287,287,287,-0.7,13.35,-0.7,13.35,-10.774263997,-23.899688737,False,-0.6434635,0,0,0.0565365,1.03,0.0565365,1.03
1,288,288,288,288,-0.4,13.05,-0.4,13.05,-10.487379595,-23.382517174,False,0,10,6,3,7,0.217149260737,0.243689797391,0.539160941873,288,288,288,-0.4,13.05,-0.4,13.05,-10.487379595,-23.382517174,False,1788259002,1788259002.11,0.105634450912,1788259002,1788259002.5,1788259003,1788259003000205,1788259003037564,-10.48738,-23.382517,-10.487379595,-23.382516861,AWGN,rfsimu_channel_enB0,static-0,1788258680507302308,1,14bd144574d32d9e,1,1,1,1,12500.7142857,40.967473,-107,14.578572,True,288,288,288,-0.4,13.05,-0.4,13.05,-10.487379595,-23.382517174,False,-0.4212585,0,0,-0.0212585,1.528572,-0.0212585,1.528572
1,289,289,289,289,0.2,13.4,0.2,13.4,-9.87704148,-23.104522081,False,0,27,6,7,10,0.368174026951,0.570346713222,0.0614792598264,289,289,289,0.2,13.4,0.2,13.4,-9.87704148,-23.104522081,False,1788259003,1788259003.15,0.153035163879,1788259003,1788259003.5,1788259004,1788259004000846,1788259004026359,-9.877041,-23.104523,-9.87704148,-23.104522705,AWGN,rfsimu_channel_enB0,static-0,1788258680507302308,1,14bd144574d32d9e,1,1,1,1,14317.9285714,41.557259,-106,15.185714,True,289,289,289,0.2,13.4,0.2,13.4,-9.87704148,-23.104522081,False,0.1685275,0,0,-0.0314725,1.785714,-0.0314725,1.785714
1,290,290,290,290,0.65,16.2,0.65,16.2,-9.328390516,-25.137601677,False,0,13,9,5,6,0.335804742232,0.0458672258011,0.618328031967,290,290,290,0.65,16.2,0.65,16.2,-9.328390516,-25.137601677,False,1788259004,1788259004.11,0.108940601349,1788259004,1788259004.5,1788259005,1788259005000218,1788259005019523,-9.328391,-25.137602,-9.328390516,-25.137601852,AWGN,rfsimu_channel_enB0,static-0,1788258680507302308,1,14bd144574d32d9e,1,1,1,1,16027.0714286,42.048126,-106,15.921429,True,290,290,290,0.65,16.2,0.65,16.2,-9.328390516,-25.137601677,False,0.6593945,0,0,0.0093945,-0.278571,0.0093945,-0.278571
1,291,291,291,291,0.2,15.35,0.2,15.35,-9.803584745,-24.691773984,False,0,27,6,7,10,0.897257994812,0.0045343778996,0.0982076272884,291,291,291,0.2,15.35,0.2,15.35,-9.803584745,-24.691773984,False,1788259005,1788259005.15,0.149113178253,1788259005,1788259005.5,1788259006,1788259006000714,1788259006007368,-9.803585,-24.691774,-9.803584745,-24.691774368,AWGN,rfsimu_channel_enB0,static-0,1788258680507302308,1,14bd144574d32d9e,1,1,1,1,14518.3571429,41.615547,-106,16.064286,True,291,291,291,0.2,15.35,0.2,15.35,-9.803584745,-24.691773984,False,0.2268155,0,0,0.0268155,0.714286,0.0268155,0.714286
1,292,292,292,292,1.95,13.25,1.95,13.25,-8.153838729,-20.906125421,False,0,25,16,17,10,0.233592006049,0.156672641683,0.609735352268,292,292,292,1.95,13.25,1.95,13.25,-8.153838729,-20.906125421,False,1788259006,1788259006.11,0.105627298355,1788259006,1788259006.5,1788259007,1788259007000698,1788259007058660,-8.153839,-20.906126,-8.153838729,-20.906126022,AWGN,rfsimu_channel_enB0,static-0,1788258680507302308,1,14bd144574d32d9e,1,1,1,1,20791.9333333,43.155006,-105,17.64,True,292,292,292,1.95,13.25,1.95,13.25,-8.153838729,-20.906125421,False,1.7662745,0,0,-0.1837255,4.39,-0.1837255,4.39
1,293,293,293,293,1.9,15.1,1.9,15.1,-8.112264726,-22.745897719,False,0,28,10,9,6,0.751367427083,0.192500209709,0.0561323632078,293,293,293,1.9,15.1,1.9,15.1,-8.112264726,-22.745897719,False,1788259007,1788259007.16,0.157737970352,1788259007,1788259007.5,1788259008,1788259008000739,1788259008044004,-8.112265,-22.745897,-8.112264726,-22.745897293,AWGN,rfsimu_channel_enB0,static-0,1788258680507302308,1,14bd144574d32d9e,1,1,1,1,21387.8571429,43.300649,-105,17.764286,True,293,293,293,1.9,15.1,1.9,15.1,-8.112264726,-22.745897719,False,1.9119175,0,0,0.0119175,2.664286,0.0119175,2.664286
1,294,294,294,294,1.2,15.65,1.2,15.65,-8.794942242,-24.013644929,False,0,28,10,9,6,0.328785023755,0.27374385543,0.397471120815,294,294,294,1.2,15.65,1.2,15.65,-8.794942242,-24.013644929,False,1788259008,1788259008.11,0.113628149033,1788259008,1788259008.5,1788259009,1788259009000703,1788259009026648,-8.794942,-24.013645,-8.794942242,-24.013645172,AWGN,rfsimu_channel_enB0,static-0,1788258680507302308,1,14bd144574d32d9e,1,1,1,1,18105.0714286,42.576851,-105,16.578571,True,294,294,294,1.2,15.65,1.2,15.65,-8.794942242,-24.013644929,False,1.1881195,0,0,-0.0118805,0.928571,-0.0118805,0.928571
1,295,295,295,295,2.4,17.55,2.4,17.55,-7.542436642,-24.823493096,False,0,11,11,8,9,0.114390839592,0.0174249250835,0.868184235325,295,295,295,2.4,17.55,2.4,17.55,-7.542436642,-24.823493096,False,1788259009,1788259009.16,0.161242961884,1788259009,1788259009.5,1788259010,1788259010000573,1788259010015787,-7.542437,-24.823494,-7.542436642,-24.823493958,AWGN,rfsimu_channel_enB0,static-0,1788258680507302308,1,14bd144574d32d9e,1,1,1,1,23535.9285714,43.705599,-104,17.578572,True,295,295,295,2.4,17.55,2.4,17.55,-7.542436642,-24.823493096,False,2.3168675,0,0,-0.0831325,0.028572,-0.0831325,0.028572
1,296,296,296,296,1.05,16.15,1.05,16.15,-8.929516865,-24.685350422,False,0,28,10,9,6,0.104883192596,0.430358374798,0.464758432607,296,296,296,1.05,16.15,1.05,16.15,-8.929516865,-24.685350422,False,1788259010,1788259010.13,0.129595041275,1788259010,1788259010.5,1788259011,1788259011001103,1788259011066807,-8.929517,-24.68535,-8.929516865,-24.685350418,AWGN,rfsimu_channel_enB0,static-0,1788258680507302308,1,14bd144574d32d9e,1,1,1,1,17992.4666667,42.532119,-105,16.386666,True,296,296,296,1.05,16.15,1.05,16.15,-8.929516865,-24.685350422,False,1.1433875,0,0,0.0933875,0.236666,0.0933875,0.236666
1,297,297,297,297,1.1,13.95,1.1,13.95,-8.953968994,-22.564620945,False,0,27,6,7,10,0.18820698159,0.288777515489,0.523015502921,297,297,297,1.1,13.95,1.1,13.95,-8.953968994,-22.564620945,False,1788259011,1788259011.16,0.161680221558,1788259011,1788259011.5,1788259012,1788259012001530,1788259012052212,-8.953969,-22.564621,-8.953968994,-22.564620972,AWGN,rfsimu_channel_enB0,static-0,1788258680507302308,1,14bd144574d32d9e,1,1,1,1,17655.8571429,42.468283,-105,16.078571,True,297,297,297,1.1,13.95,1.1,13.95,-8.953968994,-22.564620945,False,1.0795515,0,0,-0.0204485,2.128571,-0.0204485,2.128571
1,298,298,298,298,-1.55,17.35,-1.55,17.35,-11.48919558,-28.691293421,False,0,21,2,5,14,0.514166649587,0.370617780246,0.115215570168,298,298,298,-1.55,17.35,-1.55,17.35,-11.48919558,-28.691293421,False,1788259012,1788259012.12,0.117707967758,1788259012,1788259012.5,1788259013,1788259013000800,1788259013042450,-11.489196,-28.691294,-11.48919558,-28.691293716,AWGN,rfsimu_channel_enB0,static-0,1788258680507302308,1,14bd144574d32d9e,1,1,1,1,9629.92857143,39.835375,-108,12.778572,True,298,298,298,-1.55,17.35,-1.55,17.35,-11.48919558,-28.691293421,False,-1.5533565,0,0,-0.0033565,-4.571428,-0.0033565,-4.571428
1,299,299,299,299,0.9,15.8,0.9,15.8,-9.090145628,-24.467235357,False,0,28,10,9,6,0.177588214205,0.277338971943,0.545072813852,299,299,299,0.9,15.8,0.9,15.8,-9.090145628,-24.467235357,False,1788259013,1788259013.15,0.152993440628,1788259013,1788259013.5,1788259014,1788259014001797,1788259014033559,-9.090146,-24.467236,-9.090145628,-24.467235565,AWGN,rfsimu_channel_enB0,static-0,1788258680507302308,1,14bd144574d32d9e,1,1,1,1,16368.2857143,42.098944,-106,15.321429,True,299,299,299,0.9,15.8,0.9,15.8,-9.090145628,-24.467235357,False,0.7102125,0,0,-0.1897875,-0.478571,-0.1897875,-0.478571
1,300,300,300,300,-0.85,15.75,-0.85,15.75,-10.830233602,-26.25977837,False,0,19,6,5,2,0.580073876756,0.00480932222006,0.415116801024,300,300,300,-0.85,15.75,-0.85,15.75,-10.830233602,-26.25977837,False,1788259014,1788259014.16,0.157134056091,1788259014,1788259014.5,1788259015,1788259015000010,1788259015020624,-10.830234,-26.259779,-10.830233602,-26.259778976,AWGN,rfsimu_channel_enB0,static-0,1788258680507302308,1,14bd144574d32d9e,1,1,1,1,11759.7857143,40.670196,-107,13.971428,True,300,300,300,-0.85,15.75,-0.85,15.75,-10.830233602,-26.25977837,False,-0.7185355,0,0,0.1314645,-1.778572,0.1314645,-1.778572
1,301,301,301,301,-1.35,18.65,-1.35,18.65,-11.273815368,-29.757009176,False,0,21,2,5,14,0.0512379584921,0.655927178783,0.292834862725,301,301,301,-1.35,18.65,-1.35,18.65,-11.273815368,-29.757009176,False,1788259015,1788259015.12,0.120943784714,1788259015,1788259015.5,1788259016,1788259016000611,1788259016012431,-11.273815,-29.75701,-11.273815368,-29.757009506,AWGN,rfsimu_channel_enB0,static-0,1788258680507302308,1,14bd144574d32d9e,1,1,1,1,10233.8571429,40.097964,-108,15.121428,True,301,301,301,-1.35,18.65,-1.35,18.65,-11.273815368,-29.757009176,False,-1.2907675,0,0,0.0592325,-3.528572,0.0592325,-3.528572
1,302,302,302,302,1.35,18.85,1.35,18.85,-8.57477235,-27.173150569,False,0,14,8,5,9,0.4369973481,0.287386174957,0.275616476943,302,302,302,1.35,18.85,1.35,18.85,-8.57477235,-27.173150569,False,1788259016,1788259016.16,0.157742500305,1788259016,1788259016.5,1788259017,1788259017000693,1788259017002461,-8.574772,-27.173151,-8.57477235,-27.173151016,AWGN,rfsimu_channel_enB0,static-0,1788258680507302308,1,14bd144574d32d9e,1,1,1,1,18147.2142857,42.542806,-105,18.328572,True,302,302,302,1.35,18.85,1.35,18.85,-8.57477235,-27.173150569,False,1.1540745,0,0,-0.1959255,-0.521428,-0.1959255,-0.521428
1,303,303,303,303,2.3,19.25,2.3,19.25,-7.620985676,-26.606814583,False,0,11,11,8,9,0.0947535810639,0.598773915175,0.306472503761,303,303,303,2.3,19.25,2.3,19.25,-7.620985676,-26.606814583,False,1788259017,1788259017.12,0.116951465607,1788259017,1788259017.5,1788259018,1788259018001610,1788259018049581,-7.620986,-26.606815,-7.620985676,-26.606815338,AWGN,rfsimu_channel_enB0,static-0,1788258680507302308,1,14bd144574d32d9e,1,1,1,1,23072.9333333,43.623719,-104,19.426667,True,303,303,303,2.3,19.25,2.3,19.25,-7.620985676,-26.606814583,False,2.2349875,0,0,-0.0650125,0.176667,-0.0650125,0.176667
1,304,304,304,304,0.5,16.6,0.5,16.6,-9.468890116,-25.723753789,False,0,13,9,5,6,0.26555494204,0.241251263024,0.493193794936,304,304,304,0.5,16.6,0.5,16.6,-9.468890116,-25.723753789,False,1788259018,1788259018.16,0.161663770676,1788259018,1788259018.5,1788259019,1788259019001203,1788259019039633,-9.46889,-25.723753,-9.468890116,-25.723752975,AWGN,rfsimu_channel_enB0,static-0,1788258680507302308,1,14bd144574d32d9e,1,1,1,1,15947.6428571,41.996477,-106,17.657143,True,304,304,304,0.5,16.6,0.5,16.6,-9.468890116,-25.723753789,False,0.6077455,0,0,0.1077455,1.057143,0.1077455,1.057143
2,0,0,0,0,2.8,18.3,2.8,18.3,-7.133590637,-25.191376351,False,0,11,11,8,9,0.216602340654,0.208193677554,0.575203981792,0,0,0,2.8,18.3,2.8,18.3,-7.133590637,-25.191376351,False,1788259184,1788259184.16,0.1576628685,1788259184,1788259184.5,1788259185,1788259185000670,1788259185032042,-7.133591,-25.191376,-7.133590637,-25.191375732,AWGN,rfsimu_channel_enB0,static-0,1788259151077599269,1,14bd144574d32d9e,1,1,1,1,25467.5714286,44.014018,-104,16.678571,True,0,0,0,2.8,18.3,2.8,18.3,-7.133590637,-25.191376351,False,2.6408565,0,0,-0.1591435,-1.621429,-0.1591435,-1.621429
2,1,1,1,1,3.05,17.2,3.05,17.2,-6.911845894,-23.815166716,False,0,12,9,17,11,0.674565120965,0.106792705141,0.218642173894,1,1,1,3.05,17.2,3.05,17.2,-6.911845894,-23.815166716,False,1788259185,1788259185.13,0.125675201416,1788259185,1788259185.5,1788259186,1788259186001661,1788259186013757,-6.911846,-23.815166,-6.911845894,-23.815166473,AWGN,rfsimu_channel_enB0,static-0,1788259151077599269,1,14bd144574d32d9e,1,1,1,1,27611.4285714,44.409328,-103,17.078572,True,1,1,1,3.05,17.2,3.05,17.2,-6.911845894,-23.815166716,False,3.0361665,0,0,-0.0138335,-0.121428,-0.0138335,-0.121428
2,2,2,2,2,1.8,14.05,1.8,14.05,-8.254703293,-21.839262061,False,0,26,10,7,16,0.872648353707,0.0469826769253,0.0803689693682,2,2,2,1.8,14.05,1.8,14.05,-8.254703293,-21.839262061,False,1788259186,1788259186.16,0.15767621994,1788259186,1788259186.5,1788259187,1788259187001504,1788259187066481,-8.254703,-21.839262,-8.254703293,-21.839262009,AWGN,rfsimu_channel_enB0,static-0,1788259151077599269,1,14bd144574d32d9e,1,1,1,1,21339.6,43.278631,-105,14.413333,True,2,2,2,1.8,14.05,1.8,14.05,-8.254703293,-21.839262061,False,1.9054695,0,0,0.1054695,0.363333,0.1054695,0.363333
2,3,3,3,3,1.2,13.6,1.2,13.6,-8.86689199,-22.169997625,False,0,27,6,7,10,0.0566658750635,0.376780119769,0.566554005168,3,3,3,1.2,13.6,1.2,13.6,-8.86689199,-22.169997625,False,1788259187,1788259187.13,0.125003099442,1788259187,1788259187.5,1788259188,1788259188000950,1788259188045871,-8.866892,-22.169998,-7.435098361,-23.44506073,AWGN,rfsimu_channel_enB0,static-0,1788259151077599269,1,14bd144574d32d9e,1,1,1,1,18116.2142857,42.57904,-105,14.671429,True,3,3,3,1.2,13.6,1.2,13.6,-8.86689199,-22.169997625,False,1.2058785,0,0,0.0058785,1.071429,0.0058785,1.071429
2,4,4,4,4,2.55,16.4,2.55,16.4,-7.435098361,-23.445059902,False,0,12,9,17,11,0.75273381713,0.212081546456,0.0351846364133,4,4,4,2.55,16.4,2.55,16.4,-7.435098361,-23.445059902,False,1788259188,1788259188.09,0.0896425247192,1788259188,1788259188.5,1788259189,1788259189001470,1788259189045940,-7.435098,-23.445061,-7.435098361,-23.44506073,AWGN,rfsimu_channel_enB0,static-0,1788259151077599269,1,14bd144574d32d9e,1,1,1,1,24650.2142857,43.917405,-104,16.15,True,4,4,4,2.55,16.4,2.55,16.4,-7.435098361,-23.445059902,False,2.5442435,0,0,-0.0057565,-0.25,-0.0057565,-0.25
2,5,5,5,5,2.65,15.6,2.65,15.6,-7.363962186,-22.494581017,False,0,24,17,9,10,0.3180189069,0.588885548185,0.093095544915,5,5,5,2.65,15.6,2.65,15.6,-7.363962186,-22.494581017,False,1788259189,1788259189.15,0.153551578522,1788259189,1788259189.5,1788259190,1788259190001299,1788259190039748,-7.363962,-22.494581,-7.363962186,-22.494581223,AWGN,rfsimu_channel_enB0,static-0,1788259151077599269,1,14bd144574d32d9e,1,1,1,1,25114.7142857,43.998474,-104,15.8,True,5,5,5,2.65,15.6,2.65,15.6,-7.363962186,-22.494581017,False,2.6253125,0,0,-0.0246875,0.2,-0.0246875,0.2
2,6,6,6,6,3.3,14.75,3.3,14.75,-6.754575743,-20.93758908,False,0,12,9,17,11,0.402002369775,0.573283131919,0.0247144983054,6,6,6,3.3,14.75,3.3,14.75,-6.754575743,-20.93758908,False,1788259190,1788259190.11,0.109057188034,1788259190,1788259190.5,1788259191,1788259191000051,1788259191026485,-6.754576,-20.93759,-6.754575743,-20.937589645,AWGN,rfsimu_channel_enB0,static-0,1788259151077599269,1,14bd144574d32d9e,1,1,1,1,29178.8571429,44.649704,-103,15.371428,True,6,6,6,3.3,14.75,3.3,14.75,-6.754575743,-20.93758908,False,3.2765425,0,0,-0.0234575,0.621428,-0.0234575,0.621428
2,7,7,7,7,2.55,14.75,2.55,14.75,-7.486759374,-21.710050227,False,0,24,17,9,10,0.256620313054,0.245510493172,0.497869193775,7,7,7,2.55,14.75,2.55,14.75,-7.486759374,-21.710050227,False,1788259191,1788259191.16,0.157094717026,1788259191,1788259191.5,1788259192,1788259192000686,1788259192021823,-7.486759,-21.710051,-7.486759374,-21.710050583,AWGN,rfsimu_channel_enB0,static-0,1788259151077599269,1,14bd144574d32d9e,1,1,1,1,25104.2857143,43.992878,-104,14.685714,True,7,7,7,2.55,14.75,2.55,14.75,-7.486759374,-21.710050227,False,2.6197165,0,0,0.0697165,-0.064286,0.0697165,-0.064286
2,8,8,8,8,2.9,15.3,2.9,15.3,-7.129417692,-21.921099036,False,0,24,17,9,10,0.435291153938,0.554087884032,0.0106209620303,8,8,8,2.9,15.3,2.9,15.3,-7.129417692,-21.921099036,False,1788259192,1788259192.12,0.117635250092,1788259192,1788259192.5,1788259193,1788259193001143,1788259193020242,-7.129418,-21.921099,-7.129417692,-21.921098709,AWGN,rfsimu_channel_enB0,static-0,1788259151077599269,1,14bd144574d32d9e,1,1,1,1,26762.8571429,44.272857,-104,14.985714,True,8,8,8,2.9,15.3,2.9,15.3,-7.129417692,-21.921099036,False,2.8996955,0,0,-0.0003045,-0.314286,-0.0003045,-0.314286
2,9,9,9,9,3,14.1,3,14.1,-7.067865607,-20.562801637,False,0,24,17,9,10,0.466067196429,0.142356807723,0.391575995848,9,9,9,3,14.1,3,14.1,-7.067865607,-20.562801637,False,1788259193,1788259193.15,0.153126478195,1788259193,1788259193.5,1788259194,1788259194000914,1788259194014738,-7.067866,-20.562801,-7.067865607,-20.562801361,AWGN,rfsimu_channel_enB0,static-0,1788259151077599269,1,14bd144574d32d9e,1,1,1,1,27415.5,44.378787,-103,13.914286,True,9,9,9,3,14.1,3,14.1,-7.067865607,-20.562801637,False,3.0056255,0,0,0.0056255,-0.185714,0.0056255,-0.185714
2,10,10,10,10,2.75,15.4,2.75,15.4,-7.272534441,-22.181565661,False,0,24,17,9,10,0.363732779321,0.545498926179,0.0907682944997,10,10,10,2.75,15.4,2.75,15.4,-7.272534441,-22.181565661,False,1788259194,1788259194.11,0.113636255264,1788259194,1788259194.5,1788259195,1788259195000273,1788259195003620,-7.272534,-22.181566,-7.272534441,-22.181566238,AWGN,rfsimu_channel_enB0,static-0,1788259151077599269,1,14bd144574d32d9e,1,1,1,1,25605.7857143,44.082655,-104,13.121429,True,10,10,10,2.75,15.4,2.75,15.4,-7.272534441,-22.181565661,False,2.7094935,0,0,-0.0405065,-2.278571,-0.0405065,-2.278571
2,11,11,11,11,2.6,14.75,2.6,14.75,-7.438057935,-21.658070754,False,0,24,17,9,10,0.280971032257,0.260651627599,0.458377340144,11,11,11,2.6,14.75,2.6,14.75,-7.438057935,-21.658070754,False,1788259195,1788259195.16,0.161074876785,1788259195,1788259195.5,1788259196,1788259196000163,1788259196071094,-7.438058,-21.658072,-7.438057935,-21.658071518,AWGN,rfsimu_channel_enB0,static-0,1788259151077599269,1,14bd144574d32d9e,1,1,1,1,25118.4666667,43.998933,-104,13.046667,True,11,11,11,2.6,14.75,2.6,14.75,-7.438057935,-21.658070754,False,2.6257715,0,0,0.0257715,-1.703333,0.0257715,-1.703333
2,12,12,12,12,2.35,12.45,2.35,12.45,-7.8015685,-19.703867484,False,0,25,16,17,10,0.316544919398,0.415760669228,0.267694411375,12,12,12,2.35,12.45,2.35,12.45,-7.8015685,-19.703867484,False,1788259196,1788259196.12,0.121639966965,1788259196,1788259196.5,1788259197,1788259197000877,1788259197061971,-7.801569,-19.703867,-7.8015685,-19.703866959,AWGN,rfsimu_channel_enB0,static-0,1788259151077599269,1,14bd144574d32d9e,1,1,1,1,23366.0714286,43.684595,-104,12.621429,True,12,12,12,2.35,12.45,2.35,12.45,-7.8015685,-19.703867484,False,2.3114335,0,0,-0.0385665,0.171429,-0.0385665,0.171429
2,13,13,13,13,2.55,13.8,2.55,13.8,-7.523228072,-20.746997269,False,0,25,16,17,10,0.0499098123659,0.288295776502,0.661794411132,13,13,13,2.55,13.8,2.55,13.8,-7.523228072,-20.746997269,False,1788259197,1788259197.09,0.0936162471771,1788259197,1788259197.5,1788259198,1788259198000566,1788259198053620,-7.523228,-20.746998,-7.523228072,-20.746997833,AWGN,rfsimu_channel_enB0,static-0,1788259151077599269,1,14bd144574d32d9e,1,1,1,1,24666.1428571,43.919052,-104,12.542857,True,13,13,13,2.55,13.8,2.55,13.8,-7.523228072,-20.746997269,False,2.5458905,0,0,-0.0041095,-1.257143,-0.0041095,-1.257143
2,14,14,14,14,2.25,12.95,2.25,12.95,-7.872115146,-20.286304898,False,0,25,16,17,10,0.242987565854,0.306929992656,0.45008244149,14,14,14,2.25,12.95,2.25,12.95,-7.872115146,-20.286304898,False,1788259198,1788259198.16,0.156988859177,1788259198,1788259198.5,1788259199,1788259199000443,1788259199047891,-7.872115,-20.286304,-7.872115146,-20.286304474,AWGN,rfsimu_channel_enB0,static-0,1788259151077599269,1,14bd144574d32d9e,1,1,1,1,23310.9285714,43.673043,-104,12.264286,True,14,14,14,2.25,12.95,2.25,12.95,-7.872115146,-20.286304898,False,2.2998815,0,0,0.0498815,-0.685714,0.0498815,-0.685714
2,15,15,15,15,2.5,13.15,2.5,13.15,-7.611064128,-20.192597188,False,0,25,16,17,10,0.171588511214,0.366056447273,0.462355041513,15,15,15,2.5,13.15,2.5,13.15,-7.611064128,-20.192597188,False,1788259199,1788259199.12,0.121641874313,1788259199,1788259199.5,1788259200,1788259200000979,1788259200038220,-7.611064,-20.192596,-7.611064128,-20.192596436,AWGN,rfsimu_channel_enB0,static-0,1788259151077599269,1,14bd144574d32d9e,1,1,1,1,24659.5,43.91837,-104,12.521429,True,15,15,15,2.5,13.15,2.5,13.15,-7.611064128,-20.192597188,False,2.5452085,0,0,0.0452085,-0.628571,0.0452085,-0.628571
2,16,16,16,16,2.7,14.45,2.7,14.45,-7.349617757,-21.240527194,False,0,24,17,9,10,0.325191121685,0.180430560164,0.494378318152,16,16,16,2.7,14.45,2.7,14.45,-7.349617757,-21.240527194,False,1788259200,1788259200.17,0.165329694748,1788259200,1788259200.5,1788259201,1788259201000557,1788259201037833,-7.349618,-21.240528,-7.349617757,-21.240528107,AWGN,rfsimu_channel_enB0,static-0,1788259151077599269,1,14bd144574d32d9e,1,1,1,1,25371.2142857,44.041668,-104,12.864286,True,16,16,16,2.7,14.45,2.7,14.45,-7.349617757,-21.240527194,False,2.6685065,0,0,-0.0314935,-1.585714,-0.0314935,-1.585714
2,17,17,17,17,2.2,12.95,2.2,12.95,-7.921989229,-20.342629497,False,0,25,16,17,10,0.250224826754,0.289230212441,0.460544960804,17,17,17,2.2,12.95,2.2,12.95,-7.921989229,-20.342629497,False,1788259201,1788259201.13,0.133358001709,1788259201,1788259201.5,1788259202,1788259202001398,1788259202034341,-7.921989,-20.34263,-7.921989229,-20.342630386,AWGN,rfsimu_channel_enB0,static-0,1788259151077599269,1,14bd144574d32d9e,1,1,1,1,22712.1428571,43.558932,-105,12.464286,True,17,17,17,2.2,12.95,2.2,12.95,-7.921989229,-20.342629497,False,2.1857705,0,0,-0.0142295,-0.485714,-0.0142295,-0.485714
2,18,18,18,18,2.6,13.7,2.6,13.7,-7.479194293,-20.596715027,False,0,25,16,17,10,0.0602789265344,0.320681779946,0.61903929352,18,18,18,2.6,13.7,2.6,13.7,-7.479194293,-20.596715027,False,1788259202,1788259202.1,0.0969700813293,1788259202,1788259202.5,1788259203,1788259203000602,1788259203024907,-7.479194,-20.596716,-7.479194293,-20.596715927,AWGN,rfsimu_channel_enB0,static-0,1788259151077599269,1,14bd144574d32d9e,1,1,1,1,25046.2142857,43.986195,-104,12.907143,True,18,18,18,2.6,13.7,2.6,13.7,-7.479194293,-20.596715027,False,2.6130335,0,0,0.0130335,-0.792857,0.0130335,-0.792857
2,19,19,19,19,2.9,15.1,2.9,15.1,-7.135392824,-21.712042628,False,0,24,17,9,10,0.432303587952,0.480418993171,0.0872774188768,19,19,19,2.9,15.1,2.9,15.1,-7.135392824,-21.712042628,False,1788259203,1788259203.15,0.153075456619,1788259203,1788259203.5,1788259204,1788259204001729,1788259204017190,-7.135393,-21.712042,-7.135392824,-21.712041855,AWGN,rfsimu_channel_enB0,static-0,1788259151077599269,1,14bd144574d32d9e,1,1,1,1,26652.8571429,44.256317,-104,13.257143,True,19,19,19,2.9,15.1,2.9,15.1,-7.135392824,-21.712042628,False,2.8831555,0,0,-0.0168445,-1.842857,-0.0168445,-1.842857
2,20,20,20,20,2.65,16.9,2.65,16.9,-7.31799837,-23.884447775,False,0,12,9,17,11,0.764953641776,0.129091901657,0.105954456566,20,20,20,2.65,16.9,2.65,16.9,-7.31799837,-23.884447775,False,1788259204,1788259204.13,0.129632234573,1788259204,1788259204.5,1788259205,1788259205000756,1788259205012663,-7.317998,-23.884447,-7.31799837,-23.884447098,AWGN,rfsimu_channel_enB0,static-0,1788259151077599269,1,14bd144574d32d9e,1,1,1,1,25317.3571429,44.032657,-104,13.8,True,20,20,20,2.65,16.9,2.65,16.9,-7.31799837,-23.884447775,False,2.6594955,0,0,0.0094955,-3.1,0.0094955,-3.1
2,21,21,21,21,2.15,15.55,2.15,15.55,-7.852470353,-22.96211165,False,0,24,17,9,10,0.0737648233705,0.419056981194,0.507178195436,21,21,21,2.15,15.55,2.15,15.55,-7.852470353,-22.96211165,False,1788259205,1788259205.09,0.0928547382355,1788259205,1788259205.5,1788259206,1788259206001151,1788259206070780,-7.85247,-22.962112,-7.852470353,-22.962112427,AWGN,rfsimu_channel_enB0,static-0,1788259151077599269,1,14bd144574d32d9e,1,1,1,1,22589.8666667,43.538196,-104,13.28,True,21,21,21,2.15,15.55,2.15,15.55,-7.852470353,-22.96211165,False,2.1650345,0,0,0.0150345,-2.27,0.0150345,-2.27
2,22,22,22,22,1.4,16.35,1.4,16.35,-8.573618442,-24.548729482,False,0,28,10,9,6,0.150423505948,0.562767273179,0.286809220873,22,22,22,1.4,16.35,1.4,16.35,-8.573618442,-24.548729482,False,1788259206,1788259206.16,0.160902500153,1788259206,1788259206.5,1788259207,1788259207000415,1788259207065136,-8.573618,-24.548729,-8.573618442,-24.548728943,AWGN,rfsimu_channel_enB0,static-0,1788259151077599269,1,14bd144574d32d9e,1,1,1,1,19104.2142857,42.803692,-105,12.514286,True,22,22,22,1.4,16.35,1.4,16.35,-8.573618442,-24.548729482,False,1.4305305,0,0,0.0305305,-3.835714,0.0305305,-3.835714
2,23,23,23,23,1.3,15.95,1.3,15.95,-8.685812938,-24.22884482,False,0,28,10,9,6,0.257051726779,0.400041804174,0.342906469047,23,23,23,1.3,15.95,1.3,15.95,-8.685812938,-24.22884482,False,1788259207,1788259207.12,0.121642351151,1788259207,1788259207.5,1788259208,1788259208000604,1788259208045742,-8.685813,-24.228846,-8.685812938,-24.228845596,AWGN,rfsimu_channel_enB0,static-0,1788259151077599269,1,14bd144574d32d9e,1,1,1,1,18680.6428571,42.713327,-105,13.028571,True,23,23,23,1.3,15.95,1.3,15.95,-8.685812938,-24.22884482,False,1.3401655,0,0,0.0401655,-2.921429,0.0401655,-2.921429
2,24,24,24,24,3,17.35,3,17.35,-6.955749422,-24.025315733,False,0,12,9,17,11,0.701224107323,0.0754264963217,0.223349396355,24,24,24,3,17.35,3,17.35,-6.955749422,-24.025315733,False,1788259208,1788259208.16,0.157623052597,1788259208,1788259208.5,1788259209,1788259209001313,1788259209036550,-6.955749,-24.025316,-6.955749422,-24.025316238,AWGN,rfsimu_channel_enB0,static-0,1788259151077599269,1,14bd144574d32d9e,1,1,1,1,26735.5,44.253657,-103,16,True,24,24,24,3,17.35,3,17.35,-6.955749422,-24.025315733,False,2.8804955,0,0,-0.1195045,-1.35,-0.1195045,-1.35
2,25,25,25,25,1.75,17.85,1.75,17.85,-8.187802225,-25.756744261,False,0,14,8,5,9,0.158346974584,0.0939011123587,0.747751913057,25,25,25,1.75,17.85,1.75,17.85,-8.187802225,-25.756744261,False,1788259209,1788259209.16,0.157099485397,1788259209,1788259209.5,1788259210,1788259210000431,1788259210033538,-8.187802,-25.756744,-8.187802225,-25.756744385,AWGN,rfsimu_channel_enB0,static-0,1788259151077599269,1,14bd144574d32d9e,1,1,1,1,21091.2142857,43.228394,-105,15.464286,True,25,25,25,1.75,17.85,1.75,17.85,-8.187802225,-25.756744261,False,1.8552325,0,0,0.1052325,-2.385714,0.1052325,-2.385714
2,26,26,26,26,2.25,15.7,2.25,15.7,-7.750586127,-23.01494501,False,0,24,17,9,10,0.124706936266,0.504590918195,0.370702145539,26,26,26,2.25,15.7,2.25,15.7,-7.750586127,-23.01494501,False,1788259210,1788259210.12,0.121637821198,1788259210,1788259210.5,1788259211,1788259211001458,1788259211011797,-7.750586,-23.014944,-12.824128913,-26.833654404,AWGN,rfsimu_channel_enB0,static-0,1788259151077599269,1,14bd144574d32d9e,1,1,1,1,22838.5714286,43.584329,-104,15.828571,True,26,26,26,2.25,15.7,2.25,15.7,-7.750586127,-23.01494501,False,2.2111675,0,0,-0.0388325,0.128571,-0.0388325,0.128571
2,27,27,27,27,-2.8,14.3,-2.8,14.3,-12.824128913,-26.833653528,False,0,23,1,3,2,0.206032228374,0.526136976182,0.267830795444,27,27,27,-2.8,14.3,-2.8,14.3,-12.824128913,-26.833653528,False,1788259211,1788259211.09,0.0896346569061,1788259211,1788259211.5,1788259212,1788259212001207,1788259212059247,-12.824129,-26.833654,-12.824128913,-26.833654404,AWGN,rfsimu_channel_enB0,static-0,1788259151077599269,1,14bd144574d32d9e,1,1,1,1,7171.13333333,38.553987,-110,10.68,True,27,27,27,-2.8,14.3,-2.8,14.3,-12.824128913,-26.833653528,False,-2.8191745,0,0,-0.0191745,-3.62,-0.0191745,-3.62
2,28,28,28,28,-2.05,18.95,-2.05,18.95,-11.969130307,-30.751752278,False,0,21,2,5,14,0.0673143942246,0.474060226056,0.458625379719,28,28,28,-2.05,18.95,-2.05,18.95,-11.969130307,-30.751752278,False,1788259212,1788259212.16,0.157656431198,1788259212,1788259212.5,1788259213,1788259213000738,1788259213047074,-11.96913,-30.751753,-11.969130307,-30.751752853,AWGN,rfsimu_channel_enB0,static-0,1788259151077599269,1,14bd144574d32d9e,1,1,1,1,8458,39.268274,-109,11.442857,True,28,28,28,-2.05,18.95,-2.05,18.95,-11.969130307,-30.751752278,False,-2.1048875,0,0,-0.0548875,-7.507143,-0.0548875,-7.507143
2,29,29,29,29,-1,16.6,-1,16.6,-10.956866341,-27.344544982,False,0,19,6,5,2,0.218485005912,0.303081823436,0.478433170652,29,29,29,-1,16.6,-1,16.6,-10.956866341,-27.344544982,False,1788259213,1788259213.11,0.113678693771,1788259213,1788259213.5,1788259214,1788259214000178,1788259214029255,-10.956866,-27.344545,-10.956866341,-27.344545364,AWGN,rfsimu_channel_enB0,static-0,1788259151077599269,1,14bd144574d32d9e,1,1,1,1,11030.4285714,40.42514,-107,12.65,True,29,29,29,-1,16.6,-1,16.6,-10.956866341,-27.344544982,False,-0.9480215,0,0,0.0519785,-3.95,0.0519785,-3.95
2,30,30,30,30,0.15,16.3,0.15,16.3,-9.828014803,-25.75676749,False,0,13,9,5,6,0.0859925984455,0.252255830039,0.661751571516,30,30,30,0.15,16.3,0.15,16.3,-9.828014803,-25.75676749,False,1788259214,1788259214.16,0.157102823257,1788259214,1788259214.5,1788259215,1788259215000739,1788259215014415,-9.828015,-25.756767,-9.828014803,-25.756767273,AWGN,rfsimu_channel_enB0,static-0,1788259151077599269,1,14bd144574d32d9e,1,1,1,1,13975.6428571,41.443117,-106,14.142857,True,30,30,30,0.15,16.3,0.15,16.3,-9.828014803,-25.75676749,False,0.0699555,0,0,-0.0800445,-2.157143,-0.0800445,-2.157143
2,31,31,31,31,-4.05,13.7,-4.05,13.7,-14.098184717,-27.450920268,False,0,9,3,1,15,0.456363750965,0.505456109447,0.0381801395878,31,31,31,-4.05,13.7,-4.05,13.7,-14.098184717,-27.450920268,False,1788259215,1788259215.12,0.117634534836,1788259215,1788259215.5,1788259216,1788259216001640,1788259216066452,-14.098185,-27.45092,-14.098184717,-27.450920105,AWGN,rfsimu_channel_enB0,static-0,1788259151077599269,1,14bd144574d32d9e,1,1,1,1,5970.93333333,37.586627,-110,10.473333,True,31,31,31,-4.05,13.7,-4.05,13.7,-14.098184717,-27.450920268,False,-3.7865345,0,0,0.2634655,-3.226667,0.2634655,-3.226667
2,32,32,32,32,-3,14.95,-3,14.95,-12.996919328,-27.698702112,False,0,23,1,3,2,0.24922983211,0.266585850851,0.48418431704,32,32,32,-3,14.95,-3,14.95,-12.996919328,-27.698702112,False,1788259216,1788259216.15,0.15351319313,1788259216,1788259216.5,1788259217,1788259217001015,1788259217047711,-12.996919,-27.698702,-12.996919328,-27.698701859,AWGN,rfsimu_channel_enB0,static-0,1788259151077599269,1,14bd144574d32d9e,1,1,1,1,6848.85714286,38.355392,-110,11.314286,True,32,32,32,-3,14.95,-3,14.95,-12.996919328,-27.698702112,False,-3.0177695,0,0,-0.0177695,-3.635714,-0.0177695,-3.635714
2,33,33,33,33,-3.05,16.7,-3.05,16.7,-13.000487837,-29.524291703,False,0,22,14,1,2,0.204809556974,0.147717180757,0.64747326227,33,33,33,-3.05,16.7,-3.05,16.7,-13.000487837,-29.524291703,False,1788259217,1788259217.12,0.121639966965,1788259217,1788259217.5,1788259218,1788259218000854,1788259218035974,-13.000488,-29.524292,-13.000487837,-29.524291992,AWGN,rfsimu_channel_enB0,static-0,1788259151077599269,1,14bd144574d32d9e,1,1,1,1,6891.5,38.382439,-109,11.342857,True,33,33,33,-3.05,16.7,-3.05,16.7,-13.000487837,-29.524291703,False,-2.9907225,0,0,0.0592775,-5.357143,0.0592775,-5.357143
2,34,34,34,34,-3.6,18.55,-3.6,18.55,-13.524208438,-31.899775869,False,0,22,14,1,2,0.627534329885,0.0672849446689,0.305180725446,34,34,34,-3.6,18.55,-3.6,18.55,-13.524208438,-31.899775869,False,1788259218,1788259218.1,0.0976345539093,1788259218,1788259218.5,1788259219,1788259219001188,1788259219028910,-13.524208,-31.899776,-13.524208438,-31.899776459,AWGN,rfsimu_channel_enB0,static-0,1788259151077599269,1,14bd144574d32d9e,1,1,1,1,6010.5,37.788951,-110,13.057143,True,34,34,34,-3.6,18.55,-3.6,18.55,-13.524208438,-31.899775869,False,-3.5842105,0,0,0.0157895,-5.492857,0.0157895,-5.492857
2,35,35,35,35,-2.2,14.4,-2.2,14.4,-12.222623843,-26.359274353,False,0,23,1,3,2,0.055655960705,0.584012522769,0.360331516526,35,35,35,-2.2,14.4,-2.2,14.4,-12.222623843,-26.359274353,False,1788259219,1788259219.16,0.157660007477,1788259219,1788259219.5,1788259220,1788259220000686,1788259220016324,-12.222624,-26.359274,-12.222623843,-26.359273911,AWGN,rfsimu_channel_enB0,static-0,1788259151077599269,1,14bd144574d32d9e,1,1,1,1,8224.57142857,39.134312,-109,14.442857,True,35,35,35,-2.2,14.4,-2.2,14.4,-12.222623843,-26.359274353,False,-2.2388495,0,0,-0.0388495,0.042857,-0.0388495,0.042857
2,36,36,36,36,-0.65,14.9,-0.65,14.9,-10.666252975,-25.15962353,False,0,20,2,3,6,0.0532078433546,0.279918644002,0.666873512643,36,36,36,-0.65,14.9,-0.65,14.9,-10.666252975,-25.15962353,False,1788259220,1788259220.12,0.117166519165,1788259220,1788259220.5,1788259221,1788259221001679,1788259221069895,-10.666253,-25.159624,-10.666252975,-25.1596241,AWGN,rfsimu_channel_enB0,static-0,1788259151077599269,1,14bd144574d32d9e,1,1,1,1,11532.8666667,40.601313,-107,15.953334,True,36,36,36,-0.65,14.9,-0.65,14.9,-10.666252975,-25.15962353,False,-0.7718485,0,0,-0.1218485,1.053334,-0.1218485,1.053334
2,37,37,37,37,0.95,20.05,0.95,20.05,-8.959205457,-28.754407714,False,0,5,5,8,14,0.102398871075,0.771866509847,0.125734619078,37,37,37,0.95,20.05,0.95,20.05,-8.959205457,-28.754407714,False,1788259221,1788259221.17,0.165610551834,1788259221,1788259221.5,1788259222,1788259222000106,1788259222059465,-8.959205,-28.754408,-8.959205457,-28.754407883,AWGN,rfsimu_channel_enB0,static-0,1788259151077599269,1,14bd144574d32d9e,1,1,1,1,16682.4285714,42.207067,-106,18.342858,True,37,37,37,0.95,20.05,0.95,20.05,-8.959205457,-28.754407714,False,0.8339055,0,0,-0.1160945,-1.707142,-0.1160945,-1.707142
2,38,38,38,38,-1.3,18.95,-1.3,18.95,-11.220185205,-29.99494066,False,0,5,5,8,14,0.612622272301,0.0548876176653,0.332490110033,38,38,38,-1.3,18.95,-1.3,18.95,-11.220185205,-29.99494066,False,1788259222,1788259222.13,0.129652500153,1788259222,1788259222.5,1788259223,1788259223000680,1788259223044015,-11.220185,-29.99494,-11.220185205,-29.994939804,AWGN,rfsimu_channel_enB0,static-0,1788259151077599269,1,14bd144574d32d9e,1,1,1,1,10186.4285714,40.079422,-108,16.95,True,38,38,38,-1.3,18.95,-1.3,18.95,-11.220185205,-29.99494066,False,-1.2937395,0,0,0.0062605,-2,0.0062605,-2
2,39,39,39,39,1.2,16.85,1.2,16.85,-8.759520985,-25.27896739,False,0,13,9,5,6,0.620239507526,0.0929891301204,0.286771362354,39,39,39,1.2,16.85,1.2,16.85,-8.759520985,-25.27896739,False,1788259223,1788259223.09,0.0890581607819,1788259223,1788259223.5,1788259224,1788259224000988,1788259224019651,-8.759521,-25.278967,-8.759520985,-25.278966904,AWGN,rfsimu_channel_enB0,static-0,1788259151077599269,1,14bd144574d32d9e,1,1,1,1,18347.5714286,42.634948,-105,19.528572,True,39,39,39,1.2,16.85,1.2,16.85,-8.759520985,-25.27896739,False,1.2617865,0,0,0.0617865,2.678572,0.0617865,2.678572
2,40,40,40,40,1.05,17.1,1.05,17.1,-8.903826404,-25.702794218,False,0,13,9,5,6,0.548086798032,0.234264739255,0.217648462713,40,40,40,1.05,17.1,1.05,17.1,-8.903826404,-25.702794218,False,1788259224,1788259224.16,0.161631822586,1788259224,1788259224.5,1788259225,1788259225001431,1788259225050077,-8.903826,-25.702795,-8.903826404,-25.702795029,AWGN,rfsimu_channel_enB0,static-0,1788259151077599269,1,14bd144574d32d9e,1,1,1,1,17609.8666667,42.456308,-105,17.213334,True,40,40,40,1.05,17.1,1.05,17.1,-8.903826404,-25.702794218,False,1.0831465,0,0,0.0331465,0.113334,0.0331465,0.113334
2,41,41,41,41,-0.25,16.05,-0.25,16.05,-10.231607152,-25.916271223,False,0,19,6,5,2,0.694576259072,0.189620165115,0.115803575813,41,41,41,-0.25,16.05,-0.25,16.05,-10.231607152,-25.916271223,False,1788259225,1788259225.14,0.137091398239,1788259225,1788259225.5,1788259226,1788259226000669,1788259226037297,-10.231607,-25.916271,-10.231607152,-25.91627121,AWGN,rfsimu_channel_enB0,static-0,1788259151077599269,1,14bd144574d32d9e,1,1,1,1,13285.9285714,41.217271,-107,15.464286,True,41,41,41,-0.25,16.05,-0.25,16.05,-10.231607152,-25.916271223,False,-0.1558905,0,0,0.0941095,-0.585714,0.0941095,-0.585714
2,42,42,42,42,0.45,17.6,0.45,17.6,-9.493734142,-26.857017246,False,0,13,9,5,6,0.253132929053,0.61900574883,0.127861322117,42,42,42,0.45,17.6,0.45,17.6,-9.493734142,-26.857017246,False,1788259226,1788259226.11,0.105571746826,1788259226,1788259226.5,1788259227,1788259227001046,1788259227018424,-9.493734,-26.857018,-9.493734142,-26.857017517,AWGN,rfsimu_channel_enB0,static-0,1788259151077599269,1,14bd144574d32d9e,1,1,1,1,15338.8571429,41.857517,-106,16.114286,True,42,42,42,0.45,17.6,0.45,17.6,-9.493734142,-26.857017246,False,0.4843555,0,0,0.0343555,-1.485714,0.0343555,-1.485714
2,43,43,43,43,2.6,19.1,2.6,19.1,-7.323283362,-26.174835229,False,0,11,11,8,9,0.169179159483,0.504397849343,0.326422991174,43,43,43,2.6,19.1,2.6,19.1,-7.323283362,-26.174835229,False,1788259227,1788259227.16,0.157657623291,1788259227,1788259227.5,1788259228,1788259228001540,1788259228069037,-7.323283,-26.174835,-7.323283362,-26.174835205,AWGN,rfsimu_channel_enB0,static-0,1788259151077599269,1,14bd144574d32d9e,1,1,1,1,24254.5333333,43.820934,-104,18.106667,True,43,43,43,2.6,19.1,2.6,19.1,-7.323283362,-26.174835229,False,2.4477725,0,0,-0.1522275,-0.993333,-0.1522275,-0.993333
2,44,44,44,44,1.6,17.95,1.6,17.95,-8.336364093,-26.015081618,False,0,14,8,5,9,0.170178492794,0.168182046634,0.661639460572,44,44,44,1.6,17.95,1.6,17.95,-8.336364093,-26.015081618,False,1788259228,1788259228.12,0.117671966553,1788259228,1788259228.5,1788259229,1788259229001461,1788259229046499,-8.336364,-26.015081,-8.336364093,-26.015081406,AWGN,rfsimu_channel_enB0,static-0,1788259151077599269,1,14bd144574d32d9e,1,1,1,1,19885.8571429,42.984992,-105,17.5,True,44,44,44,1.6,17.95,1.6,17.95,-8.336364093,-26.015081618,False,1.6118305,0,0,0.0118305,-0.45,0.0118305,-0.45
2,45,45,45,45,-3.25,10.1,-3.25,10.1,-13.540441949,-23.586082813,False,0,9,3,1,15,0.243837332351,0.014058306871,0.742104360778,45,45,45,-3.25,10.1,-3.25,10.1,-13.540441949,-23.586082813,False,1788259229,1788259229.16,0.157588720322,1788259229,1788259229.5,1788259230,1788259230001115,1788259230027030,-13.540442,-23.586082,-13.540441949,-23.586082458,AWGN,rfsimu_channel_enB0,static-0,1788259151077599269,1,14bd144574d32d9e,1,1,1,1,7323.07142857,38.401886,-110,13.042857,True,45,45,45,-3.25,10.1,-3.25,10.1,-13.540441949,-23.586082813,False,-2.9712755,0,0,0.2787245,2.942857,0.2787245,2.942857
2,46,46,46,46,-4.9,11.3,-4.9,11.3,-15.114761934,-26.24838094,False,0,7,13,15,1,0.0653285828809,0.507947615957,0.426723801162,46,46,46,-4.9,11.3,-4.9,11.3,-15.114761934,-26.24838094,False,1788259230,1788259230.13,0.125649690628,1788259230,1788259230.5,1788259231,1788259231000282,1788259231008798,-15.114762,-26.248381,-15.114761934,-26.248380661,AWGN,rfsimu_channel_enB0,static-0,1788259151077599269,1,14bd144574d32d9e,1,1,1,1,4583.92857143,36.583363,-111,11.142857,True,46,46,46,-4.9,11.3,-4.9,11.3,-15.114761934,-26.24838094,False,-4.7897985,0,0,0.1102015,-0.157143,0.1102015,-0.157143
2,47,47,47,47,-5.1,10.55,-5.1,10.55,-15.368645871,-25.761656478,False,0,7,13,15,1,0.202860407086,0.518537471481,0.278602121433,47,47,47,-5.1,10.55,-5.1,10.55,-15.368645871,-25.761656478,False,1788259231,1788259231.16,0.157106637955,1788259231,1788259231.5,1788259232,1788259232000850,1788259232058102,-15.368646,-25.761656,-15.368645871,-25.761655807,AWGN,rfsimu_channel_enB0,static-0,1788259151077599269,1,14bd144574d32d9e,1,1,1,1,4220.8,36.24872,-112,10.773333,True,47,47,47,-5.1,10.55,-5.1,10.55,-15.368645871,-25.761656478,False,-5.1244415,0,0,-0.0244415,0.223333,-0.0244415,0.223333
2,48,48,48,48,-2.45,13.4,-2.45,13.4,-12.513996789,-25.578285157,False,0,9,3,1,15,0.864366266135,0.121364660722,0.0142690731439,48,48,48,-2.45,13.4,-2.45,13.4,-12.513996789,-25.578285157,False,1788259232,1788259232.12,0.121669054031,1788259232,1788259232.5,1788259233,1788259233000482,1788259233036804,-12.513997,-25.578285,-12.513996789,-25.578285217,AWGN,rfsimu_channel_enB0,static-0,1788259151077599269,1,14bd144574d32d9e,1,1,1,1,7822.64285714,38.932661,-109,13.107143,True,48,48,48,-2.45,13.4,-2.45,13.4,-12.513996789,-25.578285157,False,-2.4405005,0,0,0.0094995,-0.292857,0.0094995,-0.292857
2,49,49,49,49,-3,13.5,-3,13.5,-13.058773664,-26.219350832,False,0,9,3,1,15,0.723738111983,0.253124943976,0.0231369440405,49,49,49,-3,13.5,-3,13.5,-13.058773664,-26.219350832,False,1788259233,1788259233.16,0.161189556122,1788259233,1788259233.5,1788259234,1788259234000035,1788259234017423,-13.058774,-26.219351,-13.058773664,-26.219350815,AWGN,rfsimu_channel_enB0,static-0,1788259151077599269,1,14bd144574d32d9e,1,1,1,1,6944.92857143,38.411007,-109,13.278571,True,49,49,49,-3,13.5,-3,13.5,-13.058773664,-26.219350832,False,-2.9621545,0,0,0.0378455,-0.221429,0.0378455,-0.221429
2,50,50,50,50,0.35,14.35,0.35,14.35,-9.690862546,-23.713200721,False,0,27,6,7,10,0.571066906954,0.274364366001,0.154568727046,50,50,50,0.35,14.35,0.35,14.35,-9.690862546,-23.713200721,False,1788259234,1788259234.16,0.157663583755,1788259234,1788259234.5,1788259235,1788259235000213,1788259235064925,-9.690863,-23.713202,-9.690862546,-23.713201523,AWGN,rfsimu_channel_enB0,static-0,1788259151077599269,1,14bd144574d32d9e,1,1,1,1,14430.0666667,41.529949,-106,16.9,True,50,50,50,0.35,14.35,0.35,14.35,-9.690862546,-23.713200721,False,0.1567875,0,0,-0.1932125,2.55,-0.1932125,2.55
2,51,51,51,51,-3.1,11.5,-3.1,11.5,-13.294914823,-24.622781962,False,0,9,3,1,15,0.454508897879,0.101966309408,0.443524792713,51,51,51,-3.1,11.5,-3.1,11.5,-13.294914823,-24.622781962,False,1788259235,1788259235.12,0.12168431282,1788259235,1788259235.5,1788259236,1788259236000922,1788259236038520,-13.294915,-24.622782,-13.294914823,-24.622781754,AWGN,rfsimu_channel_enB0,static-0,1788259151077599269,1,14bd144574d32d9e,1,1,1,1,6769.21428571,38.303149,-109,12.95,True,51,51,51,-3.1,11.5,-3.1,11.5,-13.294914823,-24.622781962,False,-3.0700125,0,0,0.0299875,1.45,0.0299875,1.45
2,52,52,52,52,-4.5,10.75,-4.5,10.75,-14.750257083,-25.393018525,False,0,7,13,15,1,0.0232881267247,0.648159584998,0.328552288278,52,52,52,-4.5,10.75,-4.5,10.75,-14.750257083,-25.393018525,False,1788259236,1788259236.09,0.0936172008514,1788259236,1788259236.5,1788259237,1788259237001652,1788259237018903,-14.750257,-25.393019,-14.750257083,-25.393018723,AWGN,rfsimu_channel_enB0,static-0,1788259151077599269,1,14bd144574d32d9e,1,1,1,1,4789.14285714,36.800593,-111,10.707143,True,52,52,52,-4.5,10.75,-4.5,10.75,-14.750257083,-25.393018525,False,-4.5725685,0,0,-0.0725685,-0.042857,-0.0725685,-0.042857
2,53,53,53,53,-3.25,13.95,-3.25,13.95,-13.286409815,-26.904944832,False,0,23,1,3,2,0.321602453773,0.579420025065,0.0989775211625,53,53,53,-3.25,13.95,-3.25,13.95,-13.286409815,-26.904944832,False,1788259237,1788259237.16,0.157693624496,1788259237,1788259237.5,1788259238,1788259238001492,1788259238005192,-13.28641,-26.904945,-13.286409815,-26.904945374,AWGN,rfsimu_channel_enB0,static-0,1788259151077599269,1,14bd144574d32d9e,1,1,1,1,6351.57142857,38.017076,-110,12.021429,True,53,53,53,-3.25,13.95,-3.25,13.95,-13.286409815,-26.904944832,False,-3.3560855,0,0,-0.1060855,-1.928571,-0.1060855,-1.928571
2,54,54,54,54,-3.45,14.3,-3.45,14.3,-13.471366156,-27.459637332,False,0,23,1,3,2,0.367841538942,0.425348582086,0.206809878972,54,54,54,-3.45,14.3,-3.45,14.3,-13.471366156,-27.459637332,False,1788259238,1788259238.12,0.121624946594,1788259238,1788259238.5,1788259239,1788259239000976,1788259239060081,-13.471366,-27.459637,-13.471366156,-27.459636688,AWGN,rfsimu_channel_enB0,static-0,1788259151077599269,1,14bd144574d32d9e,1,1,1,1,6235.86666667,37.947367,-110,11.946667,True,54,54,54,-3.45,14.3,-3.45,14.3,-13.471366156,-27.459637332,False,-3.4257945,0,0,0.0242055,-2.353333,0.0242055,-2.353333
2,55,55,55,55,-5.1,12.35,-5.1,12.35,-15.242883988,-27.366777865,False,0,9,3,1,15,0.00185376730705,0.623295761518,0.374850471175,55,55,55,-5.1,12.35,-5.1,12.35,-15.242883988,-27.366777865,False,1788259239,1788259239.09,0.08962059021,1788259239,1788259239.5,1788259240,1788259240000240,1788259240045813,-15.242884,-27.366777,-15.242883988,-27.36677742,AWGN,rfsimu_channel_enB0,static-0,1788259151077599269,1,14bd144574d32d9e,1,1,1,1,4215.92857143,36.246608,-111,10.864286,True,55,55,55,-5.1,12.35,-5.1,12.35,-15.242883988,-27.366777865,False,-5.1265535,0,0,-0.0265535,-1.485714,-0.0265535,-1.485714
2,56,56,56,56,-4.8,12.85,-4.8,12.85,-14.908063867,-27.487829563,False,0,9,3,1,15,0.145511780897,0.599543714449,0.254944504654,56,56,56,-4.8,12.85,-4.8,12.85,-14.908063867,-27.487829563,False,1788259240,1788259240.16,0.157625436783,1788259240,1788259240.5,1788259241,1788259241001525,1788259241031125,-14.908064,-27.487829,-14.908063867,-27.487829208,AWGN,rfsimu_channel_enB0,static-0,1788259151077599269,1,14bd144574d32d9e,1,1,1,1,4563.85714286,36.590289,-111,11.242857,True,56,56,56,-4.8,12.85,-4.8,12.85,-14.908063867,-27.487829563,False,-4.7828725,0,0,0.0171275,-1.607143,0.0171275,-1.607143
2,57,57,57,57,-3.8,13.7,-3.8,13.7,-13.847471234,-27.198110705,False,0,9,3,1,15,0.525773487387,0.449509104255,0.0247174083579,57,57,57,-3.8,13.7,-3.8,13.7,-13.847471234,-27.198110705,False,1788259241,1788259241.13,0.125636339188,1788259241,1788259241.5,1788259242,1788259242001718,1788259242055381,-13.847471,-27.198111,-13.847471234,-27.19811058,AWGN,rfsimu_channel_enB0,static-0,1788259151077599269,1,14bd144574d32d9e,1,1,1,1,5632.53333333,37.49773,-110,12.206667,True,57,57,57,-3.8,13.7,-3.8,13.7,-13.847471234,-27.198110705,False,-3.8754315,0,0,-0.0754315,-1.493333,-0.0754315,-1.493333
2,58,58,58,58,-4.5,12.5,-4.5,12.5,-14.630982446,-26.887361865,False,0,9,3,1,15,0.186547033685,0.502038256805,0.31141470951,58,58,58,-4.5,12.5,-4.5,12.5,-14.630982446,-26.887361865,False,1788259242,1788259242.09,0.0936653614044,1788259242,1788259242.5,1788259243,1788259243001132,1788259243036073,-14.630982,-26.887362,-14.630982446,-26.887361526,AWGN,rfsimu_channel_enB0,static-0,1788259151077599269,1,14bd144574d32d9e,1,1,1,1,4851.42857143,36.855973,-111,11.692857,True,58,58,58,-4.5,12.5,-4.5,12.5,-14.630982446,-26.887361865,False,-4.5171885,0,0,-0.0171885,-0.807143,-0.0171885,-0.807143
2,59,59,59,59,-2.2,16.05,-2.2,16.05,-12.155711251,-28.066232816,False,0,23,1,3,2,0.0389278128214,0.00387426983113,0.957197917347,59,59,59,-2.2,16.05,-2.2,16.05,-12.155711251,-28.066232816,False,1788259243,1788259243.15,0.15364408493,1788259243,1788259243.5,1788259244,1788259244000800,1788259244018376,-12.155711,-28.066233,-12.155711251,-28.066232681,AWGN,rfsimu_channel_enB0,static-0,1788259151077599269,1,14bd144574d32d9e,1,1,1,1,8132.07142857,39.05941,-109,14.178571,True,59,59,59,-2.2,16.05,-2.2,16.05,-12.155711251,-28.066232816,False,-2.3137515,0,0,-0.1137515,-1.871429,-0.1137515,-1.871429
2,60,60,60,60,-2.95,14.35,-2.95,14.35,-12.9714637,-27.029837343,False,0,23,1,3,2,0.242865924933,0.485298168947,0.27183590612,60,60,60,-2.95,14.35,-2.95,14.35,-12.9714637,-27.029837343,False,1788259244,1788259244.12,0.117645263672,1788259244,1788259244.5,1788259245,1788259245000543,1788259245068260,-12.971464,-27.029837,-12.9714637,-27.029836655,AWGN,rfsimu_channel_enB0,static-0,1788259151077599269,1,14bd144574d32d9e,1,1,1,1,7050.2,38.477706,-109,13.56,True,60,60,60,-2.95,14.35,-2.95,14.35,-12.9714637,-27.029837343,False,-2.8954555,0,0,0.0545445,-0.79,0.0545445,-0.79
2,61,61,61,61,-4,12.15,-4,12.15,-14.153330239,-26.084646516,False,0,9,3,1,15,0.28311007561,0.359775195008,0.357114729382,61,61,61,-4,12.15,-4,12.15,-14.153330239,-26.084646516,False,1788259245,1788259245.1,0.101653337479,1788259245,1788259245.5,1788259246,1788259246000428,1788259246057022,-14.15333,-26.084646,-14.153330239,-26.084646225,AWGN,rfsimu_channel_enB0,static-0,1788259151077599269,1,14bd144574d32d9e,1,1,1,1,5446.35714286,37.358327,-110,12.378571,True,61,61,61,-4,12.15,-4,12.15,-14.153330239,-26.084646516,False,-4.0148345,0,0,-0.0148345,0.228571,-0.0148345,0.228571
2,62,62,62,62,-2,12.5,-2,12.5,-12.119125955,-24.343445086,False,0,16,4,3,15,0.179142986427,0.761294035969,0.0595629776036,62,62,62,-2,12.5,-2,12.5,-12.119125955,-24.343445086,False,1788259246,1788259246.16,0.157661914825,1788259246,1788259246.5,1788259247,1788259247000905,1788259247040692,-12.119126,-24.343445,-12.119125955,-24.343444824,AWGN,rfsimu_channel_enB0,static-0,1788259151077599269,1,14bd144574d32d9e,1,1,1,1,8429.14285714,39.226848,-108,15.678571,True,62,62,62,-2,12.5,-2,12.5,-12.119125955,-24.343445086,False,-2.1463135,0,0,-0.1463135,3.178571,-0.1463135,3.178571
2,63,63,63,63,-0.25,15.25,-0.25,15.25,-10.256010336,-25.067529965,False,0,20,2,3,6,0.0225099884813,0.105495179692,0.871994831826,63,63,63,-0.25,15.25,-0.25,15.25,-10.256010336,-25.067529965,False,1788259247,1788259247.12,0.11767578125,1788259247,1788259247.5,1788259248,1788259248001292,1788259248021950,-10.25601,-25.06753,-10.256010336,-25.067529678,AWGN,rfsimu_channel_enB0,static-0,1788259151077599269,1,14bd144574d32d9e,1,1,1,1,12948.5,41.121454,-107,17.6,True,63,63,63,-0.25,15.25,-0.25,15.25,-10.256010336,-25.067529965,False,-0.2517075,0,0,-0.0017075,2.35,-0.0017075,2.35
2,64,64,64,64,-0.15,15.25,-0.15,15.25,-10.156846129,-24.963703248,False,0,10,6,3,7,0.909478018129,0.0784230646098,0.012098917261,64,64,64,-0.15,15.25,-0.15,15.25,-10.156846129,-24.963703248,False,1788259248,1788259248.16,0.157684803009,1788259248,1788259248.5,1788259249,1788259249000108,1788259249001842,-10.156846,-24.963703,-10.156846129,-24.963703156,AWGN,rfsimu_channel_enB0,static-0,1788259151077599269,1,14bd144574d32d9e,1,1,1,1,13348.3571429,41.252792,-106,17.75,True,64,64,64,-0.15,15.25,-0.15,15.25,-10.156846129,-24.963703248,False,-0.1203695,0,0,0.0296305,2.5,0.0296305,2.5
2,65,65,65,65,-1.75,13.9,-1.75,13.9,-11.795932673,-25.374340538,False,0,20,2,3,6,0.124780179444,0.77318615704,0.102033663515,65,65,65,-1.75,13.9,-1.75,13.9,-11.795932673,-25.374340538,False,1788259249,1788259249.13,0.125641107559,1788259249,1788259249.5,1788259250,1788259250000898,1788259250051335,-11.795933,-25.37434,-11.795932673,-25.374340057,AWGN,rfsimu_channel_enB0,static-0,1788259151077599269,1,14bd144574d32d9e,1,1,1,1,9459.86666667,39.73851,-108,15.326667,True,65,65,65,-1.75,13.9,-1.75,13.9,-11.795932673,-25.374340538,False,-1.6346515,0,0,0.1153485,1.426667,0.1153485,1.426667
2,66,66,66,66,-2.8,13.25,-2.8,13.25,-12.875184848,-25.804891594,False,0,9,3,1,15,0.749082736179,0.186675160242,0.0642421035792,66,66,66,-2.8,13.25,-2.8,13.25,-12.875184848,-25.804891594,False,1788259250,1788259250.09,0.0936608314514,1788259250,1788259250.5,1788259251,1788259251001032,1788259251034278,-12.875185,-25.804892,-12.875184848,-25.804891586,AWGN,rfsimu_channel_enB0,static-0,1788259151077599269,1,14bd144574d32d9e,1,1,1,1,7211.92857143,38.579173,-109,13.142857,True,66,66,66,-2.8,13.25,-2.8,13.25,-12.875184848,-25.804891594,False,-2.7939885,0,0,0.0060115,-0.107143,0.0060115,-0.107143
2,67,67,67,67,-3.1,14.8,-3.1,14.8,-13.102577252,-27.63982927,False,0,23,1,3,2,0.275644312914,0.303819785243,0.420535901844,67,67,67,-3.1,14.8,-3.1,14.8,-13.102577252,-27.63982927,False,1788259251,1788259251.16,0.157630681992,1788259251,1788259251.5,1788259252,1788259252001768,1788259252024050,-13.102577,-27.63983,-13.102577252,-27.639829636,AWGN,rfsimu_channel_enB0,static-0,1788259151077599269,1,14bd144574d32d9e,1,1,1,1,6766.71428571,38.302653,-109,12.857143,True,67,67,67,-3.1,14.8,-3.1,14.8,-13.102577252,-27.63982927,False,-3.0705085,0,0,0.0294915,-1.942857,0.0294915,-1.942857
2,68,68,68,68,-3.85,14.25,-3.85,14.25,-13.871693651,-27.79313212,False,0,23,1,3,2,0.467923412864,0.380904902008,0.151171685128,68,68,68,-3.85,14.25,-3.85,14.25,-13.871693651,-27.79313212,False,1788259252,1788259252.12,0.117143392563,1788259252,1788259252.5,1788259253,1788259253000853,1788259253018359,-13.871694,-27.793133,-13.871693651,-27.793132782,AWGN,rfsimu_channel_enB0,static-0,1788259151077599269,1,14bd144574d32d9e,1,1,1,1,5696.78571429,37.549609,-110,12.042857,True,68,68,68,-3.85,14.25,-3.85,14.25,-13.871693651,-27.79313212,False,-3.8235525,0,0,0.0264475,-2.207143,0.0264475,-2.207143
2,69,69,69,69,-3.3,14,-3.3,14,-13.334169641,-27.004823447,False,0,23,1,3,2,0.333542410244,0.554087124614,0.112370465142,69,69,69,-3.3,14,-3.3,14,-13.334169641,-27.004823447,False,1788259253,1788259253.15,0.153552055359,1788259253,1788259253.5,1788259254,1788259254000198,1788259254029695,-13.33417,-27.004824,-13.334169641,-27.004823685,AWGN,rfsimu_channel_enB0,static-0,1788259151077599269,1,14bd144574d32d9e,1,1,1,1,6362.46666667,38.033679,-110,13.253333,True,69,69,69,-3.3,14,-3.3,14,-13.334169641,-27.004823447,False,-3.3394825,0,0,-0.0394825,-0.746667,-0.0394825,-0.746667
2,70,70,70,70,1.05,18.95,1.05,18.95,-8.873149931,-27.590619827,False,0,14,8,5,9,0.426964976572,0.436574965617,0.136460057811,70,70,70,1.05,18.95,1.05,18.95,-8.873149931,-27.590619827,False,1788259254,1788259254.11,0.10570526123,1788259254,1788259254.5,1788259255,1788259255000713,1788259255007445,-8.87315,-27.59062,-8.873149931,-27.590620041,AWGN,rfsimu_channel_enB0,static-0,1788259151077599269,1,14bd144574d32d9e,1,1,1,1,17435.2857143,42.413551,-105,17.785714,True,70,70,70,1.05,18.95,1.05,18.95,-8.873149931,-27.590619827,False,1.0403895,0,0,-0.0096105,-1.164286,-0.0096105,-1.164286
2,71,71,71,71,0.55,16.6,0.55,16.6,-9.418673966,-25.672658893,False,0,13,9,5,6,0.290663017039,0.224219631139,0.485117351822,71,71,71,0.55,16.6,0.55,16.6,-9.418673966,-25.672658893,False,1788259255,1788259255.16,0.157058238983,1788259255,1788259255.5,1788259256,1788259256001212,1788259256051913,-9.418674,-25.672659,-9.418673966,-25.67265892,AWGN,rfsimu_channel_enB0,static-0,1788259151077599269,1,14bd144574d32d9e,1,1,1,1,15757.4666667,41.972963,-106,17.34,True,71,71,71,0.55,16.6,0.55,16.6,-9.418673966,-25.672658893,False,0.5998015,0,0,0.0498015,0.74,0.0498015,0.74
2,72,72,72,72,-4.3,20.4,-4.24235708939,20.0726586004,-14.145118288,-34.036279572,True,0.173524646992,-1,0,14,-1,0.0362795720857,0.963720427914,0,72,72,72,-4.3,20.4,-4.24235708939,20.0726586004,-14.145118288,-34.036279572,True,1788259256,1788259256.11,0.113626718521,1788259256,1788259256.5,1788259257,1788259257000165,1788259257038045,-14.145118,-34.036278,-14.145118288,-34.036277771,AWGN,rfsimu_channel_enB0,static-0,1788259151077599269,1,14bd144574d32d9e,1,1,1,1,5151.71428571,37.118901,-111,13.578571,True,72,72,72,-4.3,20.4,-4.24235708939,20.0726586004,-14.145118288,-34.036279572,True,-4.2542605,0.05764291061,-0.3273413996,-0.01190341061,-6.4940876004,0.0457395,-6.821429
2,73,73,73,73,-3.8,17.95,-3.8,17.95,-13.735196681,-31.488319484,False,0,22,14,1,2,0.524144228695,0.171727055959,0.304128715347,73,73,73,-3.8,17.95,-3.8,17.95,-13.735196681,-31.488319484,False,1788259257,1788259257.16,0.157497882843,1788259257,1788259257.5,1788259258,1788259258001283,1788259258020511,-13.735197,-31.488319,-13.735196681,-31.488319397,AWGN,rfsimu_channel_enB0,static-0,1788259151077599269,1,14bd144574d32d9e,1,1,1,1,5672.14285714,37.53578,-110,15.278571,True,73,73,73,-3.8,17.95,-3.8,17.95,-13.735196681,-31.488319484,False,-3.8373815,0,0,-0.0373815,-2.671429,-0.0373815,-2.671429
2,74,74,74,74,-3.15,15.95,-3.15,15.95,-13.113245867,-28.867664897,False,0,22,14,1,2,0.0622083926544,0.24720727039,0.690584336955,74,74,74,-3.15,15.95,-3.15,15.95,-13.113245867,-28.867664897,False,1788259258,1788259258.11,0.105618000031,1788259258,1788259258.5,1788259259,1788259259001103,1788259259065250,-13.113246,-28.867664,-13.113245867,-28.867664337,AWGN,rfsimu_channel_enB0,static-0,1788259151077599269,1,14bd144574d32d9e,1,1,1,1,6687.13333333,38.25213,-110,15.926667,True,74,74,74,-3.15,15.95,-3.15,15.95,-13.113245867,-28.867664897,False,-3.1210315,0,0,0.0289685,-0.023333,0.0289685,-0.023333
2,75,75,75,75,-0.35,16.7,-0.35,16.7,-10.313954755,-26.729439039,False,0,19,6,5,2,0.423520320377,0.419502302137,0.156977377486,75,75,75,-0.35,16.7,-0.35,16.7,-10.313954755,-26.729439039,False,1788259259,1788259259.15,0.153611183167,1788259259,1788259259.5,1788259260,1788259260000091,1788259260036587,-10.313955,-26.729439,-10.313954755,-26.729438782,AWGN,rfsimu_channel_enB0,static-0,1788259151077599269,1,14bd144574d32d9e,1,1,1,1,12242.7857143,40.825878,-107,18.514286,True,75,75,75,-0.35,16.7,-0.35,16.7,-10.313954755,-26.729439039,False,-0.5472835,0,0,-0.1972835,1.814286,-0.1972835,1.814286
2,76,76,76,76,-1.95,17.2,-1.95,17.2,-11.890396475,-28.946590406,False,0,21,2,5,14,0.629668102169,0.212566830238,0.157765067593,76,76,76,-1.95,17.2,-1.95,17.2,-11.890396475,-28.946590406,False,1788259260,1788259260.1,0.0976145267487,1788259260,1788259260.5,1788259261,1788259261001177,1788259261006078,-11.890396,-28.94659,-11.890396475,-28.946590424,AWGN,rfsimu_channel_enB0,static-0,1788259151077599269,1,14bd144574d32d9e,1,1,1,1,8770,39.429374,-108,16.171429,True,76,76,76,-1.95,17.2,-1.95,17.2,-11.890396475,-28.946590406,False,-1.9437875,0,0,0.0062125,-1.028571,0.0062125,-1.028571
2,77,77,77,77,0.1,17.9,0.1,17.9,-9.837635555,-27.539332085,False,0,13,9,5,6,0.081182222665,0.846444028198,0.0723737491366,77,77,77,0.1,17.9,0.1,17.9,-9.837635555,-27.539332085,False,1788259261,1788259261.16,0.157613754272,1788259261,1788259261.5,1788259262,1788259262001316,1788259262047349,-9.837636,-27.539331,-9.837635555,-27.539331436,AWGN,rfsimu_channel_enB0,static-0,1788259151077599269,1,14bd144574d32d9e,1,1,1,1,13690.8666667,41.340986,-106,18.133333,True,77,77,77,0.1,17.9,0.1,17.9,-9.837635555,-27.539332085,False,-0.0321755,0,0,-0.1321755,0.233333,-0.1321755,0.233333
2,78,78,78,78,-1.45,16.05,-1.45,16.05,-11.413925648,-27.251214052,False,0,19,6,5,2,0.24959531589,0.0434418600429,0.706962824067,78,78,78,-1.45,16.05,-1.45,16.05,-11.413925648,-27.251214052,False,1788259262,1788259262.1,0.0976660251617,1788259262,1788259262.5,1788259263,1788259263000519,1788259263019444,-11.413926,-27.251215,-11.413925648,-27.251214981,AWGN,rfsimu_channel_enB0,static-0,1788259151077599269,1,14bd144574d32d9e,1,1,1,1,9867.57142857,39.941163,-108,16.700001,True,78,78,78,-1.45,16.05,-1.45,16.05,-11.413925648,-27.251214052,False,-1.4319985,0,0,0.0180015,0.650001,0.0180015,0.650001
2,79,79,79,79,0.15,14.05,0.15,14.05,-9.902686675,-23.688472025,False,0,27,6,7,10,0.562824008283,0.388519329401,0.0486566623157,79,79,79,0.15,14.05,0.15,14.05,-9.902686675,-23.688472025,False,1788259263,1788259263.16,0.157117843628,1788259263,1788259263.5,1788259264,1788259264000745,1788259264055573,-9.902687,-23.688473,-9.902686675,-23.688472748,AWGN,rfsimu_channel_enB0,static-0,1788259151077599269,1,14bd144574d32d9e,1,1,1,1,13881.5333333,41.408957,-106,16.673333,True,79,79,79,0.15,14.05,0.15,14.05,-9.902686675,-23.688472025,False,0.0357955,0,0,-0.1142045,2.623333,-0.1142045,2.623333
2,80,80,80,80,0.85,17.5,0.85,17.5,-9.094542154,-26.340041225,False,0,13,9,5,6,0.452728922842,0.446680408362,0.100590668797,80,80,80,0.85,17.5,0.85,17.5,-9.094542154,-26.340041225,False,1788259264,1788259264.11,0.109416723251,1788259264,1788259264.5,1788259265,1788259265000014,1788259265020569,-9.094542,-26.340042,-9.094542154,-26.340042114,AWGN,rfsimu_channel_enB0,static-0,1788259151077599269,1,14bd144574d32d9e,1,1,1,1,16779.7142857,42.247284,-105,16.178572,True,80,80,80,0.85,17.5,0.85,17.5,-9.094542154,-26.340041225,False,0.8741225,0,0,0.0241225,-1.321428,0.0241225,-1.321428
2,81,81,81,81,0.3,14.7,0.3,14.7,-9.727808777,-24.052958064,False,0,27,6,7,10,0.684319354768,0.179585033768,0.136095611464,81,81,81,0.3,14.7,0.3,14.7,-9.727808777,-24.052958064,False,1788259265,1788259265.16,0.157165050507,1788259265,1788259265.5,1788259266,1788259266001221,1788259266052271,-9.727809,-24.052958,-9.727808777,-24.052957535,AWGN,rfsimu_channel_enB0,static-0,1788259151077599269,1,14bd144574d32d9e,1,1,1,1,14896.1333333,41.726061,-106,15.66,True,81,81,81,0.3,14.7,0.3,14.7,-9.727808777,-24.052958064,False,0.3528995,0,0,0.0528995,0.96,0.0528995,0.96
2,82,82,82,82,-2.45,11.6,-2.45,11.6,-12.63340439,-24.040769885,False,0,16,4,3,15,0.108608574937,0.574689230059,0.316702195004,82,82,82,-2.45,11.6,-2.45,11.6,-12.63340439,-24.040769885,False,1788259266,1788259266.11,0.105620145798,1788259266,1788259266.5,1788259267,1788259267000790,1788259267019632,-12.633404,-24.04077,-12.63340439,-24.040769577,AWGN,rfsimu_channel_enB0,static-0,1788259151077599269,1,14bd144574d32d9e,1,1,1,1,7828.78571429,38.935405,-109,12.714286,True,82,82,82,-2.45,11.6,-2.45,11.6,-12.63340439,-24.040769885,False,-2.4377565,0,0,0.0122435,1.114286,0.0122435,1.114286
2,83,83,83,83,-3.65,10.75,-3.65,10.75,-13.897430398,-24.54232824,False,0,9,3,1,15,0.211257982925,0.159973182088,0.628768834987,83,83,83,-3.65,10.75,-3.65,10.75,-13.897430398,-24.54232824,False,1788259267,1788259267.15,0.153619289398,1788259267,1788259267.5,1788259268,1788259268000502,1788259268057113,-13.89743,-24.542328,-13.897430398,-24.542327881,AWGN,rfsimu_channel_enB0,static-0,1788259151077599269,1,14bd144574d32d9e,1,1,1,1,5984,37.759461,-110,10.666667,True,83,83,83,-3.65,10.75,-3.65,10.75,-13.897430398,-24.54232824,False,-3.6137005,0,0,0.0362995,-0.083333,0.0362995,-0.083333
2,84,84,84,84,-5.9,11.1,-5.9,11.1,-16.136091993,-26.981724608,False,0,7,13,15,1,0.349459736832,0.281413740252,0.369126522915,84,84,84,-5.9,11.1,-5.9,11.1,-16.136091993,-26.981724608,False,1788259268,1788259268.1,0.101222991943,1788259268,1788259268.5,1788259269,1788259269000136,1788259269027165,-16.136092,-26.981724,-16.136091993,-26.981723785,AWGN,rfsimu_channel_enB0,static-0,1788259151077599269,1,14bd144574d32d9e,1,1,1,1,3482.35714286,35.417604,-112,8.057143,True,84,84,84,-5.9,11.1,-5.9,11.1,-16.136091993,-26.981724608,False,-5.9555575,0,0,-0.0555575,-3.042857,-0.0555575,-3.042857
2,85,85,85,85,-5.9,9.4,-5.9,9.4,-16.254895477,-25.465149352,False,0,7,13,15,1,0.542698481629,0.415250743253,0.042050775118,85,85,85,-5.9,9.4,-5.9,9.4,-16.254895477,-25.465149352,False,1788259269,1788259269.15,0.149291992188,1788259269,1788259269.5,1788259270,1788259270000261,1788259270063254,-16.254895,-25.465149,-16.254895477,-25.465148926,AWGN,rfsimu_channel_enB0,static-0,1788259151077599269,1,14bd144574d32d9e,1,1,1,1,3572.53333333,35.524741,-112,8.2,True,85,85,85,-5.9,9.4,-5.9,9.4,-16.254895477,-25.465149352,False,-5.8484205,0,0,0.0515795,-1.2,0.0515795,-1.2
2,86,86,86,86,-3.35,12.2,-3.35,12.2,-13.498078788,-25.469783969,False,0,9,3,1,15,0.469612023295,0.218651417425,0.31173655928,86,86,86,-3.35,12.2,-3.35,12.2,-13.498078788,-25.469783969,False,1788259270,1788259270.09,0.0932741165161,1788259270,1788259270.5,1788259271,1788259271000907,1788259271029693,-13.498079,-25.469784,-13.498078788,-25.469783783,AWGN,rfsimu_channel_enB0,static-0,1788259151077599269,1,14bd144574d32d9e,1,1,1,1,6316.64285714,38.003309,-110,10.8,True,86,86,86,-3.35,12.2,-3.35,12.2,-13.498078788,-25.469783969,False,-3.3698525,0,0,-0.0198525,-1.4,-0.0198525,-1.4
2,87,87,87,87,-3.55,11.2,-3.55,11.2,-13.766577458,-24.823185272,False,0,9,3,1,15,0.29335157439,0.176640303256,0.530008122354,87,87,87,-3.55,11.2,-3.55,11.2,-13.766577458,-24.823185272,False,1788259271,1788259271.15,0.149615526199,1788259271,1788259271.5,1788259272,1788259272000202,1788259272067297,-13.766577,-24.823185,-13.766577458,-24.823184967,AWGN,rfsimu_channel_enB0,static-0,1788259151077599269,1,14bd144574d32d9e,1,1,1,1,6054.06666667,37.81949,-110,10.54,True,87,87,87,-3.55,11.2,-3.55,11.2,-13.766577458,-24.823185272,False,-3.5536715,0,0,-0.0036715,-0.66,-0.0036715,-0.66
2,88,88,88,88,-2.65,10.85,-2.65,10.85,-12.883250602,-23.600785374,False,0,16,4,3,15,0.171988008157,0.386386691036,0.441625300807,88,88,88,-2.65,10.85,-2.65,10.85,-12.883250602,-23.600785374,False,1788259272,1788259272.09,0.0936326980591,1788259272,1788259272.5,1788259273,1788259273001211,1788259273031654,-12.883251,-23.600786,-12.883250602,-23.600786209,AWGN,rfsimu_channel_enB0,static-0,1788259151077599269,1,14bd144574d32d9e,1,1,1,1,7391.07142857,38.682923,-109,11.464286,True,88,88,88,-2.65,10.85,-2.65,10.85,-12.883250602,-23.600785374,False,-2.6902385,0,0,-0.0402385,0.614286,-0.0402385,0.614286
2,89,89,89,89,-2.95,11.8,-2.95,11.8,-13.124108368,-24.725750128,False,0,9,3,1,15,0.532374537663,0.0944287217892,0.373196740548,89,89,89,-2.95,11.8,-2.95,11.8,-13.124108368,-24.725750128,False,1788259273,1788259273.16,0.157616138458,1788259273,1788259273.5,1788259274,1788259274001530,1788259274068480,-13.124108,-24.72575,-13.124108368,-24.725749969,AWGN,rfsimu_channel_enB0,static-0,1788259151077599269,1,14bd144574d32d9e,1,1,1,1,7011.53333333,38.453121,-110,11.26,True,89,89,89,-2.95,11.8,-2.95,11.8,-13.124108368,-24.725750128,False,-2.9200405,0,0,0.0299595,-0.54,0.0299595,-0.54
2,90,90,90,90,-0.4,14.45,-0.4,14.45,-10.435114949,-24.532324246,False,0,10,6,3,7,0.626550607621,0.217557474508,0.155891917872,90,90,90,-0.4,14.45,-0.4,14.45,-10.435114949,-24.532324246,False,1788259274,1788259274.12,0.121006011963,1788259274,1788259274.5,1788259275,1788259275001621,1788259275034146,-10.435115,-24.532324,-10.435114949,-24.532323837,AWGN,rfsimu_channel_enB0,static-0,1788259151077599269,1,14bd144574d32d9e,1,1,1,1,12503.8571429,40.969355,-107,14.164286,True,90,90,90,-0.4,14.45,-0.4,14.45,-10.435114949,-24.532324246,False,-0.4038065,0,0,-0.0038065,-0.285714,-0.0038065,-0.285714
2,91,91,91,91,0.85,18.15,0.85,18.15,-9.082934969,-27.009152033,False,0,14,8,5,9,0.128249860001,0.541467484338,0.330282655661,91,91,91,0.85,18.15,0.85,18.15,-9.082934969,-27.009152033,False,1788259275,1788259275.15,0.153085708618,1788259275,1788259275.5,1788259276,1788259276000802,1788259276004062,-9.082935,-27.009151,-9.082934969,-27.009151459,AWGN,rfsimu_channel_enB0,static-0,1788259151077599269,1,14bd144574d32d9e,1,1,1,1,16364,42.12732,-106,15.364286,True,91,91,91,0.85,18.15,0.85,18.15,-9.082934969,-27.009152033,False,0.7541585,0,0,-0.0958415,-2.785714,-0.0958415,-2.785714
2,92,92,92,92,-0.25,16.2,-0.25,16.2,-10.227873551,-26.078253357,False,0,19,6,5,2,0.640582214435,0.245481010295,0.113936775271,92,92,92,-0.25,16.2,-0.25,16.2,-10.227873551,-26.078253357,False,1788259276,1788259276.1,0.10161614418,1788259276,1788259276.5,1788259277,1788259277001677,1788259277053405,-10.227874,-26.078253,-10.227873551,-26.078252792,AWGN,rfsimu_channel_enB0,static-0,1788259151077599269,1,14bd144574d32d9e,1,1,1,1,13212.9333333,41.203084,-107,14.413333,True,92,92,92,-0.25,16.2,-0.25,16.2,-10.227873551,-26.078253357,False,-0.1700775,0,0,0.0799225,-1.786667,0.0799225,-1.786667
2,93,93,93,93,0.2,17.3,0.2,17.3,-9.752426529,-26.787841156,False,0,13,9,5,6,0.123786735456,0.595947052076,0.280266212468,93,93,93,0.2,17.3,0.2,17.3,-9.752426529,-26.787841156,False,1788259277,1788259277.15,0.152956962585,1788259277,1788259277.5,1788259278,1788259278000214,1788259278046008,-9.752427,-26.787842,-9.752426529,-26.787841797,AWGN,rfsimu_channel_enB0,static-0,1788259151077599269,1,14bd144574d32d9e,1,1,1,1,14288.2857143,41.548115,-106,15.571428,True,93,93,93,0.2,17.3,0.2,17.3,-9.752426529,-26.787841156,False,0.1749535,0,0,-0.0250465,-1.728572,-0.0250465,-1.728572
2,94,94,94,94,-1.05,16.75,-1.05,16.75,-11.002396011,-27.562149734,False,0,19,6,5,2,0.145950088642,0.352851905904,0.501198005454,94,94,94,-1.05,16.75,-1.05,16.75,-11.002396011,-27.562149734,False,1788259278,1788259278.11,0.105098485947,1788259278,1788259278.5,1788259279,1788259279001094,1788259279041957,-11.002396,-27.562149,-11.002396011,-27.562149048,AWGN,rfsimu_channel_enB0,static-0,1788259151077599269,1,14bd144574d32d9e,1,1,1,1,10860,40.357526,-107,14.657143,True,94,94,94,-1.05,16.75,-1.05,16.75,-11.002396011,-27.562149734,False,-1.0156355,0,0,0.0343645,-2.092857,0.0343645,-2.092857
2,95,95,95,95,-2.8,12.55,-2.8,12.55,-12.922734366,-25.210699151,False,0,9,3,1,15,0.664569874341,0.125937057416,0.209493068243,95,95,95,-2.8,12.55,-2.8,12.55,-12.922734366,-25.210699151,False,1788259279,1788259279.16,0.157612800598,1788259279,1788259279.5,1788259280,1788259280001591,1788259280031520,-12.922734,-25.210699,-12.922734366,-25.210699081,AWGN,rfsimu_channel_enB0,static-0,1788259151077599269,1,14bd144574d32d9e,1,1,1,1,7446.21428571,38.692962,-109,12.942857,True,95,95,95,-2.8,12.55,-2.8,12.55,-12.922734366,-25.210699151,False,-2.6801995,0,0,0.1198005,0.392857,0.1198005,0.392857
2,96,96,96,96,-3.05,13.85,-3.05,13.85,-13.091315203,-26.608882403,False,0,23,1,3,2,0.272828800742,0.64559173275,0.0815794665074,96,96,96,-3.05,13.85,-3.05,13.85,-13.091315203,-26.608882403,False,1788259280,1788259280.1,0.101626873016,1788259280,1788259280.5,1788259281,1788259281000566,1788259281000326,-13.091315,-26.608883,-13.091315203,-26.608882904,AWGN,rfsimu_channel_enB0,static-0,1788259151077599269,1,14bd144574d32d9e,1,1,1,1,6851.35714286,38.35725,-110,12.7,True,96,96,96,-3.05,13.85,-3.05,13.85,-13.091315203,-26.608882403,False,-3.0159115,0,0,0.0340885,-1.15,0.0340885,-1.15
2,97,97,97,97,-3.85,17.6,-3.85,17.6,-13.791172146,-31.185056004,False,0,22,14,1,2,0.457893986186,0.218846043332,0.323259970482,97,97,97,-3.85,17.6,-3.85,17.6,-13.791172146,-31.185056004,False,1788259281,1788259281.16,0.157618999481,1788259281,1788259281.5,1788259282,1788259282001111,1788259282042258,-13.791172,-31.185057,-13.791172146,-31.185056686,AWGN,rfsimu_channel_enB0,static-0,1788259151077599269,1,14bd144574d32d9e,1,1,1,1,5765.46666667,37.598282,-110,12.62,True,97,97,97,-3.85,17.6,-3.85,17.6,-13.791172146,-31.185056004,False,-3.7748795,0,0,0.0751205,-4.98,0.0751205,-4.98
2,98,98,98,98,-2.6,16.8,-2.6,16.8,-12.545941814,-29.197572418,False,0,22,14,1,2,0.184920302086,0.0440253025455,0.771054395368,98,98,98,-2.6,16.8,-2.6,16.8,-12.545941814,-29.197572418,False,1788259282,1788259282.11,0.109621763229,1788259282,1788259282.5,1788259283,1788259283000754,1788259283018119,-12.545942,-29.197573,-12.545941814,-29.197572708,AWGN,rfsimu_channel_enB0,static-0,1788259151077599269,1,14bd144574d32d9e,1,1,1,1,7518.21428571,38.760469,-109,13.857143,True,98,98,98,-2.6,16.8,-2.6,16.8,-12.545941814,-29.197572418,False,-2.6126925,0,0,-0.0126925,-2.942857,-0.0126925,-2.942857
2,99,99,99,99,-5.5,12.7,-5.5,12.7,-15.621335678,-28.044383839,False,0,7,13,15,1,0.063029103434,0.252361264321,0.684609632245,99,99,99,-5.5,12.7,-5.5,12.7,-15.621335678,-28.044383839,False,1788259283,1788259283.16,0.157629728317,1788259283,1788259283.5,1788259284,1788259284000074,1788259284065463,-15.621336,-28.044384,-15.621335678,-28.044384003,AWGN,rfsimu_channel_enB0,static-0,1788259151077599269,1,14bd144574d32d9e,1,1,1,1,4099.86666667,36.04133,-112,12.126667,True,99,99,99,-5.5,12.7,-5.5,12.7,-15.621335678,-28.044383839,False,-5.3318315,0,0,0.1681685,-0.573333,0.1681685,-0.573333
2,100,100,100,100,-3.1,14.95,-3.1,14.95,-13.096494289,-27.795007312,False,0,23,1,3,2,0.274123572197,0.251079944067,0.474796483736,100,100,100,-3.1,14.95,-3.1,14.95,-13.096494289,-27.795007312,False,1788259284,1788259284.16,0.157615423203,1788259284,1788259284.5,1788259285,1788259285000073,1788259285041547,-13.096494,-27.795008,-13.096494289,-27.795007706,AWGN,rfsimu_channel_enB0,static-0,1788259151077599269,1,14bd144574d32d9e,1,1,1,1,6561.85714286,38.128974,-110,14.714286,True,100,100,100,-3.1,14.95,-3.1,14.95,-13.096494289,-27.795007312,False,-3.2441875,0,0,-0.1441875,-0.235714,-0.1441875,-0.235714
2,101,101,101,101,-7.7,10.6,-7.69558525383,10.6009406634,-18,-28.242644441,True,0.0044397292288,-1,0,13,-1,0.155330555123,0.844669444877,0,101,101,101,-7.7,10.6,-7.69558525383,10.6009406634,-18,-28.242644441,True,1788259285,1788259285.11,0.109616994858,1788259285,1788259285.5,1788259286,1788259286000000,1788259286015534,-18,-28.242645,-18,-28.242645264,AWGN,rfsimu_channel_enB0,static-0,1788259151077599269,1,14bd144574d32d9e,1,1,1,1,2290.78571429,33.597559,-114,9.864286,True,101,101,101,-7.7,10.6,-7.69558525383,10.6009406634,-18,-28.242644441,True,-7.7756025,0.00441474617,0.0009406634,-0.08001724617,-0.7366546634,-0.0756025,-0.735714
2,102,102,102,102,-7.55,9.15,-7.54515811889,9.34491089196,-17.916000607,-26.916000607,True,0.0975756514894,-1,13,15,-1,0.979000151741,0.0209998482588,0,102,102,102,-7.55,9.15,-7.54515811889,9.34491089196,-17.916000607,-26.916000607,True,1788259286,1788259286.16,0.157635211945,1788259286,1788259286.5,1788259287,1788259287000344,1788259287056496,-17.916001,-26.916,-17.916000607,-26.916000366,AWGN,rfsimu_channel_enB0,static-0,1788259151077599269,1,14bd144574d32d9e,1,1,1,1,2401.46666667,33.803673,-114,10.1,True,102,102,102,-7.55,9.15,-7.54515811889,9.34491089196,-17.916000607,-26.916000607,True,-7.5694885,0.00484188111,0.19491089196,-0.02433038111,0.75508910804,-0.0194885,0.95
2,103,103,103,103,-3.55,15,-3.55,15,-13.542553956,-28.280106729,False,0,23,1,3,2,0.385638489018,0.16372341648,0.450638094502,103,103,103,-3.55,15,-3.55,15,-13.542553956,-28.280106729,False,1788259287,1788259287.11,0.1050157547,1788259287,1788259287.5,1788259288,1788259288000392,1788259288033515,-13.542554,-28.280107,-13.542553956,-28.280107498,AWGN,rfsimu_channel_enB0,static-0,1788259151077599269,1,14bd144574d32d9e,1,1,1,1,6110.85714286,37.859067,-110,14.464286,True,103,103,103,-3.55,15,-3.55,15,-13.542553956,-28.280106729,False,-3.5140945,0,0,0.0359055,-0.535714,0.0359055,-0.535714
2,104,104,104,104,1.5,22.9,1.5,22.9,-8.400771832,-31.069928719,False,0,2,18,14,8,0.444859481118,0.511654786513,0.0434857323682,104,104,104,1.5,22.9,1.5,22.9,-8.400771832,-31.069928719,False,1788259288,1788259288.15,0.153251886368,1788259288,1788259288.5,1788259289,1788259289001687,1788259289011924,-8.400772,-31.069929,-8.400771832,-31.069929123,AWGN,rfsimu_channel_enB0,static-0,1788259151077599269,1,14bd144574d32d9e,1,1,1,1,18389.3571429,42.506963,-105,19.507142,True,104,104,104,1.5,22.9,1.5,22.9,-8.400771832,-31.069928719,False,1.1338015,0,0,-0.3661985,-3.392858,-0.3661985,-3.392858
2,105,105,105,105,1.05,21.65,1.05,21.65,-8.853294703,-30.260692351,False,0,2,18,14,8,0.234566274599,0.376782058458,0.388651666943,105,105,105,1.05,21.65,1.05,21.65,-8.853294703,-30.260692351,False,1788259289,1788259289.1,0.101608753204,1788259289,1788259289.5,1788259290,1788259290000158,1788259290055587,-8.853295,-30.260693,-8.853294703,-30.260692596,AWGN,rfsimu_channel_enB0,static-0,1788259151077599269,1,14bd144574d32d9e,1,1,1,1,17594.1333333,42.451683,-105,19.446666,True,105,105,105,1.05,21.65,1.05,21.65,-8.853294703,-30.260692351,False,1.0785215,0,0,0.0285215,-2.203334,0.0285215,-2.203334
2,106,106,106,106,2.15,18.6,2.15,18.6,-7.778925727,-26.10249331,False,0,11,11,8,9,0.0552685682069,0.404343482289,0.540387949504,106,106,106,2.15,18.6,2.15,18.6,-7.778925727,-26.10249331,False,1788259290,1788259290.16,0.157121181488,1788259290,1788259290.5,1788259291,1788259291000126,1788259291027644,-7.778926,-26.102493,-7.778925727,-26.102493286,AWGN,rfsimu_channel_enB0,static-0,1788259151077599269,1,14bd144574d32d9e,1,1,1,1,22184.6428571,43.45082,-104,20.457143,True,106,106,106,2.15,18.6,2.15,18.6,-7.778925727,-26.10249331,False,2.0776585,0,0,-0.0723415,1.857143,-0.0723415,1.857143
2,107,107,107,107,6.25,25.8,6.29182510864,25.4718909755,-3.607965474,-28.803982737,True,0.169302163889,-1,14,18,-1,0.133997122821,0.866002877179,0,107,107,107,6.25,25.8,6.29182510864,25.4718909755,-3.607965474,-28.803982737,True,1788259291,1788259291.11,0.109621524811,1788259291,1788259291.5,1788259292,1788259292000489,1788259292068762,-3.607965,-28.803984,-3.607965474,-28.803983688,AWGN,rfsimu_channel_enB0,static-0,1788259151077599269,1,14bd144574d32d9e,1,1,1,1,58366.1333333,47.661525,-100,24.826667,True,107,107,107,6.25,25.8,6.29182510864,25.4718909755,-3.607965474,-28.803982737,True,6.2883635,0.04182510864,-0.3281090245,-0.00346160864,-0.6452239755,0.0383635,-0.973333
2,108,108,108,108,3.2,19.4,3.2,19.4,-6.720356891,-25.906995927,False,0,11,11,8,9,0.31991077727,0.515605827308,0.164483395421,108,108,108,3.2,19.4,3.2,19.4,-6.720356891,-25.906995927,False,1788259292,1788259292.16,0.157660245895,1788259292,1788259292.5,1788259293,1788259293000292,1788259293043071,-6.720357,-25.906996,-6.720356891,-25.906995773,AWGN,rfsimu_channel_enB0,static-0,1788259151077599269,1,14bd144574d32d9e,1,1,1,1,30740.2142857,44.787982,-103,22.014285,True,108,108,108,3.2,19.4,3.2,19.4,-6.720356891,-25.906995927,False,3.4148205,0,0,0.2148205,2.614285,0.2148205,2.614285
2,109,109,109,109,3.6,19.5,3.6,19.5,-6.319659551,-25.629083158,False,0,11,11,8,9,0.420085112304,0.48975112768,0.0901637600158,109,109,109,3.6,19.5,3.6,19.5,-6.319659551,-25.629083158,False,1788259293,1788259293.14,0.141635417938,1788259293,1788259293.5,1788259294,1788259294000414,1788259294015821,-6.31966,-25.629084,-6.319659551,-25.629083633,AWGN,rfsimu_channel_enB0,static-0,1788259151077599269,1,14bd144574d32d9e,1,1,1,1,31318.2142857,44.955845,-103,21.757143,True,109,109,109,3.6,19.5,3.6,19.5,-6.319659551,-25.629083158,False,3.5826835,0,0,-0.0173165,2.257143,-0.0173165,2.257143
2,110,110,110,110,7.5,25.6,7.5,25.6,-2.40154635,-27.723063696,False,0,3,8,11,18,0.048461971385,0.0553872607854,0.89615076783,110,110,110,7.5,25.6,7.5,25.6,-2.40154635,-27.723063696,False,1788259294,1788259294.1,0.0976583957672,1788259294,1788259294.5,1788259295,1788259295000280,1788259295062332,-2.401546,-27.723064,-2.40154635,-27.723064423,AWGN,rfsimu_channel_enB0,static-0,1788259151077599269,1,14bd144574d32d9e,1,1,1,1,77361.5333333,48.88517,-99,25.02,True,110,110,110,7.5,25.6,7.5,25.6,-2.40154635,-27.723063696,False,7.5120085,0,0,0.0120085,-0.58,0.0120085,-0.58
2,111,111,111,111,7.35,24.35,7.35,24.35,-2.557228025,-26.675874916,False,0,3,8,11,18,0.00459633196108,0.26482501684,0.730578651199,111,111,111,7.35,24.35,7.35,24.35,-2.557228025,-26.675874916,False,1788259295,1788259295.16,0.161622047424,1788259295,1788259295.5,1788259296,1788259296001341,1788259296035598,-2.557228,-26.675875,-2.557228025,-26.67587471,AWGN,rfsimu_channel_enB0,static-0,1788259151077599269,1,14bd144574d32d9e,1,1,1,1,74428.5714286,48.717085,-99,24.914285,True,111,111,111,7.35,24.35,7.35,24.35,-2.557228025,-26.675874916,False,7.3439235,0,0,-0.0060765,0.564285,-0.0060765,0.564285
2,112,112,112,112,2.8,17.85,2.8,17.85,-7.13923202,-24.744286796,False,0,11,11,8,9,0.215191994942,0.058223595332,0.726584409726,112,112,112,2.8,17.85,2.8,17.85,-7.13923202,-24.744286796,False,1788259296,1788259296.12,0.117654561996,1788259296,1788259296.5,1788259297,1788259297000763,1788259297005644,-7.139232,-24.744287,-7.13923202,-24.744287491,AWGN,rfsimu_channel_enB0,static-0,1788259151077599269,1,14bd144574d32d9e,1,1,1,1,26442.2857143,44.222683,-104,20.428571,True,112,112,112,2.8,17.85,2.8,17.85,-7.13923202,-24.744286796,False,2.8495215,0,0,0.0495215,2.578571,0.0495215,2.578571
2,113,113,113,113,1.2,13.45,1.2,13.45,-8.872542508,-22.047901325,False,0,27,6,7,10,0.0159671083049,0.420304145563,0.563728746132,113,113,113,1.2,13.45,1.2,13.45,-8.872542508,-22.047901325,False,1788259297,1788259297.15,0.153598546982,1788259297,1788259297.5,1788259298,1788259298001723,1788259298047763,-8.872543,-22.047901,-8.872542508,-22.047901154,AWGN,rfsimu_channel_enB0,static-0,1788259151077599269,1,14bd144574d32d9e,1,1,1,1,18644.8666667,42.684794,-105,18.88,True,113,113,113,1.2,13.45,1.2,13.45,-8.872542508,-22.047901325,False,1.3116325,0,0,0.1116325,5.43,0.1116325,5.43
2,114,114,114,114,4.05,16.8,4.05,16.8,-5.938573298,-22.406165577,False,0,12,9,17,11,0.354383235225,0.260520178606,0.385096586169,114,114,114,4.05,16.8,4.05,16.8,-5.938573298,-22.406165577,False,1788259298,1788259298.12,0.117665052414,1788259298,1788259298.5,1788259299,1788259299001620,1788259299018766,-5.938573,-22.406166,-3.924955986,-23.632404327,AWGN,rfsimu_channel_enB0,static-0,1788259151077599269,1,14bd144574d32d9e,1,1,1,1,34545.6428571,45.38301,-102,18.807143,True,114,114,114,4.05,16.8,4.05,16.8,-5.938573298,-22.406165577,False,4.0098485,0,0,-0.0401515,2.007143,-0.0401515,2.007143
2,115,115,115,115,6,19.8,6,19.8,-3.924955986,-23.632404684,False,0,3,8,11,18,0.0296529766661,0.873519063118,0.0968279602158,115,115,115,6,19.8,6,19.8,-3.924955986,-23.632404684,False,1788259299,1788259299.09,0.0896871089935,1788259299,1788259299.5,1788259300,1788259300001402,1788259300060717,-3.924956,-23.632404,-3.924955986,-23.632404327,AWGN,rfsimu_channel_enB0,static-0,1788259151077599269,1,14bd144574d32d9e,1,1,1,1,54679.0666667,47.377855,-100,20.08,True,115,115,115,6,19.8,6,19.8,-3.924955986,-23.632404684,False,6.0046935,0,0,0.00469349999999,0.28,0.00469349999999,0.28
2,116,116,116,116,7.25,20.3,7.25,20.3,-2.67548866,-22.70926237,False,0,1,18,11,19,0.0619196734419,0.63791232818,0.300167998378,116,116,116,7.25,20.3,7.25,20.3,-2.67548866,-22.70926237,False,1788259300,1788259300.16,0.157448530197,1788259300,1788259300.5,1788259301,1788259301001541,1788259301030423,-2.675489,-22.709263,-2.67548866,-22.709262848,AWGN,rfsimu_channel_enB0,static-0,1788259151077599269,1,14bd144574d32d9e,1,1,1,1,71835.8571429,48.55284,-99,21.257142,True,116,116,116,7.25,20.3,7.25,20.3,-2.67548866,-22.70926237,False,7.1796785,0,0,-0.0703215,0.957142,-0.0703215,0.957142
2,117,117,117,117,8.15,19.75,8.15,19.75,-1.783134418,-21.209800627,False,0,0,19,11,12,0.383774750104,0.445783604406,0.170441645491,117,117,117,8.15,19.75,8.15,19.75,-1.783134418,-21.209800627,False,1788259301,1788259301.12,0.117678403854,1788259301,1788259301.5,1788259302,1788259302000842,1788259302007704,-1.783134,-21.209801,-1.783134418,-21.20980072,AWGN,rfsimu_channel_enB0,static-0,1788259151077599269,1,14bd144574d32d9e,1,1,1,1,88276.1428571,49.453286,-98,21.792857,True,117,117,117,8.15,19.75,8.15,19.75,-1.783134418,-21.209800627,False,8.0801245,0,0,-0.0698755,2.042857,-0.0698755,2.042857
2,118,118,118,118,7.7,22.1,7.7,22.1,-2.218231686,-24.002120365,False,0,1,18,11,19,0.315500753724,0.396807544576,0.2876917017,118,118,118,7.7,22.1,7.7,22.1,-2.218231686,-24.002120365,False,1788259302,1788259302.15,0.153643608093,1788259302,1788259302.5,1788259303,1788259303001216,1788259303061828,-2.218232,-24.002121,-2.218231686,-24.002120972,AWGN,rfsimu_channel_enB0,static-0,1788259151077599269,1,14bd144574d32d9e,1,1,1,1,81521.1333333,49.10983,-99,20.6,True,118,118,118,7.7,22.1,7.7,22.1,-2.218231686,-24.002120365,False,7.7366685,0,0,0.0366685,-1.5,0.0366685,-1.5
2,119,119,119,119,8.95,22.75,8.95,22.75,-0.967876242,-23.203499829,False,0,1,18,11,19,0.286593617895,0.0986722516266,0.614734130479,119,119,119,8.95,22.75,8.95,22.75,-0.967876242,-23.203499829,False,1788259303,1788259303.11,0.109529495239,1788259303,1788259303.5,1788259304,1788259304001719,1788259304045109,-0.967876,-23.203501,-0.967876242,-23.203500748,AWGN,rfsimu_channel_enB0,static-0,1788259151077599269,1,14bd144574d32d9e,1,1,1,1,107599.357143,50.317984,-97,21.807142,True,119,119,119,8.95,22.75,8.95,22.75,-0.967876242,-23.203499829,False,8.9448225,0,0,-0.0051775,-0.942858,-0.0051775,-0.942858
2,120,120,120,120,8.15,22.4,8.15,22.4,-1.76780327,-23.781222241,False,0,1,18,11,19,0.316220101074,0.283840766855,0.39993913207,120,120,120,8.15,22.4,8.15,22.4,-1.76780327,-23.781222241,False,1788259304,1788259304.16,0.157562971115,1788259304,1788259304.5,1788259305,1788259305001070,1788259305018529,-1.767803,-23.781221,-1.76780327,-23.78122139,AWGN,rfsimu_channel_enB0,static-0,1788259151077599269,1,14bd144574d32d9e,1,1,1,1,90949.7142857,49.581957,-98,21.078571,True,120,120,120,8.15,22.4,8.15,22.4,-1.76780327,-23.781222241,False,8.2087955,0,0,0.0587955,-1.321429,0.0587955,-1.321429
2,121,121,121,121,8,20.6,8,20.6,-1.925685107,-22.139264681,False,0,1,18,11,19,0.0294036879687,0.466719432764,0.503876879268,121,121,121,8,20.6,8,20.6,-1.925685107,-22.139264681,False,1788259305,1788259305.12,0.117656469345,1788259305,1788259305.5,1788259306,1788259306000784,1788259306060853,-1.925685,-22.139265,-1.925685107,-22.13926506,AWGN,rfsimu_channel_enB0,static-0,1788259151077599269,1,14bd144574d32d9e,1,1,1,1,86559.2666667,49.372779,-99,20.306667,True,121,121,121,8,20.6,8,20.6,-1.925685107,-22.139264681,False,7.9996175,0,0,-0.000382500000001,-0.293333,-0.000382500000001,-0.293333
2,122,122,122,122,8.9,22.2,8.9,22.2,-1.020275903,-22.706639179,False,0,1,18,11,19,0.199416871291,0.155360540067,0.645222588643,122,122,122,8.9,22.2,8.9,22.2,-1.020275903,-22.706639179,False,1788259306,1788259306.16,0.157650709152,1788259306,1788259306.5,1788259307,1788259307001067,1788259307032030,-1.020276,-22.706638,-1.020275903,-22.706638336,AWGN,rfsimu_channel_enB0,static-0,1788259151077599269,1,14bd144574d32d9e,1,1,1,1,104656.142857,50.191228,-98,20.992857,True,122,122,122,8.9,22.2,8.9,22.2,-1.020275903,-22.706639179,False,8.8180665,0,0,-0.0819335,-1.207143,-0.0819335,-1.207143
2,123,123,123,123,9.25,21.95,9.25,21.95,-0.672143003,-22.047063667,False,0,1,18,11,19,0.118498694174,0.108786403735,0.77271490209,123,123,123,9.25,21.95,9.25,21.95,-0.672143003,-22.047063667,False,1788259307,1788259307.13,0.129645347595,1788259307,1788259307.5,1788259308,1788259308001276,1788259308015036,-0.672143,-22.047064,-0.672143003,-22.047063828,AWGN,rfsimu_channel_enB0,static-0,1788259151077599269,1,14bd144574d32d9e,1,1,1,1,114638.642857,50.592685,-97,21.378571,True,123,123,123,9.25,21.95,9.25,21.95,-0.672143003,-22.047063667,False,9.2195235,0,0,-0.0304765,-0.571429,-0.0304765,-0.571429
2,124,124,124,124,9.65,24.35,9.14527521888,23.4614032049,-0.769769186,-23.694192151,True,0.672419638881,-1,18,19,-1,0.384884593052,0.615115406948,0,124,124,124,9.65,24.35,9.14527521888,23.4614032049,-0.769769186,-23.694192151,True,1788259308,1788259308.09,0.0936632156372,1788259308,1788259308.5,1788259309,1788259309000939,1788259309069061,-0.769769,-23.694193,-0.769769186,-23.694192886,AWGN,rfsimu_channel_enB0,static-0,1788259151077599269,1,14bd144574d32d9e,1,1,1,1,112826.533333,50.52394,-97,21.866667,True,124,124,124,9.65,24.35,9.14527521888,23.4614032049,-0.769769186,-23.694192151,True,9.1507785,-0.50472478112,-0.8885967951,0.00550328112,-1.5947362049,-0.4992215,-2.483333
2,125,125,125,125,10,21.9,9.90563365757,21.7338626662,-0.018858889,-21.06600611,True,0.125719568904,-1,18,19,-1,0.00942944425346,0.990570555747,0,125,125,125,10,21.9,9.90563365757,21.7338626662,-0.018858889,-21.06600611,True,1788259309,1788259309.15,0.15366101265,1788259309,1788259309.5,1788259310,1788259310001276,1788259310053535,-0.018859,-21.066006,-0.018858889,-21.066005707,AWGN,rfsimu_channel_enB0,static-0,1788259151077599269,1,14bd144574d32d9e,1,1,1,1,132381.428571,51.212805,-97,22.814285,True,125,125,125,10,21.9,9.90563365757,21.7338626662,-0.018858889,-21.06600611,True,9.8396435,-0.09436634243,-0.1661373338,-0.06599015757,1.0804223338,-0.1603565,0.914285
2,126,126,126,126,9.6,19.85,9.6,19.85,-0.339299149,-19.73675141,False,0,0,19,11,12,0.556950671689,0.08482478715,0.358224541161,126,126,126,9.6,19.85,9.6,19.85,-0.339299149,-19.73675141,False,1788259310,1788259310.12,0.117490530014,1788259310,1788259310.5,1788259311,1788259311000331,1788259311024274,-0.339299,-19.736752,-0.339299149,-19.736751556,AWGN,rfsimu_channel_enB0,static-0,1788259151077599269,1,14bd144574d32d9e,1,1,1,1,124248.571429,50.94259,-97,22.535714,True,126,126,126,9.6,19.85,9.6,19.85,-0.339299149,-19.73675141,False,9.5694285,0,0,-0.0305715,2.685714,-0.0305715,2.685714
2,127,127,127,127,9.55,21,9.55,21,-0.378967438,-20.798285079,False,0,0,19,11,12,0.807458480634,0.0947418593795,0.0977996599863,127,127,127,9.55,21,9.55,21,-0.378967438,-20.798285079,False,1788259311,1788259311.15,0.153138160706,1788259311,1788259311.5,1788259312,1788259312000307,1788259312056615,-0.378967,-20.798285,-0.378967438,-20.798284531,AWGN,rfsimu_channel_enB0,static-0,1788259151077599269,1,14bd144574d32d9e,1,1,1,1,123847.4,50.928597,-97,22.52,True,127,127,127,9.55,21,9.55,21,-0.378967438,-20.798285079,False,9.5554355,0,0,0.0054355,1.52,0.0054355,1.52
2,128,128,128,128,9.15,22.2,9.15,22.2,-0.770796622,-22.415722875,False,0,1,18,11,19,0.171720760604,0.10683877532,0.721440464076,128,128,128,9.15,22.2,9.15,22.2,-0.770796622,-22.415722875,False,1788259312,1788259312.09,0.0892789363861,1788259312,1788259312.5,1788259313,1788259313000116,1788259313022283,-0.770797,-22.415724,-0.770796622,-22.415723801,AWGN,rfsimu_channel_enB0,static-0,1788259151077599269,1,14bd144574d32d9e,1,1,1,1,112800.928571,50.522967,-97,21.785715,True,128,128,128,9.15,22.2,9.15,22.2,-0.770796622,-22.415722875,False,9.1498055,0,0,-0.000194500000001,-0.414285,-0.000194500000001,-0.414285
2,129,129,129,129,9.1,20.7,9.1,20.7,-0.829413864,-21.019750297,False,0,0,19,11,12,0.693907375263,0.207353465968,0.0987391587688,129,129,129,9.1,20.7,9.1,20.7,-0.829413864,-21.019750297,False,1788259313,1788259313.16,0.161029338837,1788259313,1788259313.5,1788259314,1788259314001280,1788259314001062,-0.829414,-21.019751,-0.829413864,-21.019750595,AWGN,rfsimu_channel_enB0,static-0,1788259151077599269,1,14bd144574d32d9e,1,1,1,1,111171.5,50.459623,-97,21.664286,True,129,129,129,9.1,20.7,9.1,20.7,-0.829413864,-21.019750297,False,9.0864615,0,0,-0.0135385,0.964286,-0.0135385,0.964286
2,130,130,130,130,8.95,22.15,8.95,22.15,-0.970607665,-22.597997381,False,0,1,18,11,19,0.185448924722,0.14992745398,0.664623621298,130,130,130,8.95,22.15,8.95,22.15,-0.970607665,-22.597997381,False,1788259314,1788259314.11,0.105690956116,1788259314,1788259314.5,1788259315,1788259315000694,1788259315047555,-0.970608,-22.597998,-0.970607665,-22.597997665,AWGN,rfsimu_channel_enB0,static-0,1788259151077599269,1,14bd144574d32d9e,1,1,1,1,107687.4,50.321208,-97,21.526667,True,130,130,130,8.95,22.15,8.95,22.15,-0.970607665,-22.597997381,False,8.9480465,0,0,-0.0019535,-0.623333,-0.0019535,-0.623333
2,131,131,131,131,8.6,20.65,8.6,20.65,-1.327424226,-21.514100919,False,0,0,19,11,12,0.63074114482,0.331856056605,0.0374027985754,131,131,131,8.6,20.65,8.6,20.65,-1.327424226,-21.514100919,False,1788259315,1788259315.15,0.153315544128,1788259315,1788259315.5,1788259316,1788259316001057,1788259316026912,-1.327424,-21.514101,-1.327424226,-21.514101028,AWGN,rfsimu_channel_enB0,static-0,1788259151077599269,1,14bd144574d32d9e,1,1,1,1,100212.785714,50.008057,-98,21.064286,True,131,131,131,8.6,20.65,8.6,20.65,-1.327424226,-21.514100919,False,8.6348955,0,0,0.0348955,0.414286,0.0348955,0.414286
2,132,132,132,132,8.55,20.95,8.55,20.95,-1.37523736,-21.852458573,False,0,1,18,11,19,0.0274733154757,0.330072682282,0.642454002243,132,132,132,8.55,20.95,8.55,20.95,-1.37523736,-21.852458573,False,1788259316,1788259316.09,0.0932960510254,1788259316,1788259316.5,1788259317,1788259317000076,1788259317001739,-1.375237,-21.852459,-1.37523736,-21.852458954,AWGN,rfsimu_channel_enB0,static-0,1788259151077599269,1,14bd144574d32d9e,1,1,1,1,98405.5714286,49.929988,-98,20.707143,True,132,132,132,8.55,20.95,8.55,20.95,-1.37523736,-21.852458573,False,8.5568265,0,0,0.0068265,-0.242857,0.0068265,-0.242857
2,133,133,133,133,8,19.25,8,19.25,-1.936792403,-20.933112026,False,0,0,19,11,12,0.256980855416,0.484198100743,0.25882104384,133,133,133,8,19.25,8,19.25,-1.936792403,-20.933112026,False,1788259317,1788259317.16,0.157697439194,1788259317,1788259317.5,1788259318,1788259318000182,1788259318044782,-1.936792,-20.933111,-1.936792403,-20.933111191,AWGN,rfsimu_channel_enB0,static-0,1788259151077599269,1,14bd144574d32d9e,1,1,1,1,87468.6666667,49.416062,-98,20.186667,True,133,133,133,8,19.25,8,19.25,-1.936792403,-20.933112026,False,8.0429005,0,0,0.0429005,0.936667,0.0429005,0.936667
2,134,134,134,134,8.05,18.3,8.05,18.3,-1.895369526,-20.046833527,False,0,0,19,11,12,0.0509448095858,0.473842381443,0.475212808971,134,134,134,8.05,18.3,8.05,18.3,-1.895369526,-20.046833527,False,1788259318,1788259318.1,0.101176977158,1788259318,1788259318.5,1788259319,1788259319000221,1788259319017559,-1.89537,-20.046833,-1.895369526,-20.046833038,AWGN,rfsimu_channel_enB0,static-0,1788259151077599269,1,14bd144574d32d9e,1,1,1,1,87925.1428571,49.440973,-98,20.228572,True,134,134,134,8.05,18.3,8.05,18.3,-1.895369526,-20.046833527,False,8.0678115,0,0,0.0178115,1.928572,0.0178115,1.928572
2,135,135,135,135,7,19.15,7,19.15,-2.932813128,-21.92181327,False,0,0,19,11,12,0.13064839453,0.733203282017,0.136148323454,135,135,135,7,19.15,7,19.15,-2.932813128,-21.92181327,False,1788259319,1788259319.15,0.153135538101,1788259319,1788259319.5,1788259320,1788259320000484,1788259320062737,-2.932813,-21.921814,-2.932813128,-21.921813965,AWGN,rfsimu_channel_enB0,static-0,1788259151077599269,1,14bd144574d32d9e,1,1,1,1,70404.2,48.467591,-99,18.886667,True,135,135,135,7,19.15,7,19.15,-2.932813128,-21.92181327,False,7.0944295,0,0,0.0944295,-0.263333,0.0944295,-0.263333
2,136,136,136,136,6,19,6,19,-3.929968383,-22.860600464,False,0,4,12,11,17,0.0196549111255,0.976051075018,0.0042940138561,136,136,136,6,19,6,19,-3.929968383,-22.860600464,False,1788259320,1788259320.1,0.101693153381,1788259320,1788259320.5,1788259321,1788259321000275,1788259321040007,-3.929968,-22.8606,-3.929968383,-22.860599518,AWGN,rfsimu_channel_enB0,static-0,1788259151077599269,1,14bd144574d32d9e,1,1,1,1,54610.6428571,47.372016,-100,17.728571,True,136,136,136,6,19,6,19,-3.929968383,-22.860600464,False,5.9988545,0,0,-0.0011455,-1.271429,-0.0011455,-1.271429
2,137,137,137,137,5.05,17.85,5.05,17.85,-4.912207257,-22.555345145,False,0,12,9,17,11,0.152988607207,0.150126413901,0.696884978892,137,137,137,5.05,17.85,5.05,17.85,-4.912207257,-22.555345145,False,1788259321,1788259321.15,0.153708219528,1788259321,1788259321.5,1788259322,1788259322001181,1788259322020098,-4.912207,-22.555346,-4.912207257,-22.555345535,AWGN,rfsimu_channel_enB0,static-0,1788259151077599269,1,14bd144574d32d9e,1,1,1,1,44253.3571429,46.450034,-101,16.792857,True,137,137,137,5.05,17.85,5.05,17.85,-4.912207257,-22.555345145,False,5.0768725,0,0,0.0268725,-1.057143,0.0268725,-1.057143
2,138,138,138,138,5.4,15,5.4,15,-4.659530151,-19.147606045,False,0,4,12,11,17,0.137723036012,0.257065816249,0.605211147739,138,138,138,5.4,15,5.4,15,-4.659530151,-19.147606045,False,1788259322,1788259322.11,0.105676174164,1788259322,1788259322.5,1788259323,1788259323000221,1788259323064363,-4.65953,-19.147606,-4.659530151,-19.147605896,AWGN,rfsimu_channel_enB0,static-0,1788259151077599269,1,14bd144574d32d9e,1,1,1,1,47350.9333333,46.751413,-101,17.226667,True,138,138,138,5.4,15,5.4,15,-4.659530151,-19.147606045,False,5.3782515,0,0,-0.0217485,2.226667,-0.0217485,2.226667
2,139,139,139,139,4.6,12.2,4.4467599529,13.0126406848,-5.680936906,-17.946822818,True,0.434256528655,-1,12,17,-1,0.0531771823165,0.946822817683,0,139,139,139,4.6,12.2,4.4467599529,13.0126406848,-5.680936906,-17.946822818,True,1788259323,1788259323.15,0.1530854702,1788259323,1788259323.5,1788259324,1788259324000417,1788259324031257,-5.680937,-17.946823,-5.680936906,-17.94682312,AWGN,rfsimu_channel_enB0,static-0,1788259151077599269,1,14bd144574d32d9e,1,1,1,1,38744.7142857,45.872484,-102,16.514285,True,139,139,139,4.6,12.2,4.4467599529,13.0126406848,-5.680936906,-17.946822818,True,4.4993225,-0.1532400471,0.8126406848,0.0525625471,3.5016443152,-0.1006775,4.314285
2,140,140,140,140,4,12.8,4,12.8,-6.135282724,-18.174007466,False,0,25,16,17,10,0.0160929969437,0.948451635013,0.0354553680431,140,140,140,4,12.8,4,12.8,-6.135282724,-18.174007466,False,1788259324,1788259324.09,0.0896949768066,1788259324,1788259324.5,1788259325,1788259325000128,1788259325068825,-6.135283,-18.174007,-6.135282724,-18.174007416,AWGN,rfsimu_channel_enB0,static-0,1788259151077599269,1,14bd144574d32d9e,1,1,1,1,34257.0666667,45.345797,-102,15.98,True,140,140,140,4,12.8,4,12.8,-6.135282724,-18.174007466,False,3.9726355,0,0,-0.0273645,3.18,-0.0273645,3.18
2,141,141,141,141,4.7,12.7,4.61685208742,13.1409381092,-5.505815288,-17.917635881,True,0.235627204288,-1,12,17,-1,0.0823641185911,0.917635881409,0,141,141,141,4.7,12.7,4.61685208742,13.1409381092,-5.505815288,-17.917635881,True,1788259325,1788259325.16,0.157646417618,1788259325,1788259325.5,1788259326,1788259326000455,1788259326034608,-5.505815,-17.917635,-5.505815288,-17.917634964,AWGN,rfsimu_channel_enB0,static-0,1788259151077599269,1,14bd144574d32d9e,1,1,1,1,40183.1428571,46.039315,-102,16.685714,True,141,141,141,4.7,12.7,4.61685208742,13.1409381092,-5.505815288,-17.917635881,True,4.6661535,-0.08314791258,0.4409381092,0.04930141258,3.5447758908,-0.0338465,3.985714
2,142,142,142,142,4,13.85,4,13.85,-6.095986951,-19.285031705,False,0,12,9,17,11,0.127083256801,0.793826961734,0.0790897814647,142,142,142,4,13.85,4,13.85,-6.095986951,-19.285031705,False,1788259326,1788259326.11,0.105716466904,1788259326,1788259326.5,1788259327,1788259327000136,1788259327001812,-6.095987,-19.285032,-6.095986951,-19.285032272,AWGN,rfsimu_channel_enB0,static-0,1788259151077599269,1,14bd144574d32d9e,1,1,1,1,34359.4285714,45.357044,-103,15.607143,True,142,142,142,4,13.85,4,13.85,-6.095986951,-19.285031705,False,3.9838825,0,0,-0.0161175,1.757143,-0.0161175,1.757143
2,143,143,143,143,3.55,16.3,3.55,16.3,-6.450840915,-22.358440978,False,0,12,9,17,11,0.457128605402,0.311163246507,0.231708148091,143,143,143,3.55,16.3,3.55,16.3,-6.450840915,-22.358440978,False,1788259327,1788259327.15,0.149698257446,1788259327,1788259327.5,1788259328,1788259328000495,1788259328041721,-6.450841,-22.35844,-6.450840915,-22.358440399,AWGN,rfsimu_channel_enB0,static-0,1788259151077599269,1,14bd144574d32d9e,1,1,1,1,31024.8,44.915488,-103,15.133334,True,143,143,143,3.55,16.3,3.55,16.3,-6.450840915,-22.358440978,False,3.5423265,0,0,-0.0076735,-1.166666,-0.0076735,-1.166666
2,144,144,144,144,3.6,17.9,3.6,17.9,-6.342859091,-24.028854883,False,0,12,9,17,11,0.573833550776,0.0237624437428,0.402404005482,144,144,144,3.6,17.9,3.6,17.9,-6.342859091,-24.028854883,False,1788259328,1788259328.09,0.0936794281006,1788259328,1788259328.5,1788259329,1788259329001007,1788259329018403,-6.342859,-24.028854,-6.342859091,-24.02885437,AWGN,rfsimu_channel_enB0,static-0,1788259151077599269,1,14bd144574d32d9e,1,1,1,1,31674.1428571,45.006661,-103,15.207143,True,144,144,144,3.6,17.9,3.6,17.9,-6.342859091,-24.028854883,False,3.6334995,0,0,0.0334995,-2.692857,0.0334995,-2.692857
2,145,145,145,145,3.85,18.75,3.85,18.75,-6.079409543,-24.648142648,False,0,11,11,8,9,0.480147614164,0.20281262529,0.317039760547,145,145,145,3.85,18.75,3.85,18.75,-6.079409543,-24.648142648,False,1788259329,1788259329.16,0.157706022263,1788259329,1788259329.5,1788259330,1788259330001362,1788259330067662,-6.07941,-24.648142,-6.079409543,-24.648141861,AWGN,rfsimu_channel_enB0,static-0,1788259151077599269,1,14bd144574d32d9e,1,1,1,1,33138.3333333,45.202359,-103,15.96,True,145,145,145,3.85,18.75,3.85,18.75,-6.079409543,-24.648142648,False,3.8291975,0,0,-0.0208025,-2.79,-0.0208025,-2.79
2,146,146,146,146,2.8,19.05,2.8,19.05,-7.124188333,-25.93652561,False,0,11,11,8,9,0.218952916841,0.458143814591,0.322903268568,146,146,146,2.8,19.05,2.8,19.05,-7.124188333,-25.93652561,False,1788259330,1788259330.11,0.109704971313,1788259330,1788259330.5,1788259331,1788259331000526,1788259331045293,-7.124188,-25.936525,-7.124188333,-25.936525345,AWGN,rfsimu_channel_enB0,static-0,1788259151077599269,1,14bd144574d32d9e,1,1,1,1,26128.7857143,44.170888,-104,15.514286,True,146,146,146,2.8,19.05,2.8,19.05,-7.124188333,-25.93652561,False,2.7977265,0,0,-0.0022735,-3.535714,-0.0022735,-3.535714
2,147,147,147,147,2.8,18.35,2.8,18.35,-7.132963817,-25.241052969,False,0,11,11,8,9,0.216759045733,0.224857020023,0.558383934244,147,147,147,2.8,18.35,2.8,18.35,-7.132963817,-25.241052969,False,1788259331,1788259331.15,0.153118133545,1788259331,1788259331.5,1788259332,1788259332001220,1788259332021904,-7.132964,-25.241053,-7.132963817,-25.241052628,AWGN,rfsimu_channel_enB0,static-0,1788259151077599269,1,14bd144574d32d9e,1,1,1,1,25984.3571429,44.146838,-104,15.471428,True,147,147,147,2.8,18.35,2.8,18.35,-7.132963817,-25.241052969,False,2.7736765,0,0,-0.0263235,-2.878572,-0.0263235,-2.878572
2,148,148,148,148,1.65,16.15,1.65,16.15,-8.329914515,-24.09222388,False,0,28,10,9,6,0.302592040131,0.532450702555,0.164957257313,148,148,148,1.65,16.15,1.65,16.15,-8.329914515,-24.09222388,False,1788259332,1788259332.15,0.149127483368,1788259332,1788259332.5,1788259333,1788259333001159,1788259333065321,-8.329915,-24.092224,-8.329914515,-24.092224121,AWGN,rfsimu_channel_enB0,static-0,1788259151077599269,1,14bd144574d32d9e,1,1,1,1,20581.4,43.124875,-105,14.426667,True,148,148,148,1.65,16.15,1.65,16.15,-8.329914515,-24.09222388,False,1.7517135,0,0,0.1017135,-1.723333,0.1017135,-1.723333
2,149,149,149,149,1.15,13.85,1.15,13.85,-8.907605233,-22.428357435,False,0,27,6,7,10,0.142785811706,0.311016804732,0.546197383562,149,149,149,1.15,13.85,1.15,13.85,-8.907605233,-22.428357435,False,1788259333,1788259333.11,0.105707883835,1788259333,1788259333.5,1788259334,1788259334000435,1788259334037182,-8.907605,-22.428358,-8.907605233,-22.428358078,AWGN,rfsimu_channel_enB0,static-0,1788259151077599269,1,14bd144574d32d9e,1,1,1,1,18029.4285714,42.55692,-105,12.814286,True,149,149,149,1.15,13.85,1.15,13.85,-8.907605233,-22.428357435,False,1.1837585,0,0,0.0337585,-1.035714,0.0337585,-1.035714
2,150,150,150,150,2.2,15.25,2.2,15.25,-7.812731613,-22.596547564,False,0,24,17,9,10,0.093634193595,0.323694779331,0.582671027074,150,150,150,2.2,15.25,2.2,15.25,-7.812731613,-22.596547564,False,1788259334,1788259334.16,0.157222986221,1788259334,1788259334.5,1788259335,1788259335001242,1788259335006102,-7.812732,-22.596548,-7.812731613,-22.59654808,AWGN,rfsimu_channel_enB0,static-0,1788259151077599269,1,14bd144574d32d9e,1,1,1,1,22281,43.468594,-104,13.742857,True,150,150,150,2.2,15.25,2.2,15.25,-7.812731613,-22.596547564,False,2.0954325,0,0,-0.1045675,-1.507143,-0.1045675,-1.507143
2,151,151,151,151,1.7,13.95,1.7,13.95,-8.357262484,-21.876561181,False,0,26,10,7,16,0.821368758225,0.116911832492,0.0617194092837,151,151,151,1.7,13.95,1.7,13.95,-8.357262484,-21.876561181,False,1788259335,1788259335.1,0.101696252823,1788259335,1788259335.5,1788259336,1788259336000116,1788259336042901,-8.357262,-21.876562,-8.357262484,-21.876562119,AWGN,rfsimu_channel_enB0,static-0,1788259151077599269,1,14bd144574d32d9e,1,1,1,1,20475.2,43.109573,-105,13.346667,True,151,151,151,1.7,13.95,1.7,13.95,-8.357262484,-21.876561181,False,1.7364115,0,0,0.0364115,-0.603333,0.0364115,-0.603333
2,152,152,152,152,1.65,14.3,1.65,14.3,-8.389345945,-22.245986575,False,0,27,6,7,10,0.0819955248653,0.112677447819,0.805327027316,152,152,152,1.65,14.3,1.65,14.3,-8.389345945,-22.245986575,False,1788259336,1788259336.16,0.157691717148,1788259336,1788259336.5,1788259337,1788259337000557,1788259337010503,-8.389346,-22.245987,-8.389345945,-22.245986938,AWGN,rfsimu_channel_enB0,static-0,1788259151077599269,1,14bd144574d32d9e,1,1,1,1,20131,43.035963,-105,13.95,True,152,152,152,1.65,14.3,1.65,14.3,-8.389345945,-22.245986575,False,1.6628015,0,0,0.0128015,-0.35,0.0128015,-0.35
2,153,153,153,153,2.25,15.5,2.25,15.5,-7.756561259,-22.805888601,False,0,24,17,9,10,0.121719370281,0.430922027334,0.447358602385,153,153,153,2.25,15.5,2.25,15.5,-7.756561259,-22.805888601,False,1788259337,1788259337.11,0.109216451645,1788259337,1788259337.5,1788259338,1788259338000328,1788259338050397,-7.756561,-22.805889,-7.756561259,-22.80588913,AWGN,rfsimu_channel_enB0,static-0,1788259151077599269,1,14bd144574d32d9e,1,1,1,1,22869.4666667,43.58899,-104,15.206667,True,153,153,153,2.25,15.5,2.25,15.5,-7.756561259,-22.805888601,False,2.2158285,0,0,-0.0341715,-0.293333,-0.0341715,-0.293333
2,154,154,154,154,1.4,12.05,1.4,12.05,-8.772537277,-20.398204294,False,0,25,16,17,10,0.52447837678,0.138209738062,0.337311885157,154,154,154,1.4,12.05,1.4,12.05,-8.772537277,-20.398204294,False,1788259338,1788259338.16,0.161698818207,1788259338,1788259338.5,1788259339,1788259339001484,1788259339014943,-8.772537,-20.398205,-8.772537277,-20.398204803,AWGN,rfsimu_channel_enB0,static-0,1788259151077599269,1,14bd144574d32d9e,1,1,1,1,19310.1428571,42.852005,-105,14.45,True,154,154,154,1.4,12.05,1.4,12.05,-8.772537277,-20.398204294,False,1.4788435,0,0,0.0788435,2.4,0.0788435,2.4
2,155,155,155,155,0.05,10.55,0.05,10.55,-10.197398241,-20.542083494,False,0,17,16,7,4,0.72895825296,0.17234262632,0.0986991207203,155,155,155,0.05,10.55,0.05,10.55,-10.197398241,-20.542083494,False,1788259339,1788259339.12,0.117707252502,1788259339,1788259339.5,1788259340,1788259340001723,1788259340051289,-10.197398,-20.542084,-10.197398241,-20.54208374,AWGN,rfsimu_channel_enB0,static-0,1788259151077599269,1,14bd144574d32d9e,1,1,1,1,14196.8,41.50031,-106,12.94,True,155,155,155,0.05,10.55,0.05,10.55,-10.197398241,-20.542083494,False,0.1271485,0,0,0.0771485,2.39,0.0771485,2.39
2,156,156,156,156,1,11.5,1,11.5,-9.203651606,-20.33203405,False,0,25,16,17,10,0.679211526862,0.0773857241013,0.243402749036,156,156,156,1,11.5,1,11.5,-9.203651606,-20.33203405,False,1788259340,1788259340.15,0.153686523438,1788259340,1788259340.5,1788259341,1788259341000980,1788259341016017,-9.203652,-20.332033,-9.203651606,-20.332033157,AWGN,rfsimu_channel_enB0,static-0,1788259151077599269,1,14bd144574d32d9e,1,1,1,1,16868.2142857,42.2618,-106,12.157143,True,156,156,156,1,11.5,1,11.5,-9.203651606,-20.33203405,False,0.8886385,0,0,-0.1113615,0.657143,-0.1113615,0.657143
2,157,157,157,157,1.95,18.45,1.95,18.45,-7.980528038,-26.14209646,False,0,11,11,8,9,0.00486799053185,0.383944147165,0.611187862304,157,157,157,1.95,18.45,1.95,18.45,-7.980528038,-26.14209646,False,1788259341,1788259341.1,0.097297668457,1788259341,1788259341.5,1788259342,1788259342000880,1788259342054321,-7.980528,-26.142096,-7.980528038,-26.142095566,AWGN,rfsimu_channel_enB0,static-0,1788259151077599269,1,14bd144574d32d9e,1,1,1,1,21650,43.353706,-104,13.293333,True,157,157,157,1.95,18.45,1.95,18.45,-7.980528038,-26.14209646,False,1.9805445,0,0,0.0305445,-5.156667,0.0305445,-5.156667
2,158,158,158,158,3.35,18.05,3.35,18.05,-6.587489652,-24.42425251,False,0,11,11,8,9,0.353127586962,0.0435025614299,0.603369851608,158,158,158,3.35,18.05,3.35,18.05,-6.587489652,-24.42425251,False,1788259342,1788259342.16,0.157692432404,1788259342,1788259342.5,1788259343,1788259343000202,1788259343024229,-6.58749,-24.424252,-6.587489652,-24.424251556,AWGN,rfsimu_channel_enB0,static-0,1788259151077599269,1,14bd144574d32d9e,1,1,1,1,29188.2142857,44.636442,-103,14.635714,True,158,158,158,3.35,18.05,3.35,18.05,-6.587489652,-24.42425251,False,3.2632805,0,0,-0.0867195,-3.414286,-0.0867195,-3.414286
2,159,159,159,159,2.8,18.35,2.8,18.35,-7.132963817,-25.241052969,False,0,11,11,8,9,0.216759045733,0.224857020023,0.558383934244,159,159,159,2.8,18.35,2.8,18.35,-7.132963817,-25.241052969,False,1788259343,1788259343.1,0.0977046489716,1788259343,1788259343.5,1788259344,1788259344001602,1788259344065776,-7.132964,-25.241053,-7.132963817,-25.241052628,AWGN,rfsimu_channel_enB0,static-0,1788259151077599269,1,14bd144574d32d9e,1,1,1,1,26209.6666667,44.184245,-104,14.86,True,159,159,159,2.8,18.35,2.8,18.35,-7.132963817,-25.241052969,False,2.8110835,0,0,0.0110835,-3.49,0.0110835,-3.49
2,160,160,160,160,3.15,21.3,3.15,21.3,-6.757007857,-27.784478602,False,0,3,8,11,18,0.778466549684,0.0431042796675,0.178429170648,160,160,160,3.15,21.3,3.15,21.3,-6.757007857,-27.784478602,False,1788259344,1788259344.16,0.157699108124,1788259344,1788259344.5,1788259345,1788259345000747,1788259345038176,-6.757008,-27.784479,-6.757007857,-27.784479141,AWGN,rfsimu_channel_enB0,static-0,1788259151077599269,1,14bd144574d32d9e,1,1,1,1,28166.3571429,44.495853,-103,15.635714,True,160,160,160,3.15,21.3,3.15,21.3,-6.757007857,-27.784478602,False,3.1226915,0,0,-0.0273085,-5.664286,-0.0273085,-5.664286
2,161,161,161,161,5.35,20.7,5.35,20.7,-4.568080814,-25.110720248,False,0,3,8,11,18,0.23539481881,0.577855950393,0.186749230797,161,161,161,5.35,20.7,5.35,20.7,-4.568080814,-25.110720248,False,1788259345,1788259345.12,0.117413520813,1788259345,1788259345.5,1788259346,1788259346000866,1788259346012636,-4.568081,-25.11072,-4.568080814,-25.110719681,AWGN,rfsimu_channel_enB0,static-0,1788259151077599269,1,14bd144574d32d9e,1,1,1,1,47172.4285714,46.736586,-101,17.907143,True,161,161,161,5.35,20.7,5.35,20.7,-4.568080814,-25.110720248,False,5.3634245,0,0,0.0134245,-2.792857,0.0134245,-2.792857
2,162,162,162,162,4.7,20.85,4.7,20.85,-5.214945244,-25.874719156,False,0,3,8,11,18,0.394138817723,0.425056168811,0.180805013465,162,162,162,4.7,20.85,4.7,20.85,-5.214945244,-25.874719156,False,1788259346,1788259346.16,0.161702156067,1788259346,1788259346.5,1788259347,1788259347000894,1788259347052611,-5.214945,-25.87472,-5.214945244,-25.87471962,AWGN,rfsimu_channel_enB0,static-0,1788259151077599269,1,14bd144574d32d9e,1,1,1,1,40741.3333333,46.097171,-102,17.473333,True,162,162,162,4.7,20.85,4.7,20.85,-5.214945244,-25.874719156,False,4.7240095,0,0,0.0240095,-3.376667,0.0240095,-3.376667
2,163,163,163,163,3.45,19.25,3.45,19.25,-6.47258504,-25.522174823,False,0,11,11,8,9,0.38185374008,0.428627434547,0.189518825373,163,163,163,3.45,19.25,3.45,19.25,-6.47258504,-25.522174823,False,1788259347,1788259347.11,0.105686187744,1788259347,1788259347.5,1788259348,1788259348000712,1788259348026844,-6.472585,-25.522175,-6.47258504,-25.522174835,AWGN,rfsimu_channel_enB0,static-0,1788259151077599269,1,14bd144574d32d9e,1,1,1,1,30511.6428571,44.84423,-103,17.621429,True,163,163,163,3.45,19.25,3.45,19.25,-6.47258504,-25.522174823,False,3.4710685,0,0,0.0210685,-1.628571,0.0210685,-1.628571
2,164,164,164,164,-1.4,17.15,-1.4,17.15,-11.34183693,-28.345924735,False,0,21,2,5,14,0.555610219955,0.386735657596,0.0576541224496,164,164,164,-1.4,17.15,-1.4,17.15,-11.34183693,-28.345924735,False,1788259348,1788259348.15,0.149137735367,1788259348,1788259348.5,1788259349,1788259349001096,1788259349002879,-11.341837,-28.345924,-11.34183693,-28.345924377,AWGN,rfsimu_channel_enB0,static-0,1788259151077599269,1,14bd144574d32d9e,1,1,1,1,11420.7857143,40.328895,-108,12.964286,True,164,164,164,-1.4,17.15,-1.4,17.15,-11.34183693,-28.345924735,False,-1.0442665,0,0,0.3557335,-4.185714,0.3557335,-4.185714
2,165,165,165,165,-1.6,15.95,-1.6,15.95,-11.56470503,-27.31178385,False,0,20,2,3,6,0.770594616727,0.0117578980909,0.217647485183,165,165,165,-1.6,15.95,-1.6,15.95,-11.56470503,-27.31178385,False,1788259349,1788259349.1,0.0972826480865,1788259349,1788259349.5,1788259350,1788259350001022,1788259350040309,-11.564705,-27.311785,-11.56470503,-27.311784744,AWGN,rfsimu_channel_enB0,static-0,1788259151077599269,1,14bd144574d32d9e,1,1,1,1,9545.86666667,39.797499,-108,12.42,True,165,165,165,-1.6,15.95,-1.6,15.95,-11.56470503,-27.31178385,False,-1.5756625,0,0,0.0243375,-3.53,0.0243375,-3.53
2,166,166,166,166,-0.7,14.8,-0.7,14.8,-10.719801969,-25.113324784,False,0,20,2,3,6,0.0377749279963,0.322126056319,0.640099015684,166,166,166,-0.7,14.8,-0.7,14.8,-10.719801969,-25.113324784,False,1788259350,1788259350.15,0.149692296982,1788259350,1788259350.5,1788259351,1788259351000613,1788259351007416,-10.719802,-25.113325,-10.719801969,-25.113325119,AWGN,rfsimu_channel_enB0,static-0,1788259151077599269,1,14bd144574d32d9e,1,1,1,1,11380.2857143,40.555881,-107,13.614286,True,166,166,166,-0.7,14.8,-0.7,14.8,-10.719801969,-25.113324784,False,-0.8172805,0,0,-0.1172805,-1.185714,-0.1172805,-1.185714
2,167,167,167,167,-1.5,12,-1.5,12,-11.643286343,-23.446032243,False,0,18,4,7,3,0.339632423964,0.178356828416,0.48201074762,167,167,167,-1.5,12,-1.5,12,-11.643286343,-23.446032243,False,1788259351,1788259351.09,0.0892999172211,1788259351,1788259351.5,1788259352,1788259352001240,1788259352051642,-11.643286,-23.446032,-11.643286343,-23.44603157,AWGN,rfsimu_channel_enB0,static-0,1788259151077599269,1,14bd144574d32d9e,1,1,1,1,9762.26666667,39.891491,-108,13.146667,True,167,167,167,-1.5,12,-1.5,12,-11.643286343,-23.446032243,False,-1.4816705,0,0,0.0183295,1.146667,0.0183295,1.146667
2,168,168,168,168,-3.2,14.5,-3.2,14.5,-13.214318138,-27.425778386,False,0,23,1,3,2,0.303579534434,0.393793560811,0.302626904755,168,168,168,-3.2,14.5,-3.2,14.5,-13.214318138,-27.425778386,False,1788259352,1788259352.15,0.153269052505,1788259352,1788259352.5,1788259353,1788259353001533,1788259353027491,-13.214318,-27.425777,-13.214318138,-27.425777435,AWGN,rfsimu_channel_enB0,static-0,1788259151077599269,1,14bd144574d32d9e,1,1,1,1,6789.92857143,38.296735,-110,11.464286,True,168,168,168,-3.2,14.5,-3.2,14.5,-13.214318138,-27.425778386,False,-3.0764265,0,0,0.1235735,-3.035714,0.1235735,-3.035714
2,169,169,169,169,-1.85,13.6,-1.85,13.6,-11.907063841,-25.178968928,False,0,20,2,3,6,0.0596563092304,0.893875611503,0.0464680792666,169,169,169,-1.85,13.6,-1.85,13.6,-11.907063841,-25.178968928,False,1788259353,1788259353.11,0.105223417282,1788259353,1788259353.5,1788259354,1788259354000485,1788259354067992,-11.907064,-25.178968,-11.907063841,-25.17896843,AWGN,rfsimu_channel_enB0,static-0,1788259151077599269,1,14bd144574d32d9e,1,1,1,1,9038.53333333,39.560653,-108,12.893333,True,169,169,169,-1.85,13.6,-1.85,13.6,-11.907063841,-25.178968928,False,-1.8125085,0,0,0.0374915,-0.706667,0.0374915,-0.706667
2,170,170,170,170,-0.1,15.7,-0.1,15.7,-10.092529075,-25.371445057,False,0,19,6,5,2,0.876184981125,0.0775504811637,0.0462645377117,170,170,170,-0.1,15.7,-0.1,15.7,-10.092529075,-25.371445057,False,1788259354,1788259354.15,0.149309158325,1788259354,1788259354.5,1788259355,1788259355001760,1788259355040984,-10.092529,-25.371445,-10.092529075,-25.371444702,AWGN,rfsimu_channel_enB0,static-0,1788259151077599269,1,14bd144574d32d9e,1,1,1,1,13393.1428571,41.267962,-107,15.092857,True,170,170,170,-0.1,15.7,-0.1,15.7,-10.092529075,-25.371445057,False,-0.1051995,0,0,-0.0051995,-0.607143,-0.0051995,-0.607143
2,171,171,171,171,0,17.4,0,17.4,-9.950753917,-27.100437595,False,0,13,9,5,6,0.0246230416618,0.700145865007,0.275231093332,171,171,171,0,17.4,0,17.4,-9.950753917,-27.100437595,False,1788259355,1788259355.09,0.0936853885651,1788259355,1788259355.5,1788259356,1788259356000878,1788259356012628,-9.950754,-27.100437,-9.950753917,-27.100437164,AWGN,rfsimu_channel_enB0,static-0,1788259151077599269,1,14bd144574d32d9e,1,1,1,1,13738.6428571,41.378573,-106,15.207143,True,171,171,171,0,17.4,0,17.4,-9.950753917,-27.100437595,False,0.0054115,0,0,0.0054115,-2.192857,0.0054115,-2.192857
2,172,172,172,172,2.9,16.85,2.9,16.85,-7.072849413,-23.58592786,False,0,12,9,17,11,0.689004282677,0.158416141121,0.152579576202,172,172,172,2.9,16.85,2.9,16.85,-7.072849413,-23.58592786,False,1788259356,1788259356.15,0.153690338135,1788259356,1788259356.5,1788259357,1788259357000154,1788259357053428,-7.072849,-23.585928,-7.072849413,-23.585927963,AWGN,rfsimu_channel_enB0,static-0,1788259151077599269,1,14bd144574d32d9e,1,1,1,1,25824.7333333,44.073085,-104,17.933334,True,172,172,172,2.9,16.85,2.9,16.85,-7.072849413,-23.58592786,False,2.6999235,0,0,-0.2000765,1.083334,-0.2000765,1.083334
2,173,173,173,173,4.1,15.9,4.1,15.9,-5.922131897,-21.390061023,False,0,12,9,17,11,0.266282563839,0.428500820961,0.3052166152,173,173,173,4.1,15.9,4.1,15.9,-5.922131897,-21.390061023,False,1788259357,1788259357.1,0.101152420044,1788259357,1788259357.5,1788259358,1788259358000242,1788259358024189,-5.922132,-21.39006,-5.922131897,-21.390060425,AWGN,rfsimu_channel_enB0,static-0,1788259151077599269,1,14bd144574d32d9e,1,1,1,1,34970.0714286,45.435705,-102,17.878571,True,173,173,173,4.1,15.9,4.1,15.9,-5.922131897,-21.390061023,False,4.0625435,0,0,-0.0374565,1.978571,-0.0374565,1.978571
2,174,174,174,174,4.95,17.6,4.95,17.6,-5.020153205,-22.384609118,False,0,12,9,17,11,0.161249344236,0.187577914188,0.651172741575,174,174,174,4.95,17.6,4.95,17.6,-5.020153205,-22.384609118,False,1788259358,1788259358.15,0.149713039398,1788259358,1788259358.5,1788259359,1788259359000814,1788259359065163,-5.020153,-22.384609,-5.020153205,-22.384609222,AWGN,rfsimu_channel_enB0,static-0,1788259151077599269,1,14bd144574d32d9e,1,1,1,1,42441.5333333,46.273183,-101,16.92,True,174,174,174,4.95,17.6,4.95,17.6,-5.020153205,-22.384609118,False,4.9000215,0,0,-0.0499785,-0.68,-0.0499785,-0.68
2,175,175,175,175,5.1,18.9,5.1,18.9,-4.829267521,-23.618216239,False,0,11,11,8,9,0.792683119636,0.0678608259276,0.139456054436,175,175,175,5.1,18.9,5.1,18.9,-4.829267521,-23.618216239,False,1788259359,1788259359.15,0.153477191925,1788259359,1788259359.5,1788259360,1788259360000598,1788259360037016,-4.829268,-23.618216,-4.829267521,-23.618215561,AWGN,rfsimu_channel_enB0,static-0,1788259151077599269,1,14bd144574d32d9e,1,1,1,1,44612.6428571,46.493701,-101,16.535714,True,175,175,175,5.1,18.9,5.1,18.9,-4.829267521,-23.618216239,False,5.1205395,0,0,0.0205395,-2.364286,0.0205395,-2.364286
2,176,176,176,176,5.55,19.6,5.55,19.6,-4.374300226,-23.871937181,False,0,3,8,11,18,0.120512516349,0.825612563871,0.0538749197802,176,176,176,5.55,19.6,5.55,19.6,-4.374300226,-23.871937181,False,1788259360,1788259360.1,0.0977032184601,1788259360,1788259360.5,1788259361,1788259361001604,1788259361006469,-4.3743,-23.871937,-4.374300226,-23.871936798,AWGN,rfsimu_channel_enB0,static-0,1788259151077599269,1,14bd144574d32d9e,1,1,1,1,49361.5,46.933042,-101,17.085714,True,176,176,176,5.55,19.6,5.55,19.6,-4.374300226,-23.871937181,False,5.5598805,0,0,0.0098805,-2.514286,0.0098805,-2.514286
2,177,177,177,177,3.85,19.4,3.85,19.4,-6.071260879,-25.293938672,False,0,11,11,8,9,0.482184780193,0.419436077388,0.0983791424192,177,177,177,3.85,19.4,3.85,19.4,-6.071260879,-25.293938672,False,1788259361,1788259361.15,0.149680137634,1788259361,1788259361.5,1788259362,1788259362000283,1788259362046092,-6.071261,-25.29394,-6.071260879,-25.29393959,AWGN,rfsimu_channel_enB0,static-0,1788259151077599269,1,14bd144574d32d9e,1,1,1,1,34546.8666667,45.36054,-102,15.88,True,177,177,177,3.85,19.4,3.85,19.4,-6.071260879,-25.293938672,False,3.9873785,0,0,0.1373785,-3.52,0.1373785,-3.52
2,178,178,178,178,3.8,20.9,3.8,20.9,-6.111389961,-26.782374142,False,0,3,8,11,18,0.604056603027,0.24352517163,0.152418225342,178,178,178,3.8,20.9,3.8,20.9,-6.111389961,-26.782374142,False,1788259362,1788259362.11,0.109117984772,1788259362,1788259362.5,1788259363,1788259363001091,1788259363023644,-6.11139,-26.782373,-6.111389961,-26.782373428,AWGN,rfsimu_channel_enB0,static-0,1788259151077599269,1,14bd144574d32d9e,1,1,1,1,32923,45.174814,-103,15.707143,True,178,178,178,3.8,20.9,3.8,20.9,-6.111389961,-26.782374142,False,3.8016525,0,0,0.0016525,-5.192857,0.0016525,-5.192857
2,179,179,179,179,5.3,22.2,5.3,22.2,-4.610417943,-26.587133219,False,0,3,8,11,18,0.340878538367,0.282573356157,0.376548105476,179,179,179,5.3,22.2,5.3,22.2,-4.610417943,-26.587133219,False,1788259363,1788259363.15,0.14971113205,1788259363,1788259363.5,1788259364,1788259364000232,1788259364000047,-4.610418,-26.587133,-4.610417943,-26.587133408,AWGN,rfsimu_channel_enB0,static-0,1788259151077599269,1,14bd144574d32d9e,1,1,1,1,45450.6428571,46.561393,-101,17.114286,True,179,179,179,5.3,22.2,5.3,22.2,-4.610417943,-26.587133219,False,5.1882315,0,0,-0.1117685,-5.085714,-0.1117685,-5.085714
2,180,180,180,180,3.65,19.05,3.65,19.05,-6.275370471,-25.134835353,False,0,11,11,8,9,0.431157382201,0.332383372387,0.236459245411,180,180,180,3.65,19.05,3.65,19.05,-6.275370471,-25.134835353,False,1788259364,1788259364.1,0.0974102020264,1788259364,1788259364.5,1788259365,1788259365000859,1788259365038184,-6.27537,-25.134836,-6.275370471,-25.134836197,AWGN,rfsimu_channel_enB0,static-0,1788259151077599269,1,14bd144574d32d9e,1,1,1,1,32711.8,45.126375,-103,16.093334,True,180,180,180,3.65,19.05,3.65,19.05,-6.275370471,-25.134835353,False,3.7532135,0,0,0.1032135,-2.956666,0.1032135,-2.956666
2,181,181,181,181,1.5,13.1,1.5,13.1,-8.611465924,-21.272110348,False,0,25,16,17,10,0.325136916756,0.019403954593,0.655459128651,181,181,181,1.5,13.1,1.5,13.1,-8.611465924,-21.272110348,False,1788259365,1788259365.15,0.153306722641,1788259365,1788259365.5,1788259366,1788259366001147,1788259366002904,-8.611466,-21.27211,-8.611465924,-21.272109985,AWGN,rfsimu_channel_enB0,static-0,1788259151077599269,1,14bd144574d32d9e,1,1,1,1,20051,42.9706,-105,14.035714,True,181,181,181,1.5,13.1,1.5,13.1,-8.611465924,-21.272110348,False,1.5974385,0,0,0.0974385,0.935714,0.0974385,0.935714
2,182,182,182,182,-1.2,16.35,-1.2,16.35,-11.160142093,-27.297065231,False,0,19,6,5,2,0.234311589778,0.185617363959,0.580071046264,182,182,182,-1.2,16.35,-1.2,16.35,-11.160142093,-27.297065231,False,1788259366,1788259366.1,0.101711034775,1788259366,1788259366.5,1788259367,1788259367000137,1788259367039427,-11.160142,-27.297066,-11.160142093,-27.297065735,AWGN,rfsimu_channel_enB0,static-0,1788259151077599269,1,14bd144574d32d9e,1,1,1,1,10978.6666667,40.344759,-108,11.28,True,182,182,182,-1.2,16.35,-1.2,16.35,-11.160142093,-27.297065231,False,-1.0284025,0,0,0.1715975,-5.07,0.1715975,-5.07
2,183,183,183,183,-2.9,13.75,-2.9,13.75,-12.946008071,-26.360972574,False,0,23,1,3,2,0.236502017756,0.704010487044,0.0594874952005,183,183,183,-2.9,13.75,-2.9,13.75,-12.946008071,-26.360972574,False,1788259367,1788259367.15,0.153711080551,1788259367,1788259367.5,1788259368,1788259368000596,1788259368009110,-12.946008,-26.360973,-12.946008071,-26.360973358,AWGN,rfsimu_channel_enB0,static-0,1788259151077599269,1,14bd144574d32d9e,1,1,1,1,7239.64285714,38.565134,-109,9.728571,True,183,183,183,-2.9,13.75,-2.9,13.75,-12.946008071,-26.360972574,False,-2.8080275,0,0,0.0919725,-4.021429,0.0919725,-4.021429
2,184,184,184,184,-3.1,12.4,-3.1,12.4,-13.233779728,-25.386743675,False,0,9,3,1,15,0.56316829167,0.180058155898,0.256773552432,184,184,184,-3.1,12.4,-3.1,12.4,-13.233779728,-25.386743675,False,1788259368,1788259368.13,0.125625610352,1788259368,1788259368.5,1788259369,1788259369001322,1788259369049209,-13.23378,-25.386744,-13.233779728,-25.386743546,AWGN,rfsimu_channel_enB0,static-0,1788259151077599269,1,14bd144574d32d9e,1,1,1,1,6725.13333333,38.273862,-109,10.366667,True,184,184,184,-3.1,12.4,-3.1,12.4,-13.233779728,-25.386743675,False,-3.0992995,0,0,0.000700499999999,-2.033333,0.000700499999999,-2.033333
2,185,185,185,185,0.7,17.35,0.7,17.35,-9.248996423,-26.331000628,False,0,13,9,5,6,0.375501788544,0.443666875927,0.180831335529,185,185,185,0.7,17.35,0.7,17.35,-9.248996423,-26.331000628,False,1788259369,1788259369.15,0.153692483902,1788259369,1788259369.5,1788259370,1788259370000543,1788259370036458,-9.248996,-26.331001,-9.248996423,-26.331001282,AWGN,rfsimu_channel_enB0,static-0,1788259151077599269,1,14bd144574d32d9e,1,1,1,1,15525.2857143,41.818905,-106,14.107143,True,185,185,185,0.7,17.35,0.7,17.35,-9.248996423,-26.331000628,False,0.4457435,0,0,-0.2542565,-3.242857,-0.2542565,-3.242857
2,186,186,186,186,2.55,17.45,2.55,17.45,-7.396651384,-24.573397655,False,0,12,9,17,11,0.838752176169,0.0208213395064,0.140426484324,186,186,186,2.55,17.45,2.55,17.45,-7.396651384,-24.573397655,False,1788259370,1788259370.11,0.10969877243,1788259370,1788259370.5,1788259371,1788259371000198,1788259371042587,-7.396651,-24.573399,-7.396651384,-24.57339859,AWGN,rfsimu_channel_enB0,static-0,1788259151077599269,1,14bd144574d32d9e,1,1,1,1,24721.4285714,43.929894,-104,16.278572,True,186,186,186,2.55,17.45,2.55,17.45,-7.396651384,-24.573397655,False,2.5567325,0,0,0.0067325,-1.171428,0.0067325,-1.171428
2,187,187,187,187,-2.55,11.75,-2.55,11.75,-12.726363189,-24.278812509,False,0,9,3,1,15,0.637393482949,0.000575077565857,0.362031439485,187,187,187,-2.55,11.75,-2.55,11.75,-12.726363189,-24.278812509,False,1788259371,1788259371.16,0.157142162323,1788259371,1788259371.5,1788259372,1788259372001419,1788259372019276,-12.726363,-24.278812,-12.726363189,-24.278812408,AWGN,rfsimu_channel_enB0,static-0,1788259151077599269,1,14bd144574d32d9e,1,1,1,1,8806.35714286,39.159084,-109,11.321428,True,187,187,187,-2.55,11.75,-2.55,11.75,-12.726363189,-24.278812509,False,-2.2140775,0,0,0.3359225,-0.428572,0.3359225,-0.428572
2,188,188,188,188,-2.1,15.65,-2.1,15.65,-12.072357525,-27.556119503,False,0,23,1,3,2,0.0180893813118,0.160019753085,0.821890865603,188,188,188,-2.1,15.65,-2.1,15.65,-12.072357525,-27.556119503,False,1788259372,1788259372.1,0.101682901382,1788259372,1788259372.5,1788259373,1788259373000185,1788259373021740,-12.072358,-27.55612,-12.072357525,-27.556119919,AWGN,rfsimu_channel_enB0,static-0,1788259151077599269,1,14bd144574d32d9e,1,1,1,1,8505,39.295456,-108,11.442857,True,188,188,188,-2.1,15.65,-2.1,15.65,-12.072357525,-27.556119503,False,-2.0777055,0,0,0.0222945,-4.207143,0.0222945,-4.207143
2,189,189,189,189,-1.6,16.8,-1.6,16.8,-11.545755283,-28.205675131,False,0,21,2,5,14,0.704319264875,0.261401546697,0.0342791884281,189,189,189,-1.6,16.8,-1.6,16.8,-11.545755283,-28.205675131,False,1788259373,1788259373.15,0.149713516235,1788259373,1788259373.5,1788259374,1788259374000444,1788259374002228,-11.545755,-28.205675,-11.545755283,-28.205675125,AWGN,rfsimu_channel_enB0,static-0,1788259151077599269,1,14bd144574d32d9e,1,1,1,1,9423.92857143,39.740521,-108,11.935714,True,189,189,189,-1.6,16.8,-1.6,16.8,-11.545755283,-28.205675131,False,-1.6326405,0,0,-0.0326405,-4.864286,-0.0326405,-4.864286
2,190,190,190,190,-2.25,15,-2.25,15,-12.248079472,-27.028139122,False,0,23,1,3,2,0.0620198678819,0.365300204672,0.572679927446,190,190,190,-2.25,15,-2.25,15,-12.248079472,-27.028139122,False,1788259374,1788259374.1,0.101239919662,1788259374,1788259374.5,1788259375,1788259375001559,1788259375050378,-12.248079,-27.028139,-12.248079472,-27.028139114,AWGN,rfsimu_channel_enB0,static-0,1788259151077599269,1,14bd144574d32d9e,1,1,1,1,8285.33333333,39.1793,-108,11.793333,True,190,190,190,-2.25,15,-2.25,15,-12.248079472,-27.028139122,False,-2.1938615,0,0,0.0561385,-3.206667,0.0561385,-3.206667
2,191,191,191,191,-0.55,17.8,-0.55,17.8,-10.485288459,-28.126114077,False,0,21,2,5,14,0.200606203958,0.778374783236,0.0210190128059,191,191,191,-0.55,17.8,-0.55,17.8,-10.485288459,-28.126114077,False,1788259375,1788259375.16,0.15771651268,1788259375,1788259375.5,1788259376,1788259376001407,1788259376028963,-10.485288,-28.126114,-10.485288459,-28.126113892,AWGN,rfsimu_channel_enB0,static-0,1788259151077599269,1,14bd144574d32d9e,1,1,1,1,11843.2857143,40.711456,-107,14.621429,True,191,191,191,-0.55,17.8,-0.55,17.8,-10.485288459,-28.126114077,False,-0.6617055,0,0,-0.1117055,-3.178571,-0.1117055,-3.178571
2,192,192,192,192,-0.75,16.4,-0.75,16.4,-10.715528123,-26.850455714,False,0,19,6,5,2,0.383181428592,0.259054510087,0.357764061321,192,192,192,-0.75,16.4,-0.75,16.4,-10.715528123,-26.850455714,False,1788259376,1788259376.12,0.121229410172,1788259376,1788259376.5,1788259377,1788259377001512,1788259377003299,-10.715528,-26.850456,-10.715528123,-26.850456238,AWGN,rfsimu_channel_enB0,static-0,1788259151077599269,1,14bd144574d32d9e,1,1,1,1,11565.2857143,40.630637,-107,14.535714,True,192,192,192,-0.75,16.4,-0.75,16.4,-10.715528123,-26.850455714,False,-0.7425245,0,0,0.0074755,-1.864286,0.0074755,-1.864286
2,193,193,193,193,0.95,19.75,0.95,19.75,-8.962978067,-28.469467023,False,0,5,5,8,14,0.246755521971,0.674999974141,0.0782445038878,193,193,193,0.95,19.75,0.95,19.75,-8.962978067,-28.469467023,False,1788259377,1788259377.15,0.153151512146,1788259377,1788259377.5,1788259378,1788259378001268,1788259378048110,-8.962978,-28.469467,-8.962978067,-28.469467163,AWGN,rfsimu_channel_enB0,static-0,1788259151077599269,1,14bd144574d32d9e,1,1,1,1,16699.8,42.207852,-105,16.16,True,193,193,193,0.95,19.75,0.95,19.75,-8.962978067,-28.469467023,False,0.8346905,0,0,-0.1153095,-3.59,-0.1153095,-3.59
2,194,194,194,194,0.95,19.45,0.95,19.45,-8.966750678,-28.184526332,False,0,5,5,8,14,0.391112172868,0.578133438434,0.0307543886979,194,194,194,0.95,19.45,0.95,19.45,-8.966750678,-28.184526332,False,1788259378,1788259378.1,0.0977051258087,1788259378,1788259378.5,1788259379,1788259379001566,1788259379023859,-8.966751,-28.184526,-8.966750678,-28.184526443,AWGN,rfsimu_channel_enB0,static-0,1788259151077599269,1,14bd144574d32d9e,1,1,1,1,17012.9285714,42.30725,-105,17.614286,True,194,194,194,0.95,19.45,0.95,19.45,-8.966750678,-28.184526332,False,0.9340885,0,0,-0.0159115,-1.835714,-0.0159115,-1.835714
2,195,195,195,195,2.4,19.6,2.4,19.6,-7.516737009,-26.860234403,False,0,11,11,8,9,0.120815747837,0.700621966317,0.178562285846,195,195,195,2.4,19.6,2.4,19.6,-7.516737009,-26.860234403,False,1788259379,1788259379.16,0.161716222763,1788259379,1788259379.5,1788259380,1788259380000058,1788259380067450,-7.516737,-26.860235,-7.516737009,-26.860235214,AWGN,rfsimu_channel_enB0,static-0,1788259151077599269,1,14bd144574d32d9e,1,1,1,1,23418.3333333,43.680555,-104,19.373333,True,195,195,195,2.4,19.6,2.4,19.6,-7.516737009,-26.860234403,False,2.3073935,0,0,-0.0926065,-0.226667,-0.0926065,-0.226667
2,196,196,196,196,1.2,18.5,1.2,18.5,-8.728976517,-26.985063368,False,0,14,8,5,9,0.297199530543,0.364488258724,0.338312210733,196,196,196,1.2,18.5,1.2,18.5,-8.728976517,-26.985063368,False,1788259380,1788259380.11,0.10923743248,1788259380,1788259380.5,1788259381,1788259381000242,1788259381038113,-8.728977,-26.985064,-8.728976517,-26.985063553,AWGN,rfsimu_channel_enB0,static-0,1788259151077599269,1,14bd144574d32d9e,1,1,1,1,18226.1428571,42.606506,-105,18.292857,True,196,196,196,1.2,18.5,1.2,18.5,-8.728976517,-26.985063368,False,1.2333445,0,0,0.0333445,-0.207143,0.0333445,-0.207143
2,197,197,197,197,1.35,22.25,1.35,22.25,-8.552175192,-30.563713132,False,0,2,18,14,8,0.335256323267,0.427285521926,0.237458154807,197,197,197,1.35,22.25,1.35,22.25,-8.552175192,-30.563713132,False,1788259381,1788259381.15,0.153263568878,1788259381,1788259381.5,1788259382,1788259382000532,1788259382014020,-8.552175,-30.563713,-8.552175192,-30.563713074,AWGN,rfsimu_channel_enB0,static-0,1788259151077599269,1,14bd144574d32d9e,1,1,1,1,18641.4285714,42.704385,-105,18.778571,True,197,197,197,1.35,22.25,1.35,22.25,-8.552175192,-30.563713132,False,1.3312235,0,0,-0.0187765,-3.471429,-0.0187765,-3.471429
2,198,198,198,198,1.85,20.35,1.85,20.35,-8.057299202,-28.129761847,False,0,2,18,14,8,0.0120771076154,0.0216269745419,0.966295917843,198,198,198,1.85,20.35,1.85,20.35,-8.057299202,-28.129761847,False,1788259382,1788259382.11,0.113682746887,1788259382,1788259382.5,1788259383,1788259383000832,1788259383057680,-8.057299,-28.129763,-8.057299202,-28.12976265,AWGN,rfsimu_channel_enB0,static-0,1788259151077599269,1,14bd144574d32d9e,1,1,1,1,20803.6666667,43.179243,-105,20.266666,True,198,198,198,1.85,20.35,1.85,20.35,-8.057299202,-28.129761847,False,1.8060815,0,0,-0.0439185,-0.083334,-0.0439185,-0.083334
2,199,199,199,199,1.35,21.8,1.35,21.8,-8.553259826,-30.107663592,False,0,2,18,14,8,0.259067294459,0.351277265401,0.389655440141,199,199,199,1.35,21.8,1.35,21.8,-8.553259826,-30.107663592,False,1788259383,1788259383.15,0.153275966644,1788259383,1788259383.5,1788259384,1788259384001185,1788259384039038,-8.55326,-30.107664,-8.553259826,-30.107664108,AWGN,rfsimu_channel_enB0,static-0,1788259151077599269,1,14bd144574d32d9e,1,1,1,1,18953.7857143,42.775197,-105,20.142857,True,199,199,199,1.35,21.8,1.35,21.8,-8.553259826,-30.107663592,False,1.4020355,0,0,0.0520355,-1.657143,0.0520355,-1.657143
2,200,200,200,200,0.45,20.3,0.45,20.3,-9.45589527,-29.502634276,False,0,2,18,14,8,0.00778983432813,0.250439046013,0.741771119659,200,200,200,0.45,20.3,0.45,20.3,-9.45589527,-29.502634276,False,1788259384,1788259384.15,0.153682947159,1788259384,1788259384.5,1788259385,1788259385000366,1788259385017671,-9.455895,-29.502634,-9.45589527,-29.502634048,AWGN,rfsimu_channel_enB0,static-0,1788259151077599269,1,14bd144574d32d9e,1,1,1,1,15560.5714286,41.913709,-106,19.414286,True,200,200,200,0.45,20.3,0.45,20.3,-9.45589527,-29.502634276,False,0.5405475,0,0,0.0905475,-0.885714,0.0905475,-0.885714
2,201,201,201,201,0.75,20.95,0.75,20.95,-9.154655244,-29.856327228,False,0,2,18,14,8,0.116945330641,0.309387871317,0.573666798042,201,201,201,0.75,20.95,0.75,20.95,-9.154655244,-29.856327228,False,1788259385,1788259385.1,0.0975058078766,1788259385,1788259385.5,1788259386,1788259386001227,1788259386063271,-9.154655,-29.856327,-9.154655244,-29.856327057,AWGN,rfsimu_channel_enB0,static-0,1788259151077599269,1,14bd144574d32d9e,1,1,1,1,16361.9333333,42.138173,-106,20.3,True,201,201,201,0.75,20.95,0.75,20.95,-9.154655244,-29.856327228,False,0.7650115,0,0,0.0150115,-0.65,0.0150115,-0.65
2,202,202,202,202,0.95,20.9,0.95,20.9,-8.954993537,-29.602291543,False,0,2,18,14,8,0.107883000945,0.267048590437,0.625068408618,202,202,202,0.95,20.9,0.95,20.9,-8.954993537,-29.602291543,False,1788259386,1788259386.15,0.153266906738,1788259386,1788259386.5,1788259387,1788259387001659,1788259387035898,-8.954994,-29.602291,-8.954993537,-29.602291107,AWGN,rfsimu_channel_enB0,static-0,1788259151077599269,1,14bd144574d32d9e,1,1,1,1,17078.1428571,42.3242,-105,20.621429,True,202,202,202,0.95,20.9,0.95,20.9,-8.954993537,-29.602291543,False,0.9510385,0,0,0.0010385,-0.278571,0.0010385,-0.278571
2,203,203,203,203,1.35,19.8,1.35,19.8,-8.562856527,-28.110678831,False,0,5,5,8,14,0.226088847929,0.755464680241,0.0184464718295,203,203,203,1.35,19.8,1.35,19.8,-8.562856527,-28.110678831,False,1788259387,1788259387.1,0.0976762771606,1788259387,1788259387.5,1788259388,1788259388000482,1788259388005510,-8.562857,-28.11068,-8.562856527,-28.110679626,AWGN,rfsimu_channel_enB0,static-0,1788259151077599269,1,14bd144574d32d9e,1,1,1,1,18731.8571429,42.725467,-105,21.028572,True,203,203,203,1.35,19.8,1.35,19.8,-8.562856527,-28.110678831,False,1.3523055,0,0,0.0023055,1.228572,0.0023055,1.228572
2,204,204,204,204,-0.25,21.05,-0.25,21.05,-10.153325324,-30.974489141,False,0,2,18,14,8,0.136860636188,0.495748190209,0.367391173604,204,204,204,-0.25,21.05,-0.25,21.05,-10.153325324,-30.974489141,False,1788259388,1788259388.15,0.153752803802,1788259388,1788259388.5,1788259389,1788259389000372,1788259389051633,-10.153325,-30.974489,-10.153325324,-30.974489212,AWGN,rfsimu_channel_enB0,static-0,1788259151077599269,1,14bd144574d32d9e,1,1,1,1,13365,41.235799,-107,19.726667,True,204,204,204,-0.25,21.05,-0.25,21.05,-10.153325324,-30.974489141,False,-0.1373625,0,0,0.1126375,-1.323333,0.1126375,-1.323333
2,205,205,205,205,-1.1,17.7,-1.1,17.7,-11.035657771,-28.580653513,False,0,21,2,5,14,0.324277714516,0.578946699935,0.0967755855486,205,205,205,-1.1,17.7,-1.1,17.7,-11.035657771,-28.580653513,False,1788259389,1788259389.11,0.105698108673,1788259389,1788259389.5,1788259390,1788259390000344,1788259390026398,-11.035658,-28.580654,-11.035657771,-28.580654144,AWGN,rfsimu_channel_enB0,static-0,1788259151077599269,1,14bd144574d32d9e,1,1,1,1,10745.1428571,40.311682,-107,19.107143,True,205,205,205,-1.1,17.7,-1.1,17.7,-11.035657771,-28.580653513,False,-1.0614795,0,0,0.0385205,1.407143,0.0385205,1.407143
2,206,206,206,206,-3.4,16.45,-3.4,16.45,-13.356803647,-29.605840567,False,0,22,14,1,2,0.185487748732,0.246457037311,0.568055213956,206,206,206,-3.4,16.45,-3.4,16.45,-13.356803647,-29.605840567,False,1788259390,1788259390.15,0.149697780609,1788259390,1788259390.5,1788259391,1788259391001651,1788259391008495,-13.356804,-29.605841,-13.356803647,-29.605840683,AWGN,rfsimu_channel_enB0,static-0,1788259151077599269,1,14bd144574d32d9e,1,1,1,1,6650.92857143,38.171357,-110,16.964286,True,206,206,206,-3.4,16.45,-3.4,16.45,-13.356803647,-29.605840567,False,-3.2018045,0,0,0.1981955,0.514286,0.1981955,0.514286
2,207,207,207,207,-3,14.9,-3,14.9,-12.998946983,-27.646976098,False,0,23,1,3,2,0.249736745682,0.284165797909,0.466097456409,207,207,207,-3,14.9,-3,14.9,-12.998946983,-27.646976098,False,1788259391,1788259391.1,0.101681470871,1788259391,1788259391.5,1788259392,1788259392001240,1788259392057200,-12.998947,-27.646976,-12.998946983,-27.646976471,AWGN,rfsimu_channel_enB0,static-0,1788259151077599269,1,14bd144574d32d9e,1,1,1,1,6943.13333333,38.412961,-109,17.22,True,207,207,207,-3,14.9,-3,14.9,-12.998946983,-27.646976098,False,-2.9602005,0,0,0.0397995,2.32,0.0397995,2.32
2,208,208,208,208,-3.75,12.9,-3.75,12.9,-13.851670843,-26.468471714,False,0,9,3,1,15,0.443069306857,0.368904728558,0.188025964584,208,208,208,-3.75,12.9,-3.75,12.9,-13.851670843,-26.468471714,False,1788259392,1788259392.15,0.153260231018,1788259392,1788259392.5,1788259393,1788259393000448,1788259393030960,-13.851671,-26.468472,-13.851670843,-26.468471527,AWGN,rfsimu_channel_enB0,static-0,1788259151077599269,1,14bd144574d32d9e,1,1,1,1,5852.78571429,37.668194,-110,13.871429,True,208,208,208,-3.75,12.9,-3.75,12.9,-13.851670843,-26.468471714,False,-3.7049675,0,0,0.0450325,0.971429,0.0450325,0.971429
2,209,209,209,209,-4.35,12.9,-4.35,12.9,-14.453383203,-27.075214666,False,0,9,3,1,15,0.276485939445,0.503177541019,0.220336519536,209,209,209,-4.35,12.9,-4.35,12.9,-14.453383203,-27.075214666,False,1788259393,1788259393.1,0.0972616672516,1788259393,1788259393.5,1788259394,1788259394000044,1788259394010274,-14.453383,-27.075214,-14.453383203,-27.075214386,AWGN,rfsimu_channel_enB0,static-0,1788259151077599269,1,14bd144574d32d9e,1,1,1,1,5006.78571429,36.993965,-111,12.728571,True,209,209,209,-4.35,12.9,-4.35,12.9,-14.453383203,-27.075214666,False,-4.3791965,0,0,-0.0291965,-0.171429,-0.0291965,-0.171429
2,210,210,210,210,-4.55,10.6,-4.55,10.6,-14.811107403,-25.304791275,False,0,7,13,15,1,0.0534084634055,0.647854762048,0.298736774547,210,210,210,-4.55,10.6,-4.55,10.6,-14.811107403,-25.304791275,False,1788259394,1788259394.15,0.153114795685,1788259394,1788259394.5,1788259395,1788259395000202,1788259395054165,-14.811107,-25.30479,-14.811107403,-25.304790497,AWGN,rfsimu_channel_enB0,static-0,1788259151077599269,1,14bd144574d32d9e,1,1,1,1,4817.13333333,36.821365,-111,12.553333,True,210,210,210,-4.55,10.6,-4.55,10.6,-14.811107403,-25.304791275,False,-4.5517965,0,0,-0.0017965,1.953333,-0.0017965,1.953333
2,211,211,211,211,-5.75,10.85,-5.75,10.85,-16.002460117,-26.621934192,False,0,7,13,15,1,0.338667621706,0.337437563279,0.323894815015,211,211,211,-5.75,10.85,-5.75,10.85,-16.002460117,-26.621934192,False,1788259395,1788259395.11,0.113682031631,1788259395,1788259395.5,1788259396,1788259396000578,1788259396032947,-16.00246,-26.621935,-16.002460117,-26.621934891,AWGN,rfsimu_channel_enB0,static-0,1788259151077599269,1,14bd144574d32d9e,1,1,1,1,3660.28571429,35.63335,-112,11.185714,True,211,211,211,-5.75,10.85,-5.75,10.85,-16.002460117,-26.621934192,False,-5.7398115,0,0,0.0101885,0.335714,0.0101885,0.335714
2,212,212,212,212,-6.3,13.05,-6.3,13.05,-16.402758681,-29.086031351,False,0,7,13,15,1,0.232362403156,0.0309830628576,0.736654533986,212,212,212,-6.3,13.05,-6.3,13.05,-16.402758681,-29.086031351,False,1788259396,1788259396.15,0.153704881668,1788259396,1788259396.5,1788259397,1788259397001220,1788259397006102,-16.402759,-29.086031,-16.402758681,-29.08603096,AWGN,rfsimu_channel_enB0,static-0,1788259151077599269,1,14bd144574d32d9e,1,1,1,1,3259.57142857,35.12933,-113,10.421428,True,212,212,212,-6.3,13.05,-6.3,13.05,-16.402758681,-29.086031351,False,-6.2438315,0,0,0.0561685,-2.628572,0.0561685,-2.628572
2,213,213,213,213,-4.35,13.9,-4.35,13.9,-14.38545532,-27.924061014,False,0,9,3,1,15,0.397218599213,0.589946259342,0.0128351414455,213,213,213,-4.35,13.9,-4.35,13.9,-14.38545532,-27.924061014,False,1788259397,1788259397.11,0.105262756348,1788259397,1788259397.5,1788259398,1788259398000217,1788259398051933,-14.385455,-27.924061,-14.38545532,-27.924060822,AWGN,rfsimu_channel_enB0,static-0,1788259151077599269,1,14bd144574d32d9e,1,1,1,1,4885.73333333,36.864655,-111,12.286667,True,213,213,213,-4.35,13.9,-4.35,13.9,-14.38545532,-27.924061014,False,-4.5085065,0,0,-0.1585065,-1.613333,-0.1585065,-1.613333
2,214,214,214,214,-5.8,9.9,-5.8,9.9,-16.119217958,-25.820024469,False,0,7,13,15,1,0.459723838291,0.400114859388,0.140161302321,214,214,214,-5.8,9.9,-5.8,9.9,-16.119217958,-25.820024469,False,1788259398,1788259398.15,0.153713464737,1788259398,1788259398.5,1788259399,1788259399001420,1788259399026926,-16.119218,-25.820024,-16.119217958,-25.82002449,AWGN,rfsimu_channel_enB0,static-0,1788259151077599269,1,14bd144574d32d9e,1,1,1,1,3669.85714286,35.621568,-112,10.95,True,214,214,214,-5.8,9.9,-5.8,9.9,-16.119217958,-25.820024469,False,-5.7515935,0,0,0.0484065,1.05,0.0484065,1.05
2,215,215,215,215,-3.95,14,-3.95,14,-13.981406883,-27.63080725,False,0,23,1,3,2,0.495351720812,0.453298730518,0.05134954867,215,215,215,-3.95,14,-3.95,14,-13.981406883,-27.63080725,False,1788259399,1788259399.09,0.093692779541,1788259399,1788259399.5,1788259400,1788259400000355,1788259400003649,-13.981407,-27.630808,-13.981406883,-27.630807877,AWGN,rfsimu_channel_enB0,static-0,1788259151077599269,1,14bd144574d32d9e,1,1,1,1,5531.92857143,37.427642,-110,13.328571,True,215,215,215,-3.95,14,-3.95,14,-13.981406883,-27.63080725,False,-3.9455195,0,0,0.0044805,-0.671429,0.0044805,-0.671429
2,216,216,216,216,-3.4,12.8,-3.4,12.8,-13.507464755,-26.02965369,False,0,9,3,1,15,0.528169671871,0.281902049457,0.189928278672,216,216,216,-3.4,12.8,-3.4,12.8,-13.507464755,-26.02965369,False,1788259400,1788259400.15,0.153282165527,1788259400,1788259400.5,1788259401,1788259401000703,1788259401039967,-13.507465,-26.029654,-13.507464755,-26.029653549,AWGN,rfsimu_channel_enB0,static-0,1788259151077599269,1,14bd144574d32d9e,1,1,1,1,6229.66666667,37.939559,-110,13.933333,True,216,216,216,-3.4,12.8,-3.4,12.8,-13.507464755,-26.02965369,False,-3.4336025,0,0,-0.0336025,1.133333,-0.0336025,1.133333
2,217,217,217,217,-4,12.05,-4,12.05,-14.160123027,-25.999761881,False,0,9,3,1,15,0.271036809633,0.351098323176,0.377864867191,217,217,217,-4,12.05,-4,12.05,-14.160123027,-25.999761881,False,1788259401,1788259401.11,0.109696626663,1788259401,1788259401.5,1788259402,1788259402001557,1788259402009908,-14.160123,-25.999762,-14.160123027,-25.999761581,AWGN,rfsimu_channel_enB0,static-0,1788259151077599269,1,14bd144574d32d9e,1,1,1,1,5432.35714286,37.348385,-110,13.321429,True,217,217,217,-4,12.05,-4,12.05,-14.160123027,-25.999761881,False,-4.0247765,0,0,-0.0247765,1.271429,-0.0247765,1.271429
2,218,218,218,218,-2.1,17.7,-2.1,17.7,-12.034135591,-29.584211561,False,0,21,2,5,14,0.488997275115,0.246967464774,0.264035260112,218,218,218,-2.1,17.7,-2.1,17.7,-12.034135591,-29.584211561,False,1788259402,1788259402.16,0.157655715942,1788259402,1788259402.5,1788259403,1788259403001220,1788259403062123,-12.034136,-29.584211,-12.034135591,-29.584211349,AWGN,rfsimu_channel_enB0,static-0,1788259151077599269,1,14bd144574d32d9e,1,1,1,1,8233.93333333,39.132423,-109,15.4,True,218,218,218,-2.1,17.7,-2.1,17.7,-12.034135591,-29.584211561,False,-2.2407385,0,0,-0.1407385,-2.3,-0.1407385,-2.3
2,219,219,219,219,-1.2,15.3,-1.2,15.3,-11.194794198,-26.191949101,False,0,20,2,3,6,0.397316366878,0.200080732065,0.402602901057,219,219,219,-1.2,15.3,-1.2,15.3,-11.194794198,-26.191949101,False,1788259403,1788259403.11,0.113687515259,1788259403,1788259403.5,1788259404,1788259404000257,1788259404033201,-11.194794,-26.19195,-11.194794198,-26.191949844,AWGN,rfsimu_channel_enB0,static-0,1788259151077599269,1,14bd144574d32d9e,1,1,1,1,10461.5,40.195214,-108,16.857143,True,219,219,219,-1.2,15.3,-1.2,15.3,-11.194794198,-26.191949101,False,-1.1779475,0,0,0.0220525,1.557143,0.0220525,1.557143
2,220,220,220,220,-4.45,13.45,-4.45,13.45,-14.516308261,-27.643203983,False,0,9,3,1,15,0.315125007748,0.573279138173,0.111595854078,220,220,220,-4.45,13.45,-4.45,13.45,-14.516308261,-27.643203983,False,1788259404,1788259404.15,0.153703212738,1788259404,1788259404.5,1788259405,1788259405000243,1788259405005170,-14.516308,-27.643204,-14.516308261,-27.643203735,AWGN,rfsimu_channel_enB0,static-0,1788259151077599269,1,14bd144574d32d9e,1,1,1,1,5306.14285714,37.158908,-111,13.728571,True,220,220,220,-4.45,13.45,-4.45,13.45,-14.516308261,-27.643203983,False,-4.2142535,0,0,0.2357465,0.278571,0.2357465,0.278571
2,221,221,221,221,-3.8,15.6,-3.8,15.6,-13.773130426,-29.13362672,False,0,22,14,1,2,0.0494123014696,0.418576455678,0.532011242853,221,221,221,-3.8,15.6,-3.8,15.6,-13.773130426,-29.13362672,False,1788259405,1788259405.09,0.0936756134033,1788259405,1788259405.5,1788259406,1788259406000102,1788259406045243,-13.77313,-29.133627,-13.773130426,-29.133626938,AWGN,rfsimu_channel_enB0,static-0,1788259151077599269,1,14bd144574d32d9e,1,1,1,1,5641.93333333,37.51019,-110,14.113333,True,221,221,221,-3.8,15.6,-3.8,15.6,-13.773130426,-29.13362672,False,-3.8629715,0,0,-0.0629715,-1.486667,-0.0629715,-1.486667
2,222,222,222,222,-1.8,18.65,-1.8,18.65,-11.723130387,-30.208610298,False,0,21,2,5,14,0.125361760761,0.506536522961,0.368101716278,222,222,222,-1.8,18.65,-1.8,18.65,-11.723130387,-30.208610298,False,1788259406,1788259406.15,0.149698257446,1788259406,1788259406.5,1788259407,1788259407001098,1788259407023466,-11.72313,-30.208611,-11.723130387,-30.208610535,AWGN,rfsimu_channel_enB0,static-0,1788259151077599269,1,14bd144574d32d9e,1,1,1,1,8763,39.396219,-108,17.471428,True,222,222,222,-1.8,18.65,-1.8,18.65,-11.723130387,-30.208610298,False,-1.9769425,0,0,-0.1769425,-1.178572,-0.1769425,-1.178572
2,223,223,223,223,-4,16.75,-4,16.75,-13.955870135,-30.475664947,False,0,22,14,1,2,0.299545975872,0.3391945459,0.361259478228,223,223,223,-4,16.75,-4,16.75,-13.955870135,-30.475664947,False,1788259407,1788259407.09,0.0936858654022,1788259407,1788259407.5,1788259408,1788259408000515,1788259408007143,-13.95587,-30.475664,-13.955870135,-30.475664139,AWGN,rfsimu_channel_enB0,static-0,1788259151077599269,1,14bd144574d32d9e,1,1,1,1,5485.21428571,37.391434,-110,15.528571,True,223,223,223,-4,16.75,-4,16.75,-13.955870135,-30.475664947,False,-3.9817275,0,0,0.0182725,-1.221429,0.0182725,-1.221429
2,224,224,224,224,-2.8,16.6,-2.8,16.6,-12.75047325,-29.186914801,False,0,22,14,1,2,0.162335635317,0.106450494734,0.731213869949,224,224,224,-2.8,16.6,-2.8,16.6,-12.75047325,-29.186914801,False,1788259408,1788259408.16,0.157043457031,1788259408,1788259408.5,1788259409,1788259409000565,1788259409060062,-12.750473,-29.186914,-12.75047325,-29.186914444,AWGN,rfsimu_channel_enB0,static-0,1788259151077599269,1,14bd144574d32d9e,1,1,1,1,7079,38.49113,-109,17.033333,True,224,224,224,-2.8,16.6,-2.8,16.6,-12.75047325,-29.186914801,False,-2.8820315,0,0,-0.0820315,0.433333,-0.0820315,0.433333
2,225,225,225,225,-4.15,16.15,-4.15,16.15,-14.11653262,-30.01677312,False,0,22,14,1,2,0.191701362071,0.43328247403,0.375016163899,225,225,225,-4.15,16.15,-4.15,16.15,-14.11653262,-30.01677312,False,1788259409,1788259409.15,0.153683662415,1788259409,1788259409.5,1788259410,1788259410000364,1788259410041169,-14.116533,-30.016773,-14.11653262,-30.016773224,AWGN,rfsimu_channel_enB0,static-0,1788259151077599269,1,14bd144574d32d9e,1,1,1,1,5394.57142857,37.302877,-111,16.242857,True,225,225,225,-4.15,16.15,-4.15,16.15,-14.11653262,-30.01677312,False,-4.0702845,0,0,0.0797155,0.092857,0.0797155,0.092857
2,226,226,226,226,-3.5,14.1,-3.5,14.1,-13.529264253,-27.300885876,False,0,23,1,3,2,0.382316063274,0.487915416929,0.129768519797,226,226,226,-3.5,14.1,-3.5,14.1,-13.529264253,-27.300885876,False,1788259410,1788259410.11,0.105241298676,1788259410,1788259410.5,1788259411,1788259411001738,1788259411013589,-13.529264,-27.300886,-13.529264253,-27.300886154,AWGN,rfsimu_channel_enB0,static-0,1788259151077599269,1,14bd144574d32d9e,1,1,1,1,6112.35714286,37.860722,-110,17.05,True,226,226,226,-3.5,14.1,-3.5,14.1,-13.529264253,-27.300885876,False,-3.5124395,0,0,-0.0124395,2.95,-0.0124395,2.95
2,227,227,227,227,-2.1,18.15,-2.1,18.15,-12.028706289,-30.022590264,False,0,21,2,5,14,0.340156390085,0.322745232602,0.337098377313,227,227,227,-2.1,18.15,-2.1,18.15,-12.028706289,-30.022590264,False,1788259411,1788259411.15,0.153690338135,1788259411,1788259411.5,1788259412,1788259412001343,1788259412059815,-12.028706,-30.022591,-12.028706289,-30.022590637,AWGN,rfsimu_channel_enB0,static-0,1788259151077599269,1,14bd144574d32d9e,1,1,1,1,8297.13333333,39.177774,-109,18.386667,True,227,227,227,-2.1,18.15,-2.1,18.15,-12.028706289,-30.022590264,False,-2.1953875,0,0,-0.0953875,0.236667,-0.0953875,0.236667
2,228,228,228,228,-3.35,15.95,-3.35,15.95,-13.314548898,-29.057406665,False,0,22,14,1,2,0.0800264430956,0.288624003028,0.631349553876,228,228,228,-3.35,15.95,-3.35,15.95,-13.314548898,-29.057406665,False,1788259412,1788259412.09,0.0936896800995,1788259412,1788259412.5,1788259413,1788259413000829,1788259413042676,-13.314549,-29.057407,-13.314548898,-29.057407379,AWGN,rfsimu_channel_enB0,static-0,1788259151077599269,1,14bd144574d32d9e,1,1,1,1,6395.92857143,38.058196,-110,17.257143,True,228,228,228,-3.35,15.95,-3.35,15.95,-13.314548898,-29.057406665,False,-3.3149655,0,0,0.0350345,1.307143,0.0350345,1.307143
2,229,229,229,229,-4.05,11.4,-4.05,11.4,-14.254418848,-25.498573668,False,0,9,3,1,15,0.178678633499,0.305888057305,0.515433309196,229,229,229,-4.05,11.4,-4.05,11.4,-14.254418848,-25.498573668,False,1788259413,1788259413.15,0.153195858002,1788259413,1788259413.5,1788259414,1788259414000877,1788259414021440,-14.254419,-25.498573,-14.254418848,-25.498573303,AWGN,rfsimu_channel_enB0,static-0,1788259151077599269,1,14bd144574d32d9e,1,1,1,1,5434.14285714,37.346001,-111,14.985714,True,229,229,229,-4.05,11.4,-4.05,11.4,-14.254418848,-25.498573668,False,-4.0271605,0,0,0.0228395,3.585714,0.0228395,3.585714
2,230,230,230,230,-4.55,13.8,-4.55,13.8,-14.592818895,-28.04142403,False,0,9,3,1,15,0.329617544098,0.626026991663,0.0443554642385,230,230,230,-4.55,13.8,-4.55,13.8,-14.592818895,-28.04142403,False,1788259414,1788259414.11,0.105389356613,1788259414,1788259414.5,1788259415,1788259415001217,1788259415066190,-14.592819,-28.041424,-14.592818895,-28.041423798,AWGN,rfsimu_channel_enB0,static-0,1788259151077599269,1,14bd144574d32d9e,1,1,1,1,4881.33333333,36.884134,-111,14.406667,True,230,230,230,-4.55,13.8,-4.55,13.8,-14.592818895,-28.04142403,False,-4.4890275,0,0,0.0609725,0.606667,0.0609725,0.606667
2,231,231,231,231,-3.6,11.55,-3.6,11.55,-13.792945395,-25.170843406,False,0,9,3,1,15,0.321726058024,0.218198755708,0.460075186268,231,231,231,-3.6,11.55,-3.6,11.55,-13.792945395,-25.170843406,False,1788259415,1788259415.16,0.157239198685,1788259415,1788259415.5,1788259416,1788259416000895,1788259416038400,-13.792945,-25.170843,-13.792945395,-25.170843124,AWGN,rfsimu_channel_enB0,static-0,1788259151077599269,1,14bd144574d32d9e,1,1,1,1,5898.21428571,37.698539,-110,15.228571,True,231,231,231,-3.6,11.55,-3.6,11.55,-13.792945395,-25.170843406,False,-3.6746225,0,0,-0.0746225,3.678571,-0.0746225,3.678571
2,232,232,232,232,-4.4,12.1,-4.4,12.1,-14.557868206,-26.4466995,False,0,9,3,1,15,0.166017864346,0.444951967399,0.389030168254,232,232,232,-4.4,12.1,-4.4,12.1,-14.557868206,-26.4466995,False,1788259416,1788259416.1,0.101620912552,1788259416,1788259416.5,1788259417,1788259417000281,1788259417010568,-14.557868,-26.446699,-14.557868206,-26.446699142,AWGN,rfsimu_channel_enB0,static-0,1788259151077599269,1,14bd144574d32d9e,1,1,1,1,4963,36.955358,-111,14.207143,True,232,232,232,-4.4,12.1,-4.4,12.1,-14.557868206,-26.4466995,False,-4.4178035,0,0,-0.0178035,2.107143,-0.0178035,2.107143
2,233,233,233,233,-1.45,14.65,-1.45,14.65,-11.468588938,-25.806294193,False,0,20,2,3,6,0.26876473084,0.465529738394,0.265705530766,233,233,233,-1.45,14.65,-1.45,14.65,-11.468588938,-25.806294193,False,1788259417,1788259417.15,0.149639844894,1788259417,1788259417.5,1788259418,1788259418000427,1788259418048389,-11.468589,-25.806293,-11.468588938,-25.806293488,AWGN,rfsimu_channel_enB0,static-0,1788259151077599269,1,14bd144574d32d9e,1,1,1,1,9517.73333333,39.742493,-108,16.7,True,233,233,233,-1.45,14.65,-1.45,14.65,-11.468588938,-25.806294193,False,-1.6306685,0,0,-0.1806685,2.05,-0.1806685,2.05
2,234,234,234,234,-1.45,15,-1.45,15,-11.454472806,-26.166003607,False,0,20,2,3,6,0.388667869082,0.338568533995,0.272763596924,234,234,234,-1.45,15,-1.45,15,-11.454472806,-26.166003607,False,1788259418,1788259418.1,0.0976150035858,1788259418,1788259418.5,1788259419,1788259419001413,1788259419025813,-11.454473,-26.166004,-11.454472806,-26.166004181,AWGN,rfsimu_channel_enB0,static-0,1788259151077599269,1,14bd144574d32d9e,1,1,1,1,9912.42857143,39.960973,-108,16.928571,True,234,234,234,-1.45,15,-1.45,15,-11.454472806,-26.166003607,False,-1.4121885,0,0,0.0378115,1.928571,0.0378115,1.928571
2,235,235,235,235,-0.85,14.7,-0.85,14.7,-10.872382589,-25.179976783,False,0,20,2,3,6,0.0599922609168,0.376199033614,0.563808705469,235,235,235,-0.85,14.7,-0.85,14.7,-10.872382589,-25.179976783,False,1788259419,1788259419.16,0.157464742661,1788259419,1788259419.5,1788259420,1788259420000095,1788259420001754,-10.872383,-25.179977,-10.872382589,-25.179977417,AWGN,rfsimu_channel_enB0,static-0,1788259151077599269,1,14bd144574d32d9e,1,1,1,1,11268.8571429,40.516094,-107,17.507143,True,235,235,235,-0.85,14.7,-0.85,14.7,-10.872382589,-25.179976783,False,-0.8570675,0,0,-0.0070675,2.807143,-0.0070675,2.807143
2,236,236,236,236,-2.3,14,-2.3,14,-12.338420037,-26.041771441,False,0,23,1,3,2,0.0846050093702,0.709146192454,0.206248798175,236,236,236,-2.3,14,-2.3,14,-12.338420037,-26.041771441,False,1788259420,1788259420.11,0.10515499115,1788259420,1788259420.5,1788259421,1788259421000988,1788259421040663,-12.33842,-26.041771,-12.338420037,-26.041770935,AWGN,rfsimu_channel_enB0,static-0,1788259151077599269,1,14bd144574d32d9e,1,1,1,1,8384.86666667,39.2175,-109,14.26,True,236,236,236,-2.3,14,-2.3,14,-12.338420037,-26.041771441,False,-2.1556615,0,0,0.1443385,0.26,0.1443385,0.26
2,237,237,237,237,-1.2,16.35,-1.2,16.35,-11.160142093,-27.297065231,False,0,19,6,5,2,0.234311589778,0.185617363959,0.580071046264,237,237,237,-1.2,16.35,-1.2,16.35,-11.160142093,-27.297065231,False,1788259421,1788259421.16,0.15761423111,1788259421,1788259421.5,1788259422,1788259422001343,1788259422018355,-11.160142,-27.297066,-11.160142093,-27.297065735,AWGN,rfsimu_channel_enB0,static-0,1788259151077599269,1,14bd144574d32d9e,1,1,1,1,10252.5,40.101163,-108,15.028572,True,237,237,237,-1.2,16.35,-1.2,16.35,-11.160142093,-27.297065231,False,-1.2719985,0,0,-0.0719985,-1.321428,-0.0719985,-1.321428
2,238,238,238,238,-1.25,18.35,-1.25,18.35,-11.17758712,-29.364400903,False,0,21,2,5,14,0.133993259119,0.638606590413,0.227400150468,238,238,238,-1.25,18.35,-1.25,18.35,-11.17758712,-29.364400903,False,1788259422,1788259422.11,0.105608701706,1788259422,1788259422.5,1788259423,1788259423000117,1788259423060263,-11.177587,-29.364401,-11.17758712,-29.364400864,AWGN,rfsimu_channel_enB0,static-0,1788259151077599269,1,14bd144574d32d9e,1,1,1,1,10298.0666667,40.126776,-108,15.053333,True,238,238,238,-1.25,18.35,-1.25,18.35,-11.17758712,-29.364400903,False,-1.2463855,0,0,0.0036145,-3.296667,0.0036145,-3.296667
2,239,239,239,239,0.25,20.55,0.25,20.55,-9.655074918,-29.959358645,False,0,2,18,14,8,0.0507139546061,0.326559774238,0.622726271156,239,239,239,0.25,20.55,0.25,20.55,-9.655074918,-29.959358645,False,1788259423,1788259423.15,0.153702735901,1788259423,1788259423.5,1788259424,1788259424001518,1788259424033937,-9.655075,-29.959358,-9.655074918,-29.959358215,AWGN,rfsimu_channel_enB0,static-0,1788259151077599269,1,14bd144574d32d9e,1,1,1,1,14248.1428571,41.522285,-106,17.107143,True,239,239,239,0.25,20.55,0.25,20.55,-9.655074918,-29.959358645,False,0.1491235,0,0,-0.1008765,-3.442857,-0.1008765,-3.442857
2,240,240,240,240,2.3,21.3,2.3,21.3,-7.60549942,-28.634965189,False,0,2,18,14,8,0.171577628262,0.10582753158,0.722594840157,240,240,240,2.3,21.3,2.3,21.3,-7.60549942,-28.634965189,False,1788259424,1788259424.1,0.0977132320404,1788259424,1788259424.5,1788259425,1788259425000811,1788259425038540,-7.605499,-28.634966,-7.60549942,-28.634965897,AWGN,rfsimu_channel_enB0,static-0,1788259151077599269,1,14bd144574d32d9e,1,1,1,1,23435.3571429,43.698325,-104,19.907143,True,240,240,240,2.3,21.3,2.3,21.3,-7.60549942,-28.634965189,False,2.3251635,0,0,0.0251635,-1.392857,0.0251635,-1.392857
2,241,241,241,241,2.2,18.75,2.2,18.75,-7.727114804,-26.204364912,False,0,11,11,8,9,0.0682212990537,0.446935836625,0.484842864321,241,241,241,2.2,18.75,2.2,18.75,-7.727114804,-26.204364912,False,1788259425,1788259425.15,0.14926981926,1788259425,1788259425.5,1788259426,1788259426001671,1788259426040893,-7.727115,-26.204365,-7.727114804,-26.204364777,AWGN,rfsimu_channel_enB0,static-0,1788259151077599269,1,14bd144574d32d9e,1,1,1,1,22994.7857143,43.61553,-104,19.821428,True,241,241,241,2.2,18.75,2.2,18.75,-7.727114804,-26.204364912,False,2.2423685,0,0,0.0423685,1.071428,0.0423685,1.071428
2,242,242,242,242,1.95,18.45,1.95,18.45,-7.980528038,-26.14209646,False,0,11,11,8,9,0.00486799053185,0.383944147165,0.611187862304,242,242,242,1.95,18.45,1.95,18.45,-7.980528038,-26.14209646,False,1788259426,1788259426.1,0.101317882538,1788259426,1788259426.5,1788259427,1788259427000944,1788259427045579,-7.980528,-26.142096,-7.980528038,-26.142095566,AWGN,rfsimu_channel_enB0,static-0,1788259151077599269,1,14bd144574d32d9e,1,1,1,1,21467.0714286,43.317384,-104,19.514286,True,242,242,242,1.95,18.45,1.95,18.45,-7.980528038,-26.14209646,False,1.9442225,0,0,-0.0057775,1.064286,-0.0057775,1.064286
2,243,243,243,243,0.9,15.45,0.9,15.45,-9.100873803,-24.100838657,False,0,28,10,9,6,0.299720447697,0.149842651028,0.550436901274,243,243,243,0.9,15.45,0.9,15.45,-9.100873803,-24.100838657,False,1788259427,1788259427.16,0.157207012177,1788259427,1788259427.5,1788259428,1788259428000424,1788259428050724,-9.100874,-24.100838,-9.100873803,-24.100837708,AWGN,rfsimu_channel_enB0,static-0,1788259151077599269,1,14bd144574d32d9e,1,1,1,1,17116.8571429,42.3252,-106,16.985714,True,243,243,243,0.9,15.45,0.9,15.45,-9.100873803,-24.100838657,False,0.9520385,0,0,0.0520385,1.535714,0.0520385,1.535714
2,244,244,244,244,2.85,12.95,2.85,12.95,-7.27362616,-19.610409709,False,0,25,16,17,10,0.156140435049,0.519327355233,0.324532209718,244,244,244,2.85,12.95,2.85,12.95,-7.27362616,-19.610409709,False,1788259428,1788259428.11,0.105675697327,1788259428,1788259428.5,1788259429,1788259429000248,1788259429016879,-7.273626,-19.610409,-7.27362616,-19.610408783,AWGN,rfsimu_channel_enB0,static-0,1788259151077599269,1,14bd144574d32d9e,1,1,1,1,26503.0714286,44.230571,-103,18.835714,True,244,244,244,2.85,12.95,2.85,12.95,-7.27362616,-19.610409709,False,2.8574095,0,0,0.0074095,5.885714,0.0074095,5.885714
2,245,245,245,245,0.15,12,0.15,12,-9.979910422,-22.019822588,False,0,27,6,7,10,0.00660752924992,0.98334768192,0.0100447888301,245,245,245,0.15,12,0.15,12,-9.979910422,-22.019822588,False,1788259429,1788259429.15,0.153683423996,1788259429,1788259429.5,1788259430,1788259430001167,1788259430054248,-9.97991,-22.019823,-9.979910422,-22.019823074,AWGN,rfsimu_channel_enB0,static-0,1788259151077599269,1,14bd144574d32d9e,1,1,1,1,15231.8,41.768152,-106,16.34,True,245,245,245,0.15,12,0.15,12,-9.979910422,-22.019822588,False,0.3949905,0,0,0.2449905,4.34,0.2449905,4.34
2,246,246,246,246,-2.95,12.15,-2.95,12.15,-13.100333609,-25.02284635,False,0,9,3,1,15,0.574630968581,0.124797773202,0.300571258217,246,246,246,-2.95,12.15,-2.95,12.15,-13.100333609,-25.02284635,False,1788259430,1788259430.1,0.101281166077,1788259430,1788259430.5,1788259431,1788259431000428,1788259431029943,-13.100334,-25.022846,-13.100333609,-25.022846222,AWGN,rfsimu_channel_enB0,static-0,1788259151077599269,1,14bd144574d32d9e,1,1,1,1,6874,38.369832,-110,13,True,246,246,246,-2.95,12.15,-2.95,12.15,-13.100333609,-25.02284635,False,-3.0033295,0,0,-0.0533295,0.85,-0.0533295,0.85
2,247,247,247,247,-1.8,13.6,-1.8,13.6,-11.857548028,-25.122493555,False,0,20,2,3,6,0.040831185091,0.887942829014,0.0712259858948,247,247,247,-1.8,13.6,-1.8,13.6,-11.857548028,-25.122493555,False,1788259431,1788259431.15,0.153416633606,1788259431,1788259431.5,1788259432,1788259432001625,1788259432001358,-11.857548,-25.122494,-11.857548028,-25.122493744,AWGN,rfsimu_channel_enB0,static-0,1788259151077599269,1,14bd144574d32d9e,1,1,1,1,8956.28571429,39.513508,-108,14.414286,True,247,247,247,-1.8,13.6,-1.8,13.6,-11.857548028,-25.122493555,False,-1.8596535,0,0,-0.0596535,0.814286,-0.0596535,0.814286
2,248,248,248,248,-0.6,12.2,-0.6,12.2,-10.723320599,-22.84945401,False,0,18,4,7,3,0.0785089629253,0.638339700512,0.283151336563,248,248,248,-0.6,12.2,-0.6,12.2,-10.723320599,-22.84945401,False,1788259432,1788259432.11,0.10528254509,1788259432,1788259432.5,1788259433,1788259433000894,1788259433034977,-10.723321,-22.849455,-10.723320599,-22.84945488,AWGN,rfsimu_channel_enB0,static-0,1788259151077599269,1,14bd144574d32d9e,1,1,1,1,11867.8666667,40.733325,-107,15.686667,True,248,248,248,-0.6,12.2,-0.6,12.2,-10.723320599,-22.84945401,False,-0.6398365,0,0,-0.0398365,3.486667,-0.0398365,3.486667
2,249,249,249,249,0.3,13.6,0.3,13.6,-9.76924591,-23.157585196,False,0,27,6,7,10,0.385861731873,0.498761222924,0.115377045203,249,249,249,0.3,13.6,0.3,13.6,-9.76924591,-23.157585196,False,1788259433,1788259433.15,0.153704166412,1788259433,1788259433.5,1788259434,1788259434000316,1788259434005170,-9.769246,-23.157585,-9.76924591,-23.157585144,AWGN,rfsimu_channel_enB0,static-0,1788259151077599269,1,14bd144574d32d9e,1,1,1,1,14452,41.589489,-106,14.821429,True,249,249,249,0.3,13.6,0.3,13.6,-9.76924591,-23.157585196,False,0.2163275,0,0,-0.0836725,1.221429,-0.0836725,1.221429
2,250,250,250,250,1.35,13.75,1.35,13.75,-8.710849152,-22.127495997,False,0,27,6,7,10,0.0424986656871,0.312925910116,0.644575424197,250,250,250,1.35,13.75,1.35,13.75,-8.710849152,-22.127495997,False,1788259434,1788259434.15,0.149230003357,1788259434,1788259434.5,1788259435,1788259435000148,1788259435045080,-8.710849,-22.127497,-8.710849152,-22.127496719,AWGN,rfsimu_channel_enB0,static-0,1788259151077599269,1,14bd144574d32d9e,1,1,1,1,18626.2,42.690482,-105,13.946667,True,250,250,250,1.35,13.75,1.35,13.75,-8.710849152,-22.127495997,False,1.3173205,0,0,-0.0326795,0.196667,-0.0326795,0.196667
2,251,251,251,251,0.8,16.85,0.8,16.85,-9.161250185,-25.687726556,False,0,13,9,5,6,0.419374907536,0.229242185197,0.351382907268,251,251,251,0.8,16.85,0.8,16.85,-9.161250185,-25.687726556,False,1788259435,1788259435.1,0.101227283478,1788259435,1788259435.5,1788259436,1788259436000500,1788259436013910,-9.16125,-25.687727,-9.161250185,-25.687726974,AWGN,rfsimu_channel_enB0,static-0,1788259151077599269,1,14bd144574d32d9e,1,1,1,1,16592.5,42.198368,-106,13.357143,True,251,251,251,0.8,16.85,0.8,16.85,-9.161250185,-25.687726556,False,0.8252065,0,0,0.0252065,-3.492857,0.0252065,-3.492857
2,252,252,252,252,-0.55,13,-0.55,13,-10.638288174,-23.476844803,False,0,10,6,3,7,0.173137513832,0.319144087015,0.507718399153,252,252,252,-0.55,13,-0.55,13,-10.638288174,-23.476844803,False,1788259436,1788259436.15,0.153042316437,1788259436,1788259436.5,1788259437,1788259437000103,1788259437049777,-10.638288,-23.476845,-10.638288174,-23.476844788,AWGN,rfsimu_channel_enB0,static-0,1788259151077599269,1,14bd144574d32d9e,1,1,1,1,12334.4,40.897153,-107,12.02,True,252,252,252,-0.55,13,-0.55,13,-10.638288174,-23.476844803,False,-0.4760085,0,0,0.0739915,-0.98,0.0739915,-0.98
2,253,253,253,253,-1,13,-1,13,-11.085414128,-23.883021302,False,0,10,6,3,7,0.0849667031402,0.542707064152,0.372326232708,253,253,253,-1,13,-1,13,-11.085414128,-23.883021302,False,1788259437,1788259437.1,0.101706504822,1788259437,1788259437.5,1788259438,1788259438000239,1788259438015837,-11.085414,-23.88302,-11.085414128,-23.883020401,AWGN,rfsimu_channel_enB0,static-0,1788259151077599269,1,14bd144574d32d9e,1,1,1,1,10792.7857143,40.329113,-108,12.007143,True,253,253,253,-1,13,-1,13,-11.085414128,-23.883021302,False,-1.0440485,0,0,-0.0440485,-0.992857,-0.0440485,-0.992857
2,254,254,254,254,-0.05,14.25,-0.05,14.25,-10.094816696,-24.052151038,False,0,10,6,3,7,0.636641998128,0.0474083479402,0.315949653932,254,254,254,-0.05,14.25,-0.05,14.25,-10.094816696,-24.052151038,False,1788259438,1788259438.16,0.16118144989,1788259438,1788259438.5,1788259439,1788259439001320,1788259439056622,-10.094817,-24.052151,-10.094816696,-24.052150726,AWGN,rfsimu_channel_enB0,static-0,1788259151077599269,1,14bd144574d32d9e,1,1,1,1,13405.2666667,41.265601,-106,13.22,True,254,254,254,-0.05,14.25,-0.05,14.25,-10.094816696,-24.052151038,False,-0.1075605,0,0,-0.0575605,-1.03,-0.0575605,-1.03
2,255,255,255,255,2.15,14.2,2.15,14.2,-7.898859515,-21.573424634,False,0,25,16,17,10,0.0373823992934,0.0879526418711,0.874664958836,255,255,255,2.15,14.2,2.15,14.2,-7.898859515,-21.573424634,False,1788259439,1788259439.11,0.109281778336,1788259439,1788259439.5,1788259440,1788259440000518,1788259440037234,-7.89886,-21.573425,-7.898859515,-21.573425293,AWGN,rfsimu_channel_enB0,static-0,1788259151077599269,1,14bd144574d32d9e,1,1,1,1,22389.0714286,43.4991,-104,15.528572,True,255,255,255,2.15,14.2,2.15,14.2,-7.898859515,-21.573424634,False,2.1259385,0,0,-0.0240615,1.328572,-0.0240615,1.328572
2,256,256,256,256,-0.7,16.15,-0.7,16.15,-10.67248752,-26.524862873,False,0,19,6,5,2,0.49171237562,0.172043864166,0.336243760214,256,256,256,-0.7,16.15,-0.7,16.15,-10.67248752,-26.524862873,False,1788259440,1788259440.15,0.149693965912,1788259440,1788259440.5,1788259441,1788259441000338,1788259441017475,-10.672488,-26.524862,-10.67248752,-26.524862289,AWGN,rfsimu_channel_enB0,static-0,1788259151077599269,1,14bd144574d32d9e,1,1,1,1,12496.1428571,40.879857,-107,12.828572,True,256,256,256,-0.7,16.15,-0.7,16.15,-10.67248752,-26.524862873,False,-0.4933045,0,0,0.2066955,-3.321428,0.2066955,-3.321428
2,257,257,257,257,-1.4,13.1,-1.4,13.1,-11.479126232,-24.326196156,False,0,10,6,3,7,0.0358356025409,0.739563116004,0.224601281455,257,257,257,-1.4,13.1,-1.4,13.1,-11.479126232,-24.326196156,False,1788259441,1788259441.11,0.109588623047,1788259441,1788259441.5,1788259442,1788259442001577,1788259442058692,-11.479126,-24.326197,-11.479126232,-24.326196671,AWGN,rfsimu_channel_enB0,static-0,1788259151077599269,1,14bd144574d32d9e,1,1,1,1,10091,40.034771,-108,13.493333,True,257,257,257,-1.4,13.1,-1.4,13.1,-11.479126232,-24.326196156,False,-1.3383905,0,0,0.0616095,0.393333,0.0616095,0.393333
2,258,258,258,258,-0.6,11.95,-0.6,11.95,-10.738334438,-22.628092974,False,0,18,4,7,3,0.159802894389,0.630832780933,0.209364324678,258,258,258,-0.6,11.95,-0.6,11.95,-10.738334438,-22.628092974,False,1788259442,1788259442.16,0.157094717026,1788259442,1788259442.5,1788259443,1788259443001346,1788259443032455,-10.738334,-22.628094,-10.738334438,-22.628093719,AWGN,rfsimu_channel_enB0,static-0,1788259151077599269,1,14bd144574d32d9e,1,1,1,1,11692.5714286,40.666067,-107,14.164286,True,258,258,258,-0.6,11.95,-0.6,11.95,-10.738334438,-22.628092974,False,-0.7070945,0,0,-0.1070945,2.214286,-0.1070945,2.214286
2,259,259,259,259,-2.35,10.6,-2.35,10.6,-12.592073499,-23.060732069,False,0,16,4,3,15,0.449064810485,0.25489843992,0.296036749595,259,259,259,-2.35,10.6,-2.35,10.6,-12.592073499,-23.060732069,False,1788259443,1788259443.1,0.101683855057,1788259443,1788259443.5,1788259444,1788259444000608,1788259444002404,-12.592073,-23.060732,-12.592073499,-23.060731888,AWGN,rfsimu_channel_enB0,static-0,1788259151077599269,1,14bd144574d32d9e,1,1,1,1,7995,39.024796,-109,12.464286,True,259,259,259,-2.35,10.6,-2.35,10.6,-12.592073499,-23.060732069,False,-2.3483655,0,0,0.0016345,1.864286,0.0016345,1.864286
2,260,260,260,260,-2.65,11.55,-2.65,11.55,-12.840234159,-24.210167065,False,0,9,3,1,15,0.585483056427,0.00560013597811,0.408916807595,260,260,260,-2.65,11.55,-2.65,11.55,-12.840234159,-24.210167065,False,1788259444,1788259444.15,0.149703264236,1788259444,1788259444.5,1788259445,1788259445000769,1788259445043893,-12.840234,-24.210167,-12.840234159,-24.210166931,AWGN,rfsimu_channel_enB0,static-0,1788259151077599269,1,14bd144574d32d9e,1,1,1,1,7318.8,38.642932,-109,12.106667,True,260,260,260,-2.65,11.55,-2.65,11.55,-12.840234159,-24.210167065,False,-2.7302295,0,0,-0.0802295,0.556667,-0.0802295,0.556667
2,261,261,261,261,-3.7,11.2,-3.7,11.2,-13.917005548,-24.97487101,False,0,9,3,1,15,0.251705732536,0.210208506371,0.538085761092,261,261,261,-3.7,11.2,-3.7,11.2,-13.917005548,-24.97487101,False,1788259445,1788259445.1,0.101509332657,1788259445,1788259445.5,1788259446,1788259446000524,1788259446019346,-13.917006,-24.974871,-13.917005548,-24.974870682,AWGN,rfsimu_channel_enB0,static-0,1788259151077599269,1,14bd144574d32d9e,1,1,1,1,5804.21428571,37.635315,-110,11.078571,True,261,261,261,-3.7,11.2,-3.7,11.2,-13.917005548,-24.97487101,False,-3.7378465,0,0,-0.0378465,-0.121429,-0.0378465,-0.121429
2,262,262,262,262,-2.65,10.7,-2.65,10.7,-12.892369752,-23.469873002,False,0,16,4,3,15,0.212585748393,0.341229375438,0.446184876169,262,262,262,-2.65,10.7,-2.65,10.7,-12.892369752,-23.469873002,False,1788259446,1788259446.15,0.153706073761,1788259446,1788259446.5,1788259447,1788259447001269,1788259447059833,-12.89237,-23.469873,-12.892369752,-23.469873428,AWGN,rfsimu_channel_enB0,static-0,1788259151077599269,1,14bd144574d32d9e,1,1,1,1,7440.4,38.706964,-109,12.24,True,262,262,262,-2.65,10.7,-2.65,10.7,-12.892369752,-23.469873002,False,-2.6661975,0,0,-0.0161975,1.54,-0.0161975,1.54
2,263,263,263,263,-4.05,9.35,-4.05,9.35,-14.394786316,-23.733780268,False,0,7,13,15,1,0.0647971837679,0.867404025813,0.0677987904194,263,263,263,-4.05,9.35,-4.05,9.35,-14.394786316,-23.733780268,False,1788259447,1788259447.11,0.109163045883,1788259447,1788259447.5,1788259448,1788259448000987,1788259448031688,-14.394786,-23.73378,-14.394786316,-23.733779907,AWGN,rfsimu_channel_enB0,static-0,1788259151077599269,1,14bd144574d32d9e,1,1,1,1,5473.85714286,37.379811,-110,10.657143,True,263,263,263,-4.05,9.35,-4.05,9.35,-14.394786316,-23.733780268,False,-3.9933505,0,0,0.0566495,1.307143,0.0566495,1.307143
2,264,264,264,264,-3.85,9.6,-3.85,9.6,-14.17611825,-23.768402591,False,0,9,3,1,15,0.0168876350549,0.10494676017,0.878165604775,264,264,264,-3.85,9.6,-3.85,9.6,-14.17611825,-23.768402591,False,1788259448,1788259448.15,0.153249740601,1788259448,1788259448.5,1788259449,1788259449000687,1788259449007364,-14.176118,-23.768402,-14.17611825,-23.7684021,AWGN,rfsimu_channel_enB0,static-0,1788259151077599269,1,14bd144574d32d9e,1,1,1,1,5601.5,37.480581,-110,8.914286,True,264,264,264,-3.85,9.6,-3.85,9.6,-14.17611825,-23.768402591,False,-3.8925805,0,0,-0.0425805,-0.685714,-0.0425805,-0.685714
2,265,265,265,265,-3.25,9.15,-3.25,9.15,-13.601956209,-22.762280109,False,0,15,4,15,16,0.121625903116,0.839676100786,0.0386979960973,265,265,265,-3.25,9.15,-3.25,9.15,-13.601956209,-22.762280109,False,1788259449,1788259449.11,0.109692573547,1788259449,1788259449.5,1788259450,1788259450001173,1788259450052918,-13.601956,-22.76228,-13.601956209,-22.76227951,AWGN,rfsimu_channel_enB0,static-0,1788259151077599269,1,14bd144574d32d9e,1,1,1,1,6450.2,38.089615,-110,9.593333,True,265,265,265,-3.25,9.15,-3.25,9.15,-13.601956209,-22.762280109,False,-3.2835465,0,0,-0.0335465,0.443333,-0.0335465,0.443333
2,266,266,266,266,-4.1,10,-4.1,10,-14.399729113,-24.359235492,False,0,7,13,15,1,0.00398164054464,0.804117083803,0.191901275652,266,266,266,-4.1,10,-4.1,10,-14.399729113,-24.359235492,False,1788259450,1788259450.16,0.157223701477,1788259450,1788259450.5,1788259451,1788259451000328,1788259451022233,-14.399729,-24.359236,-14.399729113,-24.359235764,AWGN,rfsimu_channel_enB0,static-0,1788259151077599269,1,14bd144574d32d9e,1,1,1,1,5448.78571429,37.354764,-111,8.785714,True,266,266,266,-4.1,10,-4.1,10,-14.399729113,-24.359235492,False,-4.0183975,0,0,0.0816025,-1.214286,0.0816025,-1.214286
2,267,267,267,267,-3.3,10.2,-3.3,10.2,-13.583791857,-23.72152936,False,0,9,3,1,15,0.242028651044,0.0339245797416,0.724046769215,267,267,267,-3.3,10.2,-3.3,10.2,-13.583791857,-23.72152936,False,1788259451,1788259451.1,0.101279258728,1788259451,1788259451.5,1788259452,1788259452000943,1788259452059682,-13.583792,-23.721529,-13.583791857,-23.721529007,AWGN,rfsimu_channel_enB0,static-0,1788259151077599269,1,14bd144574d32d9e,1,1,1,1,6387.86666667,38.051479,-110,9.98,True,267,267,267,-3.3,10.2,-3.3,10.2,-13.583791857,-23.72152936,False,-3.3216825,0,0,-0.0216825,-0.22,-0.0216825,-0.22
2,268,268,268,268,-2.75,12.5,-2.75,12.5,-12.875988064,-25.117694921,False,0,9,3,1,15,0.672415188637,0.110409220461,0.217175590901,268,268,268,-2.75,12.5,-2.75,12.5,-12.875988064,-25.117694921,False,1788259452,1788259452.15,0.149713754654,1788259452,1788259452.5,1788259453,1788259453001377,1788259453028663,-12.875988,-25.117695,-12.875988064,-25.117694855,AWGN,rfsimu_channel_enB0,static-0,1788259151077599269,1,14bd144574d32d9e,1,1,1,1,7151.57142857,38.54038,-109,10.757143,True,268,268,268,-2.75,12.5,-2.75,12.5,-12.875988064,-25.117694921,False,-2.8327815,0,0,-0.0827815,-1.742857,-0.0827815,-1.742857
2,269,269,269,269,-1.6,13.05,-1.6,13.05,-11.681112071,-24.461711599,False,0,18,4,7,3,0.0199855024684,0.159443964374,0.820570533158,269,269,269,-1.6,13.05,-1.6,13.05,-11.681112071,-24.461711599,False,1788259453,1788259453.09,0.0936841964722,1788259453,1788259453.5,1788259454,1788259454001486,1788259454003263,-11.681112,-24.461712,-11.681112071,-24.461711884,AWGN,rfsimu_channel_enB0,static-0,1788259151077599269,1,14bd144574d32d9e,1,1,1,1,9460.92857143,39.757989,-108,12.042857,True,269,269,269,-1.6,13.05,-1.6,13.05,-11.681112071,-24.461711599,False,-1.6151725,0,0,-0.0151725,-1.007143,-0.0151725,-1.007143
2,270,270,270,270,-3,11.45,-3,11.45,-13.198025824,-24.479215819,False,0,9,3,1,15,0.476236159459,0.0752490714146,0.448514769126,270,270,270,-3,11.45,-3,11.45,-13.198025824,-24.479215819,False,1788259454,1788259454.15,0.153709411621,1788259454,1788259454.5,1788259455,1788259455000489,1788259455050554,-13.198026,-24.479216,-13.198025824,-24.479215622,AWGN,rfsimu_channel_enB0,static-0,1788259151077599269,1,14bd144574d32d9e,1,1,1,1,7082.66666667,38.484285,-109,10.68,True,270,270,270,-3,11.45,-3,11.45,-13.198025824,-24.479215819,False,-2.8888765,0,0,0.1111235,-0.77,0.1111235,-0.77
2,271,271,271,271,-2.55,9.7,-2.55,9.7,-12.851038862,-22.489835187,False,0,16,4,3,15,0.553041983941,0.0214385852986,0.42551943076,271,271,271,-2.55,9.7,-2.55,9.7,-12.851038862,-22.489835187,False,1788259455,1788259455.11,0.105705976486,1788259455,1788259455.5,1788259456,1788259456001490,1788259456022054,-12.851039,-22.489836,-12.851038862,-22.489835739,AWGN,rfsimu_channel_enB0,static-0,1788259151077599269,1,14bd144574d32d9e,1,1,1,1,7645.71428571,38.830803,-109,10.971429,True,271,271,271,-2.55,9.7,-2.55,9.7,-12.851038862,-22.489835187,False,-2.5423585,0,0,0.0076415,1.271429,0.0076415,1.271429
2,272,272,272,272,-1.2,12.4,-1.2,12.4,-11.316612643,-23.542320879,False,0,18,4,7,3,0.144199361666,0.341693678552,0.514106959782,272,272,272,-1.2,12.4,-1.2,12.4,-11.316612643,-23.542320879,False,1788259456,1788259456.15,0.149721384048,1788259456,1788259456.5,1788259457,1788259457000714,1788259457057016,-11.316613,-23.54232,-11.316612643,-23.542320251,AWGN,rfsimu_channel_enB0,static-0,1788259151077599269,1,14bd144574d32d9e,1,1,1,1,10084.0666667,40.022209,-108,12.233333,True,272,272,272,-1.2,12.4,-1.2,12.4,-11.316612643,-23.542320879,False,-1.3509525,0,0,-0.1509525,-0.166667,-0.1509525,-0.166667
2,273,273,273,273,-1.95,11.2,-1.95,11.2,-12.14709598,-23.155226863,False,0,16,4,3,15,0.565892385457,0.360559624376,0.0735479901672,273,273,273,-1.95,11.2,-1.95,11.2,-12.14709598,-23.155226863,False,1788259457,1788259457.11,0.105711698532,1788259457,1788259457.5,1788259458,1788259458001507,1788259458023558,-12.147096,-23.155228,-12.14709598,-23.155227661,AWGN,rfsimu_channel_enB0,static-0,1788259151077599269,1,14bd144574d32d9e,1,1,1,1,8725.5,39.40589,-108,11.571429,True,273,273,273,-1.95,11.2,-1.95,11.2,-12.14709598,-23.155226863,False,-1.9672715,0,0,-0.0172715,0.371429,-0.0172715,0.371429
2,274,274,274,274,-1.4,11.5,-1.4,11.5,-11.572430169,-22.917347165,False,0,18,4,7,3,0.480432696239,0.21378491553,0.305782388231,274,274,274,-1.4,11.5,-1.4,11.5,-11.572430169,-22.917347165,False,1788259458,1788259458.15,0.149696588516,1788259458,1788259458.5,1788259459,1788259459001297,1788259459064066,-11.57243,-22.917347,-11.572430169,-22.917346954,AWGN,rfsimu_channel_enB0,static-0,1788259151077599269,1,14bd144574d32d9e,1,1,1,1,9729.13333333,39.873366,-108,11.213333,True,274,274,274,-1.4,11.5,-1.4,11.5,-11.572430169,-22.917347165,False,-1.4997955,0,0,-0.0997955,-0.286667,-0.0997955,-0.286667
2,275,275,275,275,-0.85,12.7,-0.85,12.7,-10.94757171,-23.501241906,False,0,10,6,3,7,0.0266281133242,0.473785855248,0.499586031428,275,275,275,-0.85,12.7,-0.85,12.7,-10.94757171,-23.501241906,False,1788259459,1788259459.15,0.153347492218,1788259459,1788259459.5,1788259460,1788259460000398,1788259460030881,-10.947572,-23.501242,-10.94757171,-23.501241684,AWGN,rfsimu_channel_enB0,static-0,1788259151077599269,1,14bd144574d32d9e,1,1,1,1,11167.7142857,40.476461,-107,11.428571,True,275,275,275,-0.85,12.7,-0.85,12.7,-10.94757171,-23.501241906,False,-0.8967005,0,0,-0.0467005,-1.271429,-0.0467005,-1.271429
2,276,276,276,276,-1.3,14.05,-1.3,14.05,-11.344240583,-25.020223364,False,0,20,2,3,6,0.00674112143667,0.665379169898,0.327879708665,276,276,276,-1.3,14.05,-1.3,14.05,-11.344240583,-25.020223364,False,1788259460,1788259460.1,0.101401090622,1788259460,1788259460.5,1788259461,1788259461001325,1788259461004637,-11.344241,-25.020224,-11.344240583,-25.020223618,AWGN,rfsimu_channel_enB0,static-0,1788259151077599269,1,14bd144574d32d9e,1,1,1,1,10218.6428571,40.09222,-108,11.014286,True,276,276,276,-1.3,14.05,-1.3,14.05,-11.344240583,-25.020223364,False,-1.2809415,0,0,0.0190585,-3.035714,0.0190585,-3.035714
2,277,277,277,277,-2.2,12.3,-2.2,12.3,-12.335535281,-24.383472603,False,0,16,4,3,15,0.093664038784,0.738568320807,0.167767640409,277,277,277,-2.2,12.3,-2.2,12.3,-12.335535281,-24.383472603,False,1788259461,1788259461.15,0.153314828873,1788259461,1788259461.5,1788259462,1788259462001466,1788259462043043,-12.335535,-24.383472,-12.335535281,-24.383472443,AWGN,rfsimu_channel_enB0,static-0,1788259151077599269,1,14bd144574d32d9e,1,1,1,1,8491.66666667,39.281643,-109,10.42,True,277,277,277,-2.2,12.3,-2.2,12.3,-12.335535281,-24.383472603,False,-2.0915185,0,0,0.1084815,-1.88,0.1084815,-1.88
2,278,278,278,278,-3.6,9.8,-3.6,9.8,-13.91181919,-23.685362297,False,0,9,3,1,15,0.11044390343,0.0663534986429,0.823202597927,278,278,278,-3.6,9.8,-3.6,9.8,-13.91181919,-23.685362297,False,1788259462,1788259462.11,0.112987041473,1788259462,1788259462.5,1788259463,1788259463000627,1788259463019375,-13.911819,-23.685362,-13.91181919,-23.685361862,AWGN,rfsimu_channel_enB0,static-0,1788259151077599269,1,14bd144574d32d9e,1,1,1,1,6044.14285714,37.812584,-110,9.971429,True,278,278,278,-3.6,9.8,-3.6,9.8,-13.91181919,-23.685362297,False,-3.5605775,0,0,0.0394225,0.171429,0.0394225,0.171429
2,279,279,279,279,-1.65,12.65,-1.65,12.65,-11.75557614,-24.150515446,False,0,18,4,7,3,0.160949588136,0.122211929913,0.71683848195,279,279,279,-1.65,12.65,-1.65,12.65,-11.75557614,-24.150515446,False,1788259463,1788259463.16,0.157678604126,1788259463,1788259463.5,1788259464,1788259464001422,1788259464065561,-11.755576,-24.150515,-11.75557614,-24.150514603,AWGN,rfsimu_channel_enB0,static-0,1788259151077599269,1,14bd144574d32d9e,1,1,1,1,9156.13333333,39.595808,-108,11.88,True,279,279,279,-1.65,12.65,-1.65,12.65,-11.75557614,-24.150515446,False,-1.7773535,0,0,-0.1273535,-0.77,-0.1273535,-0.77
2,280,280,280,280,-2.1,12.4,-2.1,12.4,-12.227330618,-24.363458844,False,0,16,4,3,15,0.136403512605,0.749931178388,0.113665309006,280,280,280,-2.1,12.4,-2.1,12.4,-12.227330618,-24.363458844,False,1788259464,1788259464.11,0.109708070755,1788259464,1788259464.5,1788259465,1788259465000382,1788259465041759,-12.227331,-24.363459,-12.227330618,-24.363458633,AWGN,rfsimu_channel_enB0,static-0,1788259151077599269,1,14bd144574d32d9e,1,1,1,1,8474.78571429,39.278351,-109,11.557143,True,280,280,280,-2.1,12.4,-2.1,12.4,-12.227330618,-24.363458844,False,-2.0948105,0,0,0.0051895,-0.842857,0.0051895,-0.842857
2,281,281,281,281,-1.55,15.95,-1.55,15.95,-11.515189216,-27.255308478,False,0,20,2,3,6,0.751769492587,0.00582511560206,0.242405391811,281,281,281,-1.55,15.95,-1.55,15.95,-11.515189216,-27.255308478,False,1788259465,1788259465.15,0.153227567673,1788259465,1788259465.5,1788259466,1788259466000606,1788259466017992,-11.515189,-27.255308,-11.515189216,-27.255308151,AWGN,rfsimu_channel_enB0,static-0,1788259151077599269,1,14bd144574d32d9e,1,1,1,1,9592.78571429,39.816201,-108,13.314286,True,281,281,281,-1.55,15.95,-1.55,15.95,-11.515189216,-27.255308478,False,-1.5569605,0,0,-0.0069605,-2.635714,-0.0069605,-2.635714
2,282,282,282,282,-1.75,12.7,-1.75,12.7,-11.853457225,-24.28075066,False,0,18,4,7,3,0.166478392495,0.0732713875587,0.760250219946,282,282,282,-1.75,12.7,-1.75,12.7,-11.853457225,-24.28075066,False,1788259466,1788259466.1,0.101693868637,1788259466,1788259466.5,1788259467,1788259467001261,1788259467069614,-11.853457,-24.28075,-11.853457225,-24.280750275,AWGN,rfsimu_channel_enB0,static-0,1788259151077599269,1,14bd144574d32d9e,1,1,1,1,9174.86666667,39.624833,-108,13.586667,True,282,282,282,-1.75,12.7,-1.75,12.7,-11.853457225,-24.28075066,False,-1.7483285,0,0,0.0016715,0.886667,0.0016715,0.886667
2,283,283,283,283,-1.4,14.55,-1.4,14.55,-11.423106306,-25.647044702,False,0,20,2,3,6,0.215681567203,0.495871585734,0.288446847063,283,283,283,-1.4,14.55,-1.4,14.55,-11.423106306,-25.647044702,False,1788259467,1788259467.16,0.157701969147,1788259467,1788259467.5,1788259468,1788259468000362,1788259468046915,-11.423106,-25.647045,-11.423106306,-25.647045135,AWGN,rfsimu_channel_enB0,static-0,1788259151077599269,1,14bd144574d32d9e,1,1,1,1,9919.35714286,39.961307,-108,13.942857,True,283,283,283,-1.4,14.55,-1.4,14.55,-11.423106306,-25.647044702,False,-1.4118545,0,0,-0.0118545,-0.607143,-0.0118545,-0.607143
2,284,284,284,284,-0.6,13,-0.6,13,-10.687968836,-23.521975525,False,0,10,6,3,7,0.163340757088,0.343984417808,0.492674825103,284,284,284,-0.6,13,-0.6,13,-10.687968836,-23.521975525,False,1788259468,1788259468.11,0.109699010849,1788259468,1788259468.5,1788259469,1788259469000302,1788259469020693,-10.687969,-23.521976,-10.687968836,-23.521976471,AWGN,rfsimu_channel_enB0,static-0,1788259151077599269,1,14bd144574d32d9e,1,1,1,1,11978.8571429,40.783238,-107,14.428571,True,284,284,284,-0.6,13,-0.6,13,-10.687968836,-23.521975525,False,-0.5899235,0,0,0.0100765,1.428571,0.0100765,1.428571
2,285,285,285,285,1.2,15.2,1.2,15.2,-8.808735609,-23.542563457,False,0,28,10,9,6,0.485812181103,0.109820014254,0.404367804644,285,285,285,1.2,15.2,1.2,15.2,-8.808735609,-23.542563457,False,1788259469,1788259469.15,0.15370464325,1788259469,1788259469.5,1788259470,1788259470000957,1788259470065043,-8.808736,-23.542564,-8.808735609,-23.542564392,AWGN,rfsimu_channel_enB0,static-0,1788259151077599269,1,14bd144574d32d9e,1,1,1,1,17781.0666667,42.476691,-105,14.78,True,285,285,285,1.2,15.2,1.2,15.2,-8.808735609,-23.542563457,False,1.1035295,0,0,-0.0964705,-0.42,-0.0964705,-0.42
2,286,286,286,286,0.15,14.15,0.15,14.15,-9.898919663,-23.769869558,False,0,27,6,7,10,0.589956519455,0.359503312205,0.0505401683394,286,286,286,0.15,14.15,0.15,14.15,-9.898919663,-23.769869558,False,1788259470,1788259470.11,0.105698108673,1788259470,1788259470.5,1788259471,1788259471000519,1788259471040204,-9.89892,-23.769869,-9.898919663,-23.769868851,AWGN,rfsimu_channel_enB0,static-0,1788259151077599269,1,14bd144574d32d9e,1,1,1,1,14188.9285714,41.5179,-106,13.8,True,286,286,286,0.15,14.15,0.15,14.15,-9.898919663,-23.769869558,False,0.1447385,0,0,-0.0052615,-0.35,-0.0052615,-0.35
2,287,287,287,287,-0.7,13.35,-0.7,13.35,-10.774263997,-23.899688737,False,0,10,6,3,7,0.246097580322,0.387131998673,0.366770421004,287,287,287,-0.7,13.35,-0.7,13.35,-10.774263997,-23.899688737,False,1788259471,1788259471.15,0.153712749481,1788259471,1788259471.5,1788259472,1788259472001634,1788259472011724,-10.774264,-23.899689,-10.774263997,-23.899688721,AWGN,rfsimu_channel_enB0,static-0,1788259151077599269,1,14bd144574d32d9e,1,1,1,1,11913.2857143,40.75412,-107,12.985714,True,287,287,287,-0.7,13.35,-0.7,13.35,-10.774263997,-23.899688737,False,-0.6190415,0,0,0.0809585,-0.364286,0.0809585,-0.364286
2,288,288,288,288,-0.4,13.05,-0.4,13.05,-10.487379595,-23.382517174,False,0,10,6,3,7,0.217149260737,0.243689797391,0.539160941873,288,288,288,-0.4,13.05,-0.4,13.05,-10.487379595,-23.382517174,False,1788259472,1788259472.09,0.0937123298645,1788259472,1788259472.5,1788259473,1788259473000698,1788259473052868,-10.48738,-23.382517,-10.487379595,-23.382516861,AWGN,rfsimu_channel_enB0,static-0,1788259151077599269,1,14bd144574d32d9e,1,1,1,1,12436.0666667,40.945047,-107,12.746667,True,288,288,288,-0.4,13.05,-0.4,13.05,-10.487379595,-23.382517174,False,-0.4281145,0,0,-0.0281145,-0.303333,-0.0281145,-0.303333
2,289,289,289,289,0.2,13.4,0.2,13.4,-9.87704148,-23.104522081,False,0,27,6,7,10,0.368174026951,0.570346713222,0.0614792598264,289,289,289,0.2,13.4,0.2,13.4,-9.87704148,-23.104522081,False,1788259473,1788259473.16,0.157691240311,1788259473,1788259473.5,1788259474,1788259474000974,1788259474022978,-9.877041,-23.104523,-9.87704148,-23.104522705,AWGN,rfsimu_channel_enB0,static-0,1788259151077599269,1,14bd144574d32d9e,1,1,1,1,14219.1428571,41.525229,-106,13.185714,True,289,289,289,0.2,13.4,0.2,13.4,-9.87704148,-23.104522081,False,0.1520675,0,0,-0.0479325,-0.214286,-0.0479325,-0.214286
2,290,290,290,290,0.65,16.2,0.65,16.2,-9.328390516,-25.137601677,False,0,13,9,5,6,0.335804742232,0.0458672258011,0.618328031967,290,290,290,0.65,16.2,0.65,16.2,-9.328390516,-25.137601677,False,1788259474,1788259474.1,0.101687908173,1788259474,1788259474.5,1788259475,1788259475000829,1788259475059026,-9.328391,-25.137602,-9.328390516,-25.137601852,AWGN,rfsimu_channel_enB0,static-0,1788259151077599269,1,14bd144574d32d9e,1,1,1,1,15694.8,41.956766,-106,13.646667,True,290,290,290,0.65,16.2,0.65,16.2,-9.328390516,-25.137601677,False,0.5836045,0,0,-0.0663955,-2.553333,-0.0663955,-2.553333
2,291,291,291,291,0.2,15.35,0.2,15.35,-9.803584745,-24.691773984,False,0,27,6,7,10,0.897257994812,0.0045343778996,0.0982076272884,291,291,291,0.2,15.35,0.2,15.35,-9.803584745,-24.691773984,False,1788259475,1788259475.15,0.153713464737,1788259475,1788259475.5,1788259476,1788259476000319,1788259476025651,-9.803585,-24.691774,-9.803584745,-24.691774368,AWGN,rfsimu_channel_enB0,static-0,1788259151077599269,1,14bd144574d32d9e,1,1,1,1,14623.0714286,41.649295,-106,13.7,True,291,291,291,0.2,15.35,0.2,15.35,-9.803584745,-24.691773984,False,0.2761335,0,0,0.0761335,-1.65,0.0761335,-1.65
2,292,292,292,292,1.95,13.25,1.95,13.25,-8.153838729,-20.906125421,False,0,25,16,17,10,0.233592006049,0.156672641683,0.609735352268,292,292,292,1.95,13.25,1.95,13.25,-8.153838729,-20.906125421,False,1788259476,1788259476.11,0.10569357872,1788259476,1788259476.5,1788259477,1788259477001606,1788259477062121,-8.153839,-20.906126,-8.153838729,-20.906126022,AWGN,rfsimu_channel_enB0,static-0,1788259151077599269,1,14bd144574d32d9e,1,1,1,1,21097.0666667,43.240438,-105,16.28,True,292,292,292,1.95,13.25,1.95,13.25,-8.153838729,-20.906125421,False,1.8672765,0,0,-0.0827235,3.03,-0.0827235,3.03
2,293,293,293,293,1.9,15.1,1.9,15.1,-8.112264726,-22.745897719,False,0,28,10,9,6,0.751367427083,0.192500209709,0.0561323632078,293,293,293,1.9,15.1,1.9,15.1,-8.112264726,-22.745897719,False,1788259477,1788259477.16,0.157694816589,1788259477,1788259477.5,1788259478,1788259478001480,1788259478030767,-8.112265,-22.745897,-8.112264726,-22.745897293,AWGN,rfsimu_channel_enB0,static-0,1788259151077599269,1,14bd144574d32d9e,1,1,1,1,21064.7142857,43.234428,-105,16.257143,True,293,293,293,1.9,15.1,1.9,15.1,-8.112264726,-22.745897719,False,1.8612665,0,0,-0.0387335,1.157143,-0.0387335,1.157143
2,294,294,294,294,1.2,15.65,1.2,15.65,-8.794942242,-24.013644929,False,0,28,10,9,6,0.328785023755,0.27374385543,0.397471120815,294,294,294,1.2,15.65,1.2,15.65,-8.794942242,-24.013644929,False,1788259478,1788259478.1,0.0976765155792,1788259478,1788259478.5,1788259479,1788259479000442,1788259479003801,-8.794942,-24.013645,-8.794942242,-24.013645172,AWGN,rfsimu_channel_enB0,static-0,1788259151077599269,1,14bd144574d32d9e,1,1,1,1,17896.5,42.527295,-105,15.55,True,294,294,294,1.2,15.65,1.2,15.65,-8.794942242,-24.013644929,False,1.1541335,0,0,-0.0458665,-0.1,-0.0458665,-0.1
2,295,295,295,295,2.4,17.55,2.4,17.55,-7.542436642,-24.823493096,False,0,11,11,8,9,0.114390839592,0.0174249250835,0.868184235325,295,295,295,2.4,17.55,2.4,17.55,-7.542436642,-24.823493096,False,1788259479,1788259479.16,0.157675027847,1788259479,1788259479.5,1788259480,1788259480000887,1788259480040099,-7.542437,-24.823494,-7.542436642,-24.823493958,AWGN,rfsimu_channel_enB0,static-0,1788259151077599269,1,14bd144574d32d9e,1,1,1,1,23331.5333333,43.668533,-104,17.133333,True,295,295,295,2.4,17.55,2.4,17.55,-7.542436642,-24.823493096,False,2.2953715,0,0,-0.1046285,-0.416667,-0.1046285,-0.416667
2,296,296,296,296,1.05,16.15,1.05,16.15,-8.929516865,-24.685350422,False,0,28,10,9,6,0.104883192596,0.430358374798,0.464758432607,296,296,296,1.05,16.15,1.05,16.15,-8.929516865,-24.685350422,False,1788259480,1788259480.11,0.109688043594,1788259480,1788259480.5,1788259481,1788259481000488,1788259481008821,-8.929517,-24.68535,-8.929516865,-24.685350418,AWGN,rfsimu_channel_enB0,static-0,1788259151077599269,1,14bd144574d32d9e,1,1,1,1,17509.1428571,42.431674,-105,15.971428,True,296,296,296,1.05,16.15,1.05,16.15,-8.929516865,-24.685350422,False,1.0585125,0,0,0.0085125,-0.178572,0.0085125,-0.178572
2,297,297,297,297,1.1,13.95,1.1,13.95,-8.953968994,-22.564620945,False,0,27,6,7,10,0.18820698159,0.288777515489,0.523015502921,297,297,297,1.1,13.95,1.1,13.95,-8.953968994,-22.564620945,False,1788259481,1788259481.15,0.153681755066,1788259481,1788259481.5,1788259482,1788259482001392,1788259482049719,-8.953969,-22.564621,-8.953968994,-22.564620972,AWGN,rfsimu_channel_enB0,static-0,1788259151077599269,1,14bd144574d32d9e,1,1,1,1,17582.4666667,42.449225,-106,15.986667,True,297,297,297,1.1,13.95,1.1,13.95,-8.953968994,-22.564620945,False,1.0760635,0,0,-0.0239365,2.036667,-0.0239365,2.036667
2,298,298,298,298,-1.55,17.35,-1.55,17.35,-11.48919558,-28.691293421,False,0,21,2,5,14,0.514166649587,0.370617780246,0.115215570168,298,298,298,-1.55,17.35,-1.55,17.35,-11.48919558,-28.691293421,False,1788259482,1788259482.11,0.105690717697,1788259482,1788259482.5,1788259483,1788259483000878,1788259483018083,-11.489196,-28.691294,-11.48919558,-28.691293716,AWGN,rfsimu_channel_enB0,static-0,1788259151077599269,1,14bd144574d32d9e,1,1,1,1,9685.5,39.860155,-108,13.885714,True,298,298,298,-1.55,17.35,-1.55,17.35,-11.48919558,-28.691293421,False,-1.5130065,0,0,0.0369935,-3.464286,0.0369935,-3.464286
2,299,299,299,299,0.9,15.8,0.9,15.8,-9.090145628,-24.467235357,False,0,28,10,9,6,0.177588214205,0.277338971943,0.545072813852,299,299,299,0.9,15.8,0.9,15.8,-9.090145628,-24.467235357,False,1788259483,1788259483.15,0.15366101265,1788259483,1788259483.5,1788259484,1788259484000257,1788259484057330,-9.090146,-24.467236,-9.090145628,-24.467235565,AWGN,rfsimu_channel_enB0,static-0,1788259151077599269,1,14bd144574d32d9e,1,1,1,1,16431.0666667,42.123189,-106,16.706667,True,299,299,299,0.9,15.8,0.9,15.8,-9.090145628,-24.467235357,False,0.7500275,0,0,-0.1499725,0.906667,-0.1499725,0.906667
2,300,300,300,300,-0.85,15.75,-0.85,15.75,-10.830233602,-26.25977837,False,0,19,6,5,2,0.580073876756,0.00480932222006,0.415116801024,300,300,300,-0.85,15.75,-0.85,15.75,-10.830233602,-26.25977837,False,1788259484,1788259484.15,0.149695158005,1788259484,1788259484.5,1788259485,1788259485000521,1788259485029812,-10.830234,-26.259779,-10.830233602,-26.259778976,AWGN,rfsimu_channel_enB0,static-0,1788259151077599269,1,14bd144574d32d9e,1,1,1,1,11695.1428571,40.647443,-107,14.978571,True,300,300,300,-0.85,15.75,-0.85,15.75,-10.830233602,-26.25977837,False,-0.7257185,0,0,0.1242815,-0.771429,0.1242815,-0.771429
2,301,301,301,301,-1.35,18.65,-1.35,18.65,-11.273815368,-29.757009176,False,0,21,2,5,14,0.0512379584921,0.655927178783,0.292834862725,301,301,301,-1.35,18.65,-1.35,18.65,-11.273815368,-29.757009176,False,1788259485,1788259485.1,0.101186037064,1788259485,1788259485.5,1788259486,1788259486001117,1788259486007902,-11.273815,-29.75701,-11.273815368,-29.757009506,AWGN,rfsimu_channel_enB0,static-0,1788259151077599269,1,14bd144574d32d9e,1,1,1,1,10037.6428571,40.015906,-108,14.321429,True,301,301,301,-1.35,18.65,-1.35,18.65,-11.273815368,-29.757009176,False,-1.3572555,0,0,-0.0072555,-4.328571,-0.0072555,-4.328571
2,302,302,302,302,1.35,18.85,1.35,18.85,-8.57477235,-27.173150569,False,0,14,8,5,9,0.4369973481,0.287386174957,0.275616476943,302,302,302,1.35,18.85,1.35,18.85,-8.57477235,-27.173150569,False,1788259486,1788259486.15,0.153712272644,1788259486,1788259486.5,1788259487,1788259487000699,1788259487052489,-8.574772,-27.173151,-8.57477235,-27.173151016,AWGN,rfsimu_channel_enB0,static-0,1788259151077599269,1,14bd144574d32d9e,1,1,1,1,18089.9333333,42.532415,-105,17.686667,True,302,302,302,1.35,18.85,1.35,18.85,-8.57477235,-27.173150569,False,1.1592535,0,0,-0.1907465,-1.163333,-0.1907465,-1.163333
2,303,303,303,303,2.3,19.25,2.3,19.25,-7.620985676,-26.606814583,False,0,11,11,8,9,0.0947535810639,0.598773915175,0.306472503761,303,303,303,2.3,19.25,2.3,19.25,-7.620985676,-26.606814583,False,1788259487,1788259487.11,0.10568189621,1788259487,1788259487.5,1788259488,1788259488001412,1788259488027258,-7.620986,-26.606815,-7.620985676,-26.606815338,AWGN,rfsimu_channel_enB0,static-0,1788259151077599269,1,14bd144574d32d9e,1,1,1,1,23282.3571429,43.670014,-104,18.964286,True,303,303,303,2.3,19.25,2.3,19.25,-7.620985676,-26.606814583,False,2.2968525,0,0,-0.0031475,-0.285714,-0.0031475,-0.285714
2,304,304,304,304,0.5,16.6,0.5,16.6,-9.468890116,-25.723753789,False,0,13,9,5,6,0.26555494204,0.241251263024,0.493193794936,304,304,304,0.5,16.6,0.5,16.6,-9.468890116,-25.723753789,False,1788259488,1788259488.16,0.157699346542,1788259488,1788259488.5,1788259489,1788259489001294,1788259489003068,-9.46889,-25.723753,-9.468890116,-25.723752975,AWGN,rfsimu_channel_enB0,static-0,1788259151077599269,1,14bd144574d32d9e,1,1,1,1,16017.3571429,42.017363,-106,17.3,True,304,304,304,0.5,16.6,0.5,16.6,-9.468890116,-25.723753789,False,0.6442015,0,0,0.1442015,0.7,0.1442015,0.7
3,0,0,0,0,2.8,18.3,2.8,18.3,-7.133590637,-25.191376351,False,0,11,11,8,9,0.216602340654,0.208193677554,0.575203981792,0,0,0,2.8,18.3,2.8,18.3,-7.133590637,-25.191376351,False,1788262219,1788262219.09,0.0936629772186,1788262219,1788262219.5,1788262220,1788262220000755,1788262220065705,-7.133591,-25.191376,-7.133590637,-25.191375732,AWGN,rfsimu_channel_enB0,static-0,1788262185978180597,1,14bd144574d32d9e,1,1,1,1,26297.2,44.198679,-104,19.6,True,0,0,0,2.8,18.3,2.8,18.3,-7.133590637,-25.191376351,False,2.82132975,0,0,0.02132975,1.3,0.02132975,1.3
3,1,1,1,1,3.05,17.2,3.05,17.2,-6.911845894,-23.815166716,False,0,12,9,17,11,0.674565120965,0.106792705141,0.218642173894,1,1,1,3.05,17.2,3.05,17.2,-6.911845894,-23.815166716,False,1788262220,1788262220.15,0.153646707535,1788262220,1788262220.5,1788262221,1788262221000478,1788262221052657,-6.911846,-23.815166,-6.911845894,-23.815166473,AWGN,rfsimu_channel_enB0,static-0,1788262185978180597,1,14bd144574d32d9e,1,1,1,1,27671.3571429,44.419395,-103,17.921428,True,1,1,1,3.05,17.2,3.05,17.2,-6.911845894,-23.815166716,False,3.04204575,0,0,-0.00795424999999,0.721428,-0.00795424999999,0.721428
3,2,2,2,2,1.8,14.05,1.8,14.05,-8.254703293,-21.839262061,False,0,26,10,7,16,0.872648353707,0.0469826769253,0.0803689693682,2,2,2,1.8,14.05,1.8,14.05,-8.254703293,-21.839262061,False,1788262221,1788262221.12,0.117649555206,1788262221,1788262221.5,1788262222,1788262222000699,1788262222041214,-8.254703,-21.839262,-8.254703293,-21.839262009,AWGN,rfsimu_channel_enB0,static-0,1788262185978180597,1,14bd144574d32d9e,1,1,1,1,20874,43.194722,-105,16.235715,True,2,2,2,1.8,14.05,1.8,14.05,-8.254703293,-21.839262061,False,1.81737275,0,0,0.01737275,2.185715,0.01737275,2.185715
3,3,3,3,3,1.2,13.6,1.2,13.6,-8.86689199,-22.169997625,False,0,27,6,7,10,0.0566658750635,0.376780119769,0.566554005168,3,3,3,1.2,13.6,1.2,13.6,-8.86689199,-22.169997625,False,1788262222,1788262222.16,0.161631822586,1788262222,1788262222.5,1788262223,1788262223000435,1788262223031758,-8.866892,-22.169998,-8.86689199,-22.169998169,AWGN,rfsimu_channel_enB0,static-0,1788262185978180597,1,14bd144574d32d9e,1,1,1,1,18542.7857143,42.678901,-105,15.707143,True,3,3,3,1.2,13.6,1.2,13.6,-8.86689199,-22.169997625,False,1.30155175,0,0,0.10155175,2.107143,0.10155175,2.107143
3,4,4,4,4,2.55,16.4,2.55,16.4,-7.435098361,-23.445059902,False,0,12,9,17,11,0.75273381713,0.212081546456,0.0351846364133,4,4,4,2.55,16.4,2.55,16.4,-7.435098361,-23.445059902,False,1788262223,1788262223.12,0.121650695801,1788262223,1788262223.5,1788262224,1788262224001049,1788262224014630,-7.435098,-23.445061,-7.435098361,-23.44506073,AWGN,rfsimu_channel_enB0,static-0,1788262185978180597,1,14bd144574d32d9e,1,1,1,1,23966.5,43.780064,-104,16.842857,True,4,4,4,2.55,16.4,2.55,16.4,-7.435098361,-23.445059902,False,2.40271475,0,0,-0.14728525,0.442857,-0.14728525,0.442857
3,5,5,5,5,2.65,15.6,2.65,15.6,-7.363962186,-22.494581017,False,0,24,17,9,10,0.3180189069,0.588885548185,0.093095544915,5,5,5,2.65,15.6,2.65,15.6,-7.363962186,-22.494581017,False,1788262224,1788262224.15,0.153630018234,1788262224,1788262224.5,1788262225,1788262225000125,1788262225066165,-7.363962,-22.494581,-7.363962186,-22.494581223,AWGN,rfsimu_channel_enB0,static-0,1788262185978180597,1,14bd144574d32d9e,1,1,1,1,25026.3333333,43.982618,-104,16.626667,True,5,5,5,2.65,15.6,2.65,15.6,-7.363962186,-22.494581017,False,2.60526875,0,0,-0.04473125,1.026667,-0.04473125,1.026667
3,6,6,6,6,3.3,14.75,3.3,14.75,-6.754575743,-20.93758908,False,0,12,9,17,11,0.402002369775,0.573283131919,0.0247144983054,6,6,6,3.3,14.75,3.3,14.75,-6.754575743,-20.93758908,False,1788262225,1788262225.12,0.121647596359,1788262225,1788262225.5,1788262226,1788262226001752,1788262226047128,-6.754576,-20.93759,-7.486759374,-20.937589645,AWGN,rfsimu_channel_enB0,static-0,1788262185978180597,1,14bd144574d32d9e,1,1,1,1,29111.6428571,44.639085,-103,16.792857,True,6,6,6,3.3,14.75,3.3,14.75,-6.754575743,-20.93758908,False,3.26173575,0,0,-0.03826425,2.042857,-0.03826425,2.042857
3,7,7,7,7,2.55,14.75,2.55,14.75,-7.486759374,-21.710050227,False,0,24,17,9,10,0.256620313054,0.245510493172,0.497869193775,7,7,7,2.55,14.75,2.55,14.75,-7.486759374,-21.710050227,False,1788262226,1788262226.09,0.0895054340363,1788262226,1788262226.5,1788262227,1788262227001583,1788262227029376,-7.486759,-21.710051,-7.486759374,-21.710050583,AWGN,rfsimu_channel_enB0,static-0,1788262185978180597,1,14bd144574d32d9e,1,1,1,1,24687.5714286,43.923591,-104,16.064286,True,7,7,7,2.55,14.75,2.55,14.75,-7.486759374,-21.710050227,False,2.54624175,0,0,-0.00375824999999,1.314286,-0.00375824999999,1.314286
3,8,8,8,8,2.9,15.3,2.9,15.3,-7.129417692,-21.921099036,False,0,24,17,9,10,0.435291153938,0.554087884032,0.0106209620303,8,8,8,2.9,15.3,2.9,15.3,-7.129417692,-21.921099036,False,1788262227,1788262227.16,0.157620668411,1788262227,1788262227.5,1788262228,1788262228000524,1788262228012479,-7.129418,-21.921099,-7.129417692,-21.921098709,AWGN,rfsimu_channel_enB0,static-0,1788262185978180597,1,14bd144574d32d9e,1,1,1,1,26714.5714286,44.264879,-104,16.414286,True,8,8,8,2.9,15.3,2.9,15.3,-7.129417692,-21.921099036,False,2.88752975,0,0,-0.01247025,1.114286,-0.01247025,1.114286
3,9,9,9,9,3,14.1,3,14.1,-7.067865607,-20.562801637,False,0,24,17,9,10,0.466067196429,0.142356807723,0.391575995848,9,9,9,3,14.1,3,14.1,-7.067865607,-20.562801637,False,1788262228,1788262228.12,0.117649316788,1788262228,1788262228.5,1788262229,1788262229000559,1788262229063824,-7.067866,-20.562801,-7.067865607,-20.562801361,AWGN,rfsimu_channel_enB0,static-0,1788262185978180597,1,14bd144574d32d9e,1,1,1,1,27130.3333333,44.333881,-103,16.186667,True,9,9,9,3,14.1,3,14.1,-7.067865607,-20.562801637,False,2.95653175,0,0,-0.04346825,2.086667,-0.04346825,2.086667
3,10,10,10,10,2.75,15.4,2.75,15.4,-7.272534441,-22.181565661,False,0,24,17,9,10,0.363732779321,0.545498926179,0.0907682944997,10,10,10,2.75,15.4,2.75,15.4,-7.272534441,-22.181565661,False,1788262229,1788262229.17,0.165028810501,1788262229,1788262229.5,1788262230,1788262230000192,1788262230038780,-7.272534,-22.181566,-7.272534441,-22.181566238,AWGN,rfsimu_channel_enB0,static-0,1788262185978180597,1,14bd144574d32d9e,1,1,1,1,26062.2,44.158767,-104,16.006667,True,10,10,10,2.75,15.4,2.75,15.4,-7.272534441,-22.181565661,False,2.78141775,0,0,0.03141775,0.606667,0.03141775,0.606667
3,11,11,11,11,2.6,14.75,2.6,14.75,-7.438057935,-21.658070754,False,0,24,17,9,10,0.280971032257,0.260651627599,0.458377340144,11,11,11,2.6,14.75,2.6,14.75,-7.438057935,-21.658070754,False,1788262230,1788262230.13,0.125631809235,1788262230,1788262230.5,1788262231,1788262231000173,1788262231006856,-7.438058,-21.658072,-7.438057935,-21.658071518,AWGN,rfsimu_channel_enB0,static-0,1788262185978180597,1,14bd144574d32d9e,1,1,1,1,25031.2142857,43.983529,-104,15.821429,True,11,11,11,2.6,14.75,2.6,14.75,-7.438057935,-21.658070754,False,2.60617975,0,0,0.00617975,1.071429,0.00617975,1.071429
3,12,12,12,12,2.35,12.45,2.35,12.45,-7.8015685,-19.703867484,False,0,25,16,17,10,0.316544919398,0.415760669228,0.267694411375,12,12,12,2.35,12.45,2.35,12.45,-7.8015685,-19.703867484,False,1788262231,1788262231.09,0.093631029129,1788262231,1788262231.5,1788262232,1788262232000724,1788262232061872,-7.801569,-19.703867,-7.8015685,-19.703866959,AWGN,rfsimu_channel_enB0,static-0,1788262185978180597,1,14bd144574d32d9e,1,1,1,1,23371,43.684821,-104,14.066667,True,12,12,12,2.35,12.45,2.35,12.45,-7.8015685,-19.703867484,False,2.30747175,0,0,-0.04252825,1.616667,-0.04252825,1.616667
3,13,13,13,13,2.55,13.8,2.55,13.8,-7.523228072,-20.746997269,False,0,25,16,17,10,0.0499098123659,0.288295776502,0.661794411132,13,13,13,2.55,13.8,2.55,13.8,-7.523228072,-20.746997269,False,1788262232,1788262232.16,0.157033443451,1788262232,1788262232.5,1788262233,1788262233000739,1788262233047507,-7.523228,-20.746998,-7.523228072,-20.746997833,AWGN,rfsimu_channel_enB0,static-0,1788262185978180597,1,14bd144574d32d9e,1,1,1,1,24512.3571429,43.891312,-104,13.021429,True,13,13,13,2.55,13.8,2.55,13.8,-7.523228072,-20.746997269,False,2.51396275,0,0,-0.03603725,-0.778571,-0.03603725,-0.778571
3,14,14,14,14,2.25,12.95,2.25,12.95,-7.872115146,-20.286304898,False,0,25,16,17,10,0.242987565854,0.306929992656,0.45008244149,14,14,14,2.25,12.95,2.25,12.95,-7.872115146,-20.286304898,False,1788262233,1788262233.12,0.117657899857,1788262233,1788262233.5,1788262234,1788262234000479,1788262234031813,-7.872115,-20.286304,-7.872115146,-20.286304474,AWGN,rfsimu_channel_enB0,static-0,1788262185978180597,1,14bd144574d32d9e,1,1,1,1,23051.8571429,43.625648,-104,12.742857,True,14,14,14,2.25,12.95,2.25,12.95,-7.872115146,-20.286304898,False,2.24829875,0,0,-0.00170125,-0.207143,-0.00170125,-0.207143
3,15,15,15,15,2.5,13.15,2.5,13.15,-7.611064128,-20.192597188,False,0,25,16,17,10,0.171588511214,0.366056447273,0.462355041513,15,15,15,2.5,13.15,2.5,13.15,-7.611064128,-20.192597188,False,1788262234,1788262234.16,0.157099246979,1788262234,1788262234.5,1788262235,1788262235001711,1788262235017016,-7.611064,-20.192596,-7.611064128,-20.192596436,AWGN,rfsimu_channel_enB0,static-0,1788262185978180597,1,14bd144574d32d9e,1,1,1,1,24402.6428571,43.87174,-104,13.007143,True,15,15,15,2.5,13.15,2.5,13.15,-7.611064128,-20.192597188,False,2.49439075,0,0,-0.00560924999999,-0.142857,-0.00560924999999,-0.142857
3,16,16,16,16,2.7,14.45,2.7,14.45,-7.349617757,-21.240527194,False,0,24,17,9,10,0.325191121685,0.180430560164,0.494378318152,16,16,16,2.7,14.45,2.7,14.45,-7.349617757,-21.240527194,False,1788262235,1788262235.11,0.108990192413,1788262235,1788262235.5,1788262236,1788262236000189,1788262236070739,-7.349618,-21.240528,-7.349617757,-21.240528107,AWGN,rfsimu_channel_enB0,static-0,1788262185978180597,1,14bd144574d32d9e,1,1,1,1,25688,44.096205,-104,12.826667,True,16,16,16,2.7,14.45,2.7,14.45,-7.349617757,-21.240527194,False,2.71885575,0,0,0.01885575,-1.623333,0.01885575,-1.623333
3,17,17,17,17,2.2,12.95,2.2,12.95,-7.921989229,-20.342629497,False,0,25,16,17,10,0.250224826754,0.289230212441,0.460544960804,17,17,17,2.2,12.95,2.2,12.95,-7.921989229,-20.342629497,False,1788262236,1788262236.16,0.161065816879,1788262236,1788262236.5,1788262237,1788262237000827,1788262237055006,-7.921989,-20.34263,-7.921989229,-20.342630386,AWGN,rfsimu_channel_enB0,static-0,1788262185978180597,1,14bd144574d32d9e,1,1,1,1,22762,43.570632,-104,12.264286,True,17,17,17,2.2,12.95,2.2,12.95,-7.921989229,-20.342629497,False,2.19328275,0,0,-0.00671724999999,-0.685714,-0.00671724999999,-0.685714
3,18,18,18,18,2.6,13.7,2.6,13.7,-7.479194293,-20.596715027,False,0,25,16,17,10,0.0602789265344,0.320681779946,0.61903929352,18,18,18,2.6,13.7,2.6,13.7,-7.479194293,-20.596715027,False,1788262237,1788262237.14,0.137079000473,1788262237,1788262237.5,1788262238,1788262238000219,1788262238039909,-7.479194,-20.596716,-7.479194293,-20.596715927,AWGN,rfsimu_channel_enB0,static-0,1788262185978180597,1,14bd144574d32d9e,1,1,1,1,25016.2142857,43.980382,-104,12.707143,True,18,18,18,2.6,13.7,2.6,13.7,-7.479194293,-20.596715027,False,2.60303275,0,0,0.00303275,-0.992857,0.00303275,-0.992857
3,19,19,19,19,2.9,15.1,2.9,15.1,-7.135392824,-21.712042628,False,0,24,17,9,10,0.432303587952,0.480418993171,0.0872774188768,19,19,19,2.9,15.1,2.9,15.1,-7.135392824,-21.712042628,False,1788262238,1788262238.1,0.0976321697235,1788262238,1788262238.5,1788262239,1788262239000106,1788262239029843,-7.135393,-21.712042,-7.135392824,-21.712041855,AWGN,rfsimu_channel_enB0,static-0,1788262185978180597,1,14bd144574d32d9e,1,1,1,1,26828.5714286,44.284544,-104,13.6,True,19,19,19,2.9,15.1,2.9,15.1,-7.135392824,-21.712042628,False,2.90719475,0,0,0.00719475,-1.5,0.00719475,-1.5
3,20,20,20,20,2.65,16.9,2.65,16.9,-7.31799837,-23.884447775,False,0,12,9,17,11,0.764953641776,0.129091901657,0.105954456566,20,20,20,2.65,16.9,2.65,16.9,-7.31799837,-23.884447775,False,1788262239,1788262239.16,0.157643795013,1788262239,1788262239.5,1788262240,1788262240001259,1788262240020400,-7.317998,-23.884447,-7.31799837,-23.884447098,AWGN,rfsimu_channel_enB0,static-0,1788262185978180597,1,14bd144574d32d9e,1,1,1,1,25613.2857143,44.083652,-104,13.957143,True,20,20,20,2.65,16.9,2.65,16.9,-7.31799837,-23.884447775,False,2.70630275,0,0,0.05630275,-2.942857,0.05630275,-2.942857
3,21,21,21,21,2.15,15.55,2.15,15.55,-7.852470353,-22.96211165,False,0,24,17,9,10,0.0737648233705,0.419056981194,0.507178195436,21,21,21,2.15,15.55,2.15,15.55,-7.852470353,-22.96211165,False,1788262240,1788262240.13,0.125604391098,1788262240,1788262240.5,1788262241,1788262241000249,1788262241012335,-7.85247,-22.962112,-7.852470353,-22.962112427,AWGN,rfsimu_channel_enB0,static-0,1788262185978180597,1,14bd144574d32d9e,1,1,1,1,22622.3571429,43.543113,-104,13.392857,True,21,21,21,2.15,15.55,2.15,15.55,-7.852470353,-22.96211165,False,2.16576375,0,0,0.01576375,-2.157143,0.01576375,-2.157143
3,22,22,22,22,1.4,16.35,1.4,16.35,-8.573618442,-24.548729482,False,0,28,10,9,6,0.150423505948,0.562767273179,0.286809220873,22,22,22,1.4,16.35,1.4,16.35,-8.573618442,-24.548729482,False,1788262241,1788262241.11,0.113626003265,1788262241,1788262241.5,1788262242,1788262242000200,1788262242005289,-8.573618,-24.548729,-8.573618442,-24.548728943,AWGN,rfsimu_channel_enB0,static-0,1788262185978180597,1,14bd144574d32d9e,1,1,1,1,19016.8571429,42.786555,-105,12.585714,True,22,22,22,1.4,16.35,1.4,16.35,-8.573618442,-24.548729482,False,1.40920575,0,0,0.00920575000001,-3.764286,0.00920575000001,-3.764286
3,23,23,23,23,1.3,15.95,1.3,15.95,-8.685812938,-24.22884482,False,0,28,10,9,6,0.257051726779,0.400041804174,0.342906469047,23,23,23,1.3,15.95,1.3,15.95,-8.685812938,-24.22884482,False,1788262242,1788262242.16,0.157137393951,1788262242,1788262242.5,1788262243,1788262243001177,1788262243061650,-8.685813,-24.228846,-8.685812938,-24.228845596,AWGN,rfsimu_channel_enB0,static-0,1788262185978180597,1,14bd144574d32d9e,1,1,1,1,18613.0666667,42.697487,-105,14.36,True,23,23,23,1.3,15.95,1.3,15.95,-8.685812938,-24.22884482,False,1.32013775,0,0,0.02013775,-1.59,0.02013775,-1.59
3,24,24,24,24,3,17.35,3,17.35,-6.955749422,-24.025315733,False,0,12,9,17,11,0.701224107323,0.0754264963217,0.223349396355,24,24,24,3,17.35,3,17.35,-6.955749422,-24.025315733,False,1788262243,1788262243.12,0.117663145065,1788262243,1788262243.5,1788262244,1788262244000125,1788262244062024,-6.955749,-24.025316,-6.955749422,-24.025316238,AWGN,rfsimu_channel_enB0,static-0,1788262185978180597,1,14bd144574d32d9e,1,1,1,1,27302.7142857,44.36151,-103,16.571429,True,24,24,24,3,17.35,3,17.35,-6.955749422,-24.025315733,False,2.98416075,0,0,-0.01583925,-0.778571,-0.01583925,-0.778571
3,25,25,25,25,1.75,17.85,1.75,17.85,-8.187802225,-25.756744261,False,0,14,8,5,9,0.158346974584,0.0939011123587,0.747751913057,25,25,25,1.75,17.85,1.75,17.85,-8.187802225,-25.756744261,False,1788262244,1788262244.16,0.15763926506,1788262244,1788262244.5,1788262245,1788262245001354,1788262245065468,-8.187802,-25.756744,-8.187802225,-25.756744385,AWGN,rfsimu_channel_enB0,static-0,1788262185978180597,1,14bd144574d32d9e,1,1,1,1,20990.6428571,43.206418,-105,15.542857,True,25,25,25,1.75,17.85,1.75,17.85,-8.187802225,-25.756744261,False,1.82906875,0,0,0.07906875,-2.307143,0.07906875,-2.307143
3,26,26,26,26,2.25,15.7,2.25,15.7,-7.750586127,-23.01494501,False,0,24,17,9,10,0.124706936266,0.504590918195,0.370702145539,26,26,26,2.25,15.7,2.25,15.7,-7.750586127,-23.01494501,False,1788262245,1788262245.11,0.113634586334,1788262245,1788262245.5,1788262246,1788262246000655,1788262246060685,-7.750586,-23.014944,-7.750586127,-23.014944077,AWGN,rfsimu_channel_enB0,static-0,1788262185978180597,1,14bd144574d32d9e,1,1,1,1,22791.2142857,43.576863,-104,15.742857,True,26,26,26,2.25,15.7,2.25,15.7,-7.750586127,-23.01494501,False,2.19951375,0,0,-0.05048625,0.042857,-0.05048625,0.042857
3,27,27,27,27,-2.8,14.3,-2.8,14.3,-12.824128913,-26.833653528,False,0,23,1,3,2,0.206032228374,0.526136976182,0.267830795444,27,27,27,-2.8,14.3,-2.8,14.3,-12.824128913,-26.833653528,False,1788262246,1788262246.16,0.157225370407,1788262246,1788262246.5,1788262247,1788262247001423,1788262247058340,-12.824129,-26.833654,-12.824128913,-26.833654404,AWGN,rfsimu_channel_enB0,static-0,1788262185978180597,1,14bd144574d32d9e,1,1,1,1,8279.78571429,38.923249,-110,10.635714,True,27,27,27,-2.8,14.3,-2.8,14.3,-12.824128913,-26.833653528,False,-2.45410025,0,0,0.34589975,-3.664286,0.34589975,-3.664286
3,28,28,28,28,-2.05,18.95,-2.05,18.95,-11.969130307,-30.751752278,False,0,21,2,5,14,0.0673143942246,0.474060226056,0.458625379719,28,28,28,-2.05,18.95,-2.05,18.95,-11.969130307,-30.751752278,False,1788262247,1788262247.11,0.109472751617,1788262247,1788262247.5,1788262248,1788262248001544,1788262248059880,-11.96913,-30.751753,-11.969130307,-30.751752853,AWGN,rfsimu_channel_enB0,static-0,1788262185978180597,1,14bd144574d32d9e,1,1,1,1,8578.07142857,39.333494,-109,11.078572,True,28,28,28,-2.05,18.95,-2.05,18.95,-11.969130307,-30.751752278,False,-2.04385525,0,0,0.00614475000001,-7.871428,0.00614475000001,-7.871428
3,29,29,29,29,-1,16.6,-1,16.6,-10.956866341,-27.344544982,False,0,19,6,5,2,0.218485005912,0.303081823436,0.478433170652,29,29,29,-1,16.6,-1,16.6,-10.956866341,-27.344544982,False,1788262248,1788262248.16,0.161627054214,1788262248,1788262248.5,1788262249,1788262249001596,1788262249054271,-10.956866,-27.344545,-10.956866341,-27.344545364,AWGN,rfsimu_channel_enB0,static-0,1788262185978180597,1,14bd144574d32d9e,1,1,1,1,10728,40.295018,-107,12.064286,True,29,29,29,-1,16.6,-1,16.6,-10.956866341,-27.344544982,False,-1.08233125,0,0,-0.08233125,-4.535714,-0.08233125,-4.535714
3,30,30,30,30,0.15,16.3,0.15,16.3,-9.828014803,-25.75676749,False,0,13,9,5,6,0.0859925984455,0.252255830039,0.661751571516,30,30,30,0.15,16.3,0.15,16.3,-9.828014803,-25.75676749,False,1788262249,1788262249.13,0.125492811203,1788262249,1788262249.5,1788262250,1788262250000979,1788262250046368,-9.828015,-25.756767,-9.828014803,-25.756767273,AWGN,rfsimu_channel_enB0,static-0,1788262185978180597,1,14bd144574d32d9e,1,1,1,1,14292.9285714,41.550417,-106,14.835714,True,30,30,30,0.15,16.3,0.15,16.3,-9.828014803,-25.75676749,False,0.17306775,0,0,0.02306775,-1.464286,0.02306775,-1.464286
3,31,31,31,31,-4.05,13.7,-4.05,13.7,-14.098184717,-27.450920268,False,0,9,3,1,15,0.456363750965,0.505456109447,0.0381801395878,31,31,31,-4.05,13.7,-4.05,13.7,-14.098184717,-27.450920268,False,1788262250,1788262250.09,0.0934617519379,1788262250,1788262250.5,1788262251,1788262251001288,1788262251043715,-14.098185,-27.45092,-14.098184717,-27.450920105,AWGN,rfsimu_channel_enB0,static-0,1788262185978180597,1,14bd144574d32d9e,1,1,1,1,5428.35714286,37.345285,-111,10.642857,True,31,31,31,-4.05,13.7,-4.05,13.7,-14.098184717,-27.450920268,False,-4.03206425,0,0,0.01793575,-3.057143,0.01793575,-3.057143
3,32,32,32,32,-3,14.95,-3,14.95,-12.996919328,-27.698702112,False,0,23,1,3,2,0.24922983211,0.266585850851,0.48418431704,32,32,32,-3,14.95,-3,14.95,-12.996919328,-27.698702112,False,1788262251,1788262251.16,0.157650470734,1788262251,1788262251.5,1788262252,1788262252000264,1788262252040505,-12.996919,-27.698702,-12.996919328,-27.698701859,AWGN,rfsimu_channel_enB0,static-0,1788262185978180597,1,14bd144574d32d9e,1,1,1,1,6767.85714286,38.295423,-109,11.678571,True,32,32,32,-3,14.95,-3,14.95,-12.996919328,-27.698702112,False,-3.08192625,0,0,-0.08192625,-3.271429,-0.08192625,-3.271429
3,33,33,33,33,-3.05,16.7,-3.05,16.7,-13.000487837,-29.524291703,False,0,22,14,1,2,0.204809556974,0.147717180757,0.64747326227,33,33,33,-3.05,16.7,-3.05,16.7,-13.000487837,-29.524291703,False,1788262252,1788262252.13,0.129117250443,1788262252,1788262252.5,1788262253,1788262253000904,1788262253039853,-13.000488,-29.524292,-13.000487837,-29.524291992,AWGN,rfsimu_channel_enB0,static-0,1788262185978180597,1,14bd144574d32d9e,1,1,1,1,6773.5,38.307817,-109,12.178571,True,33,33,33,-3.05,16.7,-3.05,16.7,-13.000487837,-29.524291703,False,-3.06953225,0,0,-0.01953225,-4.521429,-0.01953225,-4.521429
3,34,34,34,34,-3.6,18.55,-3.6,18.55,-13.524208438,-31.899775869,False,0,22,14,1,2,0.627534329885,0.0672849446689,0.305180725446,34,34,34,-3.6,18.55,-3.6,18.55,-13.524208438,-31.899775869,False,1788262253,1788262253.16,0.161639928818,1788262253,1788262253.5,1788262254,1788262254000819,1788262254042904,-13.524208,-31.899776,-13.524208438,-31.899776459,AWGN,rfsimu_channel_enB0,static-0,1788262185978180597,1,14bd144574d32d9e,1,1,1,1,6101.28571429,37.850546,-110,12.9,True,34,34,34,-3.6,18.55,-3.6,18.55,-13.524208438,-31.899775869,False,-3.52680325,0,0,0.07319675,-5.65,0.07319675,-5.65
3,35,35,35,35,-2.2,14.4,-2.2,14.4,-12.222623843,-26.359274353,False,0,23,1,3,2,0.055655960705,0.584012522769,0.360331516526,35,35,35,-2.2,14.4,-2.2,14.4,-12.222623843,-26.359274353,False,1788262254,1788262254.12,0.121651411057,1788262254,1788262254.5,1788262255,1788262255000179,1788262255033443,-12.222624,-26.359274,-12.222623843,-26.359273911,AWGN,rfsimu_channel_enB0,static-0,1788262185978180597,1,14bd144574d32d9e,1,1,1,1,8334,39.207472,-109,14.321428,True,35,35,35,-2.2,14.4,-2.2,14.4,-12.222623843,-26.359274353,False,-2.16987725,0,0,0.03012275,-0.078572,0.03012275,-0.078572
3,36,36,36,36,-0.65,14.9,-0.65,14.9,-10.666252975,-25.15962353,False,0,20,2,3,6,0.0532078433546,0.279918644002,0.666873512643,36,36,36,-0.65,14.9,-0.65,14.9,-10.666252975,-25.15962353,False,1788262255,1788262255.09,0.0888433456421,1788262255,1788262255.5,1788262256,1788262256000335,1788262256026709,-10.666253,-25.159624,-10.666252975,-25.1596241,AWGN,rfsimu_channel_enB0,static-0,1788262185978180597,1,14bd144574d32d9e,1,1,1,1,11828.5,40.729128,-107,15.785714,True,36,36,36,-0.65,14.9,-0.65,14.9,-10.666252975,-25.15962353,False,-0.64822125,0,0,0.00177875000001,0.885714,0.00177875000001,0.885714
3,37,37,37,37,0.95,20.05,0.95,20.05,-8.959205457,-28.754407714,False,0,5,5,8,14,0.102398871075,0.771866509847,0.125734619078,37,37,37,0.95,20.05,0.95,20.05,-8.959205457,-28.754407714,False,1788262256,1788262256.15,0.153661966324,1788262256,1788262256.5,1788262257,1788262257000753,1788262257023568,-8.959205,-28.754408,-8.959205457,-28.754407883,AWGN,rfsimu_channel_enB0,static-0,1788262185978180597,1,14bd144574d32d9e,1,1,1,1,16762.5,42.225683,-106,18.314285,True,37,37,37,0.95,20.05,0.95,20.05,-8.959205457,-28.754407714,False,0.84833375,0,0,-0.10166625,-1.735715,-0.10166625,-1.735715
3,38,38,38,38,-1.3,18.95,-1.3,18.95,-11.220185205,-29.99494066,False,0,5,5,8,14,0.612622272301,0.0548876176653,0.332490110033,38,38,38,-1.3,18.95,-1.3,18.95,-11.220185205,-29.99494066,False,1788262257,1788262257.11,0.113083124161,1788262257,1788262257.5,1788262258,1788262258001504,1788262258022655,-11.220185,-29.99494,-11.220185205,-29.994939804,AWGN,rfsimu_channel_enB0,static-0,1788262185978180597,1,14bd144574d32d9e,1,1,1,1,10737.6428571,40.261508,-108,16.714286,True,38,38,38,-1.3,18.95,-1.3,18.95,-11.220185205,-29.99494066,False,-1.11584125,0,0,0.18415875,-2.235714,0.18415875,-2.235714
3,39,39,39,39,1.2,16.85,1.2,16.85,-8.759520985,-25.27896739,False,0,13,9,5,6,0.620239507526,0.0929891301204,0.286771362354,39,39,39,1.2,16.85,1.2,16.85,-8.759520985,-25.27896739,False,1788262258,1788262258.15,0.153136968613,1788262258,1788262258.5,1788262259,1788262259001341,1788262259016893,-8.759521,-25.278967,-8.759520985,-25.278966904,AWGN,rfsimu_channel_enB0,static-0,1788262185978180597,1,14bd144574d32d9e,1,1,1,1,17612.7857143,42.413033,-105,18.921429,True,39,39,39,1.2,16.85,1.2,16.85,-8.759520985,-25.27896739,False,1.03568375,0,0,-0.16431625,2.071429,-0.16431625,2.071429
3,40,40,40,40,1.05,17.1,1.05,17.1,-8.903826404,-25.702794218,False,0,13,9,5,6,0.548086798032,0.234264739255,0.217648462713,40,40,40,1.05,17.1,1.05,17.1,-8.903826404,-25.702794218,False,1788262259,1788262259.11,0.113659143448,1788262259,1788262259.5,1788262260,1788262260000174,1788262260010434,-8.903826,-25.702795,-8.903826404,-25.702795029,AWGN,rfsimu_channel_enB0,static-0,1788262185978180597,1,14bd144574d32d9e,1,1,1,1,17526.7857143,42.436351,-105,18.714285,True,40,40,40,1.05,17.1,1.05,17.1,-8.903826404,-25.702794218,False,1.05900175,0,0,0.00900175000001,1.614285,0.00900175000001,1.614285
3,41,41,41,41,-0.25,16.05,-0.25,16.05,-10.231607152,-25.916271223,False,0,19,6,5,2,0.694576259072,0.189620165115,0.115803575813,41,41,41,-0.25,16.05,-0.25,16.05,-10.231607152,-25.916271223,False,1788262260,1788262260.16,0.157677412033,1788262260,1788262260.5,1788262261,1788262261001504,1788262261070200,-10.231607,-25.916271,-10.231607152,-25.91627121,AWGN,rfsimu_channel_enB0,static-0,1788262185978180597,1,14bd144574d32d9e,1,1,1,1,13360.2666667,41.241855,-107,16.186667,True,41,41,41,-0.25,16.05,-0.25,16.05,-10.231607152,-25.916271223,False,-0.13549425,0,0,0.11450575,0.136667,0.11450575,0.136667
3,42,42,42,42,0.45,17.6,0.45,17.6,-9.493734142,-26.857017246,False,0,13,9,5,6,0.253132929053,0.61900574883,0.127861322117,42,42,42,0.45,17.6,0.45,17.6,-9.493734142,-26.857017246,False,1788262261,1788262261.11,0.113633394241,1788262261,1788262261.5,1788262262,1788262262000870,1788262262062247,-9.493734,-26.857018,-9.493734142,-26.857017517,AWGN,rfsimu_channel_enB0,static-0,1788262185978180597,1,14bd144574d32d9e,1,1,1,1,15208.2857143,41.819309,-106,16.785714,True,42,42,42,0.45,17.6,0.45,17.6,-9.493734142,-26.857017246,False,0.44195975,0,0,-0.00804025,-0.814286,-0.00804025,-0.814286
3,43,43,43,43,2.6,19.1,2.6,19.1,-7.323283362,-26.174835229,False,0,11,11,8,9,0.169179159483,0.504397849343,0.326422991174,43,43,43,2.6,19.1,2.6,19.1,-7.323283362,-26.174835229,False,1788262262,1788262262.16,0.161647558212,1788262262,1788262262.5,1788262263,1788262263001303,1788262263054146,-7.323283,-26.174835,-7.323283362,-26.174835205,AWGN,rfsimu_channel_enB0,static-0,1788262185978180597,1,14bd144574d32d9e,1,1,1,1,24345.9285714,43.833724,-104,18.828571,True,43,43,43,2.6,19.1,2.6,19.1,-7.323283362,-26.174835229,False,2.45637475,0,0,-0.14362525,-0.271429,-0.14362525,-0.271429
3,44,44,44,44,1.6,17.95,1.6,17.95,-8.336364093,-26.015081618,False,0,14,8,5,9,0.170178492794,0.168182046634,0.661639460572,44,44,44,1.6,17.95,1.6,17.95,-8.336364093,-26.015081618,False,1788262263,1788262263.13,0.129620790482,1788262263,1788262263.5,1788262264,1788262264001650,1788262264047104,-8.336364,-26.015081,-8.336364093,-26.015081406,AWGN,rfsimu_channel_enB0,static-0,1788262185978180597,1,14bd144574d32d9e,1,1,1,1,19911.0714286,42.990271,-105,18.157143,True,44,44,44,1.6,17.95,1.6,17.95,-8.336364093,-26.015081618,False,1.61292175,0,0,0.01292175,0.207143,0.01292175,0.207143
3,45,45,45,45,-3.25,10.1,-3.25,10.1,-13.540441949,-23.586082813,False,0,9,3,1,15,0.243837332351,0.014058306871,0.742104360778,45,45,45,-3.25,10.1,-3.25,10.1,-13.540441949,-23.586082813,False,1788262264,1788262264.09,0.0896618366241,1788262264,1788262264.5,1788262265,1788262265000280,1788262265038774,-13.540442,-23.586082,-13.540441949,-23.586082458,AWGN,rfsimu_channel_enB0,static-0,1788262185978180597,1,14bd144574d32d9e,1,1,1,1,6487.78571429,38.11901,-110,13.278571,True,45,45,45,-3.25,10.1,-3.25,10.1,-13.540441949,-23.586082813,False,-3.25833925,0,0,-0.00833924999999,3.178571,-0.00833924999999,3.178571
3,46,46,46,46,-4.9,11.3,-4.9,11.3,-15.114761934,-26.24838094,False,0,7,13,15,1,0.0653285828809,0.507947615957,0.426723801162,46,46,46,-4.9,11.3,-4.9,11.3,-15.114761934,-26.24838094,False,1788262265,1788262265.16,0.156983137131,1788262265,1788262265.5,1788262266,1788262266000005,1788262266029786,-15.114762,-26.248381,-15.114761934,-26.248380661,AWGN,rfsimu_channel_enB0,static-0,1788262185978180597,1,14bd144574d32d9e,1,1,1,1,4564.42857143,36.569738,-112,11.657143,True,46,46,46,-4.9,11.3,-4.9,11.3,-15.114761934,-26.24838094,False,-4.80761125,0,0,0.09238875,0.357143,0.09238875,0.357143
3,47,47,47,47,-5.1,10.55,-5.1,10.55,-15.368645871,-25.761656478,False,0,7,13,15,1,0.202860407086,0.518537471481,0.278602121433,47,47,47,-5.1,10.55,-5.1,10.55,-15.368645871,-25.761656478,False,1788262266,1788262266.12,0.121639490128,1788262266,1788262266.5,1788262267,1788262267000648,1788262267018442,-15.368646,-25.761656,-15.368645871,-25.761655807,AWGN,rfsimu_channel_enB0,static-0,1788262185978180597,1,14bd144574d32d9e,1,1,1,1,4263.28571429,36.29638,-111,11.235714,True,47,47,47,-5.1,10.55,-5.1,10.55,-15.368645871,-25.761656478,False,-5.08096925,0,0,0.01903075,0.685714,0.01903075,0.685714
3,48,48,48,48,-2.45,13.4,-2.45,13.4,-12.513996789,-25.578285157,False,0,9,3,1,15,0.864366266135,0.121364660722,0.0142690731439,48,48,48,-2.45,13.4,-2.45,13.4,-12.513996789,-25.578285157,False,1788262267,1788262267.16,0.15767288208,1788262267,1788262267.5,1788262268,1788262268000490,1788262268010825,-12.513997,-25.578285,-12.513996789,-25.578285217,AWGN,rfsimu_channel_enB0,static-0,1788262185978180597,1,14bd144574d32d9e,1,1,1,1,7481.71428571,38.690485,-109,12.192857,True,48,48,48,-2.45,13.4,-2.45,13.4,-12.513996789,-25.578285157,False,-2.68686425,0,0,-0.23686425,-1.207143,-0.23686425,-1.207143
3,49,49,49,49,-3,13.5,-3,13.5,-13.058773664,-26.219350832,False,0,9,3,1,15,0.723738111983,0.253124943976,0.0231369440405,49,49,49,-3,13.5,-3,13.5,-13.058773664,-26.219350832,False,1788262268,1788262268.13,0.125640869141,1788262268,1788262268.5,1788262269,1788262269000655,1788262269004013,-13.058774,-26.219351,-13.058773664,-26.219350815,AWGN,rfsimu_channel_enB0,static-0,1788262185978180597,1,14bd144574d32d9e,1,1,1,1,6976.28571429,38.431468,-109,12.057143,True,49,49,49,-3,13.5,-3,13.5,-13.058773664,-26.219350832,False,-2.94588125,0,0,0.05411875,-1.442857,0.05411875,-1.442857
3,50,50,50,50,0.35,14.35,0.35,14.35,-9.690862546,-23.713200721,False,0,27,6,7,10,0.571066906954,0.274364366001,0.154568727046,50,50,50,0.35,14.35,0.35,14.35,-9.690862546,-23.713200721,False,1788262269,1788262269.16,0.157665252686,1788262269,1788262269.5,1788262270,1788262270001377,1788262270062663,-9.690863,-23.713202,-9.690862546,-23.713201523,AWGN,rfsimu_channel_enB0,static-0,1788262185978180597,1,14bd144574d32d9e,1,1,1,1,14271.6666667,41.482751,-106,15.32,True,50,50,50,0.35,14.35,0.35,14.35,-9.690862546,-23.713200721,False,0.10540175,0,0,-0.24459825,0.97,-0.24459825,0.97
3,51,51,51,51,-3.1,11.5,-3.1,11.5,-13.294914823,-24.622781962,False,0,9,3,1,15,0.454508897879,0.101966309408,0.443524792713,51,51,51,-3.1,11.5,-3.1,11.5,-13.294914823,-24.622781962,False,1788262270,1788262270.12,0.117649316788,1788262270,1788262270.5,1788262271,1788262271000033,1788262271054887,-13.294915,-24.622782,-13.294914823,-24.622781754,AWGN,rfsimu_channel_enB0,static-0,1788262185978180597,1,14bd144574d32d9e,1,1,1,1,6692.07142857,38.253471,-110,12.128571,True,51,51,51,-3.1,11.5,-3.1,11.5,-13.294914823,-24.622781962,False,-3.12387825,0,0,-0.02387825,0.628571,-0.02387825,0.628571
3,52,52,52,52,-4.5,10.75,-4.5,10.75,-14.750257083,-25.393018525,False,0,7,13,15,1,0.0232881267247,0.648159584998,0.328552288278,52,52,52,-4.5,10.75,-4.5,10.75,-14.750257083,-25.393018525,False,1788262271,1788262271.16,0.16171336174,1788262271,1788262271.5,1788262272,1788262272001069,1788262272042805,-14.750257,-25.393019,-14.750257083,-25.393018723,AWGN,rfsimu_channel_enB0,static-0,1788262185978180597,1,14bd144574d32d9e,1,1,1,1,4961.28571429,36.942443,-111,10.864286,True,52,52,52,-4.5,10.75,-4.5,10.75,-14.750257083,-25.393018525,False,-4.43490625,0,0,0.06509375,0.114286,0.06509375,0.114286
3,53,53,53,53,-3.25,13.95,-3.25,13.95,-13.286409815,-26.904944832,False,0,23,1,3,2,0.321602453773,0.579420025065,0.0989775211625,53,53,53,-3.25,13.95,-3.25,13.95,-13.286409815,-26.904944832,False,1788262272,1788262272.12,0.121622800827,1788262272,1788262272.5,1788262273,1788262273000651,1788262273036027,-13.28641,-26.904945,-13.471366156,-27.459636688,AWGN,rfsimu_channel_enB0,static-0,1788262185978180597,1,14bd144574d32d9e,1,1,1,1,6557.14285714,38.165845,-110,12.185714,True,53,53,53,-3.25,13.95,-3.25,13.95,-13.286409815,-26.904944832,False,-3.21150425,0,0,0.03849575,-1.764286,0.03849575,-1.764286
3,54,54,54,54,-3.45,14.3,-3.45,14.3,-13.471366156,-27.459637332,False,0,23,1,3,2,0.367841538942,0.425348582086,0.206809878972,54,54,54,-3.45,14.3,-3.45,14.3,-13.471366156,-27.459637332,False,1788262273,1788262273.09,0.0896337032318,1788262273,1788262273.5,1788262274,1788262274001295,1788262274027436,-13.471366,-27.459637,-13.471366156,-27.459636688,AWGN,rfsimu_channel_enB0,static-0,1788262185978180597,1,14bd144574d32d9e,1,1,1,1,6141.42857143,37.880391,-110,11.892857,True,54,54,54,-3.45,14.3,-3.45,14.3,-13.471366156,-27.459637332,False,-3.49695825,0,0,-0.04695825,-2.407143,-0.04695825,-2.407143
3,55,55,55,55,-5.1,12.35,-5.1,12.35,-15.242883988,-27.366777865,False,0,9,3,1,15,0.00185376730705,0.623295761518,0.374850471175,55,55,55,-5.1,12.35,-5.1,12.35,-15.242883988,-27.366777865,False,1788262274,1788262274.17,0.16566824913,1788262274,1788262274.5,1788262275,1788262275001296,1788262275020562,-15.242884,-27.366777,-15.242883988,-27.36677742,AWGN,rfsimu_channel_enB0,static-0,1788262185978180597,1,14bd144574d32d9e,1,1,1,1,4372.14285714,36.387554,-111,11.357143,True,55,55,55,-5.1,12.35,-5.1,12.35,-15.242883988,-27.366777865,False,-4.98979525,0,0,0.11020475,-0.992857,0.11020475,-0.992857
3,56,56,56,56,-4.8,12.85,-4.8,12.85,-14.908063867,-27.487829563,False,0,9,3,1,15,0.145511780897,0.599543714449,0.254944504654,56,56,56,-4.8,12.85,-4.8,12.85,-14.908063867,-27.487829563,False,1788262275,1788262275.14,0.141671657562,1788262275,1788262275.5,1788262276,1788262276000601,1788262276010781,-14.908064,-27.487829,-14.908063867,-27.487829208,AWGN,rfsimu_channel_enB0,static-0,1788262185978180597,1,14bd144574d32d9e,1,1,1,1,4496.64285714,36.527388,-111,11.492857,True,56,56,56,-4.8,12.85,-4.8,12.85,-14.908063867,-27.487829563,False,-4.84996125,0,0,-0.04996125,-1.357143,-0.04996125,-1.357143
3,57,57,57,57,-3.8,13.7,-3.8,13.7,-13.847471234,-27.198110705,False,0,9,3,1,15,0.525773487387,0.449509104255,0.0247174083579,57,57,57,-3.8,13.7,-3.8,13.7,-13.847471234,-27.198110705,False,1788262276,1788262276.11,0.105664014816,1788262276,1788262276.5,1788262277,1788262277001769,1788262277071635,-13.847471,-27.198111,-13.847471234,-27.19811058,AWGN,rfsimu_channel_enB0,static-0,1788262185978180597,1,14bd144574d32d9e,1,1,1,1,5683.06666667,37.537559,-110,12.573333,True,57,57,57,-3.8,13.7,-3.8,13.7,-13.847471234,-27.198110705,False,-3.83979025,0,0,-0.03979025,-1.126667,-0.03979025,-1.126667
3,58,58,58,58,-4.5,12.5,-4.5,12.5,-14.630982446,-26.887361865,False,0,9,3,1,15,0.186547033685,0.502038256805,0.31141470951,58,58,58,-4.5,12.5,-4.5,12.5,-14.630982446,-26.887361865,False,1788262277,1788262277.16,0.161647319794,1788262277,1788262277.5,1788262278,1788262278000680,1788262278064115,-14.630982,-26.887362,-14.630982446,-26.887361526,AWGN,rfsimu_channel_enB0,static-0,1788262185978180597,1,14bd144574d32d9e,1,1,1,1,4946.42857143,36.937222,-111,12.307143,True,58,58,58,-4.5,12.5,-4.5,12.5,-14.630982446,-26.887361865,False,-4.44012725,0,0,0.05987275,-0.192857,0.05987275,-0.192857
3,59,59,59,59,-2.2,16.05,-2.2,16.05,-12.155711251,-28.066232816,False,0,23,1,3,2,0.0389278128214,0.00387426983113,0.957197917347,59,59,59,-2.2,16.05,-2.2,16.05,-12.155711251,-28.066232816,False,1788262278,1788262278.13,0.133622646332,1788262278,1788262278.5,1788262279,1788262279000960,1788262279055186,-12.155711,-28.066233,-12.155711251,-28.066232681,AWGN,rfsimu_channel_enB0,static-0,1788262185978180597,1,14bd144574d32d9e,1,1,1,1,8289.5,39.184739,-109,15.014286,True,59,59,59,-2.2,16.05,-2.2,16.05,-12.155711251,-28.066232816,False,-2.19261025,0,0,0.00738975000001,-1.035714,0.00738975000001,-1.035714
3,60,60,60,60,-2.95,14.35,-2.95,14.35,-12.9714637,-27.029837343,False,0,23,1,3,2,0.242865924933,0.485298168947,0.27183590612,60,60,60,-2.95,14.35,-2.95,14.35,-12.9714637,-27.029837343,False,1788262279,1788262279.1,0.101655244827,1788262279,1788262279.5,1788262280,1788262280000641,1788262280050114,-12.971464,-27.029837,-12.9714637,-27.029836655,AWGN,rfsimu_channel_enB0,static-0,1788262185978180597,1,14bd144574d32d9e,1,1,1,1,6995.64285714,38.447229,-109,14.264286,True,60,60,60,-2.95,14.35,-2.95,14.35,-12.9714637,-27.029837343,False,-2.93012025,0,0,0.01987975,-0.085714,0.01987975,-0.085714
3,61,61,61,61,-4,12.15,-4,12.15,-14.153330239,-26.084646516,False,0,9,3,1,15,0.28311007561,0.359775195008,0.357114729382,61,61,61,-4,12.15,-4,12.15,-14.153330239,-26.084646516,False,1788262280,1788262280.16,0.157324552536,1788262280,1788262280.5,1788262281,1788262281000087,1788262281041762,-14.15333,-26.084646,-14.153330239,-26.084646225,AWGN,rfsimu_channel_enB0,static-0,1788262185978180597,1,14bd144574d32d9e,1,1,1,1,5544.35714286,37.426459,-111,13.185714,True,61,61,61,-4,12.15,-4,12.15,-14.153330239,-26.084646516,False,-3.95089025,0,0,0.04910975,1.035714,0.04910975,1.035714
3,62,62,62,62,-2,12.5,-2,12.5,-12.119125955,-24.343445086,False,0,16,4,3,15,0.179142986427,0.761294035969,0.0595629776036,62,62,62,-2,12.5,-2,12.5,-12.119125955,-24.343445086,False,1788262281,1788262281.13,0.12885928154,1788262281,1788262281.5,1788262282,1788262282000575,1788262282031727,-12.119126,-24.343445,-12.119125955,-24.343444824,AWGN,rfsimu_channel_enB0,static-0,1788262185978180597,1,14bd144574d32d9e,1,1,1,1,8387.28571429,39.206487,-108,15.407143,True,62,62,62,-2,12.5,-2,12.5,-12.119125955,-24.343445086,False,-2.17086225,0,0,-0.17086225,2.907143,-0.17086225,2.907143
3,63,63,63,63,-0.25,15.25,-0.25,15.25,-10.256010336,-25.067529965,False,0,20,2,3,6,0.0225099884813,0.105495179692,0.871994831826,63,63,63,-0.25,15.25,-0.25,15.25,-10.256010336,-25.067529965,False,1788262282,1788262282.09,0.0888524055481,1788262282,1788262282.5,1788262283,1788262283000078,1788262283026316,-10.25601,-25.06753,-10.256010336,-25.067529678,AWGN,rfsimu_channel_enB0,static-0,1788262185978180597,1,14bd144574d32d9e,1,1,1,1,12865.5,41.093158,-107,17.371428,True,63,63,63,-0.25,15.25,-0.25,15.25,-10.256010336,-25.067529965,False,-0.28419125,0,0,-0.03419125,2.121428,-0.03419125,2.121428
3,64,64,64,64,-0.15,15.25,-0.15,15.25,-10.156846129,-24.963703248,False,0,10,6,3,7,0.909478018129,0.0784230646098,0.012098917261,64,64,64,-0.15,15.25,-0.15,15.25,-10.156846129,-24.963703248,False,1788262283,1788262283.16,0.157087087631,1788262283,1788262283.5,1788262284,1788262284001243,1788262284018672,-10.156846,-24.963703,-10.156846129,-24.963703156,AWGN,rfsimu_channel_enB0,static-0,1788262185978180597,1,14bd144574d32d9e,1,1,1,1,13238.4285714,41.217452,-107,17.514286,True,64,64,64,-0.15,15.25,-0.15,15.25,-10.156846129,-24.963703248,False,-0.15989725,0,0,-0.00989724999999,2.264286,-0.00989724999999,2.264286
3,65,65,65,65,-1.75,13.9,-1.75,13.9,-11.795932673,-25.374340538,False,0,20,2,3,6,0.124780179444,0.77318615704,0.102033663515,65,65,65,-1.75,13.9,-1.75,13.9,-11.795932673,-25.374340538,False,1788262284,1788262284.12,0.121618747711,1788262284,1788262284.5,1788262285,1788262285000736,1788262285012888,-11.795933,-25.37434,-11.795932673,-25.374340057,AWGN,rfsimu_channel_enB0,static-0,1788262185978180597,1,14bd144574d32d9e,1,1,1,1,9457.64285714,39.736385,-108,15.792857,True,65,65,65,-1.75,13.9,-1.75,13.9,-11.795932673,-25.374340538,False,-1.64096425,0,0,0.10903575,1.892857,0.10903575,1.892857
3,66,66,66,66,-2.8,13.25,-2.8,13.25,-12.875184848,-25.804891594,False,0,9,3,1,15,0.749082736179,0.186675160242,0.0642421035792,66,66,66,-2.8,13.25,-2.8,13.25,-12.875184848,-25.804891594,False,1788262285,1788262285.16,0.157657146454,1788262285,1788262285.5,1788262286,1788262286001047,1788262286004335,-12.875185,-25.804892,-12.875184848,-25.804891586,AWGN,rfsimu_channel_enB0,static-0,1788262185978180597,1,14bd144574d32d9e,1,1,1,1,7325.35714286,38.63558,-109,14.35,True,66,66,66,-2.8,13.25,-2.8,13.25,-12.875184848,-25.804891594,False,-2.74176925,0,0,0.05823075,1.1,0.05823075,1.1
3,67,67,67,67,-3.1,14.8,-3.1,14.8,-13.102577252,-27.63982927,False,0,23,1,3,2,0.275644312914,0.303819785243,0.420535901844,67,67,67,-3.1,14.8,-3.1,14.8,-13.102577252,-27.63982927,False,1788262286,1788262286.13,0.129645824432,1788262286,1788262286.5,1788262287,1788262287000063,1788262287001868,-13.102577,-27.63983,-13.102577252,-27.639829636,AWGN,rfsimu_channel_enB0,static-0,1788262185978180597,1,14bd144574d32d9e,1,1,1,1,6762.42857143,38.300741,-110,14.007143,True,67,67,67,-3.1,14.8,-3.1,14.8,-13.102577252,-27.63982927,False,-3.07660825,0,0,0.02339175,-0.792857,0.02339175,-0.792857
3,68,68,68,68,-3.85,14.25,-3.85,14.25,-13.871693651,-27.79313212,False,0,23,1,3,2,0.467923412864,0.380904902008,0.151171685128,68,68,68,-3.85,14.25,-3.85,14.25,-13.871693651,-27.79313212,False,1788262287,1788262287.09,0.0896520614624,1788262287,1788262287.5,1788262288,1788262288001814,1788262288071064,-13.871694,-27.793133,-13.871693651,-27.793132782,AWGN,rfsimu_channel_enB0,static-0,1788262185978180597,1,14bd144574d32d9e,1,1,1,1,5705.73333333,37.556882,-110,13.213333,True,68,68,68,-3.85,14.25,-3.85,14.25,-13.871693651,-27.79313212,False,-3.82046725,0,0,0.02953275,-1.036667,0.02953275,-1.036667
3,69,69,69,69,-3.3,14,-3.3,14,-13.334169641,-27.004823447,False,0,23,1,3,2,0.333542410244,0.554087124614,0.112370465142,69,69,69,-3.3,14,-3.3,14,-13.334169641,-27.004823447,False,1788262288,1788262288.16,0.157645225525,1788262288,1788262288.5,1788262289,1788262289000609,1788262289066293,-13.33417,-27.004824,-13.334169641,-27.004823685,AWGN,rfsimu_channel_enB0,static-0,1788262185978180597,1,14bd144574d32d9e,1,1,1,1,6330.92857143,38.012637,-110,14.057143,True,69,69,69,-3.3,14,-3.3,14,-13.334169641,-27.004823447,False,-3.36471225,0,0,-0.06471225,0.057143,-0.06471225,0.057143
3,70,70,70,70,1.05,18.95,1.05,18.95,-8.873149931,-27.590619827,False,0,14,8,5,9,0.426964976572,0.436574965617,0.136460057811,70,70,70,1.05,18.95,1.05,18.95,-8.873149931,-27.590619827,False,1788262289,1788262289.12,0.11752986908,1788262289,1788262289.5,1788262290,1788262290000032,1788262290063532,-8.87315,-27.59062,-8.873149931,-27.590620041,AWGN,rfsimu_channel_enB0,static-0,1788262185978180597,1,14bd144574d32d9e,1,1,1,1,17571.8571429,42.447825,-105,18.628572,True,70,70,70,1.05,18.95,1.05,18.95,-8.873149931,-27.590619827,False,1.07047575,0,0,0.02047575,-0.321428,0.02047575,-0.321428
3,71,71,71,71,0.55,16.6,0.55,16.6,-9.418673966,-25.672658893,False,0,13,9,5,6,0.290663017039,0.224219631139,0.485117351822,71,71,71,0.55,16.6,0.55,16.6,-9.418673966,-25.672658893,False,1788262290,1788262290.09,0.0896618366241,1788262290,1788262290.5,1788262291,1788262291001341,1788262291008299,-9.418674,-25.672659,-9.418673966,-25.67265892,AWGN,rfsimu_channel_enB0,static-0,1788262185978180597,1,14bd144574d32d9e,1,1,1,1,15629.5714286,41.939064,-106,18.121429,True,71,71,71,0.55,16.6,0.55,16.6,-9.418673966,-25.672658893,False,0.56171475,0,0,0.01171475,1.521429,0.01171475,1.521429
3,72,72,72,72,-4.3,20.4,-4.24235708939,20.0726586004,-14.145118288,-34.036279572,True,0.173524646992,-1,0,14,-1,0.0362795720857,0.963720427914,0,72,72,72,-4.3,20.4,-4.24235708939,20.0726586004,-14.145118288,-34.036279572,True,1788262291,1788262291.15,0.15361905098,1788262291,1788262291.5,1788262292,1788262292001116,1788262292009789,-14.145118,-34.036278,-14.145118288,-34.036277771,AWGN,rfsimu_channel_enB0,static-0,1788262185978180597,1,14bd144574d32d9e,1,1,1,1,5923.28571429,37.491395,-111,14.242857,True,72,72,72,-4.3,20.4,-4.24235708939,20.0726586004,-14.145118288,-34.036279572,True,-3.88595425,0.05764291061,-0.3273413996,0.35640283939,-5.8298016004,0.41404575,-6.157143
3,73,73,73,73,-3.8,17.95,-3.8,17.95,-13.735196681,-31.488319484,False,0,22,14,1,2,0.524144228695,0.171727055959,0.304128715347,73,73,73,-3.8,17.95,-3.8,17.95,-13.735196681,-31.488319484,False,1788262292,1788262292.12,0.121750593185,1788262292,1788262292.5,1788262293,1788262293000844,1788262293009564,-13.735197,-31.488319,-13.735196681,-31.488319397,AWGN,rfsimu_channel_enB0,static-0,1788262185978180597,1,14bd144574d32d9e,1,1,1,1,5673.14285714,37.536791,-110,16,True,73,73,73,-3.8,17.95,-3.8,17.95,-13.735196681,-31.488319484,False,-3.84055825,0,0,-0.04055825,-1.95,-0.04055825,-1.95
3,74,74,74,74,-3.15,15.95,-3.15,15.95,-13.113245867,-28.867664897,False,0,22,14,1,2,0.0622083926544,0.24720727039,0.690584336955,74,74,74,-3.15,15.95,-3.15,15.95,-13.113245867,-28.867664897,False,1788262293,1788262293.15,0.153078317642,1788262293,1788262293.5,1788262294,1788262294000575,1788262294010913,-13.113246,-28.867664,-13.113245867,-28.867664337,AWGN,rfsimu_channel_enB0,static-0,1788262185978180597,1,14bd144574d32d9e,1,1,1,1,6606.92857143,38.195577,-110,16.857143,True,74,74,74,-3.15,15.95,-3.15,15.95,-13.113245867,-28.867664897,False,-3.18177225,0,0,-0.03177225,0.907143,-0.03177225,0.907143
3,75,75,75,75,-0.35,16.7,-0.35,16.7,-10.313954755,-26.729439039,False,0,19,6,5,2,0.423520320377,0.419502302137,0.156977377486,75,75,75,-0.35,16.7,-0.35,16.7,-10.313954755,-26.729439039,False,1788262294,1788262294.16,0.16165971756,1788262294,1788262294.5,1788262295,1788262295000405,1788262295003745,-10.313955,-26.729439,-10.313954755,-26.729438782,AWGN,rfsimu_channel_enB0,static-0,1788262185978180597,1,14bd144574d32d9e,1,1,1,1,12260.8571429,40.836595,-107,19.657142,True,75,75,75,-0.35,16.7,-0.35,16.7,-10.313954755,-26.729439039,False,-0.54075425,0,0,-0.19075425,2.957142,-0.19075425,2.957142
3,76,76,76,76,-1.95,17.2,-1.95,17.2,-11.890396475,-28.946590406,False,0,21,2,5,14,0.629668102169,0.212566830238,0.157765067593,76,76,76,-1.95,17.2,-1.95,17.2,-11.890396475,-28.946590406,False,1788262295,1788262295.13,0.125640392303,1788262295,1788262295.5,1788262296,1788262296000097,1788262296070496,-11.890396,-28.94659,-11.890396475,-28.946590424,AWGN,rfsimu_channel_enB0,static-0,1788262185978180597,1,14bd144574d32d9e,1,1,1,1,9026.66666667,39.536047,-108,18.313333,True,76,76,76,-1.95,17.2,-1.95,17.2,-11.890396475,-28.946590406,False,-1.84130225,0,0,0.10869775,1.113333,0.10869775,1.113333
3,77,77,77,77,0.1,17.9,0.1,17.9,-9.837635555,-27.539332085,False,0,13,9,5,6,0.081182222665,0.846444028198,0.0723737491366,77,77,77,0.1,17.9,0.1,17.9,-9.837635555,-27.539332085,False,1788262296,1788262296.09,0.0936453342438,1788262296,1788262296.5,1788262297,1788262297000961,1788262297066899,-9.837636,-27.539331,-9.837635555,-27.539331436,AWGN,rfsimu_channel_enB0,static-0,1788262185978180597,1,14bd144574d32d9e,1,1,1,1,14107.3571429,41.494055,-106,20.314285,True,77,77,77,0.1,17.9,0.1,17.9,-9.837635555,-27.539332085,False,0.11670575,0,0,0.01670575,2.414285,0.01670575,2.414285
3,78,78,78,78,-1.45,16.05,-1.45,16.05,-11.413925648,-27.251214052,False,0,19,6,5,2,0.24959531589,0.0434418600429,0.706962824067,78,78,78,-1.45,16.05,-1.45,16.05,-11.413925648,-27.251214052,False,1788262297,1788262297.16,0.157653808594,1788262297,1788262297.5,1788262298,1788262298000424,1788262298061671,-11.413926,-27.251215,-11.413925648,-27.251214981,AWGN,rfsimu_channel_enB0,static-0,1788262185978180597,1,14bd144574d32d9e,1,1,1,1,10210.9285714,40.071866,-108,18.871429,True,78,78,78,-1.45,16.05,-1.45,16.05,-11.413925648,-27.251214052,False,-1.30548325,0,0,0.14451675,2.821429,0.14451675,2.821429
3,79,79,79,79,0.15,14.05,0.15,14.05,-9.902686675,-23.688472025,False,0,27,6,7,10,0.562824008283,0.388519329401,0.0486566623157,79,79,79,0.15,14.05,0.15,14.05,-9.902686675,-23.688472025,False,1788262298,1788262298.12,0.11764383316,1788262298,1788262298.5,1788262299,1788262299000072,1788262299049232,-9.902687,-23.688473,-9.902686675,-23.688472748,AWGN,rfsimu_channel_enB0,static-0,1788262185978180597,1,14bd144574d32d9e,1,1,1,1,14320.3571429,41.557937,-106,19.471428,True,79,79,79,0.15,14.05,0.15,14.05,-9.902686675,-23.688472025,False,0.18058775,0,0,0.03058775,5.421428,0.03058775,5.421428
3,80,80,80,80,0.85,17.5,0.85,17.5,-9.094542154,-26.340041225,False,0,13,9,5,6,0.452728922842,0.446680408362,0.100590668797,80,80,80,0.85,17.5,0.85,17.5,-9.094542154,-26.340041225,False,1788262299,1788262299.16,0.161640405655,1788262299,1788262299.5,1788262300,1788262300000473,1788262300044524,-9.094542,-26.340042,-9.094542154,-26.340042114,AWGN,rfsimu_channel_enB0,static-0,1788262185978180597,1,14bd144574d32d9e,1,1,1,1,16490.9285714,42.170264,-106,16.714286,True,80,80,80,0.85,17.5,0.85,17.5,-9.094542154,-26.340041225,False,0.79291475,0,0,-0.05708525,-0.785714,-0.05708525,-0.785714
3,81,81,81,81,0.3,14.7,0.3,14.7,-9.727808777,-24.052958064,False,0,27,6,7,10,0.684319354768,0.179585033768,0.136095611464,81,81,81,0.3,14.7,0.3,14.7,-9.727808777,-24.052958064,False,1788262300,1788262300.12,0.117649078369,1788262300,1788262300.5,1788262301,1788262301000439,1788262301033370,-9.727809,-24.052958,-9.727808777,-24.052957535,AWGN,rfsimu_channel_enB0,static-0,1788262185978180597,1,14bd144574d32d9e,1,1,1,1,14755.7857143,41.688466,-106,16.242857,True,81,81,81,0.3,14.7,0.3,14.7,-9.727808777,-24.052958064,False,0.31111675,0,0,0.01111675,1.542857,0.01111675,1.542857
3,82,82,82,82,-2.45,11.6,-2.45,11.6,-12.63340439,-24.040769885,False,0,16,4,3,15,0.108608574937,0.574689230059,0.316702195004,82,82,82,-2.45,11.6,-2.45,11.6,-12.63340439,-24.040769885,False,1788262301,1788262301.16,0.156845331192,1788262301,1788262301.5,1788262302,1788262302000191,1788262302024370,-12.633404,-24.04077,-12.63340439,-24.040769577,AWGN,rfsimu_channel_enB0,static-0,1788262185978180597,1,14bd144574d32d9e,1,1,1,1,8284.28571429,39.115558,-109,13.592857,True,82,82,82,-2.45,11.6,-2.45,11.6,-12.63340439,-24.040769885,False,-2.26179125,0,0,0.18820875,1.992857,0.18820875,1.992857
3,83,83,83,83,-3.65,10.75,-3.65,10.75,-13.897430398,-24.54232824,False,0,9,3,1,15,0.211257982925,0.159973182088,0.628768834987,83,83,83,-3.65,10.75,-3.65,10.75,-13.897430398,-24.54232824,False,1788262302,1788262302.13,0.129639148712,1788262302,1788262302.5,1788262303,1788262303001559,1788262303013575,-13.89743,-24.542328,-13.897430398,-24.542327881,AWGN,rfsimu_channel_enB0,static-0,1788262185978180597,1,14bd144574d32d9e,1,1,1,1,5933.71428571,37.714253,-110,11.921429,True,83,83,83,-3.65,10.75,-3.65,10.75,-13.897430398,-24.54232824,False,-3.66309625,0,0,-0.01309625,1.171429,-0.01309625,1.171429
3,84,84,84,84,-5.9,11.1,-5.9,11.1,-16.136091993,-26.981724608,False,0,7,13,15,1,0.349459736832,0.281413740252,0.369126522915,84,84,84,-5.9,11.1,-5.9,11.1,-16.136091993,-26.981724608,False,1788262303,1788262303.1,0.0976531505585,1788262303,1788262303.5,1788262304,1788262304001116,1788262304004426,-16.136092,-26.981724,-16.136091993,-26.981723785,AWGN,rfsimu_channel_enB0,static-0,1788262185978180597,1,14bd144574d32d9e,1,1,1,1,3468,35.398112,-112,9.292857,True,84,84,84,-5.9,11.1,-5.9,11.1,-16.136091993,-26.981724608,False,-5.97923725,0,0,-0.07923725,-1.807143,-0.07923725,-1.807143
3,85,85,85,85,-5.9,9.4,-5.9,9.4,-16.254895477,-25.465149352,False,0,7,13,15,1,0.542698481629,0.415250743253,0.042050775118,85,85,85,-5.9,9.4,-5.9,9.4,-16.254895477,-25.465149352,False,1788262304,1788262304.16,0.161635637283,1788262304,1788262304.5,1788262305,1788262305000548,1788262305051047,-16.254895,-25.465149,-16.254895477,-25.465148926,AWGN,rfsimu_channel_enB0,static-0,1788262185978180597,1,14bd144574d32d9e,1,1,1,1,3491.2,35.425512,-112,9.333333,True,85,85,85,-5.9,9.4,-5.9,9.4,-16.254895477,-25.465149352,False,-5.95183725,0,0,-0.05183725,-0.066667,-0.05183725,-0.066667
3,86,86,86,86,-3.35,12.2,-3.35,12.2,-13.498078788,-25.469783969,False,0,9,3,1,15,0.469612023295,0.218651417425,0.31173655928,86,86,86,-3.35,12.2,-3.35,12.2,-13.498078788,-25.469783969,False,1788262305,1788262305.13,0.129641771317,1788262305,1788262305.5,1788262306,1788262306001482,1788262306034573,-13.498079,-25.469784,-13.498078788,-25.469783783,AWGN,rfsimu_channel_enB0,static-0,1788262185978180597,1,14bd144574d32d9e,1,1,1,1,6266.85714286,37.967793,-110,11.835714,True,86,86,86,-3.35,12.2,-3.35,12.2,-13.498078788,-25.469783969,False,-3.40955625,0,0,-0.05955625,-0.364286,-0.05955625,-0.364286
3,87,87,87,87,-3.55,11.2,-3.55,11.2,-13.766577458,-24.823185272,False,0,9,3,1,15,0.29335157439,0.176640303256,0.530008122354,87,87,87,-3.55,11.2,-3.55,11.2,-13.766577458,-24.823185272,False,1788262306,1788262306.1,0.0976178646088,1788262306,1788262306.5,1788262307,1788262307001280,1788262307013764,-13.766577,-24.823185,-13.766577458,-24.823184967,AWGN,rfsimu_channel_enB0,static-0,1788262185978180597,1,14bd144574d32d9e,1,1,1,1,6040.14285714,37.808077,-110,10.171428,True,87,87,87,-3.55,11.2,-3.55,11.2,-13.766577458,-24.823185272,False,-3.56927225,0,0,-0.01927225,-1.028572,-0.01927225,-1.028572
3,88,88,88,88,-2.65,10.85,-2.65,10.85,-12.883250602,-23.600785374,False,0,16,4,3,15,0.171988008157,0.386386691036,0.441625300807,88,88,88,-2.65,10.85,-2.65,10.85,-12.883250602,-23.600785374,False,1788262307,1788262307.16,0.161633014679,1788262307,1788262307.5,1788262308,1788262308000337,1788262308022941,-12.883251,-23.600786,-12.883250602,-23.600786209,AWGN,rfsimu_channel_enB0,static-0,1788262185978180597,1,14bd144574d32d9e,1,1,1,1,7369.07142857,38.668041,-109,11.121429,True,88,88,88,-2.65,10.85,-2.65,10.85,-12.883250602,-23.600785374,False,-2.70930825,0,0,-0.05930825,0.271429,-0.05930825,0.271429
3,89,89,89,89,-2.95,11.8,-2.95,11.8,-13.124108368,-24.725750128,False,0,9,3,1,15,0.532374537663,0.0944287217892,0.373196740548,89,89,89,-2.95,11.8,-2.95,11.8,-13.124108368,-24.725750128,False,1788262308,1788262308.13,0.125627756119,1788262308,1788262308.5,1788262309,1788262309001423,1788262309004730,-13.124108,-24.72575,-13.124108368,-24.725749969,AWGN,rfsimu_channel_enB0,static-0,1788262185978180597,1,14bd144574d32d9e,1,1,1,1,6787.64285714,38.31394,-110,10.728572,True,89,89,89,-2.95,11.8,-2.95,11.8,-13.124108368,-24.725750128,False,-3.06340925,0,0,-0.11340925,-1.071428,-0.11340925,-1.071428
3,90,90,90,90,-0.4,14.45,-0.4,14.45,-10.435114949,-24.532324246,False,0,10,6,3,7,0.626550607621,0.217557474508,0.155891917872,90,90,90,-0.4,14.45,-0.4,14.45,-10.435114949,-24.532324246,False,1788262309,1788262309.16,0.157150506973,1788262309,1788262309.5,1788262310,1788262310001619,1788262310061064,-10.435115,-24.532324,-10.435114949,-24.532323837,AWGN,rfsimu_channel_enB0,static-0,1788262185978180597,1,14bd144574d32d9e,1,1,1,1,12129.6,40.804618,-107,13.753334,True,90,90,90,-0.4,14.45,-0.4,14.45,-10.435114949,-24.532324246,False,-0.57273125,0,0,-0.17273125,-0.696666,-0.17273125,-0.696666
3,91,91,91,91,0.85,18.15,0.85,18.15,-9.082934969,-27.009152033,False,0,14,8,5,9,0.128249860001,0.541467484338,0.330282655661,91,91,91,0.85,18.15,0.85,18.15,-9.082934969,-27.009152033,False,1788262310,1788262310.12,0.121629476547,1788262310,1788262310.5,1788262311,1788262311000194,1788262311047280,-9.082935,-27.009151,-9.082934969,-27.009151459,AWGN,rfsimu_channel_enB0,static-0,1788262185978180597,1,14bd144574d32d9e,1,1,1,1,16687.8571429,42.223345,-106,15.45,True,91,91,91,0.85,18.15,0.85,18.15,-9.082934969,-27.009152033,False,0.84599575,0,0,-0.00400424999999,-2.7,-0.00400424999999,-2.7
3,92,92,92,92,-0.25,16.2,-0.25,16.2,-10.227873551,-26.078253357,False,0,19,6,5,2,0.640582214435,0.245481010295,0.113936775271,92,92,92,-0.25,16.2,-0.25,16.2,-10.227873551,-26.078253357,False,1788262311,1788262311.15,0.153089523315,1788262311,1788262311.5,1788262312,1788262312000366,1788262312038493,-10.227874,-26.078253,-10.227873551,-26.078252792,AWGN,rfsimu_channel_enB0,static-0,1788262185978180597,1,14bd144574d32d9e,1,1,1,1,13238.9285714,41.206605,-107,14.4,True,92,92,92,-0.25,16.2,-0.25,16.2,-10.227873551,-26.078253357,False,-0.17074425,0,0,0.07925575,-1.8,0.07925575,-1.8
3,93,93,93,93,0.2,17.3,0.2,17.3,-9.752426529,-26.787841156,False,0,13,9,5,6,0.123786735456,0.595947052076,0.280266212468,93,93,93,0.2,17.3,0.2,17.3,-9.752426529,-26.787841156,False,1788262312,1788262312.11,0.109648227692,1788262312,1788262312.5,1788262313,1788262313001130,1788262313030752,-9.752427,-26.787842,-9.752426529,-26.787841797,AWGN,rfsimu_channel_enB0,static-0,1788262185978180597,1,14bd144574d32d9e,1,1,1,1,14352.9285714,41.568627,-106,14.835714,True,93,93,93,0.2,17.3,0.2,17.3,-9.752426529,-26.787841156,False,0.19127775,0,0,-0.00872225,-2.464286,-0.00872225,-2.464286
3,94,94,94,94,-1.05,16.75,-1.05,16.75,-11.002396011,-27.562149734,False,0,19,6,5,2,0.145950088642,0.352851905904,0.501198005454,94,94,94,-1.05,16.75,-1.05,16.75,-11.002396011,-27.562149734,False,1788262313,1788262313.17,0.165650606155,1788262313,1788262313.5,1788262314,1788262314001732,1788262314033251,-11.002396,-27.562149,-11.002396011,-27.562149048,AWGN,rfsimu_channel_enB0,static-0,1788262185978180597,1,14bd144574d32d9e,1,1,1,1,10960.8571429,40.384574,-107,14.071429,True,94,94,94,-1.05,16.75,-1.05,16.75,-11.002396011,-27.562149734,False,-0.99277525,0,0,0.05722475,-2.678571,0.05722475,-2.678571
3,95,95,95,95,-2.8,12.55,-2.8,12.55,-12.922734366,-25.210699151,False,0,9,3,1,15,0.664569874341,0.125937057416,0.209493068243,95,95,95,-2.8,12.55,-2.8,12.55,-12.922734366,-25.210699151,False,1788262314,1788262314.12,0.121639728546,1788262314,1788262314.5,1788262315,1788262315000214,1788262315024678,-12.922734,-25.210699,-12.922734366,-25.210699081,AWGN,rfsimu_channel_enB0,static-0,1788262185978180597,1,14bd144574d32d9e,1,1,1,1,7357.14285714,38.638863,-109,12.257143,True,95,95,95,-2.8,12.55,-2.8,12.55,-12.922734366,-25.210699151,False,-2.73848625,0,0,0.06151375,-0.292857,0.06151375,-0.292857
3,96,96,96,96,-3.05,13.85,-3.05,13.85,-13.091315203,-26.608882403,False,0,23,1,3,2,0.272828800742,0.64559173275,0.0815794665074,96,96,96,-3.05,13.85,-3.05,13.85,-13.091315203,-26.608882403,False,1788262315,1788262315.09,0.0896627902985,1788262315,1788262315.5,1788262316,1788262316000730,1788262316020102,-13.091315,-26.608883,-13.091315203,-26.608882904,AWGN,rfsimu_channel_enB0,static-0,1788262185978180597,1,14bd144574d32d9e,1,1,1,1,6782.85714286,38.312679,-109,11.921428,True,96,96,96,-3.05,13.85,-3.05,13.85,-13.091315203,-26.608882403,False,-3.06467025,0,0,-0.01467025,-1.928572,-0.01467025,-1.928572
3,97,97,97,97,-3.85,17.6,-3.85,17.6,-13.791172146,-31.185056004,False,0,22,14,1,2,0.457893986186,0.218846043332,0.323259970482,97,97,97,-3.85,17.6,-3.85,17.6,-13.791172146,-31.185056004,False,1788262316,1788262316.15,0.153635501862,1788262316,1788262316.5,1788262317,1788262317000927,1788262317016637,-13.791172,-31.185057,-13.791172146,-31.185056686,AWGN,rfsimu_channel_enB0,static-0,1788262185978180597,1,14bd144574d32d9e,1,1,1,1,5727.35714286,37.574743,-110,12.328571,True,97,97,97,-3.85,17.6,-3.85,17.6,-13.791172146,-31.185056004,False,-3.80260625,0,0,0.04739375,-5.271429,0.04739375,-5.271429
3,98,98,98,98,-2.6,16.8,-2.6,16.8,-12.545941814,-29.197572418,False,0,22,14,1,2,0.184920302086,0.0440253025455,0.771054395368,98,98,98,-2.6,16.8,-2.6,16.8,-12.545941814,-29.197572418,False,1788262317,1788262317.11,0.1136302948,1788262317,1788262317.5,1788262318,1788262318000421,1788262318005411,-12.545942,-29.197573,-12.545941814,-29.197572708,AWGN,rfsimu_channel_enB0,static-0,1788262185978180597,1,14bd144574d32d9e,1,1,1,1,7372.64285714,38.666581,-109,14.671429,True,98,98,98,-2.6,16.8,-2.6,16.8,-12.545941814,-29.197572418,False,-2.71076825,0,0,-0.11076825,-2.128571,-0.11076825,-2.128571
3,99,99,99,99,-5.5,12.7,-5.5,12.7,-15.621335678,-28.044383839,False,0,7,13,15,1,0.063029103434,0.252361264321,0.684609632245,99,99,99,-5.5,12.7,-5.5,12.7,-15.621335678,-28.044383839,False,1788262318,1788262318.16,0.157644271851,1788262318,1788262318.5,1788262319,1788262319001660,1788262319069293,-15.621336,-28.044384,-15.621335678,-28.044384003,AWGN,rfsimu_channel_enB0,static-0,1788262185978180597,1,14bd144574d32d9e,1,1,1,1,4093.93333333,36.042566,-112,12.44,True,99,99,99,-5.5,12.7,-5.5,12.7,-15.621335678,-28.044383839,False,-5.33478325,0,0,0.16521675,-0.26,0.16521675,-0.26
3,100,100,100,100,-3.1,14.95,-3.1,14.95,-13.096494289,-27.795007312,False,0,23,1,3,2,0.274123572197,0.251079944067,0.474796483736,100,100,100,-3.1,14.95,-3.1,14.95,-13.096494289,-27.795007312,False,1788262319,1788262319.16,0.157651901245,1788262319,1788262319.5,1788262320,1788262320000777,1788262320065822,-13.096494,-27.795008,-13.096494289,-27.795007706,AWGN,rfsimu_channel_enB0,static-0,1788262185978180597,1,14bd144574d32d9e,1,1,1,1,6548.92857143,38.12119,-109,14.95,True,100,100,100,-3.1,14.95,-3.1,14.95,-13.096494289,-27.795007312,False,-3.25615925,0,0,-0.15615925,0,-0.15615925,0
3,101,101,101,101,-7.7,10.6,-7.69558525383,10.6009406634,-18,-28.242644441,True,0.0044397292288,-1,0,13,-1,0.155330555123,0.844669444877,0,101,101,101,-7.7,10.6,-7.69558525383,10.6009406634,-18,-28.242644441,True,1788262320,1788262320.12,0.117659807205,1788262320,1788262320.5,1788262321,1788262321001567,1788262321063552,-18,-28.242645,-18,-28.242645264,AWGN,rfsimu_channel_enB0,static-0,1788262185978180597,1,14bd144574d32d9e,1,1,1,1,2310.71428571,33.636097,-114,10.978571,True,101,101,101,-7.7,10.6,-7.69558525383,10.6009406634,-18,-28.242644441,True,-7.74125225,0.00441474617,0.0009406634,-0.04566699617,0.3776303366,-0.04125225,0.378571
3,102,102,102,102,-7.55,9.15,-7.54515811889,9.34491089196,-17.916000607,-26.916000607,True,0.0975756514894,-1,13,15,-1,0.979000151741,0.0209998482588,0,102,102,102,-7.55,9.15,-7.54515811889,9.34491089196,-17.916000607,-26.916000607,True,1788262321,1788262321.16,0.156948328018,1788262321,1788262321.5,1788262322,1788262322000825,1788262322056630,-17.916001,-26.916,-17.916000607,-26.916000366,AWGN,rfsimu_channel_enB0,static-0,1788262185978180597,1,14bd144574d32d9e,1,1,1,1,2416.92857143,33.829862,-114,11.185714,True,102,102,102,-7.55,9.15,-7.54515811889,9.34491089196,-17.916000607,-26.916000607,True,-7.54748725,0.00484188111,0.19491089196,-0.00232913111,1.84080310804,0.00251275,2.035714
3,103,103,103,103,-3.55,15,-3.55,15,-13.542553956,-28.280106729,False,0,23,1,3,2,0.385638489018,0.16372341648,0.450638094502,103,103,103,-3.55,15,-3.55,15,-13.542553956,-28.280106729,False,1788262322,1788262322.11,0.113630771637,1788262322,1788262322.5,1788262323,1788262323001344,1788262323051162,-13.542554,-28.280107,-13.542553956,-28.280107498,AWGN,rfsimu_channel_enB0,static-0,1788262185978180597,1,14bd144574d32d9e,1,1,1,1,6023.85714286,37.797705,-110,15.192857,True,103,103,103,-3.55,15,-3.55,15,-13.542553956,-28.280106729,False,-3.57964425,0,0,-0.02964425,0.192857,-0.02964425,0.192857
3,104,104,104,104,1.5,22.9,1.5,22.9,-8.400771832,-31.069928719,False,0,2,18,14,8,0.444859481118,0.511654786513,0.0434857323682,104,104,104,1.5,22.9,1.5,22.9,-8.400771832,-31.069928719,False,1788262323,1788262323.15,0.153653144836,1788262323,1788262323.5,1788262324,1788262324000744,1788262324051782,-8.400772,-31.069929,-8.400771832,-31.069929123,AWGN,rfsimu_channel_enB0,static-0,1788262185978180597,1,14bd144574d32d9e,1,1,1,1,18392.9285714,42.512723,-105,20.264286,True,104,104,104,1.5,22.9,1.5,22.9,-8.400771832,-31.069928719,False,1.13537375,0,0,-0.36462625,-2.635714,-0.36462625,-2.635714
3,105,105,105,105,1.05,21.65,1.05,21.65,-8.853294703,-30.260692351,False,0,2,18,14,8,0.234566274599,0.376782058458,0.388651666943,105,105,105,1.05,21.65,1.05,21.65,-8.853294703,-30.260692351,False,1788262324,1788262324.1,0.104971885681,1788262324,1788262324.5,1788262325,1788262325000209,1788262325044272,-8.853295,-30.260693,-8.853294703,-30.260692596,AWGN,rfsimu_channel_enB0,static-0,1788262185978180597,1,14bd144574d32d9e,1,1,1,1,17422.7142857,42.410767,-105,20.828571,True,105,105,105,1.05,21.65,1.05,21.65,-8.853294703,-30.260692351,False,1.03341775,0,0,-0.01658225,-0.821429,-0.01658225,-0.821429
3,106,106,106,106,2.15,18.6,2.15,18.6,-7.778925727,-26.10249331,False,0,11,11,8,9,0.0552685682069,0.404343482289,0.540387949504,106,106,106,2.15,18.6,2.15,18.6,-7.778925727,-26.10249331,False,1788262325,1788262325.15,0.15363240242,1788262325,1788262325.5,1788262326,1788262326000562,1788262326029855,-7.778926,-26.102493,-7.778925727,-26.102493286,AWGN,rfsimu_channel_enB0,static-0,1788262185978180597,1,14bd144574d32d9e,1,1,1,1,22153,43.446507,-104,21.85,True,106,106,106,2.15,18.6,2.15,18.6,-7.778925727,-26.10249331,False,2.06915775,0,0,-0.08084225,3.25,-0.08084225,3.25
3,107,107,107,107,6.25,25.8,6.29182510864,25.4718909755,-3.607965474,-28.803982737,True,0.169302163889,-1,14,18,-1,0.133997122821,0.866002877179,0,107,107,107,6.25,25.8,6.29182510864,25.4718909755,-3.607965474,-28.803982737,True,1788262326,1788262326.12,0.121623516083,1788262326,1788262326.5,1788262327,1788262327001691,1788262327019129,-3.607965,-28.803984,-3.607965474,-28.803983688,AWGN,rfsimu_channel_enB0,static-0,1788262185978180597,1,14bd144574d32d9e,1,1,1,1,55641.7142857,47.358309,-100,25.785715,True,107,107,107,6.25,25.8,6.29182510864,25.4718909755,-3.607965474,-28.803982737,True,5.98095975,0.04182510864,-0.3281090245,-0.31086535864,0.3138240245,-0.26904025,-0.014285
3,108,108,108,108,3.2,19.4,3.2,19.4,-6.720356891,-25.906995927,False,0,11,11,8,9,0.31991077727,0.515605827308,0.164483395421,108,108,108,3.2,19.4,3.2,19.4,-6.720356891,-25.906995927,False,1788262327,1788262327.15,0.152854442596,1788262327,1788262327.5,1788262328,1788262328001062,1788262328004361,-6.720357,-25.906996,-6.720356891,-25.906995773,AWGN,rfsimu_channel_enB0,static-0,1788262185978180597,1,14bd144574d32d9e,1,1,1,1,30867.6428571,44.810933,-103,20.800001,True,108,108,108,3.2,19.4,3.2,19.4,-6.720356891,-25.906995927,False,3.43358375,0,0,0.23358375,1.400001,0.23358375,1.400001
3,109,109,109,109,3.6,19.5,3.6,19.5,-6.319659551,-25.629083158,False,0,11,11,8,9,0.420085112304,0.48975112768,0.0901637600158,109,109,109,3.6,19.5,3.6,19.5,-6.319659551,-25.629083158,False,1788262328,1788262328.12,0.117651700974,1788262328,1788262328.5,1788262329,1788262329001448,1788262329065262,-6.31966,-25.629084,-6.319659551,-25.629083633,AWGN,rfsimu_channel_enB0,static-0,1788262185978180597,1,14bd144574d32d9e,1,1,1,1,31383.6,44.965918,-103,20.566667,True,109,109,109,3.6,19.5,3.6,19.5,-6.319659551,-25.629083158,False,3.58856875,0,0,-0.01143125,1.066667,-0.01143125,1.066667
3,110,110,110,110,7.5,25.6,7.5,25.6,-2.40154635,-27.723063696,False,0,3,8,11,18,0.048461971385,0.0553872607854,0.89615076783,110,110,110,7.5,25.6,7.5,25.6,-2.40154635,-27.723063696,False,1788262329,1788262329.16,0.157643318176,1788262329,1788262329.5,1788262330,1788262330001166,1788262330054100,-2.401546,-27.723064,-2.40154635,-27.723064423,AWGN,rfsimu_channel_enB0,static-0,1788262185978180597,1,14bd144574d32d9e,1,1,1,1,74010.7857143,48.596981,-99,24.207143,True,110,110,110,7.5,25.6,7.5,25.6,-2.40154635,-27.723063696,False,7.21963175,0,0,-0.28036825,-1.392857,-0.28036825,-1.392857
3,111,111,111,111,7.35,24.35,7.35,24.35,-2.557228025,-26.675874916,False,0,3,8,11,18,0.00459633196108,0.26482501684,0.730578651199,111,111,111,7.35,24.35,7.35,24.35,-2.557228025,-26.675874916,False,1788262330,1788262330.12,0.117646217346,1788262330,1788262330.5,1788262331,1788262331000813,1788262331039130,-2.557228,-26.675875,-2.557228025,-26.67587471,AWGN,rfsimu_channel_enB0,static-0,1788262185978180597,1,14bd144574d32d9e,1,1,1,1,74317.8571429,48.710863,-99,24.478571,True,111,111,111,7.35,24.35,7.35,24.35,-2.557228025,-26.675874916,False,7.33351375,0,0,-0.01648625,0.128571,-0.01648625,0.128571
3,112,112,112,112,2.8,17.85,2.8,17.85,-7.13923202,-24.744286796,False,0,11,11,8,9,0.215191994942,0.058223595332,0.726584409726,112,112,112,2.8,17.85,2.8,17.85,-7.13923202,-24.744286796,False,1788262331,1788262331.09,0.0936181545258,1788262331,1788262331.5,1788262332,1788262332001064,1788262332023360,-7.139232,-24.744287,-7.13923202,-24.744287491,AWGN,rfsimu_channel_enB0,static-0,1788262185978180597,1,14bd144574d32d9e,1,1,1,1,26132.2857143,44.171352,-104,20.271429,True,112,112,112,2.8,17.85,2.8,17.85,-7.13923202,-24.744286796,False,2.79400275,0,0,-0.00599725,2.421429,-0.00599725,2.421429
3,113,113,113,113,1.2,13.45,1.2,13.45,-8.872542508,-22.047901325,False,0,27,6,7,10,0.0159671083049,0.420304145563,0.563728746132,113,113,113,1.2,13.45,1.2,13.45,-8.872542508,-22.047901325,False,1788262332,1788262332.15,0.153638362885,1788262332,1788262332.5,1788262333,1788262333000267,1788262333012155,-8.872543,-22.047901,-8.872542508,-22.047901154,AWGN,rfsimu_channel_enB0,static-0,1788262185978180597,1,14bd144574d32d9e,1,1,1,1,18603.4285714,42.668276,-105,18.771428,True,113,113,113,1.2,13.45,1.2,13.45,-8.872542508,-22.047901325,False,1.29092675,0,0,0.09092675,5.321428,0.09092675,5.321428
3,114,114,114,114,4.05,16.8,4.05,16.8,-5.938573298,-22.406165577,False,0,12,9,17,11,0.354383235225,0.260520178606,0.385096586169,114,114,114,4.05,16.8,4.05,16.8,-5.938573298,-22.406165577,False,1788262333,1788262333.13,0.125643014908,1788262333,1788262333.5,1788262334,1788262334000815,1788262334000620,-5.938573,-22.406166,-5.938573298,-22.406166077,AWGN,rfsimu_channel_enB0,static-0,1788262185978180597,1,14bd144574d32d9e,1,1,1,1,33152.7142857,45.153772,-103,21.25,True,114,114,114,4.05,16.8,4.05,16.8,-5.938573298,-22.406165577,False,3.77642275,0,0,-0.27357725,4.45,-0.27357725,4.45
3,115,115,115,115,6,19.8,6,19.8,-3.924955986,-23.632404684,False,0,3,8,11,18,0.0296529766661,0.873519063118,0.0968279602158,115,115,115,6,19.8,6,19.8,-3.924955986,-23.632404684,False,1788262334,1788262334.1,0.0976507663727,1788262334,1788262334.5,1788262335,1788262335001186,1788262335057559,-3.924956,-23.632404,-3.924955986,-23.632404327,AWGN,rfsimu_channel_enB0,static-0,1788262185978180597,1,14bd144574d32d9e,1,1,1,1,53260.0666667,47.239235,-100,22.24,True,115,115,115,6,19.8,6,19.8,-3.924955986,-23.632404684,False,5.86188575,0,0,-0.13811425,2.44,-0.13811425,2.44
3,116,116,116,116,7.25,20.3,7.25,20.3,-2.67548866,-22.70926237,False,0,1,18,11,19,0.0619196734419,0.63791232818,0.300167998378,116,116,116,7.25,20.3,7.25,20.3,-2.67548866,-22.70926237,False,1788262335,1788262335.17,0.165644884109,1788262335,1788262335.5,1788262336,1788262336001635,1788262336043099,-2.675489,-22.709263,-2.67548866,-22.709262848,AWGN,rfsimu_channel_enB0,static-0,1788262185978180597,1,14bd144574d32d9e,1,1,1,1,71212.7142857,48.51355,-99,23.221428,True,116,116,116,7.25,20.3,7.25,20.3,-2.67548866,-22.70926237,False,7.13620075,0,0,-0.11379925,2.921428,-0.11379925,2.921428
3,117,117,117,117,8.15,19.75,8.15,19.75,-1.783134418,-21.209800627,False,0,0,19,11,12,0.383774750104,0.445783604406,0.170441645491,117,117,117,8.15,19.75,8.15,19.75,-1.783134418,-21.209800627,False,1788262336,1788262336.13,0.125678777695,1788262336,1788262336.5,1788262337,1788262337000015,1788262337027579,-1.783134,-21.209801,-1.783134418,-21.20980072,AWGN,rfsimu_channel_enB0,static-0,1788262185978180597,1,14bd144574d32d9e,1,1,1,1,89749.2142857,49.530101,-98,24.242857,True,117,117,117,8.15,19.75,8.15,19.75,-1.783134418,-21.209800627,False,8.15275175,0,0,0.00275175000001,4.492857,0.00275175000001,4.492857
3,118,118,118,118,7.7,22.1,7.7,22.1,-2.218231686,-24.002120365,False,0,1,18,11,19,0.315500753724,0.396807544576,0.2876917017,118,118,118,7.7,22.1,7.7,22.1,-2.218231686,-24.002120365,False,1788262337,1788262337.09,0.0896196365356,1788262337,1788262337.5,1788262338,1788262338001205,1788262338016754,-2.218232,-24.002121,-2.218231686,-24.002120972,AWGN,rfsimu_channel_enB0,static-0,1788262185978180597,1,14bd144574d32d9e,1,1,1,1,80773.4285714,49.072501,-99,23.314286,True,118,118,118,7.7,22.1,7.7,22.1,-2.218231686,-24.002120365,False,7.69515175,0,0,-0.00484824999999,1.214286,-0.00484824999999,1.214286
3,119,119,119,119,8.95,22.75,8.95,22.75,-0.967876242,-23.203499829,False,0,1,18,11,19,0.286593617895,0.0986722516266,0.614734130479,119,119,119,8.95,22.75,8.95,22.75,-0.967876242,-23.203499829,False,1788262338,1788262338.16,0.157650232315,1788262338,1788262338.5,1788262339,1788262339000467,1788262339002240,-0.967876,-23.203501,-0.967876242,-23.203500748,AWGN,rfsimu_channel_enB0,static-0,1788262185978180597,1,14bd144574d32d9e,1,1,1,1,105915,50.238503,-98,23.35,True,119,119,119,8.95,22.75,8.95,22.75,-0.967876242,-23.203499829,False,8.86115375,0,0,-0.08884625,0.6,-0.08884625,0.6
3,120,120,120,120,8.15,22.4,8.15,22.4,-1.76780327,-23.781222241,False,0,1,18,11,19,0.316220101074,0.283840766855,0.39993913207,120,120,120,8.15,22.4,8.15,22.4,-1.76780327,-23.781222241,False,1788262339,1788262339.12,0.121664762497,1788262339,1788262339.5,1788262340,1788262340001137,1788262340054936,-1.767803,-23.781221,-1.76780327,-23.78122139,AWGN,rfsimu_channel_enB0,static-0,1788262185978180597,1,14bd144574d32d9e,1,1,1,1,90672.5333333,49.568955,-98,22.68,True,120,120,120,8.15,22.4,8.15,22.4,-1.76780327,-23.781222241,False,8.19160575,0,0,0.04160575,0.28,0.04160575,0.28
3,121,121,121,121,8,20.6,8,20.6,-1.925685107,-22.139264681,False,0,1,18,11,19,0.0294036879687,0.466719432764,0.503876879268,121,121,121,8,20.6,8,20.6,-1.925685107,-22.139264681,False,1788262340,1788262340.09,0.0936465263367,1788262340,1788262340.5,1788262341,1788262341000612,1788262341037479,-1.925685,-22.139265,-1.925685107,-22.13926506,AWGN,rfsimu_channel_enB0,static-0,1788262185978180597,1,14bd144574d32d9e,1,1,1,1,86533.9285714,49.371565,-98,22.471428,True,121,121,121,8,20.6,8,20.6,-1.925685107,-22.139264681,False,7.99421575,0,0,-0.00578425,1.871428,-0.00578425,1.871428
3,122,122,122,122,8.9,22.2,8.9,22.2,-1.020275903,-22.706639179,False,0,1,18,11,19,0.199416871291,0.155360540067,0.645222588643,122,122,122,8.9,22.2,8.9,22.2,-1.020275903,-22.706639179,False,1788262341,1788262341.16,0.161102771759,1788262341,1788262341.5,1788262342,1788262342001374,1788262342018420,-1.020276,-22.706638,-1.020275903,-22.706638336,AWGN,rfsimu_channel_enB0,static-0,1788262185978180597,1,14bd144574d32d9e,1,1,1,1,105633.642857,50.231279,-98,22.628571,True,122,122,122,8.9,22.2,8.9,22.2,-1.020275903,-22.706639179,False,8.85392975,0,0,-0.04607025,0.428571,-0.04607025,0.428571
3,123,123,123,123,9.25,21.95,9.25,21.95,-0.672143003,-22.047063667,False,0,1,18,11,19,0.118498694174,0.108786403735,0.77271490209,123,123,123,9.25,21.95,9.25,21.95,-0.672143003,-22.047063667,False,1788262342,1788262342.13,0.125628471375,1788262342,1788262342.5,1788262343,1788262343000109,1788262343001873,-0.672143,-22.047064,-0.672143003,-22.047063828,AWGN,rfsimu_channel_enB0,static-0,1788262185978180597,1,14bd144574d32d9e,1,1,1,1,114809.857143,50.59851,-97,22.785714,True,123,123,123,9.25,21.95,9.25,21.95,-0.672143003,-22.047063667,False,9.22116075,0,0,-0.02883925,0.835714,-0.02883925,0.835714
3,124,124,124,124,9.65,24.35,9.14527521888,23.4614032049,-0.769769186,-23.694192151,True,0.672419638881,-1,18,19,-1,0.384884593052,0.615115406948,0,124,124,124,9.65,24.35,9.14527521888,23.4614032049,-0.769769186,-23.694192151,True,1788262343,1788262343.16,0.161127567291,1788262343,1788262343.5,1788262344,1788262344001117,1788262344060949,-0.769769,-23.694193,-0.769769186,-23.694192886,AWGN,rfsimu_channel_enB0,static-0,1788262185978180597,1,14bd144574d32d9e,1,1,1,1,112385.266667,50.506881,-97,22.72,True,124,124,124,9.65,24.35,9.14527521888,23.4614032049,-0.769769186,-23.694192151,True,9.12953175,-0.50472478112,-0.8885967951,-0.01574346888,-0.7414032049,-0.52046825,-1.63
3,125,125,125,125,10,21.9,9.90563365757,21.7338626662,-0.018858889,-21.06600611,True,0.125719568904,-1,18,19,-1,0.00942944425346,0.990570555747,0,125,125,125,10,21.9,9.90563365757,21.7338626662,-0.018858889,-21.06600611,True,1788262344,1788262344.16,0.157130241394,1788262344,1788262344.5,1788262345,1788262345000310,1788262345043735,-0.018859,-21.066006,-0.018858889,-21.066005707,AWGN,rfsimu_channel_enB0,static-0,1788262185978180597,1,14bd144574d32d9e,1,1,1,1,132287.5,51.211474,-97,23.035714,True,125,125,125,10,21.9,9.90563365757,21.7338626662,-0.018858889,-21.06600611,True,9.83412475,-0.09436634243,-0.1661373338,-0.07150890757,1.3018513338,-0.16587525,1.135714
3,126,126,126,126,9.6,19.85,9.6,19.85,-0.339299149,-19.73675141,False,0,0,19,11,12,0.556950671689,0.08482478715,0.358224541161,126,126,126,9.6,19.85,9.6,19.85,-0.339299149,-19.73675141,False,1788262345,1788262345.12,0.121622085571,1788262345,1788262345.5,1788262346,1788262346000192,1788262346024270,-0.339299,-19.736752,-0.339299149,-19.736751556,AWGN,rfsimu_channel_enB0,static-0,1788262185978180597,1,14bd144574d32d9e,1,1,1,1,124996.928571,50.968724,-97,21.864285,True,126,126,126,9.6,19.85,9.6,19.85,-0.339299149,-19.73675141,False,9.59137475,0,0,-0.00862524999999,2.014285,-0.00862524999999,2.014285
3,127,127,127,127,9.55,21,9.55,21,-0.378967438,-20.798285079,False,0,0,19,11,12,0.807458480634,0.0947418593795,0.0977996599863,127,127,127,9.55,21,9.55,21,-0.378967438,-20.798285079,False,1788262346,1788262346.09,0.089647769928,1788262346,1788262346.5,1788262347,1788262347001054,1788262347005971,-0.378967,-20.798285,-0.378967438,-20.798284531,AWGN,rfsimu_channel_enB0,static-0,1788262185978180597,1,14bd144574d32d9e,1,1,1,1,123761.357143,50.92563,-97,21.821428,True,127,127,127,9.55,21,9.55,21,-0.378967438,-20.798285079,False,9.54828075,0,0,-0.00171925,0.821428,-0.00171925,0.821428
3,128,128,128,128,9.15,22.2,9.15,22.2,-0.770796622,-22.415722875,False,0,1,18,11,19,0.171720760604,0.10683877532,0.721440464076,128,128,128,9.15,22.2,9.15,22.2,-0.770796622,-22.415722875,False,1788262347,1788262347.16,0.157649993896,1788262347,1788262347.5,1788262348,1788262348001242,1788262348062563,-0.770797,-22.415724,-0.770796622,-22.415723801,AWGN,rfsimu_channel_enB0,static-0,1788262185978180597,1,14bd144574d32d9e,1,1,1,1,113552.733333,50.550409,-97,21.446666,True,128,128,128,9.15,22.2,9.15,22.2,-0.770796622,-22.415722875,False,9.17305975,0,0,0.02305975,-0.753334,0.02305975,-0.753334
3,129,129,129,129,9.1,20.7,9.1,20.7,-0.829413864,-21.019750297,False,0,0,19,11,12,0.693907375263,0.207353465968,0.0987391587688,129,129,129,9.1,20.7,9.1,20.7,-0.829413864,-21.019750297,False,1788262348,1788262348.13,0.129660129547,1788262348,1788262348.5,1788262349,1788262349000059,1788262349049108,-0.829414,-21.019751,-0.829413864,-21.019750595,AWGN,rfsimu_channel_enB0,static-0,1788262185978180597,1,14bd144574d32d9e,1,1,1,1,111693.5,50.48011,-97,20.985714,True,129,129,129,9.1,20.7,9.1,20.7,-0.829413864,-21.019750297,False,9.10276075,0,0,0.00276075000001,0.285714,0.00276075000001,0.285714
3,130,130,130,130,8.95,22.15,8.95,22.15,-0.970607665,-22.597997381,False,0,1,18,11,19,0.185448924722,0.14992745398,0.664623621298,130,130,130,8.95,22.15,8.95,22.15,-0.970607665,-22.597997381,False,1788262349,1788262349.1,0.0976319313049,1788262349,1788262349.5,1788262350,1788262350000088,1788262350036948,-0.970608,-22.597998,-0.970607665,-22.597997665,AWGN,rfsimu_channel_enB0,static-0,1788262185978180597,1,14bd144574d32d9e,1,1,1,1,107911.142857,50.330534,-97,20.735715,True,130,130,130,8.95,22.15,8.95,22.15,-0.970607665,-22.597997381,False,8.95318475,0,0,0.00318475000001,-1.414285,0.00318475000001,-1.414285
3,131,131,131,131,8.6,20.65,8.6,20.65,-1.327424226,-21.514100919,False,0,0,19,11,12,0.63074114482,0.331856056605,0.0374027985754,131,131,131,8.6,20.65,8.6,20.65,-1.327424226,-21.514100919,False,1788262350,1788262350.16,0.157079458237,1788262350,1788262350.5,1788262351,1788262351000004,1788262351029479,-1.327424,-21.514101,-1.327424226,-21.514101028,AWGN,rfsimu_channel_enB0,static-0,1788262185978180597,1,14bd144574d32d9e,1,1,1,1,100647.642857,50.026887,-98,20.421428,True,131,131,131,8.6,20.65,8.6,20.65,-1.327424226,-21.514100919,False,8.64953775,0,0,0.04953775,-0.228572,0.04953775,-0.228572
3,132,132,132,132,8.55,20.95,8.55,20.95,-1.37523736,-21.852458573,False,0,1,18,11,19,0.0274733154757,0.330072682282,0.642454002243,132,132,132,8.55,20.95,8.55,20.95,-1.37523736,-21.852458573,False,1788262351,1788262351.12,0.117638111115,1788262351,1788262351.5,1788262352,1788262352000244,1788262352019282,-1.375237,-21.852459,-1.37523736,-21.852458954,AWGN,rfsimu_channel_enB0,static-0,1788262185978180597,1,14bd144574d32d9e,1,1,1,1,98279.5,49.924408,-98,20.307143,True,132,132,132,8.55,20.95,8.55,20.95,-1.37523736,-21.852458573,False,8.54705875,0,0,-0.00294125,-0.642857,-0.00294125,-0.642857
3,133,133,133,133,8,19.25,8,19.25,-1.936792403,-20.933112026,False,0,0,19,11,12,0.256980855416,0.484198100743,0.25882104384,133,133,133,8,19.25,8,19.25,-1.936792403,-20.933112026,False,1788262352,1788262352.15,0.153346061707,1788262352,1788262352.5,1788262353,1788262353001309,1788262353006256,-1.936792,-20.933111,-1.936792403,-20.933111191,AWGN,rfsimu_channel_enB0,static-0,1788262185978180597,1,14bd144574d32d9e,1,1,1,1,87677.1428571,49.426374,-98,19.821428,True,133,133,133,8,19.25,8,19.25,-1.936792403,-20.933112026,False,8.04902475,0,0,0.04902475,0.571428,0.04902475,0.571428
3,134,134,134,134,8.05,18.3,8.05,18.3,-1.895369526,-20.046833527,False,0,0,19,11,12,0.0509448095858,0.473842381443,0.475212808971,134,134,134,8.05,18.3,8.05,18.3,-1.895369526,-20.046833527,False,1788262353,1788262353.11,0.113641500473,1788262353,1788262353.5,1788262354,1788262354000420,1788262354061775,-1.89537,-20.046833,-1.895369526,-20.046833038,AWGN,rfsimu_channel_enB0,static-0,1788262185978180597,1,14bd144574d32d9e,1,1,1,1,87136.6,49.401602,-98,19.786666,True,134,134,134,8.05,18.3,8.05,18.3,-1.895369526,-20.046833527,False,8.02425275,0,0,-0.02574725,1.486666,-0.02574725,1.486666
3,135,135,135,135,7,19.15,7,19.15,-2.932813128,-21.92181327,False,0,0,19,11,12,0.13064839453,0.733203282017,0.136148323454,135,135,135,7,19.15,7,19.15,-2.932813128,-21.92181327,False,1788262354,1788262354.17,0.165094614029,1788262354,1788262354.5,1788262355,1788262355000954,1788262355047669,-2.932813,-21.921814,-2.932813128,-21.921813965,AWGN,rfsimu_channel_enB0,static-0,1788262185978180597,1,14bd144574d32d9e,1,1,1,1,70542.5,48.474864,-99,18.835714,True,135,135,135,7,19.15,7,19.15,-2.932813128,-21.92181327,False,7.09751475,0,0,0.09751475,-0.314286,0.09751475,-0.314286
3,136,136,136,136,6,19,6,19,-3.929968383,-22.860600464,False,0,4,12,11,17,0.0196549111255,0.976051075018,0.0042940138561,136,136,136,6,19,6,19,-3.929968383,-22.860600464,False,1788262355,1788262355.13,0.125646352768,1788262355,1788262355.5,1788262356,1788262356001046,1788262356038175,-3.929968,-22.8606,-3.929968383,-22.860599518,AWGN,rfsimu_channel_enB0,static-0,1788262185978180597,1,14bd144574d32d9e,1,1,1,1,54921.4285714,47.396926,-100,18.421429,True,136,136,136,6,19,6,19,-3.929968383,-22.860600464,False,6.01957675,0,0,0.01957675,-0.578571,0.01957675,-0.578571
3,137,137,137,137,5.05,17.85,5.05,17.85,-4.912207257,-22.555345145,False,0,12,9,17,11,0.152988607207,0.150126413901,0.696884978892,137,137,137,5.05,17.85,5.05,17.85,-4.912207257,-22.555345145,False,1788262356,1788262356.1,0.0976419448853,1788262356,1788262356.5,1788262357,1788262357000616,1788262357024996,-4.912207,-22.555346,-4.912207257,-22.555345535,AWGN,rfsimu_channel_enB0,static-0,1788262185978180597,1,14bd144574d32d9e,1,1,1,1,43834.5,46.417629,-101,17.678572,True,137,137,137,5.05,17.85,5.05,17.85,-4.912207257,-22.555345145,False,5.04027975,0,0,-0.00972025,-0.171428,-0.00972025,-0.171428
3,138,138,138,138,5.4,15,5.4,15,-4.659530151,-19.147606045,False,0,4,12,11,17,0.137723036012,0.257065816249,0.605211147739,138,138,138,5.4,15,5.4,15,-4.659530151,-19.147606045,False,1788262357,1788262357.16,0.157663345337,1788262357,1788262357.5,1788262358,1788262358000931,1788262358013042,-4.65953,-19.147606,-4.659530151,-19.147605896,AWGN,rfsimu_channel_enB0,static-0,1788262185978180597,1,14bd144574d32d9e,1,1,1,1,47255.2142857,46.741805,-101,18.014286,True,138,138,138,5.4,15,5.4,15,-4.659530151,-19.147606045,False,5.36445575,0,0,-0.03554425,3.014286,-0.03554425,3.014286
3,139,139,139,139,4.6,12.2,4.4467599529,13.0126406848,-5.680936906,-17.946822818,True,0.434256528655,-1,12,17,-1,0.0531771823165,0.946822817683,0,139,139,139,4.6,12.2,4.4467599529,13.0126406848,-5.680936906,-17.946822818,True,1788262358,1788262358.12,0.121644496918,1788262358,1788262358.5,1788262359,1788262359000281,1788262359000059,-5.680937,-17.946823,-5.680936906,-17.94682312,AWGN,rfsimu_channel_enB0,static-0,1788262185978180597,1,14bd144574d32d9e,1,1,1,1,38718.2857143,45.867633,-102,16.764286,True,139,139,139,4.6,12.2,4.4467599529,13.0126406848,-5.680936906,-17.946822818,True,4.49028375,-0.1532400471,0.8126406848,0.0435237971,3.7516453152,-0.10971625,4.564286
3,140,140,140,140,4,12.8,4,12.8,-6.135282724,-18.174007466,False,0,25,16,17,10,0.0160929969437,0.948451635013,0.0354553680431,140,140,140,4,12.8,4,12.8,-6.135282724,-18.174007466,False,1788262359,1788262359.16,0.161087274551,1788262359,1788262359.5,1788262360,1788262360000182,1788262360057369,-6.135283,-18.174007,-6.135282724,-18.174007416,AWGN,rfsimu_channel_enB0,static-0,1788262185978180597,1,14bd144574d32d9e,1,1,1,1,35081.9333333,45.446423,-102,14.106667,True,140,140,140,4,12.8,4,12.8,-6.135282724,-18.174007466,False,4.06907375,0,0,0.06907375,1.306667,0.06907375,1.306667
3,141,141,141,141,4.7,12.7,4.61685208742,13.1409381092,-5.505815288,-17.917635881,True,0.235627204288,-1,12,17,-1,0.0823641185911,0.917635881409,0,141,141,141,4.7,12.7,4.61685208742,13.1409381092,-5.505815288,-17.917635881,True,1788262360,1788262360.13,0.129662036896,1788262360,1788262360.5,1788262361,1788262361001512,1788262361045223,-5.505815,-17.917635,-5.505815288,-17.917634964,AWGN,rfsimu_channel_enB0,static-0,1788262185978180597,1,14bd144574d32d9e,1,1,1,1,40187.1428571,46.037909,-102,14.721428,True,141,141,141,4.7,12.7,4.61685208742,13.1409381092,-5.505815288,-17.917635881,True,4.66055975,-0.08314791258,0.4409381092,0.04370766258,1.5804898908,-0.03944025,2.021428
3,142,142,142,142,4,13.85,4,13.85,-6.095986951,-19.285031705,False,0,12,9,17,11,0.127083256801,0.793826961734,0.0790897814647,142,142,142,4,13.85,4,13.85,-6.095986951,-19.285031705,False,1788262361,1788262361.09,0.0936419963837,1788262361,1788262361.5,1788262362,1788262362001802,1788262362033583,-6.095987,-19.285032,-6.095986951,-19.285032272,AWGN,rfsimu_channel_enB0,static-0,1788262185978180597,1,14bd144574d32d9e,1,1,1,1,34466.1428571,45.373008,-102,14.042857,True,142,142,142,4,13.85,4,13.85,-6.095986951,-19.285031705,False,3.99565875,0,0,-0.00434125,0.192857,-0.00434125,0.192857
3,143,143,143,143,3.55,16.3,3.55,16.3,-6.450840915,-22.358440978,False,0,12,9,17,11,0.457128605402,0.311163246507,0.231708148091,143,143,143,3.55,16.3,3.55,16.3,-6.450840915,-22.358440978,False,1788262362,1788262362.15,0.153612375259,1788262362,1788262362.5,1788262363,1788262363001136,1788262363023509,-6.450841,-22.35844,-6.450840915,-22.358440399,AWGN,rfsimu_channel_enB0,static-0,1788262185978180597,1,14bd144574d32d9e,1,1,1,1,31098.1428571,44.924824,-103,14.25,True,143,143,143,3.55,16.3,3.55,16.3,-6.450840915,-22.358440978,False,3.54747475,0,0,-0.00252524999999,-2.05,-0.00252524999999,-2.05
3,144,144,144,144,3.6,17.9,3.6,17.9,-6.342859091,-24.028854883,False,0,12,9,17,11,0.573833550776,0.0237624437428,0.402404005482,144,144,144,3.6,17.9,3.6,17.9,-6.342859091,-24.028854883,False,1788262363,1788262363.12,0.121663331985,1788262363,1788262363.5,1788262364,1788262364001129,1788262364020447,-6.342859,-24.028854,-6.342859091,-24.02885437,AWGN,rfsimu_channel_enB0,static-0,1788262185978180597,1,14bd144574d32d9e,1,1,1,1,31444,44.974855,-103,14.685714,True,144,144,144,3.6,17.9,3.6,17.9,-6.342859091,-24.028854883,False,3.59750575,0,0,-0.00249425,-3.214286,-0.00249425,-3.214286
3,145,145,145,145,3.85,18.75,3.85,18.75,-6.079409543,-24.648142648,False,0,11,11,8,9,0.480147614164,0.20281262529,0.317039760547,145,145,145,3.85,18.75,3.85,18.75,-6.079409543,-24.648142648,False,1788262364,1788262364.16,0.160942316055,1788262364,1788262364.5,1788262365,1788262365001133,1788262365016671,-6.07941,-24.648142,-6.079409543,-24.648141861,AWGN,rfsimu_channel_enB0,static-0,1788262185978180597,1,14bd144574d32d9e,1,1,1,1,33105.5714286,45.197619,-102,14.907143,True,145,145,145,3.85,18.75,3.85,18.75,-6.079409543,-24.648142648,False,3.82026975,0,0,-0.02973025,-3.842857,-0.02973025,-3.842857
3,146,146,146,146,2.8,19.05,2.8,19.05,-7.124188333,-25.93652561,False,0,11,11,8,9,0.218952916841,0.458143814591,0.322903268568,146,146,146,2.8,19.05,2.8,19.05,-7.124188333,-25.93652561,False,1788262365,1788262365.12,0.117647409439,1788262365,1788262365.5,1788262366,1788262366000810,1788262366011003,-7.124188,-25.936525,-7.124188333,-25.936525345,AWGN,rfsimu_channel_enB0,static-0,1788262185978180597,1,14bd144574d32d9e,1,1,1,1,26784.8571429,44.268833,-104,14.1,True,146,146,146,2.8,19.05,2.8,19.05,-7.124188333,-25.93652561,False,2.89148375,0,0,0.09148375,-4.95,0.09148375,-4.95
3,147,147,147,147,2.8,18.35,2.8,18.35,-7.132963817,-25.241052969,False,0,11,11,8,9,0.216759045733,0.224857020023,0.558383934244,147,147,147,2.8,18.35,2.8,18.35,-7.132963817,-25.241052969,False,1788262366,1788262366.16,0.157565116882,1788262366,1788262366.5,1788262367,1788262367001102,1788262367009737,-7.132964,-25.241053,-7.132963817,-25.241052628,AWGN,rfsimu_channel_enB0,static-0,1788262185978180597,1,14bd144574d32d9e,1,1,1,1,26489.7142857,44.230511,-104,15.871428,True,147,147,147,2.8,18.35,2.8,18.35,-7.132963817,-25.241052969,False,2.85316175,0,0,0.05316175,-2.478572,0.05316175,-2.478572
3,148,148,148,148,1.65,16.15,1.65,16.15,-8.329914515,-24.09222388,False,0,28,10,9,6,0.302592040131,0.532450702555,0.164957257313,148,148,148,1.65,16.15,1.65,16.15,-8.329914515,-24.09222388,False,1788262367,1788262367.13,0.125049352646,1788262367,1788262367.5,1788262368,1788262368001242,1788262368001023,-8.329915,-24.092224,-8.329914515,-24.092224121,AWGN,rfsimu_channel_enB0,static-0,1788262185978180597,1,14bd144574d32d9e,1,1,1,1,20455.5,43.09563,-105,14.685714,True,148,148,148,1.65,16.15,1.65,16.15,-8.329914515,-24.09222388,False,1.71828075,0,0,0.06828075,-1.464286,0.06828075,-1.464286
3,149,149,149,149,1.15,13.85,1.15,13.85,-8.907605233,-22.428357435,False,0,27,6,7,10,0.142785811706,0.311016804732,0.546197383562,149,149,149,1.15,13.85,1.15,13.85,-8.907605233,-22.428357435,False,1788262368,1788262368.17,0.165082931519,1788262368,1788262368.5,1788262369,1788262369000691,1788262369065666,-8.907605,-22.428358,-8.907605233,-22.428358078,AWGN,rfsimu_channel_enB0,static-0,1788262185978180597,1,14bd144574d32d9e,1,1,1,1,18090.0666667,42.570262,-105,13.906667,True,149,149,149,1.15,13.85,1.15,13.85,-8.907605233,-22.428357435,False,1.19291275,0,0,0.04291275,0.056667,0.04291275,0.056667
3,150,150,150,150,2.2,15.25,2.2,15.25,-7.812731613,-22.596547564,False,0,24,17,9,10,0.093634193595,0.323694779331,0.582671027074,150,150,150,2.2,15.25,2.2,15.25,-7.812731613,-22.596547564,False,1788262369,1788262369.16,0.161654472351,1788262369,1788262369.5,1788262370,1788262370001184,1788262370057533,-7.812732,-22.596548,-7.812731613,-22.59654808,AWGN,rfsimu_channel_enB0,static-0,1788262185978180597,1,14bd144574d32d9e,1,1,1,1,22492.2857143,43.511945,-104,14.407143,True,150,150,150,2.2,15.25,2.2,15.25,-7.812731613,-22.596547564,False,2.13459575,0,0,-0.06540425,-0.842857,-0.06540425,-0.842857
3,151,151,151,151,1.7,13.95,1.7,13.95,-8.357262484,-21.876561181,False,0,26,10,7,16,0.821368758225,0.116911832492,0.0617194092837,151,151,151,1.7,13.95,1.7,13.95,-8.357262484,-21.876561181,False,1788262370,1788262370.12,0.121505498886,1788262370,1788262370.5,1788262371,1788262371001586,1788262371041720,-8.357262,-21.876562,-8.357262484,-21.876562119,AWGN,rfsimu_channel_enB0,static-0,1788262185978180597,1,14bd144574d32d9e,1,1,1,1,20182.7142857,43.048783,-105,13.707143,True,151,151,151,1.7,13.95,1.7,13.95,-8.357262484,-21.876561181,False,1.67143375,0,0,-0.02856625,-0.242857,-0.02856625,-0.242857
3,152,152,152,152,1.65,14.3,1.65,14.3,-8.389345945,-22.245986575,False,0,27,6,7,10,0.0819955248653,0.112677447819,0.805327027316,152,152,152,1.65,14.3,1.65,14.3,-8.389345945,-22.245986575,False,1788262371,1788262371.17,0.165664672852,1788262371,1788262371.5,1788262372,1788262372000250,1788262372027947,-8.389346,-22.245987,-8.389345945,-22.245986938,AWGN,rfsimu_channel_enB0,static-0,1788262185978180597,1,14bd144574d32d9e,1,1,1,1,20184.0714286,43.048533,-105,13.721429,True,152,152,152,1.65,14.3,1.65,14.3,-8.389345945,-22.245986575,False,1.67118375,0,0,0.02118375,-0.578571,0.02118375,-0.578571
3,153,153,153,153,2.25,15.5,2.25,15.5,-7.756561259,-22.805888601,False,0,24,17,9,10,0.121719370281,0.430922027334,0.447358602385,153,153,153,2.25,15.5,2.25,15.5,-7.756561259,-22.805888601,False,1788262372,1788262372.13,0.125629425049,1788262372,1788262372.5,1788262373,1788262373000531,1788262373012644,-7.756561,-22.805889,-7.756561259,-22.80588913,AWGN,rfsimu_channel_enB0,static-0,1788262185978180597,1,14bd144574d32d9e,1,1,1,1,22648.0714286,43.547376,-104,14.228571,True,153,153,153,2.25,15.5,2.25,15.5,-7.756561259,-22.805888601,False,2.17002675,0,0,-0.07997325,-1.271429,-0.07997325,-1.271429
3,154,154,154,154,1.4,12.05,1.4,12.05,-8.772537277,-20.398204294,False,0,25,16,17,10,0.52447837678,0.138209738062,0.337311885157,154,154,154,1.4,12.05,1.4,12.05,-8.772537277,-20.398204294,False,1788262373,1788262373.09,0.0896289348602,1788262373,1788262373.5,1788262374,1788262374000680,1788262374067465,-8.772537,-20.398205,-8.772537277,-20.398204803,AWGN,rfsimu_channel_enB0,static-0,1788262185978180597,1,14bd144574d32d9e,1,1,1,1,18850.7333333,42.750286,-105,13.4,True,154,154,154,1.4,12.05,1.4,12.05,-8.772537277,-20.398204294,False,1.37293675,0,0,-0.02706325,1.35,-0.02706325,1.35
3,155,155,155,155,0.05,10.55,0.05,10.55,-10.197398241,-20.542083494,False,0,17,16,7,4,0.72895825296,0.17234262632,0.0986991207203,155,155,155,0.05,10.55,0.05,10.55,-10.197398241,-20.542083494,False,1788262374,1788262374.16,0.157625436783,1788262374,1788262374.5,1788262375,1788262375001462,1788262375059384,-10.197398,-20.542084,-10.197398241,-20.54208374,AWGN,rfsimu_channel_enB0,static-0,1788262185978180597,1,14bd144574d32d9e,1,1,1,1,14279.0714286,41.534471,-106,12.128571,True,155,155,155,0.05,10.55,0.05,10.55,-10.197398241,-20.542083494,False,0.15712175,0,0,0.10712175,1.578571,0.10712175,1.578571
3,156,156,156,156,1,11.5,1,11.5,-9.203651606,-20.33203405,False,0,25,16,17,10,0.679211526862,0.0773857241013,0.243402749036,156,156,156,1,11.5,1,11.5,-9.203651606,-20.33203405,False,1788262375,1788262375.13,0.12561416626,1788262375,1788262375.5,1788262376,1788262376000049,1788262376049157,-9.203652,-20.332033,-9.203651606,-20.332033157,AWGN,rfsimu_channel_enB0,static-0,1788262185978180597,1,14bd144574d32d9e,1,1,1,1,17370.1428571,42.396828,-105,13.035714,True,156,156,156,1,11.5,1,11.5,-9.203651606,-20.33203405,False,1.01947875,0,0,0.01947875,1.535714,0.01947875,1.535714
3,157,157,157,157,1.95,18.45,1.95,18.45,-7.980528038,-26.14209646,False,0,11,11,8,9,0.00486799053185,0.383944147165,0.611187862304,157,157,157,1.95,18.45,1.95,18.45,-7.980528038,-26.14209646,False,1788262376,1788262376.09,0.0896823406219,1788262376,1788262376.5,1788262377,1788262377000124,1788262377040260,-7.980528,-26.142096,-7.980528038,-26.142095566,AWGN,rfsimu_channel_enB0,static-0,1788262185978180597,1,14bd144574d32d9e,1,1,1,1,21354.9285714,43.29437,-104,15,True,157,157,157,1.95,18.45,1.95,18.45,-7.980528038,-26.14209646,False,1.91702075,0,0,-0.03297925,-3.45,-0.03297925,-3.45
3,158,158,158,158,3.35,18.05,3.35,18.05,-6.587489652,-24.42425251,False,0,11,11,8,9,0.353127586962,0.0435025614299,0.603369851608,158,158,158,3.35,18.05,3.35,18.05,-6.587489652,-24.42425251,False,1788262377,1788262377.16,0.161652803421,1788262377,1788262377.5,1788262378,1788262378000001,1788262378020746,-6.58749,-24.424252,-6.587489652,-24.424251556,AWGN,rfsimu_channel_enB0,static-0,1788262185978180597,1,14bd144574d32d9e,1,1,1,1,29240,44.649104,-103,17.4,True,158,158,158,3.35,18.05,3.35,18.05,-6.587489652,-24.42425251,False,3.27175475,0,0,-0.07824525,-0.65,-0.07824525,-0.65
3,159,159,159,159,2.8,18.35,2.8,18.35,-7.132963817,-25.241052969,False,0,11,11,8,9,0.216759045733,0.224857020023,0.558383934244,159,159,159,2.8,18.35,2.8,18.35,-7.132963817,-25.241052969,False,1788262378,1788262378.13,0.12565779686,1788262378,1788262378.5,1788262379,1788262379000884,1788262379005732,-7.132964,-25.241053,-7.132963817,-25.241052628,AWGN,rfsimu_channel_enB0,static-0,1788262185978180597,1,14bd144574d32d9e,1,1,1,1,26563,44.239355,-104,17.014286,True,159,159,159,2.8,18.35,2.8,18.35,-7.132963817,-25.241052969,False,2.86200575,0,0,0.06200575,-1.335714,0.06200575,-1.335714
3,160,160,160,160,3.15,21.3,3.15,21.3,-6.757007857,-27.784478602,False,0,3,8,11,18,0.778466549684,0.0431042796675,0.178429170648,160,160,160,3.15,21.3,3.15,21.3,-6.757007857,-27.784478602,False,1788262379,1788262379.16,0.157658338547,1788262379,1788262379.5,1788262380,1788262380000011,1788262380068467,-6.757008,-27.784479,-6.757007857,-27.784479141,AWGN,rfsimu_channel_enB0,static-0,1788262185978180597,1,14bd144574d32d9e,1,1,1,1,28301.0666667,44.516756,-103,17.299999,True,160,160,160,3.15,21.3,3.15,21.3,-6.757007857,-27.784478602,False,3.13940675,0,0,-0.01059325,-4.000001,-0.01059325,-4.000001
3,161,161,161,161,5.35,20.7,5.35,20.7,-4.568080814,-25.110720248,False,0,3,8,11,18,0.23539481881,0.577855950393,0.186749230797,161,161,161,5.35,20.7,5.35,20.7,-4.568080814,-25.110720248,False,1788262380,1788262380.13,0.125682830811,1788262380,1788262380.5,1788262381,1788262381001450,1788262381059389,-4.568081,-25.11072,-4.568080814,-25.110719681,AWGN,rfsimu_channel_enB0,static-0,1788262185978180597,1,14bd144574d32d9e,1,1,1,1,47015,46.722166,-101,20.228572,True,161,161,161,5.35,20.7,5.35,20.7,-4.568080814,-25.110720248,False,5.34481675,0,0,-0.00518324999999,-0.471428,-0.00518324999999,-0.471428
3,162,162,162,162,4.7,20.85,4.7,20.85,-5.214945244,-25.874719156,False,0,3,8,11,18,0.394138817723,0.425056168811,0.180805013465,162,162,162,4.7,20.85,4.7,20.85,-5.214945244,-25.874719156,False,1788262381,1788262381.1,0.0976450443268,1788262381,1788262381.5,1788262382,1788262382000608,1788262382051562,-5.214945,-25.87472,-5.214945244,-25.87471962,AWGN,rfsimu_channel_enB0,static-0,1788262185978180597,1,14bd144574d32d9e,1,1,1,1,40504.4285714,46.074873,-102,19.571429,True,162,162,162,4.7,20.85,4.7,20.85,-5.214945244,-25.874719156,False,4.69752375,0,0,-0.00247625,-1.278571,-0.00247625,-1.278571
3,163,163,163,163,3.45,19.25,3.45,19.25,-6.47258504,-25.522174823,False,0,11,11,8,9,0.38185374008,0.428627434547,0.189518825373,163,163,163,3.45,19.25,3.45,19.25,-6.47258504,-25.522174823,False,1788262382,1788262382.17,0.165620803833,1788262382,1788262382.5,1788262383,1788262383001768,1788262383041802,-6.472585,-25.522175,-6.47258504,-25.522174835,AWGN,rfsimu_channel_enB0,static-0,1788262185978180597,1,14bd144574d32d9e,1,1,1,1,31084.5714286,44.913978,-103,18.414285,True,163,163,163,3.45,19.25,3.45,19.25,-6.47258504,-25.522174823,False,3.53662875,0,0,0.08662875,-0.835715,0.08662875,-0.835715
3,164,164,164,164,-1.4,17.15,-1.4,17.15,-11.34183693,-28.345924735,False,0,21,2,5,14,0.555610219955,0.386735657596,0.0576541224496,164,164,164,-1.4,17.15,-1.4,17.15,-11.34183693,-28.345924735,False,1788262383,1788262383.13,0.125646591187,1788262383,1788262383.5,1788262384,1788262384001294,1788262384032614,-11.341837,-28.345924,-11.34183693,-28.345924377,AWGN,rfsimu_channel_enB0,static-0,1788262185978180597,1,14bd144574d32d9e,1,1,1,1,9951.5,39.977652,-108,14.135714,True,164,164,164,-1.4,17.15,-1.4,17.15,-11.34183693,-28.345924735,False,-1.39969725,0,0,0.000302750000004,-3.014286,0.000302750000004,-3.014286
3,165,165,165,165,-1.6,15.95,-1.6,15.95,-11.56470503,-27.31178385,False,0,20,2,3,6,0.770594616727,0.0117578980909,0.217647485183,165,165,165,-1.6,15.95,-1.6,15.95,-11.56470503,-27.31178385,False,1788262384,1788262384.1,0.0976321697235,1788262384,1788262384.5,1788262385,1788262385000501,1788262385026790,-11.564705,-27.311785,-11.56470503,-27.311784744,AWGN,rfsimu_channel_enB0,static-0,1788262185978180597,1,14bd144574d32d9e,1,1,1,1,9547.28571429,39.798402,-108,15.021429,True,165,165,165,-1.6,15.95,-1.6,15.95,-11.56470503,-27.31178385,False,-1.57894725,0,0,0.02105275,-0.928571,0.02105275,-0.928571
3,166,166,166,166,-0.7,14.8,-0.7,14.8,-10.719801969,-25.113324784,False,0,20,2,3,6,0.0377749279963,0.322126056319,0.640099015684,166,166,166,-0.7,14.8,-0.7,14.8,-10.719801969,-25.113324784,False,1788262385,1788262385.16,0.15762758255,1788262385,1788262385.5,1788262386,1788262386001015,1788262386014790,-10.719802,-25.113325,-10.719801969,-25.113325119,AWGN,rfsimu_channel_enB0,static-0,1788262185978180597,1,14bd144574d32d9e,1,1,1,1,11446.6428571,40.580381,-107,15.828571,True,166,166,166,-0.7,14.8,-0.7,14.8,-10.719801969,-25.113324784,False,-0.79696825,0,0,-0.09696825,1.028571,-0.09696825,1.028571
3,167,167,167,167,-1.5,12,-1.5,12,-11.643286343,-23.446032243,False,0,18,4,7,3,0.339632423964,0.178356828416,0.48201074762,167,167,167,-1.5,12,-1.5,12,-11.643286343,-23.446032243,False,1788262386,1788262386.11,0.113666296005,1788262386,1788262386.5,1788262387,1788262387001355,1788262387003116,-11.643286,-23.446032,-11.643286343,-23.44603157,AWGN,rfsimu_channel_enB0,static-0,1788262185978180597,1,14bd144574d32d9e,1,1,1,1,9896.14285714,39.949887,-108,15.171429,True,167,167,167,-1.5,12,-1.5,12,-11.643286343,-23.446032243,False,-1.42746225,0,0,0.07253775,3.171429,0.07253775,3.171429
3,168,168,168,168,-3.2,14.5,-3.2,14.5,-13.214318138,-27.425778386,False,0,23,1,3,2,0.303579534434,0.393793560811,0.302626904755,168,168,168,-3.2,14.5,-3.2,14.5,-13.214318138,-27.425778386,False,1788262387,1788262387.16,0.161642074585,1788262387,1788262387.5,1788262388,1788262388001363,1788262388070349,-13.214318,-27.425777,-13.214318138,-27.425777435,AWGN,rfsimu_channel_enB0,static-0,1788262185978180597,1,14bd144574d32d9e,1,1,1,1,6998.53333333,38.408992,-110,11.573333,True,168,168,168,-3.2,14.5,-3.2,14.5,-13.214318138,-27.425778386,False,-2.96835725,0,0,0.23164275,-2.926667,0.23164275,-2.926667
3,169,169,169,169,-1.85,13.6,-1.85,13.6,-11.907063841,-25.178968928,False,0,20,2,3,6,0.0596563092304,0.893875611503,0.0464680792666,169,169,169,-1.85,13.6,-1.85,13.6,-11.907063841,-25.178968928,False,1788262388,1788262388.13,0.133734464645,1788262388,1788262388.5,1788262389,1788262389000122,1788262389060057,-11.907064,-25.178968,-11.907063841,-25.17896843,AWGN,rfsimu_channel_enB0,static-0,1788262185978180597,1,14bd144574d32d9e,1,1,1,1,9004.78571429,39.543577,-108,12.464286,True,169,169,169,-1.85,13.6,-1.85,13.6,-11.907063841,-25.178968928,False,-1.83377225,0,0,0.01622775,-1.135714,0.01622775,-1.135714
3,170,170,170,170,-0.1,15.7,-0.1,15.7,-10.092529075,-25.371445057,False,0,19,6,5,2,0.876184981125,0.0775504811637,0.0462645377117,170,170,170,-0.1,15.7,-0.1,15.7,-10.092529075,-25.371445057,False,1788262389,1788262389.1,0.0976593494415,1788262389,1788262389.5,1788262390,1788262390001717,1788262390052566,-10.092529,-25.371445,-10.092529075,-25.371444702,AWGN,rfsimu_channel_enB0,static-0,1788262185978180597,1,14bd144574d32d9e,1,1,1,1,13450.8571429,41.286013,-107,14.292857,True,170,170,170,-0.1,15.7,-0.1,15.7,-10.092529075,-25.371445057,False,-0.09133625,0,0,0.00866375,-1.407143,0.00866375,-1.407143
3,171,171,171,171,0,17.4,0,17.4,-9.950753917,-27.100437595,False,0,13,9,5,6,0.0246230416618,0.700145865007,0.275231093332,171,171,171,0,17.4,0,17.4,-9.950753917,-27.100437595,False,1788262390,1788262390.16,0.161652565002,1788262390,1788262390.5,1788262391,1788262391000597,1788262391042294,-9.950754,-27.100437,-9.950753917,-27.100437164,AWGN,rfsimu_channel_enB0,static-0,1788262185978180597,1,14bd144574d32d9e,1,1,1,1,13612.5,41.33852,-106,14.742857,True,171,171,171,0,17.4,0,17.4,-9.950753917,-27.100437595,False,-0.03882925,0,0,-0.03882925,-2.657143,-0.03882925,-2.657143
3,172,172,172,172,2.9,16.85,2.9,16.85,-7.072849413,-23.58592786,False,0,12,9,17,11,0.689004282677,0.158416141121,0.152579576202,172,172,172,2.9,16.85,2.9,16.85,-7.072849413,-23.58592786,False,1788262391,1788262391.13,0.125689744949,1788262391,1788262391.5,1788262392,1788262392001180,1788262392029129,-7.072849,-23.585928,-7.072849413,-23.585927963,AWGN,rfsimu_channel_enB0,static-0,1788262185978180597,1,14bd144574d32d9e,1,1,1,1,26951.0714286,44.304965,-104,18.492857,True,172,172,172,2.9,16.85,2.9,16.85,-7.072849413,-23.58592786,False,2.92761575,0,0,0.02761575,1.642857,0.02761575,1.642857
3,173,173,173,173,4.1,15.9,4.1,15.9,-5.922131897,-21.390061023,False,0,12,9,17,11,0.266282563839,0.428500820961,0.3052166152,173,173,173,4.1,15.9,4.1,15.9,-5.922131897,-21.390061023,False,1788262392,1788262392.09,0.0896475315094,1788262392,1788262392.5,1788262393,1788262393000851,1788262393016658,-5.922132,-21.39006,-5.922131897,-21.390060425,AWGN,rfsimu_channel_enB0,static-0,1788262185978180597,1,14bd144574d32d9e,1,1,1,1,35007.6428571,45.441041,-102,19.621429,True,173,173,173,4.1,15.9,4.1,15.9,-5.922131897,-21.390061023,False,4.06369175,0,0,-0.03630825,3.721429,-0.03630825,3.721429
3,174,174,174,174,4.95,17.6,4.95,17.6,-5.020153205,-22.384609118,False,0,12,9,17,11,0.161249344236,0.187577914188,0.651172741575,174,174,174,4.95,17.6,4.95,17.6,-5.020153205,-22.384609118,False,1788262393,1788262393.15,0.153650999069,1788262393,1788262393.5,1788262394,1788262394000135,1788262394005073,-5.020153,-22.384609,-5.020153205,-22.384609222,AWGN,rfsimu_channel_enB0,static-0,1788262185978180597,1,14bd144574d32d9e,1,1,1,1,42158.7857143,46.244042,-101,18.95,True,174,174,174,4.95,17.6,4.95,17.6,-5.020153205,-22.384609118,False,4.86669275,0,0,-0.08330725,1.35,-0.08330725,1.35
3,175,175,175,175,5.1,18.9,5.1,18.9,-4.829267521,-23.618216239,False,0,11,11,8,9,0.792683119636,0.0678608259276,0.139456054436,175,175,175,5.1,18.9,5.1,18.9,-4.829267521,-23.618216239,False,1788262394,1788262394.16,0.157623767853,1788262394,1788262394.5,1788262395,1788262395000430,1788262395065277,-4.829268,-23.618216,-4.829267521,-23.618215561,AWGN,rfsimu_channel_enB0,static-0,1788262185978180597,1,14bd144574d32d9e,1,1,1,1,44304.6,46.464223,-101,18.18,True,175,175,175,5.1,18.9,5.1,18.9,-4.829267521,-23.618216239,False,5.08687375,0,0,-0.01312625,-0.72,-0.01312625,-0.72
3,176,176,176,176,5.55,19.6,5.55,19.6,-4.374300226,-23.871937181,False,0,3,8,11,18,0.120512516349,0.825612563871,0.0538749197802,176,176,176,5.55,19.6,5.55,19.6,-4.374300226,-23.871937181,False,1788262395,1788262395.12,0.117619514465,1788262395,1788262395.5,1788262396,1788262396000654,1788262396049180,-4.3743,-23.871937,-4.374300226,-23.871936798,AWGN,rfsimu_channel_enB0,static-0,1788262185978180597,1,14bd144574d32d9e,1,1,1,1,49411.1428571,46.937782,-101,18.614286,True,176,176,176,5.55,19.6,5.55,19.6,-4.374300226,-23.871937181,False,5.56043275,0,0,0.01043275,-0.985714,0.01043275,-0.985714
3,177,177,177,177,3.85,19.4,3.85,19.4,-6.071260879,-25.293938672,False,0,11,11,8,9,0.482184780193,0.419436077388,0.0983791424192,177,177,177,3.85,19.4,3.85,19.4,-6.071260879,-25.293938672,False,1788262396,1788262396.17,0.165438175201,1788262396,1788262396.5,1788262397,1788262397000221,1788262397036805,-6.071261,-25.29394,-6.071260879,-25.29393959,AWGN,rfsimu_channel_enB0,static-0,1788262185978180597,1,14bd144574d32d9e,1,1,1,1,34600.5714286,45.365679,-103,17.007142,True,177,177,177,3.85,19.4,3.85,19.4,-6.071260879,-25.293938672,False,3.98832975,0,0,0.13832975,-2.392858,0.13832975,-2.392858
3,178,178,178,178,3.8,20.9,3.8,20.9,-6.111389961,-26.782374142,False,0,3,8,11,18,0.604056603027,0.24352517163,0.152418225342,178,178,178,3.8,20.9,3.8,20.9,-6.111389961,-26.782374142,False,1788262397,1788262397.11,0.108938455582,1788262397,1788262397.5,1788262398,1788262398001547,1788262398025784,-6.11139,-26.782373,-6.111389961,-26.782373428,AWGN,rfsimu_channel_enB0,static-0,1788262185978180597,1,14bd144574d32d9e,1,1,1,1,32857.4285714,45.16606,-103,17.185714,True,178,178,178,3.8,20.9,3.8,20.9,-6.111389961,-26.782374142,False,3.78871075,0,0,-0.01128925,-3.714286,-0.01128925,-3.714286
3,179,179,179,179,5.3,22.2,5.3,22.2,-4.610417943,-26.587133219,False,0,3,8,11,18,0.340878538367,0.282573356157,0.376548105476,179,179,179,5.3,22.2,5.3,22.2,-4.610417943,-26.587133219,False,1788262398,1788262398.16,0.156942605972,1788262398,1788262398.5,1788262399,1788262399001723,1788262399011821,-4.610418,-26.587133,-4.610417943,-26.587133408,AWGN,rfsimu_channel_enB0,static-0,1788262185978180597,1,14bd144574d32d9e,1,1,1,1,45402.2142857,46.555252,-101,19.542858,True,179,179,179,5.3,22.2,5.3,22.2,-4.610417943,-26.587133219,False,5.17790275,0,0,-0.12209725,-2.657142,-0.12209725,-2.657142
3,180,180,180,180,3.65,19.05,3.65,19.05,-6.275370471,-25.134835353,False,0,11,11,8,9,0.431157382201,0.332383372387,0.236459245411,180,180,180,3.65,19.05,3.65,19.05,-6.275370471,-25.134835353,False,1788262399,1788262399.11,0.109594106674,1788262399,1788262399.5,1788262400,1788262400000340,1788262400063191,-6.27537,-25.134836,-6.275370471,-25.134836197,AWGN,rfsimu_channel_enB0,static-0,1788262185978180597,1,14bd144574d32d9e,1,1,1,1,32936.8666667,45.155772,-103,18.126667,True,180,180,180,3.65,19.05,3.65,19.05,-6.275370471,-25.134835353,False,3.77842275,0,0,0.12842275,-0.923333,0.12842275,-0.923333
3,181,181,181,181,1.5,13.1,1.5,13.1,-8.611465924,-21.272110348,False,0,25,16,17,10,0.325136916756,0.019403954593,0.655459128651,181,181,181,1.5,13.1,1.5,13.1,-8.611465924,-21.272110348,False,1788262400,1788262400.16,0.161656856537,1788262400,1788262400.5,1788262401,1788262401000151,1788262401045305,-8.611466,-21.27211,-8.611465924,-21.272109985,AWGN,rfsimu_channel_enB0,static-0,1788262185978180597,1,14bd144574d32d9e,1,1,1,1,20023.1428571,42.970827,-105,15.921429,True,181,181,181,1.5,13.1,1.5,13.1,-8.611465924,-21.272110348,False,1.59347775,0,0,0.09347775,2.821429,0.09347775,2.821429
3,182,182,182,182,-1.2,16.35,-1.2,16.35,-11.160142093,-27.297065231,False,0,19,6,5,2,0.234311589778,0.185617363959,0.580071046264,182,182,182,-1.2,16.35,-1.2,16.35,-11.160142093,-27.297065231,False,1788262401,1788262401.12,0.11767077446,1788262401,1788262401.5,1788262402,1788262402000272,1788262402034026,-11.160142,-27.297066,-11.160142093,-27.297065735,AWGN,rfsimu_channel_enB0,static-0,1788262185978180597,1,14bd144574d32d9e,1,1,1,1,10360.5,40.153245,-108,14.228572,True,182,182,182,-1.2,16.35,-1.2,16.35,-11.160142093,-27.297065231,False,-1.22410425,0,0,-0.02410425,-2.121428,-0.02410425,-2.121428
3,183,183,183,183,-2.9,13.75,-2.9,13.75,-12.946008071,-26.360972574,False,0,23,1,3,2,0.236502017756,0.704010487044,0.0594874952005,183,183,183,-2.9,13.75,-2.9,13.75,-12.946008071,-26.360972574,False,1788262402,1788262402.16,0.161621332169,1788262402,1788262402.5,1788262403,1788262403001338,1788262403025740,-12.946008,-26.360973,-12.946008071,-26.360973358,AWGN,rfsimu_channel_enB0,static-0,1788262185978180597,1,14bd144574d32d9e,1,1,1,1,7248.14285714,38.578273,-109,12.95,True,183,183,183,-2.9,13.75,-2.9,13.75,-12.946008071,-26.360972574,False,-2.79907625,0,0,0.10092375,-0.8,0.10092375,-0.8
3,184,184,184,184,-3.1,12.4,-3.1,12.4,-13.233779728,-25.386743675,False,0,9,3,1,15,0.56316829167,0.180058155898,0.256773552432,184,184,184,-3.1,12.4,-3.1,12.4,-13.233779728,-25.386743675,False,1788262403,1788262403.13,0.125644445419,1788262403,1788262403.5,1788262404,1788262404000418,1788262404019875,-13.23378,-25.386744,-13.233779728,-25.386743546,AWGN,rfsimu_channel_enB0,static-0,1788262185978180597,1,14bd144574d32d9e,1,1,1,1,6695.28571429,38.255585,-110,12.592857,True,184,184,184,-3.1,12.4,-3.1,12.4,-13.233779728,-25.386743675,False,-3.12176425,0,0,-0.02176425,0.192857,-0.02176425,0.192857
3,185,185,185,185,0.7,17.35,0.7,17.35,-9.248996423,-26.331000628,False,0,13,9,5,6,0.375501788544,0.443666875927,0.180831335529,185,185,185,0.7,17.35,0.7,17.35,-9.248996423,-26.331000628,False,1788262404,1788262404.16,0.157507419586,1788262404,1788262404.5,1788262405,1788262405000930,1788262405011113,-9.248996,-26.331001,-9.248996423,-26.331001282,AWGN,rfsimu_channel_enB0,static-0,1788262185978180597,1,14bd144574d32d9e,1,1,1,1,15510.9285714,41.824345,-106,16.485714,True,185,185,185,0.7,17.35,0.7,17.35,-9.248996423,-26.331000628,False,0.44699575,0,0,-0.25300425,-0.864286,-0.25300425,-0.864286
3,186,186,186,186,2.55,17.45,2.55,17.45,-7.396651384,-24.573397655,False,0,12,9,17,11,0.838752176169,0.0208213395064,0.140426484324,186,186,186,2.55,17.45,2.55,17.45,-7.396651384,-24.573397655,False,1788262405,1788262405.12,0.121671915054,1788262405,1788262405.5,1788262406,1788262406001232,1788262406061978,-7.396651,-24.573399,-7.396651384,-24.57339859,AWGN,rfsimu_channel_enB0,static-0,1788262185978180597,1,14bd144574d32d9e,1,1,1,1,24200.9333333,43.818132,-104,19.206666,True,186,186,186,2.55,17.45,2.55,17.45,-7.396651384,-24.573397655,False,2.44078275,0,0,-0.10921725,1.756666,-0.10921725,1.756666
3,187,187,187,187,-2.55,11.75,-2.55,11.75,-12.726363189,-24.278812509,False,0,9,3,1,15,0.637393482949,0.000575077565857,0.362031439485,187,187,187,-2.55,11.75,-2.55,11.75,-12.726363189,-24.278812509,False,1788262406,1788262406.09,0.0896506309509,1788262406,1788262406.5,1788262407,1788262407000675,1788262407043849,-12.726363,-24.278812,-12.726363189,-24.278812408,AWGN,rfsimu_channel_enB0,static-0,1788262185978180597,1,14bd144574d32d9e,1,1,1,1,7608.42857143,38.810203,-109,14.121429,True,187,187,187,-2.55,11.75,-2.55,11.75,-12.726363189,-24.278812509,False,-2.56714625,0,0,-0.01714625,2.371429,-0.01714625,2.371429
3,188,188,188,188,-2.1,15.65,-2.1,15.65,-12.072357525,-27.556119503,False,0,23,1,3,2,0.0180893813118,0.160019753085,0.821890865603,188,188,188,-2.1,15.65,-2.1,15.65,-12.072357525,-27.556119503,False,1788262407,1788262407.16,0.157657384872,1788262407,1788262407.5,1788262408,1788262408001065,1788262408032027,-12.072358,-27.55612,-12.072357525,-27.556119919,AWGN,rfsimu_channel_enB0,static-0,1788262185978180597,1,14bd144574d32d9e,1,1,1,1,8428.35714286,39.25497,-109,14.571429,True,188,188,188,-2.1,15.65,-2.1,15.65,-12.072357525,-27.556119503,False,-2.12237925,0,0,-0.02237925,-1.078571,-0.02237925,-1.078571
3,189,189,189,189,-1.6,16.8,-1.6,16.8,-11.545755283,-28.205675131,False,0,21,2,5,14,0.704319264875,0.261401546697,0.0342791884281,189,189,189,-1.6,16.8,-1.6,16.8,-11.545755283,-28.205675131,False,1788262408,1788262408.11,0.113649606705,1788262408,1788262408.5,1788262409,1788262409000357,1788262409021598,-11.545755,-28.205675,-11.545755283,-28.205675125,AWGN,rfsimu_channel_enB0,static-0,1788262185978180597,1,14bd144574d32d9e,1,1,1,1,9489.28571429,39.771173,-108,15.757143,True,189,189,189,-1.6,16.8,-1.6,16.8,-11.545755283,-28.205675131,False,-1.60617625,0,0,-0.00617625,-1.042857,-0.00617625,-1.042857
3,190,190,190,190,-2.25,15,-2.25,15,-12.248079472,-27.028139122,False,0,23,1,3,2,0.0620198678819,0.365300204672,0.572679927446,190,190,190,-2.25,15,-2.25,15,-12.248079472,-27.028139122,False,1788262409,1788262409.16,0.15762090683,1788262409,1788262409.5,1788262410,1788262410000641,1788262410009175,-12.248079,-27.028139,-12.248079472,-27.028139114,AWGN,rfsimu_channel_enB0,static-0,1788262185978180597,1,14bd144574d32d9e,1,1,1,1,8246.71428571,39.158738,-109,15.4,True,190,190,190,-2.25,15,-2.25,15,-12.248079472,-27.028139122,False,-2.21861125,0,0,0.03138875,0.4,0.03138875,0.4
3,191,191,191,191,-0.55,17.8,-0.55,17.8,-10.485288459,-28.126114077,False,0,21,2,5,14,0.200606203958,0.778374783236,0.0210190128059,191,191,191,-0.55,17.8,-0.55,17.8,-10.485288459,-28.126114077,False,1788262410,1788262410.11,0.109626531601,1788262410,1788262410.5,1788262411,1788262411000865,1788262411004157,-10.485288,-28.126114,-10.485288459,-28.126113892,AWGN,rfsimu_channel_enB0,static-0,1788262185978180597,1,14bd144574d32d9e,1,1,1,1,11832.3571429,40.710297,-107,16.992858,True,191,191,191,-0.55,17.8,-0.55,17.8,-10.485288459,-28.126114077,False,-0.66705225,0,0,-0.11705225,-0.807142,-0.11705225,-0.807142
3,192,192,192,192,-0.75,16.4,-0.75,16.4,-10.715528123,-26.850455714,False,0,19,6,5,2,0.383181428592,0.259054510087,0.357764061321,192,192,192,-0.75,16.4,-0.75,16.4,-10.715528123,-26.850455714,False,1788262411,1788262411.16,0.157075643539,1788262411,1788262411.5,1788262412,1788262412000832,1788262412069671,-10.715528,-26.850456,-10.715528123,-26.850456238,AWGN,rfsimu_channel_enB0,static-0,1788262185978180597,1,14bd144574d32d9e,1,1,1,1,11559,40.628457,-107,16.986666,True,192,192,192,-0.75,16.4,-0.75,16.4,-10.715528123,-26.850455714,False,-0.74889225,0,0,0.00110775,0.586666,0.00110775,0.586666
3,193,193,193,193,0.95,19.75,0.95,19.75,-8.962978067,-28.469467023,False,0,5,5,8,14,0.246755521971,0.674999974141,0.0782445038878,193,193,193,0.95,19.75,0.95,19.75,-8.962978067,-28.469467023,False,1788262412,1788262412.13,0.125664234161,1788262412,1788262412.5,1788262413,1788262413000750,1788262413064095,-8.962978,-28.469467,-8.962978067,-28.469467163,AWGN,rfsimu_channel_enB0,static-0,1788262185978180597,1,14bd144574d32d9e,1,1,1,1,17113,42.332994,-105,19.021429,True,193,193,193,0.95,19.75,0.95,19.75,-8.962978067,-28.469467023,False,0.95564475,0,0,0.00564475,-0.728571,0.00564475,-0.728571
3,194,194,194,194,0.95,19.45,0.95,19.45,-8.966750678,-28.184526332,False,0,5,5,8,14,0.391112172868,0.578133438434,0.0307543886979,194,194,194,0.95,19.45,0.95,19.45,-8.966750678,-28.184526332,False,1788262413,1788262413.09,0.0896453857422,1788262413,1788262413.5,1788262414,1788262414000272,1788262414058511,-8.966751,-28.184526,-8.966750678,-28.184526443,AWGN,rfsimu_channel_enB0,static-0,1788262185978180597,1,14bd144574d32d9e,1,1,1,1,17230.2142857,42.362343,-105,19.05,True,194,194,194,0.95,19.45,0.95,19.45,-8.966750678,-28.184526332,False,0.98499375,0,0,0.03499375,-0.4,0.03499375,-0.4
3,195,195,195,195,2.4,19.6,2.4,19.6,-7.516737009,-26.860234403,False,0,11,11,8,9,0.120815747837,0.700621966317,0.178562285846,195,195,195,2.4,19.6,2.4,19.6,-7.516737009,-26.860234403,False,1788262414,1788262414.16,0.157636404037,1788262414,1788262414.5,1788262415,1788262415000409,1788262415051664,-7.516737,-26.860235,-7.516737009,-26.860235214,AWGN,rfsimu_channel_enB0,static-0,1788262185978180597,1,14bd144574d32d9e,1,1,1,1,23283.5714286,43.654795,-104,20.364286,True,195,195,195,2.4,19.6,2.4,19.6,-7.516737009,-26.860234403,False,2.27744575,0,0,-0.12255425,0.764286,-0.12255425,0.764286
3,196,196,196,196,1.2,18.5,1.2,18.5,-8.728976517,-26.985063368,False,0,14,8,5,9,0.297199530543,0.364488258724,0.338312210733,196,196,196,1.2,18.5,1.2,18.5,-8.728976517,-26.985063368,False,1788262415,1788262415.11,0.113657951355,1788262415,1788262415.5,1788262416,1788262416000348,1788262416048493,-8.728977,-26.985064,-8.728976517,-26.985063553,AWGN,rfsimu_channel_enB0,static-0,1788262185978180597,1,14bd144574d32d9e,1,1,1,1,18182.2142857,42.596024,-105,19.364285,True,196,196,196,1.2,18.5,1.2,18.5,-8.728976517,-26.985063368,False,1.21867475,0,0,0.01867475,0.864285,0.01867475,0.864285
3,197,197,197,197,1.35,22.25,1.35,22.25,-8.552175192,-30.563713132,False,0,2,18,14,8,0.335256323267,0.427285521926,0.237458154807,197,197,197,1.35,22.25,1.35,22.25,-8.552175192,-30.563713132,False,1788262416,1788262416.16,0.161637067795,1788262416,1788262416.5,1788262417,1788262417000228,1788262417010694,-8.552175,-30.563713,-8.552175192,-30.563713074,AWGN,rfsimu_channel_enB0,static-0,1788262185978180597,1,14bd144574d32d9e,1,1,1,1,18604.5,42.695586,-105,19.478571,True,197,197,197,1.35,22.25,1.35,22.25,-8.552175192,-30.563713132,False,1.31823675,0,0,-0.03176325,-2.771429,-0.03176325,-2.771429
3,198,198,198,198,1.85,20.35,1.85,20.35,-8.057299202,-28.129761847,False,0,2,18,14,8,0.0120771076154,0.0216269745419,0.966295917843,198,198,198,1.85,20.35,1.85,20.35,-8.057299202,-28.129761847,False,1788262417,1788262417.13,0.125655651093,1788262417,1788262417.5,1788262418,1788262418001212,1788262418043821,-8.057299,-28.129763,-8.057299202,-28.12976265,AWGN,rfsimu_channel_enB0,static-0,1788262185978180597,1,14bd144574d32d9e,1,1,1,1,20906.5333333,43.200312,-104,19.986667,True,198,198,198,1.85,20.35,1.85,20.35,-8.057299202,-28.129761847,False,1.82296275,0,0,-0.02703725,-0.363333,-0.02703725,-0.363333
3,199,199,199,199,1.35,21.8,1.35,21.8,-8.553259826,-30.107663592,False,0,2,18,14,8,0.259067294459,0.351277265401,0.389655440141,199,199,199,1.35,21.8,1.35,21.8,-8.553259826,-30.107663592,False,1788262418,1788262418.09,0.0896334648132,1788262418,1788262418.5,1788262419,1788262419001093,1788262419020334,-8.55326,-30.107664,-8.553259826,-30.107664108,AWGN,rfsimu_channel_enB0,static-0,1788262185978180597,1,14bd144574d32d9e,1,1,1,1,18758,42.731462,-105,20.621428,True,199,199,199,1.35,21.8,1.35,21.8,-8.553259826,-30.107663592,False,1.35411275,0,0,0.00411275000001,-1.178572,0.00411275000001,-1.178572
3,200,200,200,200,0.45,20.3,0.45,20.3,-9.45589527,-29.502634276,False,0,2,18,14,8,0.00778983432813,0.250439046013,0.741771119659,200,200,200,0.45,20.3,0.45,20.3,-9.45589527,-29.502634276,False,1788262419,1788262419.16,0.157635688782,1788262419,1788262419.5,1788262420,1788262420000722,1788262420016292,-9.455895,-29.502634,-9.45589527,-29.502634048,AWGN,rfsimu_channel_enB0,static-0,1788262185978180597,1,14bd144574d32d9e,1,1,1,1,15600.9285714,41.923912,-106,21.15,True,200,200,200,0.45,20.3,0.45,20.3,-9.45589527,-29.502634276,False,0.54656275,0,0,0.09656275,0.85,0.09656275,0.85
3,201,201,201,201,0.75,20.95,0.75,20.95,-9.154655244,-29.856327228,False,0,2,18,14,8,0.116945330641,0.309387871317,0.573666798042,201,201,201,0.75,20.95,0.75,20.95,-9.154655244,-29.856327228,False,1788262420,1788262420.13,0.133638858795,1788262420,1788262420.5,1788262421,1788262421000487,1788262421012531,-9.154655,-29.856327,-9.154655244,-29.856327057,AWGN,rfsimu_channel_enB0,static-0,1788262185978180597,1,14bd144574d32d9e,1,1,1,1,16319.5,42.125571,-106,21.35,True,201,201,201,0.75,20.95,0.75,20.95,-9.154655244,-29.856327228,False,0.74822175,0,0,-0.00177824999999,0.4,-0.00177824999999,0.4
3,202,202,202,202,0.95,20.9,0.95,20.9,-8.954993537,-29.602291543,False,0,2,18,14,8,0.107883000945,0.267048590437,0.625068408618,202,202,202,0.95,20.9,0.95,20.9,-8.954993537,-29.602291543,False,1788262421,1788262421.09,0.0928294658661,1788262421,1788262421.5,1788262422,1788262422001298,1788262422009764,-8.954994,-29.602291,-8.954993537,-29.602291107,AWGN,rfsimu_channel_enB0,static-0,1788262185978180597,1,14bd144574d32d9e,1,1,1,1,17077.1428571,42.324036,-105,21.542857,True,202,202,202,0.95,20.9,0.95,20.9,-8.954993537,-29.602291543,False,0.94668675,0,0,-0.00331325,0.642857,-0.00331325,0.642857
3,203,203,203,203,1.35,19.8,1.35,19.8,-8.562856527,-28.110678831,False,0,5,5,8,14,0.226088847929,0.755464680241,0.0184464718295,203,203,203,1.35,19.8,1.35,19.8,-8.562856527,-28.110678831,False,1788262422,1788262422.16,0.156866788864,1788262422,1788262422.5,1788262423,1788262423001019,1788262423002785,-8.562857,-28.11068,-8.562856527,-28.110679626,AWGN,rfsimu_channel_enB0,static-0,1788262185978180597,1,14bd144574d32d9e,1,1,1,1,18623.9285714,42.699353,-105,20.764285,True,203,203,203,1.35,19.8,1.35,19.8,-8.562856527,-28.110678831,False,1.32200375,0,0,-0.02799625,0.964285,-0.02799625,0.964285
3,204,204,204,204,-0.25,21.05,-0.25,21.05,-10.153325324,-30.974489141,False,0,2,18,14,8,0.136860636188,0.495748190209,0.367391173604,204,204,204,-0.25,21.05,-0.25,21.05,-10.153325324,-30.974489141,False,1788262423,1788262423.12,0.117642641068,1788262423,1788262423.5,1788262424,1788262424000994,1788262424070202,-10.153325,-30.974489,-10.153325324,-30.974489212,AWGN,rfsimu_channel_enB0,static-0,1788262185978180597,1,14bd144574d32d9e,1,1,1,1,13349.5333333,41.235517,-107,18.433333,True,204,204,204,-0.25,21.05,-0.25,21.05,-10.153325324,-30.974489141,False,-0.14183225,0,0,0.10816775,-2.616667,0.10816775,-2.616667
3,205,205,205,205,-1.1,17.7,-1.1,17.7,-11.035657771,-28.580653513,False,0,21,2,5,14,0.324277714516,0.578946699935,0.0967755855486,205,205,205,-1.1,17.7,-1.1,17.7,-11.035657771,-28.580653513,False,1788262424,1788262424.16,0.157647609711,1788262424,1788262424.5,1788262425,1788262425000990,1788262425002850,-11.035658,-28.580654,-11.035657771,-28.580654144,AWGN,rfsimu_channel_enB0,static-0,1788262185978180597,1,14bd144574d32d9e,1,1,1,1,10783.3076923,40.320603,-108,17.484615,True,205,205,205,-1.1,17.7,-1.1,17.7,-11.035657771,-28.580653513,False,-1.05674625,0,0,0.04325375,-0.215385,0.04325375,-0.215385
3,206,206,206,206,-3.4,16.45,-3.4,16.45,-13.356803647,-29.605840567,False,0,22,14,1,2,0.185487748732,0.246457037311,0.568055213956,206,206,206,-3.4,16.45,-3.4,16.45,-13.356803647,-29.605840567,False,1788262425,1788262425.12,0.117650985718,1788262425,1788262425.5,1788262426,1788262426000474,1788262426003787,-13.356804,-29.605841,-13.356803647,-29.605840683,AWGN,rfsimu_channel_enB0,static-0,1788262185978180597,1,14bd144574d32d9e,1,1,1,1,6566.35714286,38.12521,-110,15.257143,True,206,206,206,-3.4,16.45,-3.4,16.45,-13.356803647,-29.605840567,False,-3.25213925,0,0,0.14786075,-1.192857,0.14786075,-1.192857
3,207,207,207,207,-3,14.9,-3,14.9,-12.998946983,-27.646976098,False,0,23,1,3,2,0.249736745682,0.284165797909,0.466097456409,207,207,207,-3,14.9,-3,14.9,-12.998946983,-27.646976098,False,1788262426,1788262426.09,0.0896255970001,1788262426,1788262426.5,1788262427,1788262427001342,1788262427070865,-12.998947,-27.646976,-12.998946983,-27.646976471,AWGN,rfsimu_channel_enB0,static-0,1788262185978180597,1,14bd144574d32d9e,1,1,1,1,6808.46666667,38.328669,-110,16.4,True,207,207,207,-3,14.9,-3,14.9,-12.998946983,-27.646976098,False,-3.04868025,0,0,-0.04868025,1.5,-0.04868025,1.5
3,208,208,208,208,-3.75,12.9,-3.75,12.9,-13.851670843,-26.468471714,False,0,9,3,1,15,0.443069306857,0.368904728558,0.188025964584,208,208,208,-3.75,12.9,-3.75,12.9,-13.851670843,-26.468471714,False,1788262427,1788262427.16,0.157634019852,1788262427,1788262427.5,1788262428,1788262428000896,1788262428061383,-13.851671,-26.468472,-13.851670843,-26.468471527,AWGN,rfsimu_channel_enB0,static-0,1788262185978180597,1,14bd144574d32d9e,1,1,1,1,5942.64285714,37.734598,-110,15.792857,True,208,208,208,-3.75,12.9,-3.75,12.9,-13.851670843,-26.468471714,False,-3.64275125,0,0,0.10724875,2.892857,0.10724875,2.892857
3,209,209,209,209,-4.35,12.9,-4.35,12.9,-14.453383203,-27.075214666,False,0,9,3,1,15,0.276485939445,0.503177541019,0.220336519536,209,209,209,-4.35,12.9,-4.35,12.9,-14.453383203,-27.075214666,False,1788262428,1788262428.12,0.121413946152,1788262428,1788262428.5,1788262429,1788262429000279,1788262429057922,-14.453383,-27.075214,-14.453383203,-27.075214386,AWGN,rfsimu_channel_enB0,static-0,1788262185978180597,1,14bd144574d32d9e,1,1,1,1,5044.21428571,37.025769,-111,15.057143,True,209,209,209,-4.35,12.9,-4.35,12.9,-14.453383203,-27.075214666,False,-4.35158025,0,0,-0.00158025,2.157143,-0.00158025,2.157143
3,210,210,210,210,-4.55,10.6,-4.55,10.6,-14.811107403,-25.304791275,False,0,7,13,15,1,0.0534084634055,0.647854762048,0.298736774547,210,210,210,-4.55,10.6,-4.55,10.6,-14.811107403,-25.304791275,False,1788262429,1788262429.15,0.153651237488,1788262429,1788262429.5,1788262430,1788262430001618,1788262430050800,-14.811107,-25.30479,-14.811107403,-25.304790497,AWGN,rfsimu_channel_enB0,static-0,1788262185978180597,1,14bd144574d32d9e,1,1,1,1,4767.64285714,36.780825,-111,13.921429,True,210,210,210,-4.55,10.6,-4.55,10.6,-14.811107403,-25.304791275,False,-4.59652425,0,0,-0.04652425,3.321429,-0.04652425,3.321429
3,211,211,211,211,-5.75,10.85,-5.75,10.85,-16.002460117,-26.621934192,False,0,7,13,15,1,0.338667621706,0.337437563279,0.323894815015,211,211,211,-5.75,10.85,-5.75,10.85,-16.002460117,-26.621934192,False,1788262430,1788262430.13,0.129675626755,1788262430,1788262430.5,1788262431,1788262431001708,1788262431044141,-16.00246,-26.621935,-16.002460117,-26.621934891,AWGN,rfsimu_channel_enB0,static-0,1788262185978180597,1,14bd144574d32d9e,1,1,1,1,3657.35714286,35.628345,-112,11.842857,True,211,211,211,-5.75,10.85,-5.75,10.85,-16.002460117,-26.621934192,False,-5.74900425,0,0,0.000995750000008,0.992857,0.000995750000008,0.992857
3,212,212,212,212,-6.3,13.05,-6.3,13.05,-16.402758681,-29.086031351,False,0,7,13,15,1,0.232362403156,0.0309830628576,0.736654533986,212,212,212,-6.3,13.05,-6.3,13.05,-16.402758681,-29.086031351,False,1788262431,1788262431.1,0.0976521968842,1788262431,1788262431.5,1788262432,1788262432001366,1788262432036854,-16.402759,-29.086031,-16.402758681,-29.08603096,AWGN,rfsimu_channel_enB0,static-0,1788262185978180597,1,14bd144574d32d9e,1,1,1,1,3170.5,35.009906,-113,11.164286,True,212,212,212,-6.3,13.05,-6.3,13.05,-16.402758681,-29.086031351,False,-6.36744325,0,0,-0.06744325,-1.885714,-0.06744325,-1.885714
3,213,213,213,213,-4.35,13.9,-4.35,13.9,-14.38545532,-27.924061014,False,0,9,3,1,15,0.397218599213,0.589946259342,0.0128351414455,213,213,213,-4.35,13.9,-4.35,13.9,-14.38545532,-27.924061014,False,1788262432,1788262432.16,0.157643795013,1788262432,1788262432.5,1788262433,1788262433001637,1788262433036706,-14.385455,-27.924061,-14.38545532,-27.924060822,AWGN,rfsimu_channel_enB0,static-0,1788262185978180597,1,14bd144574d32d9e,1,1,1,1,4970.14285714,36.939564,-111,13.207143,True,213,213,213,-4.35,13.9,-4.35,13.9,-14.38545532,-27.924061014,False,-4.43778525,0,0,-0.08778525,-0.692857,-0.08778525,-0.692857
3,214,214,214,214,-5.8,9.9,-5.8,9.9,-16.119217958,-25.820024469,False,0,7,13,15,1,0.459723838291,0.400114859388,0.140161302321,214,214,214,-5.8,9.9,-5.8,9.9,-16.119217958,-25.820024469,False,1788262433,1788262433.13,0.125672101974,1788262433,1788262433.5,1788262434,1788262434001156,1788262434027170,-16.119218,-25.820024,-16.119217958,-25.82002449,AWGN,rfsimu_channel_enB0,static-0,1788262185978180597,1,14bd144574d32d9e,1,1,1,1,3711.28571429,35.676833,-112,10.685714,True,214,214,214,-5.8,9.9,-5.8,9.9,-16.119217958,-25.820024469,False,-5.70051625,0,0,0.09948375,0.785714,0.09948375,0.785714
3,215,215,215,215,-3.95,14,-3.95,14,-13.981406883,-27.63080725,False,0,23,1,3,2,0.495351720812,0.453298730518,0.05134954867,215,215,215,-3.95,14,-3.95,14,-13.981406883,-27.63080725,False,1788262434,1788262434.09,0.0896334648132,1788262434,1788262434.5,1788262435,1788262435000814,1788262435018322,-13.981407,-27.630808,-13.981406883,-27.630807877,AWGN,rfsimu_channel_enB0,static-0,1788262185978180597,1,14bd144574d32d9e,1,1,1,1,5578.21428571,37.462836,-110,12.485714,True,215,215,215,-3.95,14,-3.95,14,-13.981406883,-27.63080725,False,-3.91451325,0,0,0.03548675,-1.514286,0.03548675,-1.514286
3,216,216,216,216,-3.4,12.8,-3.4,12.8,-13.507464755,-26.02965369,False,0,9,3,1,15,0.528169671871,0.281902049457,0.189928278672,216,216,216,-3.4,12.8,-3.4,12.8,-13.507464755,-26.02965369,False,1788262435,1788262435.15,0.15363740921,1788262435,1788262435.5,1788262436,1788262436000780,1788262436005760,-13.507465,-26.029654,-13.507464755,-26.029653549,AWGN,rfsimu_channel_enB0,static-0,1788262185978180597,1,14bd144574d32d9e,1,1,1,1,6155.14285714,37.889632,-110,12.935714,True,216,216,216,-3.4,12.8,-3.4,12.8,-13.507464755,-26.02965369,False,-3.48771725,0,0,-0.08771725,0.135714,-0.08771725,0.135714
3,217,217,217,217,-4,12.05,-4,12.05,-14.160123027,-25.999761881,False,0,9,3,1,15,0.271036809633,0.351098323176,0.377864867191,217,217,217,-4,12.05,-4,12.05,-14.160123027,-25.999761881,False,1788262436,1788262436.11,0.113637208939,1788262436,1788262436.5,1788262437,1788262437000098,1788262437065335,-14.160123,-25.999762,-14.160123027,-25.999761581,AWGN,rfsimu_channel_enB0,static-0,1788262185978180597,1,14bd144574d32d9e,1,1,1,1,5482.53333333,37.386667,-111,12.833333,True,217,217,217,-4,12.05,-4,12.05,-14.160123027,-25.999761881,False,-3.99068225,0,0,0.00931775000001,0.783333,0.00931775000001,0.783333
3,218,218,218,218,-2.1,17.7,-2.1,17.7,-12.034135591,-29.584211561,False,0,21,2,5,14,0.488997275115,0.246967464774,0.264035260112,218,218,218,-2.1,17.7,-2.1,17.7,-12.034135591,-29.584211561,False,1788262437,1788262437.16,0.161648273468,1788262437,1788262437.5,1788262438,1788262438000897,1788262438062365,-12.034136,-29.584211,-12.034135591,-29.584211349,AWGN,rfsimu_channel_enB0,static-0,1788262185978180597,1,14bd144574d32d9e,1,1,1,1,8295.71428571,39.1605,-108,15.285714,True,218,218,218,-2.1,17.7,-2.1,17.7,-12.034135591,-29.584211561,False,-2.21684925,0,0,-0.11684925,-2.414286,-0.11684925,-2.414286
3,219,219,219,219,-1.2,15.3,-1.2,15.3,-11.194794198,-26.191949101,False,0,20,2,3,6,0.397316366878,0.200080732065,0.402602901057,219,219,219,-1.2,15.3,-1.2,15.3,-11.194794198,-26.191949101,False,1788262438,1788262438.12,0.121672868729,1788262438,1788262438.5,1788262439,1788262439001693,1788262439052620,-11.194794,-26.19195,-11.194794198,-26.191949844,AWGN,rfsimu_channel_enB0,static-0,1788262185978180597,1,14bd144574d32d9e,1,1,1,1,10503.0714286,40.211291,-108,16.35,True,219,219,219,-1.2,15.3,-1.2,15.3,-11.194794198,-26.191949101,False,-1.16605825,0,0,0.03394175,1.05,0.03394175,1.05
3,220,220,220,220,-4.45,13.45,-4.45,13.45,-14.516308261,-27.643203983,False,0,9,3,1,15,0.315125007748,0.573279138173,0.111595854078,220,220,220,-4.45,13.45,-4.45,13.45,-14.516308261,-27.643203983,False,1788262439,1788262439.16,0.157634496689,1788262439,1788262439.5,1788262440,1788262440000745,1788262440050362,-14.516308,-27.643204,-14.516308261,-27.643203735,AWGN,rfsimu_channel_enB0,static-0,1788262185978180597,1,14bd144574d32d9e,1,1,1,1,5347.78571429,37.168152,-111,13.228571,True,220,220,220,-4.45,13.45,-4.45,13.45,-14.516308261,-27.643203983,False,-4.20919725,0,0,0.24080275,-0.221429,0.24080275,-0.221429
3,221,221,221,221,-3.8,15.6,-3.8,15.6,-13.773130426,-29.13362672,False,0,22,14,1,2,0.0494123014696,0.418576455678,0.532011242853,221,221,221,-3.8,15.6,-3.8,15.6,-13.773130426,-29.13362672,False,1788262440,1788262440.12,0.117655277252,1788262440,1788262440.5,1788262441,1788262441000067,1788262441046373,-13.77313,-29.133627,-13.773130426,-29.133626938,AWGN,rfsimu_channel_enB0,static-0,1788262185978180597,1,14bd144574d32d9e,1,1,1,1,5753.64285714,37.598163,-110,14.835714,True,221,221,221,-3.8,15.6,-3.8,15.6,-13.773130426,-29.13362672,False,-3.77918625,0,0,0.02081375,-0.764286,0.02081375,-0.764286
3,222,222,222,222,-1.8,18.65,-1.8,18.65,-11.723130387,-30.208610298,False,0,21,2,5,14,0.125361760761,0.506536522961,0.368101716278,222,222,222,-1.8,18.65,-1.8,18.65,-11.723130387,-30.208610298,False,1788262441,1788262441.15,0.153638124466,1788262441,1788262441.5,1788262442,1788262442000290,1788262442044400,-11.72313,-30.208611,-11.723130387,-30.208610535,AWGN,rfsimu_channel_enB0,static-0,1788262185978180597,1,14bd144574d32d9e,1,1,1,1,8888.42857143,39.458796,-108,16.928572,True,222,222,222,-1.8,18.65,-1.8,18.65,-11.723130387,-30.208610298,False,-1.91855325,0,0,-0.11855325,-1.721428,-0.11855325,-1.721428
3,223,223,223,223,-4,16.75,-4,16.75,-13.955870135,-30.475664947,False,0,22,14,1,2,0.299545975872,0.3391945459,0.361259478228,223,223,223,-4,16.75,-4,16.75,-13.955870135,-30.475664947,False,1788262442,1788262442.12,0.121659755707,1788262442,1788262442.5,1788262443,1788262443000240,1788262443040609,-13.95587,-30.475664,-13.955870135,-30.475664139,AWGN,rfsimu_channel_enB0,static-0,1788262185978180597,1,14bd144574d32d9e,1,1,1,1,5454.78571429,37.367177,-110,14.785714,True,223,223,223,-4,16.75,-4,16.75,-13.955870135,-30.475664947,False,-4.01017225,0,0,-0.01017225,-1.964286,-0.01017225,-1.964286
3,224,224,224,224,-2.8,16.6,-2.8,16.6,-12.75047325,-29.186914801,False,0,22,14,1,2,0.162335635317,0.106450494734,0.731213869949,224,224,224,-2.8,16.6,-2.8,16.6,-12.75047325,-29.186914801,False,1788262443,1788262443.16,0.157285451889,1788262443,1788262443.5,1788262444,1788262444000659,1788262444035670,-12.750473,-29.186914,-12.75047325,-29.186914444,AWGN,rfsimu_channel_enB0,static-0,1788262185978180597,1,14bd144574d32d9e,1,1,1,1,7133.14285714,38.524194,-109,16.578572,True,224,224,224,-2.8,16.6,-2.8,16.6,-12.75047325,-29.186914801,False,-2.85315525,0,0,-0.05315525,-0.021428,-0.05315525,-0.021428
3,225,225,225,225,-4.15,16.15,-4.15,16.15,-14.11653262,-30.01677312,False,0,22,14,1,2,0.191701362071,0.43328247403,0.375016163899,225,225,225,-4.15,16.15,-4.15,16.15,-14.11653262,-30.01677312,False,1788262444,1788262444.15,0.153654098511,1788262444,1788262444.5,1788262445,1788262445001486,1788262445034889,-14.116533,-30.016773,-14.11653262,-30.016773224,AWGN,rfsimu_channel_enB0,static-0,1788262185978180597,1,14bd144574d32d9e,1,1,1,1,5429.42857143,37.332096,-111,16.285714,True,225,225,225,-4.15,16.15,-4.15,16.15,-14.11653262,-30.01677312,False,-4.04525325,0,0,0.10474675,0.135714,0.10474675,0.135714
3,226,226,226,226,-3.5,14.1,-3.5,14.1,-13.529264253,-27.300885876,False,0,23,1,3,2,0.382316063274,0.487915416929,0.129768519797,226,226,226,-3.5,14.1,-3.5,14.1,-13.529264253,-27.300885876,False,1788262445,1788262445.12,0.121638774872,1788262445,1788262445.5,1788262446,1788262446000324,1788262446030443,-13.529264,-27.300886,-13.529264253,-27.300886154,AWGN,rfsimu_channel_enB0,static-0,1788262185978180597,1,14bd144574d32d9e,1,1,1,1,5945.14285714,37.738803,-110,16.714286,True,226,226,226,-3.5,14.1,-3.5,14.1,-13.529264253,-27.300885876,False,-3.63854625,0,0,-0.13854625,2.614286,-0.13854625,2.614286
3,227,227,227,227,-2.1,18.15,-2.1,18.15,-12.028706289,-30.022590264,False,0,21,2,5,14,0.340156390085,0.322745232602,0.337098377313,227,227,227,-2.1,18.15,-2.1,18.15,-12.028706289,-30.022590264,False,1788262446,1788262446.16,0.157652854919,1788262446,1788262446.5,1788262447,1788262447001331,1788262447029139,-12.028706,-30.022591,-12.028706289,-30.022590637,AWGN,rfsimu_channel_enB0,static-0,1788262185978180597,1,14bd144574d32d9e,1,1,1,1,8280.07142857,39.166517,-108,18.157143,True,227,227,227,-2.1,18.15,-2.1,18.15,-12.028706289,-30.022590264,False,-2.21083225,0,0,-0.11083225,0.007143,-0.11083225,0.007143
3,228,228,228,228,-3.35,15.95,-3.35,15.95,-13.314548898,-29.057406665,False,0,22,14,1,2,0.0800264430956,0.288624003028,0.631349553876,228,228,228,-3.35,15.95,-3.35,15.95,-13.314548898,-29.057406665,False,1788262447,1788262447.12,0.117661714554,1788262447,1788262447.5,1788262448,1788262448000323,1788262448021106,-13.314549,-29.057407,-13.314548898,-29.057407379,AWGN,rfsimu_channel_enB0,static-0,1788262185978180597,1,14bd144574d32d9e,1,1,1,1,6523.78571429,38.130177,-110,16.6,True,228,228,228,-3.35,15.95,-3.35,15.95,-13.314548898,-29.057406665,False,-3.24717225,0,0,0.10282775,0.65,0.10282775,0.65
3,229,229,229,229,-4.05,11.4,-4.05,11.4,-14.254418848,-25.498573668,False,0,9,3,1,15,0.178678633499,0.305888057305,0.515433309196,229,229,229,-4.05,11.4,-4.05,11.4,-14.254418848,-25.498573668,False,1788262448,1788262448.09,0.089631319046,1788262448,1788262448.5,1788262449,1788262449000562,1788262449016361,-14.254419,-25.498573,-14.254418848,-25.498573303,AWGN,rfsimu_channel_enB0,static-0,1788262185978180597,1,14bd144574d32d9e,1,1,1,1,5295,37.23673,-111,15.478572,True,229,229,229,-4.05,11.4,-4.05,11.4,-14.254418848,-25.498573668,False,-4.14061925,0,0,-0.09061925,4.078572,-0.09061925,4.078572
3,230,230,230,230,-4.55,13.8,-4.55,13.8,-14.592818895,-28.04142403,False,0,9,3,1,15,0.329617544098,0.626026991663,0.0443554642385,230,230,230,-4.55,13.8,-4.55,13.8,-14.592818895,-28.04142403,False,1788262449,1788262449.16,0.157644033432,1788262449,1788262449.5,1788262450,1788262450001505,1788262450011783,-14.592819,-28.041424,-14.592818895,-28.041423798,AWGN,rfsimu_channel_enB0,static-0,1788262185978180597,1,14bd144574d32d9e,1,1,1,1,4836.28571429,36.840083,-111,15.078571,True,230,230,230,-4.55,13.8,-4.55,13.8,-14.592818895,-28.04142403,False,-4.53726625,0,0,0.01273375,1.278571,0.01273375,1.278571
3,231,231,231,231,-3.6,11.55,-3.6,11.55,-13.792945395,-25.170843406,False,0,9,3,1,15,0.321726058024,0.218198755708,0.460075186268,231,231,231,-3.6,11.55,-3.6,11.55,-13.792945395,-25.170843406,False,1788262450,1788262450.13,0.129652023315,1788262450,1788262450.5,1788262451,1788262451000052,1788262451001707,-13.792945,-25.170843,-13.792945395,-25.170843124,AWGN,rfsimu_channel_enB0,static-0,1788262185978180597,1,14bd144574d32d9e,1,1,1,1,5864.78571429,37.675367,-110,15.442857,True,231,231,231,-3.6,11.55,-3.6,11.55,-13.792945395,-25.170843406,False,-3.70198225,0,0,-0.10198225,3.892857,-0.10198225,3.892857
3,232,232,232,232,-4.4,12.1,-4.4,12.1,-14.557868206,-26.4466995,False,0,9,3,1,15,0.166017864346,0.444951967399,0.389030168254,232,232,232,-4.4,12.1,-4.4,12.1,-14.557868206,-26.4466995,False,1788262451,1788262451.1,0.0970988273621,1788262451,1788262451.5,1788262452,1788262452000245,1788262452056878,-14.557868,-26.446699,-14.557868206,-26.446699142,AWGN,rfsimu_channel_enB0,static-0,1788262185978180597,1,14bd144574d32d9e,1,1,1,1,4997.13333333,36.981192,-111,11.766667,True,232,232,232,-4.4,12.1,-4.4,12.1,-14.557868206,-26.4466995,False,-4.39615725,0,0,0.00384275000001,-0.333333,0.00384275000001,-0.333333
3,233,233,233,233,-1.45,14.65,-1.45,14.65,-11.468588938,-25.806294193,False,0,20,2,3,6,0.26876473084,0.465529738394,0.265705530766,233,233,233,-1.45,14.65,-1.45,14.65,-11.468588938,-25.806294193,False,1788262452,1788262452.16,0.16166305542,1788262452,1788262452.5,1788262453,1788262453000151,1788262453035160,-11.468589,-25.806293,-11.468588938,-25.806293488,AWGN,rfsimu_channel_enB0,static-0,1788262185978180597,1,14bd144574d32d9e,1,1,1,1,9524.26666667,39.736815,-108,14.626667,True,233,233,233,-1.45,14.65,-1.45,14.65,-11.468588938,-25.806294193,False,-1.64053425,0,0,-0.19053425,-0.023333,-0.19053425,-0.023333
3,234,234,234,234,-1.45,15,-1.45,15,-11.454472806,-26.166003607,False,0,20,2,3,6,0.388667869082,0.338568533995,0.272763596924,234,234,234,-1.45,15,-1.45,15,-11.454472806,-26.166003607,False,1788262453,1788262453.13,0.129655838013,1788262453,1788262453.5,1788262454,1788262454001096,1788262454021693,-11.454473,-26.166004,-11.454472806,-26.166004181,AWGN,rfsimu_channel_enB0,static-0,1788262185978180597,1,14bd144574d32d9e,1,1,1,1,9879.64285714,39.945869,-108,14.85,True,234,234,234,-1.45,15,-1.45,15,-11.454472806,-26.166003607,False,-1.43148025,0,0,0.01851975,-0.15,0.01851975,-0.15
3,235,235,235,235,-0.85,14.7,-0.85,14.7,-10.872382589,-25.179976783,False,0,20,2,3,6,0.0599922609168,0.376199033614,0.563808705469,235,235,235,-0.85,14.7,-0.85,14.7,-10.872382589,-25.179976783,False,1788262454,1788262454.17,0.169629096985,1788262454,1788262454.5,1788262455,1788262455000502,1788262455007262,-10.872383,-25.179977,-10.872382589,-25.179977417,AWGN,rfsimu_channel_enB0,static-0,1788262185978180597,1,14bd144574d32d9e,1,1,1,1,11258.6428571,40.511228,-107,15.3,True,235,235,235,-0.85,14.7,-0.85,14.7,-10.872382589,-25.179976783,False,-0.86612125,0,0,-0.01612125,0.6,-0.01612125,0.6
3,236,236,236,236,-2.3,14,-2.3,14,-12.338420037,-26.041771441,False,0,23,1,3,2,0.0846050093702,0.709146192454,0.206248798175,236,236,236,-2.3,14,-2.3,14,-12.338420037,-26.041771441,False,1788262455,1788262455.13,0.125668764114,1788262455,1788262455.5,1788262456,1788262456000131,1788262456070442,-12.33842,-26.041771,-12.338420037,-26.041770935,AWGN,rfsimu_channel_enB0,static-0,1788262185978180597,1,14bd144574d32d9e,1,1,1,1,8315.86666667,39.181145,-109,13.866667,True,236,236,236,-2.3,14,-2.3,14,-12.338420037,-26.041771441,False,-2.19620425,0,0,0.10379575,-0.133333,0.10379575,-0.133333
3,237,237,237,237,-1.2,16.35,-1.2,16.35,-11.160142093,-27.297065231,False,0,19,6,5,2,0.234311589778,0.185617363959,0.580071046264,237,237,237,-1.2,16.35,-1.2,16.35,-11.160142093,-27.297065231,False,1788262456,1788262456.09,0.0936503410339,1788262456,1788262456.5,1788262457,1788262457000492,1788262457058413,-11.160142,-27.297066,-11.160142093,-27.297065735,AWGN,rfsimu_channel_enB0,static-0,1788262185978180597,1,14bd144574d32d9e,1,1,1,1,10393.2857143,40.166519,-108,14.892857,True,237,237,237,-1.2,16.35,-1.2,16.35,-11.160142093,-27.297065231,False,-1.21083025,0,0,-0.01083025,-1.457143,-0.01083025,-1.457143
3,238,238,238,238,-1.25,18.35,-1.25,18.35,-11.17758712,-29.364400903,False,0,21,2,5,14,0.133993259119,0.638606590413,0.227400150468,238,238,238,-1.25,18.35,-1.25,18.35,-11.17758712,-29.364400903,False,1788262457,1788262457.16,0.157492876053,1788262457,1788262457.5,1788262458,1788262458001416,1788262458052409,-11.177587,-29.364401,-11.17758712,-29.364400864,AWGN,rfsimu_channel_enB0,static-0,1788262185978180597,1,14bd144574d32d9e,1,1,1,1,10276.0714286,40.117664,-108,15.157143,True,238,238,238,-1.25,18.35,-1.25,18.35,-11.17758712,-29.364400903,False,-1.25968525,0,0,-0.00968525,-3.192857,-0.00968525,-3.192857
3,239,239,239,239,0.25,20.55,0.25,20.55,-9.655074918,-29.959358645,False,0,2,18,14,8,0.0507139546061,0.326559774238,0.622726271156,239,239,239,0.25,20.55,0.25,20.55,-9.655074918,-29.959358645,False,1788262458,1788262458.13,0.128971338272,1788262458,1788262458.5,1788262459,1788262459001432,1788262459052675,-9.655075,-29.959358,-7.60549942,-28.634965897,AWGN,rfsimu_channel_enB0,static-0,1788262185978180597,1,14bd144574d32d9e,1,1,1,1,14542.1428571,41.625803,-106,17.807142,True,239,239,239,0.25,20.55,0.25,20.55,-9.655074918,-29.959358645,False,0.24845375,0,0,-0.00154625,-2.742858,-0.00154625,-2.742858
3,240,240,240,240,2.3,21.3,2.3,21.3,-7.60549942,-28.634965189,False,0,2,18,14,8,0.171577628262,0.10582753158,0.722594840157,240,240,240,2.3,21.3,2.3,21.3,-7.60549942,-28.634965189,False,1788262459,1788262459.09,0.0889840126038,1788262459,1788262459.5,1788262460,1788262460000325,1788262460049845,-7.605499,-28.634966,-7.60549942,-28.634965897,AWGN,rfsimu_channel_enB0,static-0,1788262185978180597,1,14bd144574d32d9e,1,1,1,1,23323.5,43.677632,-104,19.885714,True,240,240,240,2.3,21.3,2.3,21.3,-7.60549942,-28.634965189,False,2.30028275,0,0,0.000282750000008,-1.414286,0.000282750000008,-1.414286
3,241,241,241,241,2.2,18.75,2.2,18.75,-7.727114804,-26.204364912,False,0,11,11,8,9,0.0682212990537,0.446935836625,0.484842864321,241,241,241,2.2,18.75,2.2,18.75,-7.727114804,-26.204364912,False,1788262460,1788262460.15,0.153628349304,1788262460,1788262460.5,1788262461,1788262461000183,1788262461047728,-7.727115,-26.204365,-7.727114804,-26.204364777,AWGN,rfsimu_channel_enB0,static-0,1788262185978180597,1,14bd144574d32d9e,1,1,1,1,22852.6428571,43.588975,-104,19.785714,True,241,241,241,2.2,18.75,2.2,18.75,-7.727114804,-26.204364912,False,2.21162575,0,0,0.01162575,1.035714,0.01162575,1.035714
3,242,242,242,242,1.95,18.45,1.95,18.45,-7.980528038,-26.14209646,False,0,11,11,8,9,0.00486799053185,0.383944147165,0.611187862304,242,242,242,1.95,18.45,1.95,18.45,-7.980528038,-26.14209646,False,1788262461,1788262461.12,0.117646932602,1788262461,1788262461.5,1788262462,1788262462001092,1788262462036029,-7.980528,-26.142096,-7.980528038,-26.142095566,AWGN,rfsimu_channel_enB0,static-0,1788262185978180597,1,14bd144574d32d9e,1,1,1,1,21763.2857143,43.376534,-105,19,True,242,242,242,1.95,18.45,1.95,18.45,-7.980528038,-26.14209646,False,1.99918475,0,0,0.04918475,0.55,0.04918475,0.55
3,243,243,243,243,0.9,15.45,0.9,15.45,-9.100873803,-24.100838657,False,0,28,10,9,6,0.299720447697,0.149842651028,0.550436901274,243,243,243,0.9,15.45,0.9,15.45,-9.100873803,-24.100838657,False,1788262462,1788262462.15,0.1535384655,1788262462,1788262462.5,1788262463,1788262463000450,1788262463022822,-9.100874,-24.100838,-9.100873803,-24.100837708,AWGN,rfsimu_channel_enB0,static-0,1788262185978180597,1,14bd144574d32d9e,1,1,1,1,17339.4285714,42.382483,-105,17.65,True,243,243,243,0.9,15.45,0.9,15.45,-9.100873803,-24.100838657,False,1.00513375,0,0,0.10513375,2.2,0.10513375,2.2
3,244,244,244,244,2.85,12.95,2.85,12.95,-7.27362616,-19.610409709,False,0,25,16,17,10,0.156140435049,0.519327355233,0.324532209718,244,244,244,2.85,12.95,2.85,12.95,-7.27362616,-19.610409709,False,1788262463,1788262463.11,0.113628149033,1788262463,1788262463.5,1788262464,1788262464001029,1788262464007691,-7.273626,-19.610409,-7.27362616,-19.610408783,AWGN,rfsimu_channel_enB0,static-0,1788262185978180597,1,14bd144574d32d9e,1,1,1,1,25886.5714286,44.103687,-103,19.4,True,244,244,244,2.85,12.95,2.85,12.95,-7.27362616,-19.610409709,False,2.72633775,0,0,-0.12366225,6.45,-0.12366225,6.45
3,245,245,245,245,0.15,12,0.15,12,-9.979910422,-22.019822588,False,0,27,6,7,10,0.00660752924992,0.98334768192,0.0100447888301,245,245,245,0.15,12,0.15,12,-9.979910422,-22.019822588,False,1788262464,1788262464.09,0.0896437168121,1788262464,1788262464.5,1788262465,1788262465001440,1788262465062626,-9.97991,-22.019823,-9.979910422,-22.019823074,AWGN,rfsimu_channel_enB0,static-0,1788262185978180597,1,14bd144574d32d9e,1,1,1,1,14250.4,41.53634,-106,16.566667,True,245,245,245,0.15,12,0.15,12,-9.979910422,-22.019822588,False,0.15899075,0,0,0.00899075000001,4.566667,0.00899075000001,4.566667
3,246,246,246,246,-2.95,12.15,-2.95,12.15,-13.100333609,-25.02284635,False,0,9,3,1,15,0.574630968581,0.124797773202,0.300571258217,246,246,246,-2.95,12.15,-2.95,12.15,-13.100333609,-25.02284635,False,1788262465,1788262465.16,0.157740592957,1788262465,1788262465.5,1788262466,1788262466001138,1788262466053504,-13.100334,-25.022846,-13.100333609,-25.022846222,AWGN,rfsimu_channel_enB0,static-0,1788262185978180597,1,14bd144574d32d9e,1,1,1,1,7456.85714286,38.642198,-110,11.942857,True,246,246,246,-2.95,12.15,-2.95,12.15,-13.100333609,-25.02284635,False,-2.73515125,0,0,0.21484875,-0.207143,0.21484875,-0.207143
3,247,247,247,247,-1.8,13.6,-1.8,13.6,-11.857548028,-25.122493555,False,0,20,2,3,6,0.040831185091,0.887942829014,0.0712259858948,247,247,247,-1.8,13.6,-1.8,13.6,-11.857548028,-25.122493555,False,1788262466,1788262466.11,0.113641500473,1788262466,1788262466.5,1788262467,1788262467000188,1788262467040496,-11.857548,-25.122494,-11.857548028,-25.122493744,AWGN,rfsimu_channel_enB0,static-0,1788262185978180597,1,14bd144574d32d9e,1,1,1,1,8971,39.527458,-108,12.842857,True,247,247,247,-1.8,13.6,-1.8,13.6,-11.857548028,-25.122493555,False,-1.84989125,0,0,-0.04989125,-0.757143,-0.04989125,-0.757143
3,248,248,248,248,-0.6,12.2,-0.6,12.2,-10.723320599,-22.84945401,False,0,18,4,7,3,0.0785089629253,0.638339700512,0.283151336563,248,248,248,-0.6,12.2,-0.6,12.2,-10.723320599,-22.84945401,False,1788262467,1788262467.16,0.157767534256,1788262467,1788262467.5,1788262468,1788262468000111,1788262468025845,-10.723321,-22.849455,-10.723320599,-22.84945488,AWGN,rfsimu_channel_enB0,static-0,1788262185978180597,1,14bd144574d32d9e,1,1,1,1,11751.4285714,40.689397,-107,14.1,True,248,248,248,-0.6,12.2,-0.6,12.2,-10.723320599,-22.84945401,False,-0.68795225,0,0,-0.08795225,1.9,-0.08795225,1.9
3,249,249,249,249,0.3,13.6,0.3,13.6,-9.76924591,-23.157585196,False,0,27,6,7,10,0.385861731873,0.498761222924,0.115377045203,249,249,249,0.3,13.6,0.3,13.6,-9.76924591,-23.157585196,False,1788262468,1788262468.12,0.121636629105,1788262468,1788262468.5,1788262469,1788262469000635,1788262469018175,-9.769246,-23.157585,-9.76924591,-23.157585144,AWGN,rfsimu_channel_enB0,static-0,1788262185978180597,1,14bd144574d32d9e,1,1,1,1,14432.1428571,41.587202,-106,13.821429,True,249,249,249,0.3,13.6,0.3,13.6,-9.76924591,-23.157585196,False,0.20985275,0,0,-0.09014725,0.221429,-0.09014725,0.221429
3,250,250,250,250,1.35,13.75,1.35,13.75,-8.710849152,-22.127495997,False,0,27,6,7,10,0.0424986656871,0.312925910116,0.644575424197,250,250,250,1.35,13.75,1.35,13.75,-8.710849152,-22.127495997,False,1788262469,1788262469.16,0.157622337341,1788262469,1788262469.5,1788262470,1788262470001588,1788262470013725,-8.710849,-22.127497,-8.710849152,-22.127496719,AWGN,rfsimu_channel_enB0,static-0,1788262185978180597,1,14bd144574d32d9e,1,1,1,1,18452.2142857,42.651375,-105,14.971429,True,250,250,250,1.35,13.75,1.35,13.75,-8.710849152,-22.127495997,False,1.27402575,0,0,-0.07597425,1.221429,-0.07597425,1.221429
3,251,251,251,251,0.8,16.85,0.8,16.85,-9.161250185,-25.687726556,False,0,13,9,5,6,0.419374907536,0.229242185197,0.351382907268,251,251,251,0.8,16.85,0.8,16.85,-9.161250185,-25.687726556,False,1788262470,1788262470.12,0.12162733078,1788262470,1788262470.5,1788262471,1788262471000885,1788262471013111,-9.16125,-25.687727,-9.161250185,-25.687726974,AWGN,rfsimu_channel_enB0,static-0,1788262185978180597,1,14bd144574d32d9e,1,1,1,1,16682.0714286,42.219688,-106,14.521429,True,251,251,251,0.8,16.85,0.8,16.85,-9.161250185,-25.687726556,False,0.84233875,0,0,0.04233875,-2.328571,0.04233875,-2.328571
3,252,252,252,252,-0.55,13,-0.55,13,-10.638288174,-23.476844803,False,0,10,6,3,7,0.173137513832,0.319144087015,0.507718399153,252,252,252,-0.55,13,-0.55,13,-10.638288174,-23.476844803,False,1788262471,1788262471.16,0.157642841339,1788262471,1788262471.5,1788262472,1788262472000940,1788262472004211,-10.638288,-23.476845,-10.638288174,-23.476844788,AWGN,rfsimu_channel_enB0,static-0,1788262185978180597,1,14bd144574d32d9e,1,1,1,1,12502.3571429,40.953515,-107,13.214286,True,252,252,252,-0.55,13,-0.55,13,-10.638288174,-23.476844803,False,-0.42383425,0,0,0.12616575,0.214286,0.12616575,0.214286
3,253,253,253,253,-1,13,-1,13,-11.085414128,-23.883021302,False,0,10,6,3,7,0.0849667031402,0.542707064152,0.372326232708,253,253,253,-1,13,-1,13,-11.085414128,-23.883021302,False,1788262472,1788262472.13,0.125643014908,1788262472,1788262472.5,1788262473,1788262473001455,1788262473066841,-11.085414,-23.88302,-11.085414128,-23.883020401,AWGN,rfsimu_channel_enB0,static-0,1788262185978180597,1,14bd144574d32d9e,1,1,1,1,10912.2666667,40.376131,-107,13.34,True,253,253,253,-1,13,-1,13,-11.085414128,-23.883021302,False,-1.00121825,0,0,-0.00121824999999,0.34,-0.00121824999999,0.34
3,254,254,254,254,-0.05,14.25,-0.05,14.25,-10.094816696,-24.052151038,False,0,10,6,3,7,0.636641998128,0.0474083479402,0.315949653932,254,254,254,-0.05,14.25,-0.05,14.25,-10.094816696,-24.052151038,False,1788262473,1788262473.1,0.101643323898,1788262473,1788262473.5,1788262474,1788262474000847,1788262474059510,-10.094817,-24.052151,-10.094816696,-24.052150726,AWGN,rfsimu_channel_enB0,static-0,1788262185978180597,1,14bd144574d32d9e,1,1,1,1,13661.3571429,41.353973,-106,14.371428,True,254,254,254,-0.05,14.25,-0.05,14.25,-10.094816696,-24.052151038,False,-0.02337625,0,0,0.02662375,0.121428,0.02662375,0.121428
3,255,255,255,255,2.15,14.2,2.15,14.2,-7.898859515,-21.573424634,False,0,25,16,17,10,0.0373823992934,0.0879526418711,0.874664958836,255,255,255,2.15,14.2,2.15,14.2,-7.898859515,-21.573424634,False,1788262474,1788262474.16,0.157546043396,1788262474,1788262474.5,1788262475,1788262475001187,1788262475050380,-7.89886,-21.573425,-7.898859515,-21.573425293,AWGN,rfsimu_channel_enB0,static-0,1788262185978180597,1,14bd144574d32d9e,1,1,1,1,22056.9285714,43.400473,-104,16.45,True,255,255,255,2.15,14.2,2.15,14.2,-7.898859515,-21.573424634,False,2.02312375,0,0,-0.12687625,2.25,-0.12687625,2.25
3,256,256,256,256,-0.7,16.15,-0.7,16.15,-10.67248752,-26.524862873,False,0,19,6,5,2,0.49171237562,0.172043864166,0.336243760214,256,256,256,-0.7,16.15,-0.7,16.15,-10.67248752,-26.524862873,False,1788262475,1788262475.13,0.129666566849,1788262475,1788262475.5,1788262476,1788262476000242,1788262476042292,-10.672488,-26.524862,-10.67248752,-26.524862289,AWGN,rfsimu_channel_enB0,static-0,1788262185978180597,1,14bd144574d32d9e,1,1,1,1,11693.5,40.678447,-107,13.964286,True,256,256,256,-0.7,16.15,-0.7,16.15,-10.67248752,-26.524862873,False,-0.69890225,0,0,0.00109775,-2.185714,0.00109775,-2.185714
3,257,257,257,257,-1.4,13.1,-1.4,13.1,-11.479126232,-24.326196156,False,0,10,6,3,7,0.0358356025409,0.739563116004,0.224601281455,257,257,257,-1.4,13.1,-1.4,13.1,-11.479126232,-24.326196156,False,1788262476,1788262476.09,0.0935912132263,1788262476,1788262476.5,1788262477,1788262477000028,1788262477029909,-11.479126,-24.326197,-11.479126232,-24.326196671,AWGN,rfsimu_channel_enB0,static-0,1788262185978180597,1,14bd144574d32d9e,1,1,1,1,9857.28571429,39.935968,-108,13.507143,True,257,257,257,-1.4,13.1,-1.4,13.1,-11.479126232,-24.326196156,False,-1.44138125,0,0,-0.04138125,0.407143,-0.04138125,0.407143
3,258,258,258,258,-0.6,11.95,-0.6,11.95,-10.738334438,-22.628092974,False,0,18,4,7,3,0.159802894389,0.630832780933,0.209364324678,258,258,258,-0.6,11.95,-0.6,11.95,-10.738334438,-22.628092974,False,1788262477,1788262477.15,0.153043270111,1788262477,1788262477.5,1788262478,1788262478000533,1788262478023037,-10.738334,-22.628094,-10.738334438,-22.628093719,AWGN,rfsimu_channel_enB0,static-0,1788262185978180597,1,14bd144574d32d9e,1,1,1,1,11708.4285714,40.678202,-107,14.264286,True,258,258,258,-0.6,11.95,-0.6,11.95,-10.738334438,-22.628092974,False,-0.69914725,0,0,-0.09914725,2.314286,-0.09914725,2.314286
3,259,259,259,259,-2.35,10.6,-2.35,10.6,-12.592073499,-23.060732069,False,0,16,4,3,15,0.449064810485,0.25489843992,0.296036749595,259,259,259,-2.35,10.6,-2.35,10.6,-12.592073499,-23.060732069,False,1788262478,1788262478.11,0.109100103378,1788262478,1788262478.5,1788262479,1788262479001714,1788262479013464,-12.592073,-23.060732,-12.592073499,-23.060731888,AWGN,rfsimu_channel_enB0,static-0,1788262185978180597,1,14bd144574d32d9e,1,1,1,1,8326,39.178695,-109,12.714286,True,259,259,259,-2.35,10.6,-2.35,10.6,-12.592073499,-23.060732069,False,-2.19865425,0,0,0.15134575,2.114286,0.15134575,2.114286
3,260,260,260,260,-2.65,11.55,-2.65,11.55,-12.840234159,-24.210167065,False,0,9,3,1,15,0.585483056427,0.00560013597811,0.408916807595,260,260,260,-2.65,11.55,-2.65,11.55,-12.840234159,-24.210167065,False,1788262479,1788262479.15,0.153069734573,1788262479,1788262479.5,1788262480,1788262480001231,1788262480002995,-12.840234,-24.210167,-12.840234159,-24.210166931,AWGN,rfsimu_channel_enB0,static-0,1788262185978180597,1,14bd144574d32d9e,1,1,1,1,7457.64285714,38.724222,-109,11.457143,True,260,260,260,-2.65,11.55,-2.65,11.55,-12.840234159,-24.210167065,False,-2.65312725,0,0,-0.00312725,-0.092857,-0.00312725,-0.092857
3,261,261,261,261,-3.7,11.2,-3.7,11.2,-13.917005548,-24.97487101,False,0,9,3,1,15,0.251705732536,0.210208506371,0.538085761092,261,261,261,-3.7,11.2,-3.7,11.2,-13.917005548,-24.97487101,False,1788262480,1788262480.12,0.117641687393,1788262480,1788262480.5,1788262481,1788262481001570,1788262481065389,-13.917006,-24.974871,-13.917005548,-24.974870682,AWGN,rfsimu_channel_enB0,static-0,1788262185978180597,1,14bd144574d32d9e,1,1,1,1,5922.46666667,37.717233,-110,10.3,True,261,261,261,-3.7,11.2,-3.7,11.2,-13.917005548,-24.97487101,False,-3.66011625,0,0,0.03988375,-0.9,0.03988375,-0.9
3,262,262,262,262,-2.65,10.7,-2.65,10.7,-12.892369752,-23.469873002,False,0,16,4,3,15,0.212585748393,0.341229375438,0.446184876169,262,262,262,-2.65,10.7,-2.65,10.7,-12.892369752,-23.469873002,False,1788262481,1788262481.15,0.153630495071,1788262481,1788262481.5,1788262482,1788262482001456,1788262482053897,-12.89237,-23.469873,-12.892369752,-23.469873428,AWGN,rfsimu_channel_enB0,static-0,1788262185978180597,1,14bd144574d32d9e,1,1,1,1,7282.28571429,38.610941,-109,11.285714,True,262,262,262,-2.65,10.7,-2.65,10.7,-12.892369752,-23.469873002,False,-2.76640825,0,0,-0.11640825,0.585714,-0.11640825,0.585714
3,263,263,263,263,-4.05,9.35,-4.05,9.35,-14.394786316,-23.733780268,False,0,7,13,15,1,0.0647971837679,0.867404025813,0.0677987904194,263,263,263,-4.05,9.35,-4.05,9.35,-14.394786316,-23.733780268,False,1788262482,1788262482.11,0.113496780396,1788262482,1788262482.5,1788262483,1788262483000301,1788262483044279,-14.394786,-23.73378,-14.394786316,-23.733779907,AWGN,rfsimu_channel_enB0,static-0,1788262185978180597,1,14bd144574d32d9e,1,1,1,1,5304.57142857,37.242853,-111,9.292857,True,263,263,263,-4.05,9.35,-4.05,9.35,-14.394786316,-23.733780268,False,-4.13449625,0,0,-0.08449625,-0.057143,-0.08449625,-0.057143
3,264,264,264,264,-3.85,9.6,-3.85,9.6,-14.17611825,-23.768402591,False,0,9,3,1,15,0.0168876350549,0.10494676017,0.878165604775,264,264,264,-3.85,9.6,-3.85,9.6,-14.17611825,-23.768402591,False,1788262483,1788262483.16,0.157009124756,1788262483,1788262483.5,1788262484,1788262484001356,1788262484032343,-14.176118,-23.768402,-14.17611825,-23.7684021,AWGN,rfsimu_channel_enB0,static-0,1788262185978180597,1,14bd144574d32d9e,1,1,1,1,5614.21428571,37.489063,-110,8.942857,True,264,264,264,-3.85,9.6,-3.85,9.6,-14.17611825,-23.768402591,False,-3.88828625,0,0,-0.03828625,-0.657143,-0.03828625,-0.657143
3,265,265,265,265,-3.25,9.15,-3.25,9.15,-13.601956209,-22.762280109,False,0,15,4,15,16,0.121625903116,0.839676100786,0.0386979960973,265,265,265,-3.25,9.15,-3.25,9.15,-13.601956209,-22.762280109,False,1788262484,1788262484.12,0.121650934219,1788262484,1788262484.5,1788262485,1788262485000525,1788262485017947,-13.601956,-22.76228,-13.601956209,-22.76227951,AWGN,rfsimu_channel_enB0,static-0,1788262185978180597,1,14bd144574d32d9e,1,1,1,1,6386.5,38.048115,-110,9.564286,True,265,265,265,-3.25,9.15,-3.25,9.15,-13.601956209,-22.762280109,False,-3.32923425,0,0,-0.07923425,0.414286,-0.07923425,0.414286
3,266,266,266,266,-4.1,10,-4.1,10,-14.399729113,-24.359235492,False,0,7,13,15,1,0.00398164054464,0.804117083803,0.191901275652,266,266,266,-4.1,10,-4.1,10,-14.399729113,-24.359235492,False,1788262485,1788262485.09,0.0896329879761,1788262485,1788262485.5,1788262486,1788262486000252,1788262486007036,-14.399729,-24.359236,-14.399729113,-24.359235764,AWGN,rfsimu_channel_enB0,static-0,1788262185978180597,1,14bd144574d32d9e,1,1,1,1,5286.64285714,37.227131,-111,8.635714,True,266,266,266,-4.1,10,-4.1,10,-14.399729113,-24.359235492,False,-4.15021825,0,0,-0.05021825,-1.364286,-0.05021825,-1.364286
3,267,267,267,267,-3.3,10.2,-3.3,10.2,-13.583791857,-23.72152936,False,0,9,3,1,15,0.242028651044,0.0339245797416,0.724046769215,267,267,267,-3.3,10.2,-3.3,10.2,-13.583791857,-23.72152936,False,1788262486,1788262486.16,0.15764093399,1788262486,1788262486.5,1788262487,1788262487000639,1788262487063353,-13.583792,-23.721529,-13.583791857,-23.721529007,AWGN,rfsimu_channel_enB0,static-0,1788262185978180597,1,14bd144574d32d9e,1,1,1,1,6249.46666667,37.948252,-110,10.213333,True,267,267,267,-3.3,10.2,-3.3,10.2,-13.583791857,-23.72152936,False,-3.42909725,0,0,-0.12909725,0.013333,-0.12909725,0.013333
3,268,268,268,268,-2.75,12.5,-2.75,12.5,-12.875988064,-25.117694921,False,0,9,3,1,15,0.672415188637,0.110409220461,0.217175590901,268,268,268,-2.75,12.5,-2.75,12.5,-12.875988064,-25.117694921,False,1788262487,1788262487.12,0.121633052826,1788262487,1788262487.5,1788262488,1788262488001445,1788262488048183,-12.875988,-25.117695,-12.875988064,-25.117694855,AWGN,rfsimu_channel_enB0,static-0,1788262185978180597,1,14bd144574d32d9e,1,1,1,1,7356.07142857,38.664997,-109,11.114286,True,268,268,268,-2.75,12.5,-2.75,12.5,-12.875988064,-25.117694921,False,-2.71235225,0,0,0.03764775,-1.385714,0.03764775,-1.385714
3,269,269,269,269,-1.6,13.05,-1.6,13.05,-11.681112071,-24.461711599,False,0,18,4,7,3,0.0199855024684,0.159443964374,0.820570533158,269,269,269,-1.6,13.05,-1.6,13.05,-11.681112071,-24.461711599,False,1788262488,1788262488.16,0.161626338959,1788262488,1788262488.5,1788262489,1788262489000817,1788262489035046,-11.681112,-24.461712,-11.681112071,-24.461711884,AWGN,rfsimu_channel_enB0,static-0,1788262185978180597,1,14bd144574d32d9e,1,1,1,1,9439.64285714,39.738584,-108,12.25,True,269,269,269,-1.6,13.05,-1.6,13.05,-11.681112071,-24.461711599,False,-1.63876525,0,0,-0.03876525,-0.8,-0.03876525,-0.8
3,270,270,270,270,-3,11.45,-3,11.45,-13.198025824,-24.479215819,False,0,9,3,1,15,0.476236159459,0.0752490714146,0.448514769126,270,270,270,-3,11.45,-3,11.45,-13.198025824,-24.479215819,False,1788262489,1788262489.12,0.121625185013,1788262489,1788262489.5,1788262490,1788262490000960,1788262490020090,-13.198026,-24.479216,-13.198025824,-24.479215622,AWGN,rfsimu_channel_enB0,static-0,1788262185978180597,1,14bd144574d32d9e,1,1,1,1,6960.64285714,38.4085,-109,10.75,True,270,270,270,-3,11.45,-3,11.45,-13.198025824,-24.479215819,False,-2.96884925,0,0,0.03115075,-0.7,0.03115075,-0.7
3,271,271,271,271,-2.55,9.7,-2.55,9.7,-12.851038862,-22.489835187,False,0,16,4,3,15,0.553041983941,0.0214385852986,0.42551943076,271,271,271,-2.55,9.7,-2.55,9.7,-12.851038862,-22.489835187,False,1788262490,1788262490.15,0.153164625168,1788262490,1788262490.5,1788262491,1788262491000114,1788262491006772,-12.851039,-22.489836,-12.851038862,-22.489835739,AWGN,rfsimu_channel_enB0,static-0,1788262185978180597,1,14bd144574d32d9e,1,1,1,1,7534,38.765333,-109,10.992857,True,271,271,271,-2.55,9.7,-2.55,9.7,-12.851038862,-22.489835187,False,-2.61201625,0,0,-0.06201625,1.292857,-0.06201625,1.292857
3,272,272,272,272,-1.2,12.4,-1.2,12.4,-11.316612643,-23.542320879,False,0,18,4,7,3,0.144199361666,0.341693678552,0.514106959782,272,272,272,-1.2,12.4,-1.2,12.4,-11.316612643,-23.542320879,False,1788262491,1788262491.11,0.113631486893,1788262491,1788262491.5,1788262492,1788262492000572,1788262492062251,-11.316613,-23.54232,-11.316612643,-23.542320251,AWGN,rfsimu_channel_enB0,static-0,1788262185978180597,1,14bd144574d32d9e,1,1,1,1,10263.7333333,40.10086,-108,12.413333,True,272,272,272,-1.2,12.4,-1.2,12.4,-11.316612643,-23.542320879,False,-1.27648925,0,0,-0.07648925,0.013333,-0.07648925,0.013333
3,273,273,273,273,-1.95,11.2,-1.95,11.2,-12.14709598,-23.155226863,False,0,16,4,3,15,0.565892385457,0.360559624376,0.0735479901672,273,273,273,-1.95,11.2,-1.95,11.2,-12.14709598,-23.155226863,False,1788262492,1788262492.16,0.157616376877,1788262492,1788262492.5,1788262493,1788262493000351,1788262493047579,-12.147096,-23.155228,-12.14709598,-23.155227661,AWGN,rfsimu_channel_enB0,static-0,1788262185978180597,1,14bd144574d32d9e,1,1,1,1,8849.64285714,39.461267,-109,11.75,True,273,273,273,-1.95,11.2,-1.95,11.2,-12.14709598,-23.155226863,False,-1.91608225,0,0,0.03391775,0.55,0.03391775,0.55
3,274,274,274,274,-1.4,11.5,-1.4,11.5,-11.572430169,-22.917347165,False,0,18,4,7,3,0.480432696239,0.21378491553,0.305782388231,274,274,274,-1.4,11.5,-1.4,11.5,-11.572430169,-22.917347165,False,1788262493,1788262493.13,0.129631996155,1788262493,1788262493.5,1788262494,1788262494000678,1788262494037510,-11.57243,-22.917347,-11.572430169,-22.917346954,AWGN,rfsimu_channel_enB0,static-0,1788262185978180597,1,14bd144574d32d9e,1,1,1,1,9927.35714286,39.966259,-108,11.678571,True,274,274,274,-1.4,11.5,-1.4,11.5,-11.572430169,-22.917347165,False,-1.41109025,0,0,-0.01109025,0.178571,-0.01109025,0.178571
3,275,275,275,275,-0.85,12.7,-0.85,12.7,-10.94757171,-23.501241906,False,0,10,6,3,7,0.0266281133242,0.473785855248,0.499586031428,275,275,275,-0.85,12.7,-0.85,12.7,-10.94757171,-23.501241906,False,1788262494,1788262494.16,0.16163277626,1788262494,1788262494.5,1788262495,1788262495000637,1788262495027013,-10.947572,-23.501242,-10.94757171,-23.501241684,AWGN,rfsimu_channel_enB0,static-0,1788262185978180597,1,14bd144574d32d9e,1,1,1,1,11204.0714286,40.490289,-107,11.757143,True,275,275,275,-0.85,12.7,-0.85,12.7,-10.94757171,-23.501241906,False,-0.88706025,0,0,-0.03706025,-0.942857,-0.03706025,-0.942857
3,276,276,276,276,-1.3,14.05,-1.3,14.05,-11.344240583,-25.020223364,False,0,20,2,3,6,0.00674112143667,0.665379169898,0.327879708665,276,276,276,-1.3,14.05,-1.3,14.05,-11.344240583,-25.020223364,False,1788262495,1788262495.14,0.137620210648,1788262495,1788262495.5,1788262496,1788262496000796,1788262496019886,-11.344241,-25.020224,-11.344240583,-25.020223618,AWGN,rfsimu_channel_enB0,static-0,1788262185978180597,1,14bd144574d32d9e,1,1,1,1,10259.2857143,40.108959,-108,11.357143,True,276,276,276,-1.3,14.05,-1.3,14.05,-11.344240583,-25.020223364,False,-1.26839025,0,0,0.03160975,-2.692857,0.03160975,-2.692857
3,277,277,277,277,-2.2,12.3,-2.2,12.3,-12.335535281,-24.383472603,False,0,16,4,3,15,0.093664038784,0.738568320807,0.167767640409,277,277,277,-2.2,12.3,-2.2,12.3,-12.335535281,-24.383472603,False,1788262496,1788262496.09,0.0936279296875,1788262496,1788262496.5,1788262497,1788262497001767,1788262497010234,-12.335535,-24.383472,-12.335535281,-24.383472443,AWGN,rfsimu_channel_enB0,static-0,1788262185978180597,1,14bd144574d32d9e,1,1,1,1,8302.42857143,39.190718,-109,10.442857,True,277,277,277,-2.2,12.3,-2.2,12.3,-12.335535281,-24.383472603,False,-2.18663125,0,0,0.01336875,-1.857143,0.01336875,-1.857143
3,278,278,278,278,-3.6,9.8,-3.6,9.8,-13.91181919,-23.685362297,False,0,9,3,1,15,0.11044390343,0.0663534986429,0.823202597927,278,278,278,-3.6,9.8,-3.6,9.8,-13.91181919,-23.685362297,False,1788262497,1788262497.16,0.156974315643,1788262497,1788262497.5,1788262498,1788262498000362,1788262498068456,-13.911819,-23.685362,-13.91181919,-23.685361862,AWGN,rfsimu_channel_enB0,static-0,1788262185978180597,1,14bd144574d32d9e,1,1,1,1,6113.33333333,37.844755,-110,9.113333,True,278,278,278,-3.6,9.8,-3.6,9.8,-13.91181919,-23.685362297,False,-3.53259425,0,0,0.06740575,-0.686667,0.06740575,-0.686667
3,279,279,279,279,-1.65,12.65,-1.65,12.65,-11.75557614,-24.150515446,False,0,18,4,7,3,0.160949588136,0.122211929913,0.71683848195,279,279,279,-1.65,12.65,-1.65,12.65,-11.75557614,-24.150515446,False,1788262498,1788262498.12,0.117680311203,1788262498,1788262498.5,1788262499,1788262499001497,1788262499057266,-11.755576,-24.150515,-11.75557614,-24.150514603,AWGN,rfsimu_channel_enB0,static-0,1788262185978180597,1,14bd144574d32d9e,1,1,1,1,9456.64285714,39.754852,-108,11.2,True,279,279,279,-1.65,12.65,-1.65,12.65,-11.75557614,-24.150515446,False,-1.62249725,0,0,0.02750275,-1.45,0.02750275,-1.45
3,280,280,280,280,-2.1,12.4,-2.1,12.4,-12.227330618,-24.363458844,False,0,16,4,3,15,0.136403512605,0.749931178388,0.113665309006,280,280,280,-2.1,12.4,-2.1,12.4,-12.227330618,-24.363458844,False,1788262499,1788262499.16,0.157663345337,1788262499,1788262499.5,1788262500,1788262500001194,1788262500045415,-12.227331,-24.363459,-12.227330618,-24.363458633,AWGN,rfsimu_channel_enB0,static-0,1788262185978180597,1,14bd144574d32d9e,1,1,1,1,8413.35714286,39.24753,-109,10.65,True,280,280,280,-2.1,12.4,-2.1,12.4,-12.227330618,-24.363458844,False,-2.12981925,0,0,-0.02981925,-1.75,-0.02981925,-1.75
3,281,281,281,281,-1.55,15.95,-1.55,15.95,-11.515189216,-27.255308478,False,0,20,2,3,6,0.751769492587,0.00582511560206,0.242405391811,281,281,281,-1.55,15.95,-1.55,15.95,-11.515189216,-27.255308478,False,1788262500,1788262500.11,0.11364030838,1788262500,1788262500.5,1788262501,1788262501001489,1788262501034704,-11.515189,-27.255308,-11.515189216,-27.255308151,AWGN,rfsimu_channel_enB0,static-0,1788262185978180597,1,14bd144574d32d9e,1,1,1,1,9660.35714286,39.848604,-108,12.878572,True,281,281,281,-1.55,15.95,-1.55,15.95,-11.515189216,-27.255308478,False,-1.52874525,0,0,0.02125475,-3.071428,0.02125475,-3.071428
3,282,282,282,282,-1.75,12.7,-1.75,12.7,-11.853457225,-24.28075066,False,0,18,4,7,3,0.166478392495,0.0732713875587,0.760250219946,282,282,282,-1.75,12.7,-1.75,12.7,-11.853457225,-24.28075066,False,1788262501,1788262501.16,0.157634019852,1788262501,1788262501.5,1788262502,1788262502001043,1788262502023682,-11.853457,-24.28075,-11.853457225,-24.280750275,AWGN,rfsimu_channel_enB0,static-0,1788262185978180597,1,14bd144574d32d9e,1,1,1,1,9258.42857143,39.663221,-108,13.121429,True,282,282,282,-1.75,12.7,-1.75,12.7,-11.853457225,-24.28075066,False,-1.71412825,0,0,0.03587175,0.421429,0.03587175,0.421429
3,283,283,283,283,-1.4,14.55,-1.4,14.55,-11.423106306,-25.647044702,False,0,20,2,3,6,0.215681567203,0.495871585734,0.288446847063,283,283,283,-1.4,14.55,-1.4,14.55,-11.423106306,-25.647044702,False,1788262502,1788262502.12,0.121645212173,1788262502,1788262502.5,1788262503,1788262503001604,1788262503017360,-11.423106,-25.647045,-11.423106306,-25.647045135,AWGN,rfsimu_channel_enB0,static-0,1788262185978180597,1,14bd144574d32d9e,1,1,1,1,9943.64285714,39.97369,-108,13.45,True,283,283,283,-1.4,14.55,-1.4,14.55,-11.423106306,-25.647044702,False,-1.40365925,0,0,-0.00365925,-1.1,-0.00365925,-1.1
3,284,284,284,284,-0.6,13,-0.6,13,-10.687968836,-23.521975525,False,0,10,6,3,7,0.163340757088,0.343984417808,0.492674825103,284,284,284,-0.6,13,-0.6,13,-10.687968836,-23.521975525,False,1788262503,1788262503.15,0.153645038605,1788262503,1788262503.5,1788262504,1788262504000691,1788262504010847,-10.687969,-23.521976,-10.687968836,-23.521976471,AWGN,rfsimu_channel_enB0,static-0,1788262185978180597,1,14bd144574d32d9e,1,1,1,1,11830.1428571,40.722509,-107,13.885714,True,284,284,284,-0.6,13,-0.6,13,-10.687968836,-23.521975525,False,-0.65484025,0,0,-0.05484025,0.885714,-0.05484025,0.885714
3,285,285,285,285,1.2,15.2,1.2,15.2,-8.808735609,-23.542563457,False,0,28,10,9,6,0.485812181103,0.109820014254,0.404367804644,285,285,285,1.2,15.2,1.2,15.2,-8.808735609,-23.542563457,False,1788262504,1788262504.12,0.117680549622,1788262504,1788262504.5,1788262505,1788262505000516,1788262505005358,-8.808736,-23.542564,-8.808735609,-23.542564392,AWGN,rfsimu_channel_enB0,static-0,1788262185978180597,1,14bd144574d32d9e,1,1,1,1,17757.3571429,42.473169,-105,14.457143,True,285,285,285,1.2,15.2,1.2,15.2,-8.808735609,-23.542563457,False,1.09581975,0,0,-0.10418025,-0.742857,-0.10418025,-0.742857
3,286,286,286,286,0.15,14.15,0.15,14.15,-9.898919663,-23.769869558,False,0,27,6,7,10,0.589956519455,0.359503312205,0.0505401683394,286,286,286,0.15,14.15,0.15,14.15,-9.898919663,-23.769869558,False,1788262505,1788262505.15,0.149454593658,1788262505,1788262505.5,1788262506,1788262506000388,1788262506067958,-9.89892,-23.769869,-9.898919663,-23.769868851,AWGN,rfsimu_channel_enB0,static-0,1788262185978180597,1,14bd144574d32d9e,1,1,1,1,14403.8666667,41.574448,-106,13.553333,True,286,286,286,0.15,14.15,0.15,14.15,-9.898919663,-23.769869558,False,0.19709875,0,0,0.04709875,-0.596667,0.04709875,-0.596667
3,287,287,287,287,-0.7,13.35,-0.7,13.35,-10.774263997,-23.899688737,False,0,10,6,3,7,0.246097580322,0.387131998673,0.366770421004,287,287,287,-0.7,13.35,-0.7,13.35,-10.774263997,-23.899688737,False,1788262506,1788262506.11,0.113641738892,1788262506,1788262506.5,1788262507,1788262507001065,1788262507055335,-10.774264,-23.899689,-10.774263997,-23.899688721,AWGN,rfsimu_channel_enB0,static-0,1788262185978180597,1,14bd144574d32d9e,1,1,1,1,11661.8571429,40.666601,-107,12.592857,True,287,287,287,-0.7,13.35,-0.7,13.35,-10.774263997,-23.899688737,False,-0.71074825,0,0,-0.01074825,-0.757143,-0.01074825,-0.757143
3,288,288,288,288,-0.4,13.05,-0.4,13.05,-10.487379595,-23.382517174,False,0,10,6,3,7,0.217149260737,0.243689797391,0.539160941873,288,288,288,-0.4,13.05,-0.4,13.05,-10.487379595,-23.382517174,False,1788262507,1788262507.16,0.157644987106,1788262507,1788262507.5,1788262508,1788262508001736,1788262508043584,-10.48738,-23.382517,-10.487379595,-23.382516861,AWGN,rfsimu_channel_enB0,static-0,1788262185978180597,1,14bd144574d32d9e,1,1,1,1,12462.0714286,40.954049,-107,13.121429,True,288,288,288,-0.4,13.05,-0.4,13.05,-10.487379595,-23.382517174,False,-0.42330025,0,0,-0.02330025,0.071429,-0.02330025,0.071429
3,289,289,289,289,0.2,13.4,0.2,13.4,-9.87704148,-23.104522081,False,0,27,6,7,10,0.368174026951,0.570346713222,0.0614792598264,289,289,289,0.2,13.4,0.2,13.4,-9.87704148,-23.104522081,False,1788262508,1788262508.11,0.113649368286,1788262508,1788262508.5,1788262509,1788262509000666,1788262509037956,-9.877041,-23.104523,-9.87704148,-23.104522705,AWGN,rfsimu_channel_enB0,static-0,1788262185978180597,1,14bd144574d32d9e,1,1,1,1,14292.5714286,41.549432,-106,13.85,True,289,289,289,0.2,13.4,0.2,13.4,-9.87704148,-23.104522081,False,0.17208275,0,0,-0.02791725,0.45,-0.02791725,0.45
3,290,290,290,290,0.65,16.2,0.65,16.2,-9.328390516,-25.137601677,False,0,13,9,5,6,0.335804742232,0.0458672258011,0.618328031967,290,290,290,0.65,16.2,0.65,16.2,-9.328390516,-25.137601677,False,1788262509,1788262509.15,0.153056621552,1788262509,1788262509.5,1788262510,1788262510001544,1788262510029378,-9.328391,-25.137602,-9.328390516,-25.137601852,AWGN,rfsimu_channel_enB0,static-0,1788262185978180597,1,14bd144574d32d9e,1,1,1,1,15929.7857143,42.020274,-106,14.321428,True,290,290,290,0.65,16.2,0.65,16.2,-9.328390516,-25.137601677,False,0.64292475,0,0,-0.00707524999999,-1.878572,-0.00707524999999,-1.878572
3,291,291,291,291,0.2,15.35,0.2,15.35,-9.803584745,-24.691773984,False,0,27,6,7,10,0.897257994812,0.0045343778996,0.0982076272884,291,291,291,0.2,15.35,0.2,15.35,-9.803584745,-24.691773984,False,1788262510,1788262510.11,0.105624675751,1788262510,1788262510.5,1788262511,1788262511001204,1788262511025574,-9.803585,-24.691774,-9.803584745,-24.691774368,AWGN,rfsimu_channel_enB0,static-0,1788262185978180597,1,14bd144574d32d9e,1,1,1,1,14437.8571429,41.593761,-106,14.107143,True,291,291,291,0.2,15.35,0.2,15.35,-9.803584745,-24.691773984,False,0.21641175,0,0,0.01641175,-1.242857,0.01641175,-1.242857
3,292,292,292,292,1.95,13.25,1.95,13.25,-8.153838729,-20.906125421,False,0,25,16,17,10,0.233592006049,0.156672641683,0.609735352268,292,292,292,1.95,13.25,1.95,13.25,-8.153838729,-20.906125421,False,1788262511,1788262511.16,0.161506891251,1788262511,1788262511.5,1788262512,1788262512000882,1788262512016426,-8.153839,-20.906126,-8.153838729,-20.906126022,AWGN,rfsimu_channel_enB0,static-0,1788262185978180597,1,14bd144574d32d9e,1,1,1,1,21024.7142857,43.204327,-104,17.064286,True,292,292,292,1.95,13.25,1.95,13.25,-8.153838729,-20.906125421,False,1.82697775,0,0,-0.12302225,3.814286,-0.12302225,3.814286
3,293,293,293,293,1.9,15.1,1.9,15.1,-8.112264726,-22.745897719,False,0,28,10,9,6,0.751367427083,0.192500209709,0.0561323632078,293,293,293,1.9,15.1,1.9,15.1,-8.112264726,-22.745897719,False,1788262512,1788262512.13,0.125636339188,1788262512,1788262512.5,1788262513,1788262513001140,1788262513037851,-8.112265,-22.745897,-8.112264726,-22.745897293,AWGN,rfsimu_channel_enB0,static-0,1788262185978180597,1,14bd144574d32d9e,1,1,1,1,21340.6666667,43.290959,-104,17.146667,True,293,293,293,1.9,15.1,1.9,15.1,-8.112264726,-22.745897719,False,1.91360975,0,0,0.01360975,2.046667,0.01360975,2.046667
3,294,294,294,294,1.2,15.65,1.2,15.65,-8.794942242,-24.013644929,False,0,28,10,9,6,0.328785023755,0.27374385543,0.397471120815,294,294,294,1.2,15.65,1.2,15.65,-8.794942242,-24.013644929,False,1788262513,1788262513.1,0.097090959549,1788262513,1788262513.5,1788262514,1788262514000150,1788262514026931,-8.794942,-24.013645,-8.794942242,-24.013645172,AWGN,rfsimu_channel_enB0,static-0,1788262185978180597,1,14bd144574d32d9e,1,1,1,1,17971.9333333,42.545363,-105,16.4,True,294,294,294,1.2,15.65,1.2,15.65,-8.794942242,-24.013644929,False,1.16801375,0,0,-0.03198625,0.75,-0.03198625,0.75
3,295,295,295,295,2.4,17.55,2.4,17.55,-7.542436642,-24.823493096,False,0,11,11,8,9,0.114390839592,0.0174249250835,0.868184235325,295,295,295,2.4,17.55,2.4,17.55,-7.542436642,-24.823493096,False,1788262514,1788262514.16,0.157630443573,1788262514,1788262514.5,1788262515,1788262515001667,1788262515001448,-7.542437,-24.823494,-7.542436642,-24.823493958,AWGN,rfsimu_channel_enB0,static-0,1788262185978180597,1,14bd144574d32d9e,1,1,1,1,23655.0714286,43.727748,-104,17.871429,True,295,295,295,2.4,17.55,2.4,17.55,-7.542436642,-24.823493096,False,2.35039875,0,0,-0.04960125,0.321429,-0.04960125,0.321429
3,296,296,296,296,1.05,16.15,1.05,16.15,-8.929516865,-24.685350422,False,0,28,10,9,6,0.104883192596,0.430358374798,0.464758432607,296,296,296,1.05,16.15,1.05,16.15,-8.929516865,-24.685350422,False,1788262515,1788262515.11,0.113003015518,1788262515,1788262515.5,1788262516,1788262516000566,1788262516068184,-8.929517,-24.68535,-8.929516865,-24.685350418,AWGN,rfsimu_channel_enB0,static-0,1788262185978180597,1,14bd144574d32d9e,1,1,1,1,17928.9333333,42.520069,-105,16.78,True,296,296,296,1.05,16.15,1.05,16.15,-8.929516865,-24.685350422,False,1.14271975,0,0,0.09271975,0.63,0.09271975,0.63
3,297,297,297,297,1.1,13.95,1.1,13.95,-8.953968994,-22.564620945,False,0,27,6,7,10,0.18820698159,0.288777515489,0.523015502921,297,297,297,1.1,13.95,1.1,13.95,-8.953968994,-22.564620945,False,1788262516,1788262516.16,0.157125234604,1788262516,1788262516.5,1788262517,1788262517001512,1788262517062826,-8.953969,-22.564621,-8.953968994,-22.564620972,AWGN,rfsimu_channel_enB0,static-0,1788262185978180597,1,14bd144574d32d9e,1,1,1,1,17443,42.415668,-105,16.671429,True,297,297,297,1.1,13.95,1.1,13.95,-8.953968994,-22.564620945,False,1.03831875,0,0,-0.06168125,2.721429,-0.06168125,2.721429
3,298,298,298,298,-1.55,17.35,-1.55,17.35,-11.48919558,-28.691293421,False,0,21,2,5,14,0.514166649587,0.370617780246,0.115215570168,298,298,298,-1.55,17.35,-1.55,17.35,-11.48919558,-28.691293421,False,1788262517,1788262517.12,0.117120265961,1788262517,1788262517.5,1788262518,1788262518000330,1788262518064574,-11.489196,-28.691294,-11.48919558,-28.691293716,AWGN,rfsimu_channel_enB0,static-0,1788262185978180597,1,14bd144574d32d9e,1,1,1,1,9641.14285714,39.840461,-108,14.264286,True,298,298,298,-1.55,17.35,-1.55,17.35,-11.48919558,-28.691293421,False,-1.53688825,0,0,0.01311175,-3.085714,0.01311175,-3.085714
3,299,299,299,299,0.9,15.8,0.9,15.8,-9.090145628,-24.467235357,False,0,28,10,9,6,0.177588214205,0.277338971943,0.545072813852,299,299,299,0.9,15.8,0.9,15.8,-9.090145628,-24.467235357,False,1788262518,1788262518.15,0.153447389603,1788262518,1788262518.5,1788262519,1788262519001627,1788262519061628,-9.090146,-24.467236,-9.090145628,-24.467235565,AWGN,rfsimu_channel_enB0,static-0,1788262185978180597,1,14bd144574d32d9e,1,1,1,1,16239.5714286,42.066694,-106,16.514286,True,299,299,299,0.9,15.8,0.9,15.8,-9.090145628,-24.467235357,False,0.68934475,0,0,-0.21065525,0.714286,-0.21065525,0.714286
3,300,300,300,300,-0.85,15.75,-0.85,15.75,-10.830233602,-26.25977837,False,0,19,6,5,2,0.580073876756,0.00480932222006,0.415116801024,300,300,300,-0.85,15.75,-0.85,15.75,-10.830233602,-26.25977837,False,1788262519,1788262519.15,0.15364408493,1788262519,1788262519.5,1788262520,1788262520001423,1788262520056305,-10.830234,-26.259779,-10.830233602,-26.259778976,AWGN,rfsimu_channel_enB0,static-0,1788262185978180597,1,14bd144574d32d9e,1,1,1,1,11614.4285714,40.622596,-107,14.55,True,300,300,300,-0.85,15.75,-0.85,15.75,-10.830233602,-26.25977837,False,-0.75475325,0,0,0.09524675,-1.2,0.09524675,-1.2
3,301,301,301,301,-1.35,18.65,-1.35,18.65,-11.273815368,-29.757009176,False,0,21,2,5,14,0.0512379584921,0.655927178783,0.292834862725,301,301,301,-1.35,18.65,-1.35,18.65,-11.273815368,-29.757009176,False,1788262520,1788262520.11,0.109643936157,1788262520,1788262520.5,1788262521,1788262521001088,1788262521056642,-11.273815,-29.75701,-11.273815368,-29.757009506,AWGN,rfsimu_channel_enB0,static-0,1788262185978180597,1,14bd144574d32d9e,1,1,1,1,10024,40.009899,-108,13.885714,True,301,301,301,-1.35,18.65,-1.35,18.65,-11.273815368,-29.757009176,False,-1.36745025,0,0,-0.01745025,-4.764286,-0.01745025,-4.764286
3,302,302,302,302,1.35,18.85,1.35,18.85,-8.57477235,-27.173150569,False,0,14,8,5,9,0.4369973481,0.287386174957,0.275616476943,302,302,302,1.35,18.85,1.35,18.85,-8.57477235,-27.173150569,False,1788262521,1788262521.16,0.157650470734,1788262521,1788262521.5,1788262522,1788262522001630,1788262522054461,-8.574772,-27.173151,-8.57477235,-27.173151016,AWGN,rfsimu_channel_enB0,static-0,1788262185978180597,1,14bd144574d32d9e,1,1,1,1,18149,42.538329,-105,17.721429,True,302,302,302,1.35,18.85,1.35,18.85,-8.57477235,-27.173150569,False,1.16097975,0,0,-0.18902025,-1.128571,-0.18902025,-1.128571
3,303,303,303,303,2.3,19.25,2.3,19.25,-7.620985676,-26.606814583,False,0,11,11,8,9,0.0947535810639,0.598773915175,0.306472503761,303,303,303,2.3,19.25,2.3,19.25,-7.620985676,-26.606814583,False,1788262522,1788262522.11,0.113644123077,1788262522,1788262522.5,1788262523,1788262523000360,1788262523047557,-7.620986,-26.606815,-7.620985676,-26.606815338,AWGN,rfsimu_channel_enB0,static-0,1788262185978180597,1,14bd144574d32d9e,1,1,1,1,23225.0714286,43.659021,-104,19.571429,True,303,303,303,2.3,19.25,2.3,19.25,-7.620985676,-26.606814583,False,2.28167175,0,0,-0.01832825,0.321429,-0.01832825,0.321429
3,304,304,304,304,0.5,16.6,0.5,16.6,-9.468890116,-25.723753789,False,0,13,9,5,6,0.26555494204,0.241251263024,0.493193794936,304,304,304,0.5,16.6,0.5,16.6,-9.468890116,-25.723753789,False,1788262523,1788262523.09,0.0896470546722,1788262523,1788262523.5,1788262524,1788262524001135,1788262524040251,-9.46889,-25.723753,-9.468890116,-25.723752975,AWGN,rfsimu_channel_enB0,static-0,1788262185978180597,1,14bd144574d32d9e,1,1,1,1,15505.7142857,41.904133,-106,17.785714,True,304,304,304,0.5,16.6,0.5,16.6,-9.468890116,-25.723753789,False,0.52678375,0,0,0.02678375,1.185714,0.02678375,1.185714
